Using cpu device
Run avoid_sac_relvec_s0: 300000 steps
---------------------------------
| rollout/           |          |
|    ep_len_mean     | 200      |
|    ep_rew_mean     | -194     |
|    success_rate    | 0        |
| time/              |          |
|    episodes        | 4        |
|    fps             | 2461     |
|    time_elapsed    | 0        |
|    total_timesteps | 800      |
---------------------------------
---------------------------------
| rollout/           |          |
|    ep_len_mean     | 200      |
|    ep_rew_mean     | -188     |
|    success_rate    | 0        |
| time/              |          |
|    episodes        | 8        |
|    fps             | 2649     |
|    time_elapsed    | 0        |
|    total_timesteps | 1600     |
---------------------------------
---------------------------------
| rollout/           |          |
|    ep_len_mean     | 200      |
|    ep_rew_mean     | -189     |
|    success_rate    | 0        |
| time/              |          |
|    episodes        | 12       |
|    fps             | 399      |
|    time_elapsed    | 6        |
|    total_timesteps | 2400     |
| train/             |          |
|    actor_loss      | -12      |
|    critic_loss     | 0.125    |
|    ent_coef        | 0.887    |
|    ent_coef_loss   | -1.41    |
|    learning_rate   | 0.0003   |
|    n_updates       | 399      |
---------------------------------
---------------------------------
| rollout/           |          |
|    ep_len_mean     | 200      |
|    ep_rew_mean     | -181     |
|    success_rate    | 0        |
| time/              |          |
|    episodes        | 16       |
|    fps             | 182      |
|    time_elapsed    | 17       |
|    total_timesteps | 3200     |
| train/             |          |
|    actor_loss      | -19.9    |
|    critic_loss     | 0.0474   |
|    ent_coef        | 0.698    |
|    ent_coef_loss   | -4.23    |
|    learning_rate   | 0.0003   |
|    n_updates       | 1199     |
---------------------------------
---------------------------------
| rollout/           |          |
|    ep_len_mean     | 200      |
|    ep_rew_mean     | -183     |
|    success_rate    | 0        |
| time/              |          |
|    episodes        | 20       |
|    fps             | 133      |
|    time_elapsed    | 29       |
|    total_timesteps | 4000     |
| train/             |          |
|    actor_loss      | -25.3    |
|    critic_loss     | 0.0338   |
|    ent_coef        | 0.549    |
|    ent_coef_loss   | -7.08    |
|    learning_rate   | 0.0003   |
|    n_updates       | 1999     |
---------------------------------
---------------------------------
| rollout/           |          |
|    ep_len_mean     | 200      |
|    ep_rew_mean     | -182     |
|    success_rate    | 0        |
| time/              |          |
|    episodes        | 24       |
|    fps             | 113      |
|    time_elapsed    | 42       |
|    total_timesteps | 4800     |
| train/             |          |
|    actor_loss      | -28.6    |
|    critic_loss     | 0.0265   |
|    ent_coef        | 0.432    |
|    ent_coef_loss   | -9.88    |
|    learning_rate   | 0.0003   |
|    n_updates       | 2799     |
---------------------------------
Eval num_timesteps=5000, episode_reward=-156.06 +/- 19.12
Episode length: 200.00 +/- 0.00
Success rate: 0.00%
---------------------------------
| eval/              |          |
|    mean_ep_length  | 200      |
|    mean_reward     | -156     |
|    success_rate    | 0        |
| time/              |          |
|    total_timesteps | 5000     |
| train/             |          |
|    actor_loss      | -29.1    |
|    critic_loss     | 0.0212   |
|    ent_coef        | 0.407    |
|    ent_coef_loss   | -10.6    |
|    learning_rate   | 0.0003   |
|    n_updates       | 2999     |
---------------------------------
New best mean reward!
---------------------------------
| rollout/           |          |
|    ep_len_mean     | 200      |
|    ep_rew_mean     | -180     |
|    success_rate    | 0        |
| time/              |          |
|    episodes        | 28       |
|    fps             | 96       |
|    time_elapsed    | 58       |
|    total_timesteps | 5600     |
| train/             |          |
|    actor_loss      | -30.5    |
|    critic_loss     | 0.0218   |
|    ent_coef        | 0.34     |
|    ent_coef_loss   | -12.7    |
|    learning_rate   | 0.0003   |
|    n_updates       | 3599     |
---------------------------------
---------------------------------
| rollout/           |          |
|    ep_len_mean     | 200      |
|    ep_rew_mean     | -178     |
|    success_rate    | 0        |
| time/              |          |
|    episodes        | 32       |
|    fps             | 91       |
|    time_elapsed    | 70       |
|    total_timesteps | 6400     |
| train/             |          |
|    actor_loss      | -30.8    |
|    critic_loss     | 0.0109   |
|    ent_coef        | 0.267    |
|    ent_coef_loss   | -15.5    |
|    learning_rate   | 0.0003   |
|    n_updates       | 4399     |
---------------------------------
---------------------------------
| rollout/           |          |
|    ep_len_mean     | 200      |
|    ep_rew_mean     | -176     |
|    success_rate    | 0        |
| time/              |          |
|    episodes        | 36       |
|    fps             | 88       |
|    time_elapsed    | 81       |
|    total_timesteps | 7200     |
| train/             |          |
|    actor_loss      | -30.3    |
|    critic_loss     | 0.013    |
|    ent_coef        | 0.211    |
|    ent_coef_loss   | -18.1    |
|    learning_rate   | 0.0003   |
|    n_updates       | 5199     |
---------------------------------
---------------------------------
| rollout/           |          |
|    ep_len_mean     | 200      |
|    ep_rew_mean     | -169     |
|    success_rate    | 0        |
| time/              |          |
|    episodes        | 40       |
|    fps             | 85       |
|    time_elapsed    | 93       |
|    total_timesteps | 8000     |
| train/             |          |
|    actor_loss      | -29.1    |
|    critic_loss     | 0.00933  |
|    ent_coef        | 0.166    |
|    ent_coef_loss   | -20.8    |
|    learning_rate   | 0.0003   |
|    n_updates       | 5999     |
---------------------------------
---------------------------------
| rollout/           |          |
|    ep_len_mean     | 200      |
|    ep_rew_mean     | -167     |
|    success_rate    | 0        |
| time/              |          |
|    episodes        | 44       |
|    fps             | 83       |
|    time_elapsed    | 104      |
|    total_timesteps | 8800     |
| train/             |          |
|    actor_loss      | -27.6    |
|    critic_loss     | 0.0108   |
|    ent_coef        | 0.131    |
|    ent_coef_loss   | -23      |
|    learning_rate   | 0.0003   |
|    n_updates       | 6799     |
---------------------------------
---------------------------------
| rollout/           |          |
|    ep_len_mean     | 200      |
|    ep_rew_mean     | -162     |
|    success_rate    | 0        |
| time/              |          |
|    episodes        | 48       |
|    fps             | 82       |
|    time_elapsed    | 116      |
|    total_timesteps | 9600     |
| train/             |          |
|    actor_loss      | -26.9    |
|    critic_loss     | 0.00811  |
|    ent_coef        | 0.103    |
|    ent_coef_loss   | -25.3    |
|    learning_rate   | 0.0003   |
|    n_updates       | 7599     |
---------------------------------
Eval num_timesteps=10000, episode_reward=-109.30 +/- 12.53
Episode length: 200.00 +/- 0.00
Success rate: 0.00%
---------------------------------
| eval/              |          |
|    mean_ep_length  | 200      |
|    mean_reward     | -109     |
|    success_rate    | 0        |
| time/              |          |
|    total_timesteps | 10000    |
| train/             |          |
|    actor_loss      | -25.7    |
|    critic_loss     | 0.00811  |
|    ent_coef        | 0.092    |
|    ent_coef_loss   | -25.9    |
|    learning_rate   | 0.0003   |
|    n_updates       | 7999     |
---------------------------------
New best mean reward!
---------------------------------
| rollout/           |          |
|    ep_len_mean     | 200      |
|    ep_rew_mean     | -158     |
|    success_rate    | 0        |
| time/              |          |
|    episodes        | 52       |
|    fps             | 79       |
|    time_elapsed    | 130      |
|    total_timesteps | 10400    |
| train/             |          |
|    actor_loss      | -24.8    |
|    critic_loss     | 0.00758  |
|    ent_coef        | 0.0819   |
|    ent_coef_loss   | -27.6    |
|    learning_rate   | 0.0003   |
|    n_updates       | 8399     |
---------------------------------
---------------------------------
| rollout/           |          |
|    ep_len_mean     | 200      |
|    ep_rew_mean     | -154     |
|    success_rate    | 0        |
| time/              |          |
|    episodes        | 56       |
|    fps             | 78       |
|    time_elapsed    | 142      |
|    total_timesteps | 11200    |
| train/             |          |
|    actor_loss      | -22.3    |
|    critic_loss     | 0.00877  |
|    ent_coef        | 0.0649   |
|    ent_coef_loss   | -28.6    |
|    learning_rate   | 0.0003   |
|    n_updates       | 9199     |
---------------------------------
---------------------------------
| rollout/           |          |
|    ep_len_mean     | 200      |
|    ep_rew_mean     | -150     |
|    success_rate    | 0        |
| time/              |          |
|    episodes        | 60       |
|    fps             | 77       |
|    time_elapsed    | 154      |
|    total_timesteps | 12000    |
| train/             |          |
|    actor_loss      | -20.5    |
|    critic_loss     | 0.00791  |
|    ent_coef        | 0.0515   |
|    ent_coef_loss   | -29.9    |
|    learning_rate   | 0.0003   |
|    n_updates       | 9999     |
---------------------------------
---------------------------------
| rollout/           |          |
|    ep_len_mean     | 200      |
|    ep_rew_mean     | -147     |
|    success_rate    | 0        |
| time/              |          |
|    episodes        | 64       |
|    fps             | 77       |
|    time_elapsed    | 166      |
|    total_timesteps | 12800    |
| train/             |          |
|    actor_loss      | -19.5    |
|    critic_loss     | 0.0064   |
|    ent_coef        | 0.041    |
|    ent_coef_loss   | -31.1    |
|    learning_rate   | 0.0003   |
|    n_updates       | 10799    |
---------------------------------
---------------------------------
| rollout/           |          |
|    ep_len_mean     | 200      |
|    ep_rew_mean     | -143     |
|    success_rate    | 0        |
| time/              |          |
|    episodes        | 68       |
|    fps             | 76       |
|    time_elapsed    | 177      |
|    total_timesteps | 13600    |
| train/             |          |
|    actor_loss      | -17.6    |
|    critic_loss     | 0.00628  |
|    ent_coef        | 0.0327   |
|    ent_coef_loss   | -31.1    |
|    learning_rate   | 0.0003   |
|    n_updates       | 11599    |
---------------------------------
---------------------------------
| rollout/           |          |
|    ep_len_mean     | 200      |
|    ep_rew_mean     | -140     |
|    success_rate    | 0        |
| time/              |          |
|    episodes        | 72       |
|    fps             | 75       |
|    time_elapsed    | 189      |
|    total_timesteps | 14400    |
| train/             |          |
|    actor_loss      | -16.3    |
|    critic_loss     | 0.00577  |
|    ent_coef        | 0.0261   |
|    ent_coef_loss   | -31.2    |
|    learning_rate   | 0.0003   |
|    n_updates       | 12399    |
---------------------------------
Eval num_timesteps=15000, episode_reward=-90.56 +/- 15.72
Episode length: 200.00 +/- 0.00
Success rate: 0.00%
---------------------------------
| eval/              |          |
|    mean_ep_length  | 200      |
|    mean_reward     | -90.6    |
|    success_rate    | 0        |
| time/              |          |
|    total_timesteps | 15000    |
| train/             |          |
|    actor_loss      | -13.9    |
|    critic_loss     | 0.0062   |
|    ent_coef        | 0.0221   |
|    ent_coef_loss   | -31.1    |
|    learning_rate   | 0.0003   |
|    n_updates       | 12999    |
---------------------------------
New best mean reward!
---------------------------------
| rollout/           |          |
|    ep_len_mean     | 200      |
|    ep_rew_mean     | -138     |
|    success_rate    | 0        |
| time/              |          |
|    episodes        | 76       |
|    fps             | 74       |
|    time_elapsed    | 203      |
|    total_timesteps | 15200    |
| train/             |          |
|    actor_loss      | -13.5    |
|    critic_loss     | 0.0056   |
|    ent_coef        | 0.0209   |
|    ent_coef_loss   | -31.9    |
|    learning_rate   | 0.0003   |
|    n_updates       | 13199    |
---------------------------------
---------------------------------
| rollout/           |          |
|    ep_len_mean     | 200      |
|    ep_rew_mean     | -135     |
|    success_rate    | 0        |
| time/              |          |
|    episodes        | 80       |
|    fps             | 74       |
|    time_elapsed    | 215      |
|    total_timesteps | 16000    |
| train/             |          |
|    actor_loss      | -12.2    |
|    critic_loss     | 0.00589  |
|    ent_coef        | 0.0167   |
|    ent_coef_loss   | -29.5    |
|    learning_rate   | 0.0003   |
|    n_updates       | 13999    |
---------------------------------
---------------------------------
| rollout/           |          |
|    ep_len_mean     | 200      |
|    ep_rew_mean     | -132     |
|    success_rate    | 0        |
| time/              |          |
|    episodes        | 84       |
|    fps             | 73       |
|    time_elapsed    | 227      |
|    total_timesteps | 16800    |
| train/             |          |
|    actor_loss      | -10.9    |
|    critic_loss     | 0.00537  |
|    ent_coef        | 0.0135   |
|    ent_coef_loss   | -30.7    |
|    learning_rate   | 0.0003   |
|    n_updates       | 14799    |
---------------------------------
---------------------------------
| rollout/           |          |
|    ep_len_mean     | 200      |
|    ep_rew_mean     | -130     |
|    success_rate    | 0        |
| time/              |          |
|    episodes        | 88       |
|    fps             | 73       |
|    time_elapsed    | 238      |
|    total_timesteps | 17600    |
| train/             |          |
|    actor_loss      | -9.51    |
|    critic_loss     | 0.00827  |
|    ent_coef        | 0.0109   |
|    ent_coef_loss   | -26.7    |
|    learning_rate   | 0.0003   |
|    n_updates       | 15599    |
---------------------------------
---------------------------------
| rollout/           |          |
|    ep_len_mean     | 200      |
|    ep_rew_mean     | -129     |
|    success_rate    | 0        |
| time/              |          |
|    episodes        | 92       |
|    fps             | 73       |
|    time_elapsed    | 250      |
|    total_timesteps | 18400    |
| train/             |          |
|    actor_loss      | -8.06    |
|    critic_loss     | 0.00499  |
|    ent_coef        | 0.00892  |
|    ent_coef_loss   | -22.5    |
|    learning_rate   | 0.0003   |
|    n_updates       | 16399    |
---------------------------------
---------------------------------
| rollout/           |          |
|    ep_len_mean     | 200      |
|    ep_rew_mean     | -127     |
|    success_rate    | 0        |
| time/              |          |
|    episodes        | 96       |
|    fps             | 73       |
|    time_elapsed    | 261      |
|    total_timesteps | 19200    |
| train/             |          |
|    actor_loss      | -6.13    |
|    critic_loss     | 0.0067   |
|    ent_coef        | 0.00736  |
|    ent_coef_loss   | -20.2    |
|    learning_rate   | 0.0003   |
|    n_updates       | 17199    |
---------------------------------
Eval num_timesteps=20000, episode_reward=-76.85 +/- 7.77
Episode length: 200.00 +/- 0.00
Success rate: 0.00%
---------------------------------
| eval/              |          |
|    mean_ep_length  | 200      |
|    mean_reward     | -76.8    |
|    success_rate    | 0        |
| time/              |          |
|    total_timesteps | 20000    |
| train/             |          |
|    actor_loss      | -5.8     |
|    critic_loss     | 0.00574  |
|    ent_coef        | 0.00613  |
|    ent_coef_loss   | -19.4    |
|    learning_rate   | 0.0003   |
|    n_updates       | 17999    |
---------------------------------
New best mean reward!
---------------------------------
| rollout/           |          |
|    ep_len_mean     | 200      |
|    ep_rew_mean     | -125     |
|    success_rate    | 0        |
| time/              |          |
|    episodes        | 100      |
|    fps             | 72       |
|    time_elapsed    | 275      |
|    total_timesteps | 20000    |
---------------------------------
---------------------------------
| rollout/           |          |
|    ep_len_mean     | 200      |
|    ep_rew_mean     | -120     |
|    success_rate    | 0        |
| time/              |          |
|    episodes        | 104      |
|    fps             | 72       |
|    time_elapsed    | 287      |
|    total_timesteps | 20800    |
| train/             |          |
|    actor_loss      | -4.72    |
|    critic_loss     | 0.00485  |
|    ent_coef        | 0.00516  |
|    ent_coef_loss   | -14.6    |
|    learning_rate   | 0.0003   |
|    n_updates       | 18799    |
---------------------------------
---------------------------------
| rollout/           |          |
|    ep_len_mean     | 200      |
|    ep_rew_mean     | -116     |
|    success_rate    | 0        |
| time/              |          |
|    episodes        | 108      |
|    fps             | 72       |
|    time_elapsed    | 298      |
|    total_timesteps | 21600    |
| train/             |          |
|    actor_loss      | -2.13    |
|    critic_loss     | 0.00623  |
|    ent_coef        | 0.00444  |
|    ent_coef_loss   | -7.52    |
|    learning_rate   | 0.0003   |
|    n_updates       | 19599    |
---------------------------------
---------------------------------
| rollout/           |          |
|    ep_len_mean     | 200      |
|    ep_rew_mean     | -111     |
|    success_rate    | 0        |
| time/              |          |
|    episodes        | 112      |
|    fps             | 72       |
|    time_elapsed    | 309      |
|    total_timesteps | 22400    |
| train/             |          |
|    actor_loss      | -1.7     |
|    critic_loss     | 0.0104   |
|    ent_coef        | 0.00387  |
|    ent_coef_loss   | -6.62    |
|    learning_rate   | 0.0003   |
|    n_updates       | 20399    |
---------------------------------
---------------------------------
| rollout/           |          |
|    ep_len_mean     | 200      |
|    ep_rew_mean     | -107     |
|    success_rate    | 0        |
| time/              |          |
|    episodes        | 116      |
|    fps             | 72       |
|    time_elapsed    | 321      |
|    total_timesteps | 23200    |
| train/             |          |
|    actor_loss      | -0.255   |
|    critic_loss     | 0.00626  |
|    ent_coef        | 0.00347  |
|    ent_coef_loss   | -1.03    |
|    learning_rate   | 0.0003   |
|    n_updates       | 21199    |
---------------------------------
---------------------------------
| rollout/           |          |
|    ep_len_mean     | 200      |
|    ep_rew_mean     | -101     |
|    success_rate    | 0        |
| time/              |          |
|    episodes        | 120      |
|    fps             | 72       |
|    time_elapsed    | 332      |
|    total_timesteps | 24000    |
| train/             |          |
|    actor_loss      | 1.5      |
|    critic_loss     | 0.00638  |
|    ent_coef        | 0.00317  |
|    ent_coef_loss   | -0.944   |
|    learning_rate   | 0.0003   |
|    n_updates       | 21999    |
---------------------------------
---------------------------------
| rollout/           |          |
|    ep_len_mean     | 200      |
|    ep_rew_mean     | -96.7    |
|    success_rate    | 0        |
| time/              |          |
|    episodes        | 124      |
|    fps             | 72       |
|    time_elapsed    | 343      |
|    total_timesteps | 24800    |
| train/             |          |
|    actor_loss      | 1.4      |
|    critic_loss     | 0.00808  |
|    ent_coef        | 0.00293  |
|    ent_coef_loss   | 0.0642   |
|    learning_rate   | 0.0003   |
|    n_updates       | 22799    |
---------------------------------
Eval num_timesteps=25000, episode_reward=-50.54 +/- 14.24
Episode length: 178.20 +/- 43.11
Success rate: 23.33%
---------------------------------
| eval/              |          |
|    mean_ep_length  | 178      |
|    mean_reward     | -50.5    |
|    success_rate    | 0.233    |
| time/              |          |
|    total_timesteps | 25000    |
| train/             |          |
|    actor_loss      | 2.06     |
|    critic_loss     | 0.00597  |
|    ent_coef        | 0.00289  |
|    ent_coef_loss   | -4.23    |
|    learning_rate   | 0.0003   |
|    n_updates       | 22999    |
---------------------------------
New best mean reward!
---------------------------------
| rollout/           |          |
|    ep_len_mean     | 198      |
|    ep_rew_mean     | -91.6    |
|    success_rate    | 0.02     |
| time/              |          |
|    episodes        | 128      |
|    fps             | 71       |
|    time_elapsed    | 355      |
|    total_timesteps | 25430    |
| train/             |          |
|    actor_loss      | 2.14     |
|    critic_loss     | 0.00698  |
|    ent_coef        | 0.00281  |
|    ent_coef_loss   | 0.0741   |
|    learning_rate   | 0.0003   |
|    n_updates       | 23429    |
---------------------------------
---------------------------------
| rollout/           |          |
|    ep_len_mean     | 197      |
|    ep_rew_mean     | -86.8    |
|    success_rate    | 0.04     |
| time/              |          |
|    episodes        | 132      |
|    fps             | 71       |
|    time_elapsed    | 365      |
|    total_timesteps | 26117    |
| train/             |          |
|    actor_loss      | 3.19     |
|    critic_loss     | 0.00584  |
|    ent_coef        | 0.00283  |
|    ent_coef_loss   | 2.38     |
|    learning_rate   | 0.0003   |
|    n_updates       | 24116    |
---------------------------------
---------------------------------
| rollout/           |          |
|    ep_len_mean     | 196      |
|    ep_rew_mean     | -82.3    |
|    success_rate    | 0.05     |
| time/              |          |
|    episodes        | 136      |
|    fps             | 71       |
|    time_elapsed    | 375      |
|    total_timesteps | 26798    |
| train/             |          |
|    actor_loss      | 3.21     |
|    critic_loss     | 0.0069   |
|    ent_coef        | 0.00279  |
|    ent_coef_loss   | -0.334   |
|    learning_rate   | 0.0003   |
|    n_updates       | 24797    |
---------------------------------
---------------------------------
| rollout/           |          |
|    ep_len_mean     | 193      |
|    ep_rew_mean     | -79      |
|    success_rate    | 0.08     |
| time/              |          |
|    episodes        | 140      |
|    fps             | 71       |
|    time_elapsed    | 381      |
|    total_timesteps | 27252    |
| train/             |          |
|    actor_loss      | 4.68     |
|    critic_loss     | 0.00731  |
|    ent_coef        | 0.00276  |
|    ent_coef_loss   | -0.79    |
|    learning_rate   | 0.0003   |
|    n_updates       | 25251    |
---------------------------------
---------------------------------
| rollout/           |          |
|    ep_len_mean     | 190      |
|    ep_rew_mean     | -74.7    |
|    success_rate    | 0.1      |
| time/              |          |
|    episodes        | 144      |
|    fps             | 71       |
|    time_elapsed    | 389      |
|    total_timesteps | 27810    |
| train/             |          |
|    actor_loss      | 4.91     |
|    critic_loss     | 0.0101   |
|    ent_coef        | 0.00283  |
|    ent_coef_loss   | 2.33     |
|    learning_rate   | 0.0003   |
|    n_updates       | 25809    |
---------------------------------
---------------------------------
| rollout/           |          |
|    ep_len_mean     | 188      |
|    ep_rew_mean     | -72      |
|    success_rate    | 0.12     |
| time/              |          |
|    episodes        | 148      |
|    fps             | 71       |
|    time_elapsed    | 397      |
|    total_timesteps | 28369    |
| train/             |          |
|    actor_loss      | 5.64     |
|    critic_loss     | 0.00874  |
|    ent_coef        | 0.0029   |
|    ent_coef_loss   | 0.0375   |
|    learning_rate   | 0.0003   |
|    n_updates       | 26368    |
---------------------------------
---------------------------------
| rollout/           |          |
|    ep_len_mean     | 187      |
|    ep_rew_mean     | -69.5    |
|    success_rate    | 0.13     |
| time/              |          |
|    episodes        | 152      |
|    fps             | 71       |
|    time_elapsed    | 407      |
|    total_timesteps | 29081    |
| train/             |          |
|    actor_loss      | 6.43     |
|    critic_loss     | 0.0139   |
|    ent_coef        | 0.00302  |
|    ent_coef_loss   | -3.17    |
|    learning_rate   | 0.0003   |
|    n_updates       | 27080    |
---------------------------------
---------------------------------
| rollout/           |          |
|    ep_len_mean     | 183      |
|    ep_rew_mean     | -66.6    |
|    success_rate    | 0.16     |
| time/              |          |
|    episodes        | 156      |
|    fps             | 71       |
|    time_elapsed    | 414      |
|    total_timesteps | 29526    |
| train/             |          |
|    actor_loss      | 6.27     |
|    critic_loss     | 0.0135   |
|    ent_coef        | 0.00302  |
|    ent_coef_loss   | 1.88     |
|    learning_rate   | 0.0003   |
|    n_updates       | 27525    |
---------------------------------
Eval num_timesteps=30000, episode_reward=-41.38 +/- 11.61
Episode length: 171.37 +/- 44.90
Success rate: 30.00%
---------------------------------
| eval/              |          |
|    mean_ep_length  | 171      |
|    mean_reward     | -41.4    |
|    success_rate    | 0.3      |
| time/              |          |
|    total_timesteps | 30000    |
| train/             |          |
|    actor_loss      | 6.87     |
|    critic_loss     | 0.0104   |
|    ent_coef        | 0.00313  |
|    ent_coef_loss   | 4.28     |
|    learning_rate   | 0.0003   |
|    n_updates       | 27999    |
---------------------------------
New best mean reward!
---------------------------------
| rollout/           |          |
|    ep_len_mean     | 181      |
|    ep_rew_mean     | -63.8    |
|    success_rate    | 0.19     |
| time/              |          |
|    episodes        | 160      |
|    fps             | 70       |
|    time_elapsed    | 424      |
|    total_timesteps | 30090    |
| train/             |          |
|    actor_loss      | 6.4      |
|    critic_loss     | 0.281    |
|    ent_coef        | 0.00311  |
|    ent_coef_loss   | -0.282   |
|    learning_rate   | 0.0003   |
|    n_updates       | 28089    |
---------------------------------
---------------------------------
| rollout/           |          |
|    ep_len_mean     | 181      |
|    ep_rew_mean     | -62.2    |
|    success_rate    | 0.2      |
| time/              |          |
|    episodes        | 164      |
|    fps             | 70       |
|    time_elapsed    | 436      |
|    total_timesteps | 30869    |
| train/             |          |
|    actor_loss      | 7.31     |
|    critic_loss     | 0.00886  |
|    ent_coef        | 0.00308  |
|    ent_coef_loss   | 1.32     |
|    learning_rate   | 0.0003   |
|    n_updates       | 28868    |
---------------------------------
---------------------------------
| rollout/           |          |
|    ep_len_mean     | 180      |
|    ep_rew_mean     | -60.5    |
|    success_rate    | 0.21     |
| time/              |          |
|    episodes        | 168      |
|    fps             | 70       |
|    time_elapsed    | 446      |
|    total_timesteps | 31553    |
| train/             |          |
|    actor_loss      | 7.81     |
|    critic_loss     | 0.0134   |
|    ent_coef        | 0.00314  |
|    ent_coef_loss   | -0.341   |
|    learning_rate   | 0.0003   |
|    n_updates       | 29552    |
---------------------------------
---------------------------------
| rollout/           |          |
|    ep_len_mean     | 176      |
|    ep_rew_mean     | -58.5    |
|    success_rate    | 0.24     |
| time/              |          |
|    episodes        | 172      |
|    fps             | 70       |
|    time_elapsed    | 453      |
|    total_timesteps | 32030    |
| train/             |          |
|    actor_loss      | 9.1      |
|    critic_loss     | 0.0148   |
|    ent_coef        | 0.00313  |
|    ent_coef_loss   | 2.56     |
|    learning_rate   | 0.0003   |
|    n_updates       | 30029    |
---------------------------------
---------------------------------
| rollout/           |          |
|    ep_len_mean     | 174      |
|    ep_rew_mean     | -56.5    |
|    success_rate    | 0.26     |
| time/              |          |
|    episodes        | 176      |
|    fps             | 70       |
|    time_elapsed    | 462      |
|    total_timesteps | 32649    |
| train/             |          |
|    actor_loss      | 7.5      |
|    critic_loss     | 0.00721  |
|    ent_coef        | 0.00321  |
|    ent_coef_loss   | -2.06    |
|    learning_rate   | 0.0003   |
|    n_updates       | 30648    |
---------------------------------
---------------------------------
| rollout/           |          |
|    ep_len_mean     | 172      |
|    ep_rew_mean     | -55.1    |
|    success_rate    | 0.28     |
| time/              |          |
|    episodes        | 180      |
|    fps             | 70       |
|    time_elapsed    | 470      |
|    total_timesteps | 33236    |
| train/             |          |
|    actor_loss      | 8.96     |
|    critic_loss     | 0.0131   |
|    ent_coef        | 0.00321  |
|    ent_coef_loss   | 4.43     |
|    learning_rate   | 0.0003   |
|    n_updates       | 31235    |
---------------------------------
---------------------------------
| rollout/           |          |
|    ep_len_mean     | 171      |
|    ep_rew_mean     | -53.3    |
|    success_rate    | 0.29     |
| time/              |          |
|    episodes        | 184      |
|    fps             | 70       |
|    time_elapsed    | 480      |
|    total_timesteps | 33922    |
| train/             |          |
|    actor_loss      | 8.56     |
|    critic_loss     | 0.157    |
|    ent_coef        | 0.00332  |
|    ent_coef_loss   | 0.115    |
|    learning_rate   | 0.0003   |
|    n_updates       | 31921    |
---------------------------------
---------------------------------
| rollout/           |          |
|    ep_len_mean     | 170      |
|    ep_rew_mean     | -51.6    |
|    success_rate    | 0.3      |
| time/              |          |
|    episodes        | 188      |
|    fps             | 70       |
|    time_elapsed    | 489      |
|    total_timesteps | 34611    |
| train/             |          |
|    actor_loss      | 8.57     |
|    critic_loss     | 0.012    |
|    ent_coef        | 0.00329  |
|    ent_coef_loss   | 2.33     |
|    learning_rate   | 0.0003   |
|    n_updates       | 32610    |
---------------------------------
Eval num_timesteps=35000, episode_reward=-41.33 +/- 13.37
Episode length: 163.07 +/- 53.49
Success rate: 30.00%
---------------------------------
| eval/              |          |
|    mean_ep_length  | 163      |
|    mean_reward     | -41.3    |
|    success_rate    | 0.3      |
| time/              |          |
|    total_timesteps | 35000    |
| train/             |          |
|    actor_loss      | 8.14     |
|    critic_loss     | 0.0157   |
|    ent_coef        | 0.0033   |
|    ent_coef_loss   | -0.0862  |
|    learning_rate   | 0.0003   |
|    n_updates       | 32999    |
---------------------------------
New best mean reward!
---------------------------------
| rollout/           |          |
|    ep_len_mean     | 168      |
|    ep_rew_mean     | -49.3    |
|    success_rate    | 0.32     |
| time/              |          |
|    episodes        | 192      |
|    fps             | 70       |
|    time_elapsed    | 499      |
|    total_timesteps | 35165    |
| train/             |          |
|    actor_loss      | 8.42     |
|    critic_loss     | 0.0221   |
|    ent_coef        | 0.00331  |
|    ent_coef_loss   | 1.41     |
|    learning_rate   | 0.0003   |
|    n_updates       | 33164    |
---------------------------------
---------------------------------
| rollout/           |          |
|    ep_len_mean     | 168      |
|    ep_rew_mean     | -47.9    |
|    success_rate    | 0.32     |
| time/              |          |
|    episodes        | 196      |
|    fps             | 70       |
|    time_elapsed    | 510      |
|    total_timesteps | 35965    |
| train/             |          |
|    actor_loss      | 8.5      |
|    critic_loss     | 0.0153   |
|    ent_coef        | 0.00344  |
|    ent_coef_loss   | 0.244    |
|    learning_rate   | 0.0003   |
|    n_updates       | 33964    |
---------------------------------
---------------------------------
| rollout/           |          |
|    ep_len_mean     | 164      |
|    ep_rew_mean     | -45.8    |
|    success_rate    | 0.35     |
| time/              |          |
|    episodes        | 200      |
|    fps             | 70       |
|    time_elapsed    | 517      |
|    total_timesteps | 36419    |
| train/             |          |
|    actor_loss      | 9.22     |
|    critic_loss     | 0.204    |
|    ent_coef        | 0.00354  |
|    ent_coef_loss   | -0.8     |
|    learning_rate   | 0.0003   |
|    n_updates       | 34418    |
---------------------------------
---------------------------------
| rollout/           |          |
|    ep_len_mean     | 161      |
|    ep_rew_mean     | -44      |
|    success_rate    | 0.38     |
| time/              |          |
|    episodes        | 204      |
|    fps             | 70       |
|    time_elapsed    | 523      |
|    total_timesteps | 36856    |
| train/             |          |
|    actor_loss      | 9.43     |
|    critic_loss     | 0.0126   |
|    ent_coef        | 0.0035   |
|    ent_coef_loss   | 0.931    |
|    learning_rate   | 0.0003   |
|    n_updates       | 34855    |
---------------------------------
---------------------------------
| rollout/           |          |
|    ep_len_mean     | 158      |
|    ep_rew_mean     | -42.5    |
|    success_rate    | 0.39     |
| time/              |          |
|    episodes        | 208      |
|    fps             | 70       |
|    time_elapsed    | 531      |
|    total_timesteps | 37422    |
| train/             |          |
|    actor_loss      | 8.73     |
|    critic_loss     | 0.016    |
|    ent_coef        | 0.00363  |
|    ent_coef_loss   | 1.36     |
|    learning_rate   | 0.0003   |
|    n_updates       | 35421    |
---------------------------------
---------------------------------
| rollout/           |          |
|    ep_len_mean     | 156      |
|    ep_rew_mean     | -41.4    |
|    success_rate    | 0.41     |
| time/              |          |
|    episodes        | 212      |
|    fps             | 70       |
|    time_elapsed    | 538      |
|    total_timesteps | 37957    |
| train/             |          |
|    actor_loss      | 8.71     |
|    critic_loss     | 0.0188   |
|    ent_coef        | 0.00363  |
|    ent_coef_loss   | -1.54    |
|    learning_rate   | 0.0003   |
|    n_updates       | 35956    |
---------------------------------
---------------------------------
| rollout/           |          |
|    ep_len_mean     | 154      |
|    ep_rew_mean     | -40.5    |
|    success_rate    | 0.43     |
| time/              |          |
|    episodes        | 216      |
|    fps             | 70       |
|    time_elapsed    | 547      |
|    total_timesteps | 38557    |
| train/             |          |
|    actor_loss      | 10       |
|    critic_loss     | 0.156    |
|    ent_coef        | 0.00369  |
|    ent_coef_loss   | 0.0543   |
|    learning_rate   | 0.0003   |
|    n_updates       | 36556    |
---------------------------------
---------------------------------
| rollout/           |          |
|    ep_len_mean     | 153      |
|    ep_rew_mean     | -39.9    |
|    success_rate    | 0.44     |
| time/              |          |
|    episodes        | 220      |
|    fps             | 70       |
|    time_elapsed    | 558      |
|    total_timesteps | 39302    |
| train/             |          |
|    actor_loss      | 8.99     |
|    critic_loss     | 0.0166   |
|    ent_coef        | 0.00384  |
|    ent_coef_loss   | -0.987   |
|    learning_rate   | 0.0003   |
|    n_updates       | 37301    |
---------------------------------
---------------------------------
| rollout/           |          |
|    ep_len_mean     | 150      |
|    ep_rew_mean     | -38.9    |
|    success_rate    | 0.47     |
| time/              |          |
|    episodes        | 224      |
|    fps             | 70       |
|    time_elapsed    | 565      |
|    total_timesteps | 39817    |
| train/             |          |
|    actor_loss      | 10.1     |
|    critic_loss     | 0.109    |
|    ent_coef        | 0.00383  |
|    ent_coef_loss   | 0.308    |
|    learning_rate   | 0.0003   |
|    n_updates       | 37816    |
---------------------------------
Eval num_timesteps=40000, episode_reward=-32.85 +/- 14.99
Episode length: 136.00 +/- 56.45
Success rate: 60.00%
---------------------------------
| eval/              |          |
|    mean_ep_length  | 136      |
|    mean_reward     | -32.8    |
|    success_rate    | 0.6      |
| time/              |          |
|    total_timesteps | 40000    |
| train/             |          |
|    actor_loss      | 9.31     |
|    critic_loss     | 0.0172   |
|    ent_coef        | 0.00385  |
|    ent_coef_loss   | 1.07     |
|    learning_rate   | 0.0003   |
|    n_updates       | 37999    |
---------------------------------
New best mean reward!
---------------------------------
| rollout/           |          |
|    ep_len_mean     | 149      |
|    ep_rew_mean     | -38.5    |
|    success_rate    | 0.47     |
| time/              |          |
|    episodes        | 228      |
|    fps             | 70       |
|    time_elapsed    | 575      |
|    total_timesteps | 40369    |
| train/             |          |
|    actor_loss      | 9.52     |
|    critic_loss     | 0.0299   |
|    ent_coef        | 0.00402  |
|    ent_coef_loss   | -1.46    |
|    learning_rate   | 0.0003   |
|    n_updates       | 38368    |
---------------------------------
---------------------------------
| rollout/           |          |
|    ep_len_mean     | 149      |
|    ep_rew_mean     | -38.8    |
|    success_rate    | 0.46     |
| time/              |          |
|    episodes        | 232      |
|    fps             | 70       |
|    time_elapsed    | 585      |
|    total_timesteps | 41064    |
| train/             |          |
|    actor_loss      | 9.14     |
|    critic_loss     | 0.015    |
|    ent_coef        | 0.00405  |
|    ent_coef_loss   | 1.59     |
|    learning_rate   | 0.0003   |
|    n_updates       | 39063    |
---------------------------------
---------------------------------
| rollout/           |          |
|    ep_len_mean     | 149      |
|    ep_rew_mean     | -38.6    |
|    success_rate    | 0.46     |
| time/              |          |
|    episodes        | 236      |
|    fps             | 70       |
|    time_elapsed    | 595      |
|    total_timesteps | 41746    |
| train/             |          |
|    actor_loss      | 9.48     |
|    critic_loss     | 0.0207   |
|    ent_coef        | 0.00407  |
|    ent_coef_loss   | 1.21     |
|    learning_rate   | 0.0003   |
|    n_updates       | 39745    |
---------------------------------
---------------------------------
| rollout/           |          |
|    ep_len_mean     | 148      |
|    ep_rew_mean     | -38.2    |
|    success_rate    | 0.47     |
| time/              |          |
|    episodes        | 240      |
|    fps             | 70       |
|    time_elapsed    | 599      |
|    total_timesteps | 42059    |
| train/             |          |
|    actor_loss      | 10.3     |
|    critic_loss     | 0.0182   |
|    ent_coef        | 0.00405  |
|    ent_coef_loss   | 0.188    |
|    learning_rate   | 0.0003   |
|    n_updates       | 40058    |
---------------------------------
---------------------------------
| rollout/           |          |
|    ep_len_mean     | 147      |
|    ep_rew_mean     | -37.8    |
|    success_rate    | 0.48     |
| time/              |          |
|    episodes        | 244      |
|    fps             | 70       |
|    time_elapsed    | 606      |
|    total_timesteps | 42501    |
| train/             |          |
|    actor_loss      | 9.41     |
|    critic_loss     | 0.0208   |
|    ent_coef        | 0.00406  |
|    ent_coef_loss   | -1.36    |
|    learning_rate   | 0.0003   |
|    n_updates       | 40500    |
---------------------------------
---------------------------------
| rollout/           |          |
|    ep_len_mean     | 147      |
|    ep_rew_mean     | -37.6    |
|    success_rate    | 0.48     |
| time/              |          |
|    episodes        | 248      |
|    fps             | 70       |
|    time_elapsed    | 613      |
|    total_timesteps | 43032    |
| train/             |          |
|    actor_loss      | 9.06     |
|    critic_loss     | 0.0159   |
|    ent_coef        | 0.00403  |
|    ent_coef_loss   | -0.693   |
|    learning_rate   | 0.0003   |
|    n_updates       | 41031    |
---------------------------------
---------------------------------
| rollout/           |          |
|    ep_len_mean     | 145      |
|    ep_rew_mean     | -37.2    |
|    success_rate    | 0.5      |
| time/              |          |
|    episodes        | 252      |
|    fps             | 70       |
|    time_elapsed    | 621      |
|    total_timesteps | 43585    |
| train/             |          |
|    actor_loss      | 8.65     |
|    critic_loss     | 0.0216   |
|    ent_coef        | 0.00408  |
|    ent_coef_loss   | -1.75    |
|    learning_rate   | 0.0003   |
|    n_updates       | 41584    |
---------------------------------
---------------------------------
| rollout/           |          |
|    ep_len_mean     | 145      |
|    ep_rew_mean     | -37.3    |
|    success_rate    | 0.5      |
| time/              |          |
|    episodes        | 256      |
|    fps             | 70       |
|    time_elapsed    | 627      |
|    total_timesteps | 44031    |
| train/             |          |
|    actor_loss      | 8.75     |
|    critic_loss     | 0.3      |
|    ent_coef        | 0.00416  |
|    ent_coef_loss   | -0.0844  |
|    learning_rate   | 0.0003   |
|    n_updates       | 42030    |
---------------------------------
---------------------------------
| rollout/           |          |
|    ep_len_mean     | 143      |
|    ep_rew_mean     | -37.2    |
|    success_rate    | 0.51     |
| time/              |          |
|    episodes        | 260      |
|    fps             | 70       |
|    time_elapsed    | 632      |
|    total_timesteps | 44403    |
| train/             |          |
|    actor_loss      | 9.3      |
|    critic_loss     | 0.138    |
|    ent_coef        | 0.00419  |
|    ent_coef_loss   | 4.51     |
|    learning_rate   | 0.0003   |
|    n_updates       | 42402    |
---------------------------------
Eval num_timesteps=45000, episode_reward=-39.16 +/- 13.25
Episode length: 160.93 +/- 55.34
Success rate: 33.33%
---------------------------------
| eval/              |          |
|    mean_ep_length  | 161      |
|    mean_reward     | -39.2    |
|    success_rate    | 0.333    |
| time/              |          |
|    total_timesteps | 45000    |
| train/             |          |
|    actor_loss      | 8.84     |
|    critic_loss     | 0.376    |
|    ent_coef        | 0.00421  |
|    ent_coef_loss   | -0.198   |
|    learning_rate   | 0.0003   |
|    n_updates       | 42999    |
---------------------------------
---------------------------------
| rollout/           |          |
|    ep_len_mean     | 142      |
|    ep_rew_mean     | -36.5    |
|    success_rate    | 0.52     |
| time/              |          |
|    episodes        | 264      |
|    fps             | 69       |
|    time_elapsed    | 643      |
|    total_timesteps | 45028    |
| train/             |          |
|    actor_loss      | 9.87     |
|    critic_loss     | 0.0252   |
|    ent_coef        | 0.0042   |
|    ent_coef_loss   | -0.301   |
|    learning_rate   | 0.0003   |
|    n_updates       | 43027    |
---------------------------------
---------------------------------
| rollout/           |          |
|    ep_len_mean     | 141      |
|    ep_rew_mean     | -35.9    |
|    success_rate    | 0.54     |
| time/              |          |
|    episodes        | 268      |
|    fps             | 69       |
|    time_elapsed    | 651      |
|    total_timesteps | 45611    |
| train/             |          |
|    actor_loss      | 8.97     |
|    critic_loss     | 0.0173   |
|    ent_coef        | 0.00419  |
|    ent_coef_loss   | -0.0927  |
|    learning_rate   | 0.0003   |
|    n_updates       | 43610    |
---------------------------------
---------------------------------
| rollout/           |          |
|    ep_len_mean     | 143      |
|    ep_rew_mean     | -36.1    |
|    success_rate    | 0.52     |
| time/              |          |
|    episodes        | 272      |
|    fps             | 69       |
|    time_elapsed    | 662      |
|    total_timesteps | 46308    |
| train/             |          |
|    actor_loss      | 10.2     |
|    critic_loss     | 0.247    |
|    ent_coef        | 0.00416  |
|    ent_coef_loss   | -2.14    |
|    learning_rate   | 0.0003   |
|    n_updates       | 44307    |
---------------------------------
---------------------------------
| rollout/           |          |
|    ep_len_mean     | 143      |
|    ep_rew_mean     | -36      |
|    success_rate    | 0.51     |
| time/              |          |
|    episodes        | 276      |
|    fps             | 69       |
|    time_elapsed    | 672      |
|    total_timesteps | 46992    |
| train/             |          |
|    actor_loss      | 9.26     |
|    critic_loss     | 0.0171   |
|    ent_coef        | 0.00421  |
|    ent_coef_loss   | 0.819    |
|    learning_rate   | 0.0003   |
|    n_updates       | 44991    |
---------------------------------
---------------------------------
| rollout/           |          |
|    ep_len_mean     | 143      |
|    ep_rew_mean     | -35.4    |
|    success_rate    | 0.51     |
| time/              |          |
|    episodes        | 280      |
|    fps             | 69       |
|    time_elapsed    | 680      |
|    total_timesteps | 47557    |
| train/             |          |
|    actor_loss      | 8.75     |
|    critic_loss     | 0.0432   |
|    ent_coef        | 0.0042   |
|    ent_coef_loss   | 2.55     |
|    learning_rate   | 0.0003   |
|    n_updates       | 45556    |
---------------------------------
---------------------------------
| rollout/           |          |
|    ep_len_mean     | 141      |
|    ep_rew_mean     | -34.9    |
|    success_rate    | 0.52     |
| time/              |          |
|    episodes        | 284      |
|    fps             | 69       |
|    time_elapsed    | 686      |
|    total_timesteps | 47999    |
| train/             |          |
|    actor_loss      | 7.7      |
|    critic_loss     | 0.0409   |
|    ent_coef        | 0.00428  |
|    ent_coef_loss   | 1.09     |
|    learning_rate   | 0.0003   |
|    n_updates       | 45998    |
---------------------------------
---------------------------------
| rollout/           |          |
|    ep_len_mean     | 139      |
|    ep_rew_mean     | -34.4    |
|    success_rate    | 0.54     |
| time/              |          |
|    episodes        | 288      |
|    fps             | 69       |
|    time_elapsed    | 693      |
|    total_timesteps | 48502    |
| train/             |          |
|    actor_loss      | 8.25     |
|    critic_loss     | 0.0292   |
|    ent_coef        | 0.00432  |
|    ent_coef_loss   | -0.941   |
|    learning_rate   | 0.0003   |
|    n_updates       | 46501    |
---------------------------------
---------------------------------
| rollout/           |          |
|    ep_len_mean     | 139      |
|    ep_rew_mean     | -34.6    |
|    success_rate    | 0.54     |
| time/              |          |
|    episodes        | 292      |
|    fps             | 69       |
|    time_elapsed    | 702      |
|    total_timesteps | 49086    |
| train/             |          |
|    actor_loss      | 6.47     |
|    critic_loss     | 0.0196   |
|    ent_coef        | 0.00441  |
|    ent_coef_loss   | -4.63    |
|    learning_rate   | 0.0003   |
|    n_updates       | 47085    |
---------------------------------
---------------------------------
| rollout/           |          |
|    ep_len_mean     | 137      |
|    ep_rew_mean     | -34.1    |
|    success_rate    | 0.55     |
| time/              |          |
|    episodes        | 296      |
|    fps             | 69       |
|    time_elapsed    | 710      |
|    total_timesteps | 49685    |
| train/             |          |
|    actor_loss      | 7.65     |
|    critic_loss     | 0.0202   |
|    ent_coef        | 0.0045   |
|    ent_coef_loss   | -0.0261  |
|    learning_rate   | 0.0003   |
|    n_updates       | 47684    |
---------------------------------
Eval num_timesteps=50000, episode_reward=-27.94 +/- 11.70
Episode length: 116.63 +/- 51.97
Success rate: 73.33%
---------------------------------
| eval/              |          |
|    mean_ep_length  | 117      |
|    mean_reward     | -27.9    |
|    success_rate    | 0.733    |
| time/              |          |
|    total_timesteps | 50000    |
| train/             |          |
|    actor_loss      | 6.51     |
|    critic_loss     | 0.0149   |
|    ent_coef        | 0.00447  |
|    ent_coef_loss   | -2.47    |
|    learning_rate   | 0.0003   |
|    n_updates       | 47999    |
---------------------------------
New best mean reward!
---------------------------------
| rollout/           |          |
|    ep_len_mean     | 139      |
|    ep_rew_mean     | -34.6    |
|    success_rate    | 0.53     |
| time/              |          |
|    episodes        | 300      |
|    fps             | 69       |
|    time_elapsed    | 721      |
|    total_timesteps | 50357    |
| train/             |          |
|    actor_loss      | 8.47     |
|    critic_loss     | 0.0431   |
|    ent_coef        | 0.00448  |
|    ent_coef_loss   | -1.12    |
|    learning_rate   | 0.0003   |
|    n_updates       | 48356    |
---------------------------------
---------------------------------
| rollout/           |          |
|    ep_len_mean     | 140      |
|    ep_rew_mean     | -34.7    |
|    success_rate    | 0.54     |
| time/              |          |
|    episodes        | 304      |
|    fps             | 69       |
|    time_elapsed    | 728      |
|    total_timesteps | 50807    |
| train/             |          |
|    actor_loss      | 7.42     |
|    critic_loss     | 0.0674   |
|    ent_coef        | 0.0044   |
|    ent_coef_loss   | 2.73     |
|    learning_rate   | 0.0003   |
|    n_updates       | 48806    |
---------------------------------
---------------------------------
| rollout/           |          |
|    ep_len_mean     | 138      |
|    ep_rew_mean     | -34      |
|    success_rate    | 0.56     |
| time/              |          |
|    episodes        | 308      |
|    fps             | 69       |
|    time_elapsed    | 734      |
|    total_timesteps | 51215    |
| train/             |          |
|    actor_loss      | 7.8      |
|    critic_loss     | 0.019    |
|    ent_coef        | 0.0045   |
|    ent_coef_loss   | 2.16     |
|    learning_rate   | 0.0003   |
|    n_updates       | 49214    |
---------------------------------
---------------------------------
| rollout/           |          |
|    ep_len_mean     | 138      |
|    ep_rew_mean     | -33.6    |
|    success_rate    | 0.57     |
| time/              |          |
|    episodes        | 312      |
|    fps             | 69       |
|    time_elapsed    | 741      |
|    total_timesteps | 51751    |
| train/             |          |
|    actor_loss      | 6.68     |
|    critic_loss     | 0.155    |
|    ent_coef        | 0.00457  |
|    ent_coef_loss   | -0.558   |
|    learning_rate   | 0.0003   |
|    n_updates       | 49750    |
---------------------------------
---------------------------------
| rollout/           |          |
|    ep_len_mean     | 136      |
|    ep_rew_mean     | -33.2    |
|    success_rate    | 0.58     |
| time/              |          |
|    episodes        | 316      |
|    fps             | 69       |
|    time_elapsed    | 748      |
|    total_timesteps | 52189    |
| train/             |          |
|    actor_loss      | 7.58     |
|    critic_loss     | 0.0369   |
|    ent_coef        | 0.00462  |
|    ent_coef_loss   | -0.891   |
|    learning_rate   | 0.0003   |
|    n_updates       | 50188    |
---------------------------------
---------------------------------
| rollout/           |          |
|    ep_len_mean     | 135      |
|    ep_rew_mean     | -33      |
|    success_rate    | 0.6      |
| time/              |          |
|    episodes        | 320      |
|    fps             | 69       |
|    time_elapsed    | 756      |
|    total_timesteps | 52755    |
| train/             |          |
|    actor_loss      | 7.05     |
|    critic_loss     | 0.0183   |
|    ent_coef        | 0.00459  |
|    ent_coef_loss   | 1.51     |
|    learning_rate   | 0.0003   |
|    n_updates       | 50754    |
---------------------------------
---------------------------------
| rollout/           |          |
|    ep_len_mean     | 134      |
|    ep_rew_mean     | -32.8    |
|    success_rate    | 0.6      |
| time/              |          |
|    episodes        | 324      |
|    fps             | 69       |
|    time_elapsed    | 763      |
|    total_timesteps | 53244    |
| train/             |          |
|    actor_loss      | 7.05     |
|    critic_loss     | 0.112    |
|    ent_coef        | 0.00463  |
|    ent_coef_loss   | 1.19     |
|    learning_rate   | 0.0003   |
|    n_updates       | 51243    |
---------------------------------
---------------------------------
| rollout/           |          |
|    ep_len_mean     | 132      |
|    ep_rew_mean     | -32.5    |
|    success_rate    | 0.62     |
| time/              |          |
|    episodes        | 328      |
|    fps             | 69       |
|    time_elapsed    | 768      |
|    total_timesteps | 53565    |
| train/             |          |
|    actor_loss      | 7.35     |
|    critic_loss     | 0.257    |
|    ent_coef        | 0.00456  |
|    ent_coef_loss   | -0.78    |
|    learning_rate   | 0.0003   |
|    n_updates       | 51564    |
---------------------------------
---------------------------------
| rollout/           |          |
|    ep_len_mean     | 128      |
|    ep_rew_mean     | -31.3    |
|    success_rate    | 0.65     |
| time/              |          |
|    episodes        | 332      |
|    fps             | 69       |
|    time_elapsed    | 772      |
|    total_timesteps | 53887    |
| train/             |          |
|    actor_loss      | 7.32     |
|    critic_loss     | 0.0145   |
|    ent_coef        | 0.00459  |
|    ent_coef_loss   | 3.41     |
|    learning_rate   | 0.0003   |
|    n_updates       | 51886    |
---------------------------------
---------------------------------
| rollout/           |          |
|    ep_len_mean     | 127      |
|    ep_rew_mean     | -30.9    |
|    success_rate    | 0.66     |
| time/              |          |
|    episodes        | 336      |
|    fps             | 69       |
|    time_elapsed    | 781      |
|    total_timesteps | 54492    |
| train/             |          |
|    actor_loss      | 6.59     |
|    critic_loss     | 0.0139   |
|    ent_coef        | 0.00462  |
|    ent_coef_loss   | -0.217   |
|    learning_rate   | 0.0003   |
|    n_updates       | 52491    |
---------------------------------
Eval num_timesteps=55000, episode_reward=-31.34 +/- 13.81
Episode length: 145.30 +/- 59.12
Success rate: 46.67%
---------------------------------
| eval/              |          |
|    mean_ep_length  | 145      |
|    mean_reward     | -31.3    |
|    success_rate    | 0.467    |
| time/              |          |
|    total_timesteps | 55000    |
| train/             |          |
|    actor_loss      | 6.25     |
|    critic_loss     | 0.0486   |
|    ent_coef        | 0.00473  |
|    ent_coef_loss   | -2.4     |
|    learning_rate   | 0.0003   |
|    n_updates       | 52999    |
---------------------------------
---------------------------------
| rollout/           |          |
|    ep_len_mean     | 130      |
|    ep_rew_mean     | -31.6    |
|    success_rate    | 0.65     |
| time/              |          |
|    episodes        | 340      |
|    fps             | 69       |
|    time_elapsed    | 791      |
|    total_timesteps | 55014    |
| train/             |          |
|    actor_loss      | 6.68     |
|    critic_loss     | 0.0191   |
|    ent_coef        | 0.00471  |
|    ent_coef_loss   | 0.163    |
|    learning_rate   | 0.0003   |
|    n_updates       | 53013    |
---------------------------------
---------------------------------
| rollout/           |          |
|    ep_len_mean     | 129      |
|    ep_rew_mean     | -31.5    |
|    success_rate    | 0.65     |
| time/              |          |
|    episodes        | 344      |
|    fps             | 69       |
|    time_elapsed    | 797      |
|    total_timesteps | 55440    |
| train/             |          |
|    actor_loss      | 7.39     |
|    critic_loss     | 0.0143   |
|    ent_coef        | 0.00469  |
|    ent_coef_loss   | 0.938    |
|    learning_rate   | 0.0003   |
|    n_updates       | 53439    |
---------------------------------
---------------------------------
| rollout/           |          |
|    ep_len_mean     | 128      |
|    ep_rew_mean     | -31.1    |
|    success_rate    | 0.66     |
| time/              |          |
|    episodes        | 348      |
|    fps             | 69       |
|    time_elapsed    | 803      |
|    total_timesteps | 55871    |
| train/             |          |
|    actor_loss      | 7.36     |
|    critic_loss     | 0.0147   |
|    ent_coef        | 0.00464  |
|    ent_coef_loss   | -4.23    |
|    learning_rate   | 0.0003   |
|    n_updates       | 53870    |
---------------------------------
---------------------------------
| rollout/           |          |
|    ep_len_mean     | 126      |
|    ep_rew_mean     | -30.5    |
|    success_rate    | 0.67     |
| time/              |          |
|    episodes        | 352      |
|    fps             | 69       |
|    time_elapsed    | 808      |
|    total_timesteps | 56212    |
| train/             |          |
|    actor_loss      | 7.04     |
|    critic_loss     | 0.0205   |
|    ent_coef        | 0.00466  |
|    ent_coef_loss   | -2.79    |
|    learning_rate   | 0.0003   |
|    n_updates       | 54211    |
---------------------------------
---------------------------------
| rollout/           |          |
|    ep_len_mean     | 126      |
|    ep_rew_mean     | -30.3    |
|    success_rate    | 0.67     |
| time/              |          |
|    episodes        | 356      |
|    fps             | 69       |
|    time_elapsed    | 814      |
|    total_timesteps | 56630    |
| train/             |          |
|    actor_loss      | 7.13     |
|    critic_loss     | 0.0844   |
|    ent_coef        | 0.0047   |
|    ent_coef_loss   | 4.03     |
|    learning_rate   | 0.0003   |
|    n_updates       | 54629    |
---------------------------------
---------------------------------
| rollout/           |          |
|    ep_len_mean     | 127      |
|    ep_rew_mean     | -30.5    |
|    success_rate    | 0.67     |
| time/              |          |
|    episodes        | 360      |
|    fps             | 69       |
|    time_elapsed    | 820      |
|    total_timesteps | 57075    |
| train/             |          |
|    actor_loss      | 8.84     |
|    critic_loss     | 0.015    |
|    ent_coef        | 0.00475  |
|    ent_coef_loss   | 0.651    |
|    learning_rate   | 0.0003   |
|    n_updates       | 55074    |
---------------------------------
---------------------------------
| rollout/           |          |
|    ep_len_mean     | 125      |
|    ep_rew_mean     | -30.1    |
|    success_rate    | 0.68     |
| time/              |          |
|    episodes        | 364      |
|    fps             | 69       |
|    time_elapsed    | 826      |
|    total_timesteps | 57515    |
| train/             |          |
|    actor_loss      | 7.08     |
|    critic_loss     | 0.0495   |
|    ent_coef        | 0.00469  |
|    ent_coef_loss   | -1.66    |
|    learning_rate   | 0.0003   |
|    n_updates       | 55514    |
---------------------------------
---------------------------------
| rollout/           |          |
|    ep_len_mean     | 122      |
|    ep_rew_mean     | -29.6    |
|    success_rate    | 0.69     |
| time/              |          |
|    episodes        | 368      |
|    fps             | 69       |
|    time_elapsed    | 831      |
|    total_timesteps | 57853    |
| train/             |          |
|    actor_loss      | 5.56     |
|    critic_loss     | 0.0165   |
|    ent_coef        | 0.0046   |
|    ent_coef_loss   | -0.517   |
|    learning_rate   | 0.0003   |
|    n_updates       | 55852    |
---------------------------------
---------------------------------
| rollout/           |          |
|    ep_len_mean     | 119      |
|    ep_rew_mean     | -28.9    |
|    success_rate    | 0.72     |
| time/              |          |
|    episodes        | 372      |
|    fps             | 69       |
|    time_elapsed    | 836      |
|    total_timesteps | 58196    |
| train/             |          |
|    actor_loss      | 5.64     |
|    critic_loss     | 0.054    |
|    ent_coef        | 0.00468  |
|    ent_coef_loss   | -0.682   |
|    learning_rate   | 0.0003   |
|    n_updates       | 56195    |
---------------------------------
---------------------------------
| rollout/           |          |
|    ep_len_mean     | 117      |
|    ep_rew_mean     | -28.4    |
|    success_rate    | 0.74     |
| time/              |          |
|    episodes        | 376      |
|    fps             | 69       |
|    time_elapsed    | 844      |
|    total_timesteps | 58686    |
| train/             |          |
|    actor_loss      | 6.45     |
|    critic_loss     | 0.0191   |
|    ent_coef        | 0.00482  |
|    ent_coef_loss   | -2.61    |
|    learning_rate   | 0.0003   |
|    n_updates       | 56685    |
---------------------------------
---------------------------------
| rollout/           |          |
|    ep_len_mean     | 115      |
|    ep_rew_mean     | -28      |
|    success_rate    | 0.75     |
| time/              |          |
|    episodes        | 380      |
|    fps             | 69       |
|    time_elapsed    | 850      |
|    total_timesteps | 59103    |
| train/             |          |
|    actor_loss      | 6.48     |
|    critic_loss     | 0.0223   |
|    ent_coef        | 0.00474  |
|    ent_coef_loss   | 1.76     |
|    learning_rate   | 0.0003   |
|    n_updates       | 57102    |
---------------------------------
---------------------------------
| rollout/           |          |
|    ep_len_mean     | 115      |
|    ep_rew_mean     | -27.8    |
|    success_rate    | 0.76     |
| time/              |          |
|    episodes        | 384      |
|    fps             | 69       |
|    time_elapsed    | 856      |
|    total_timesteps | 59544    |
| train/             |          |
|    actor_loss      | 6.1      |
|    critic_loss     | 0.0501   |
|    ent_coef        | 0.0048   |
|    ent_coef_loss   | 0.199    |
|    learning_rate   | 0.0003   |
|    n_updates       | 57543    |
---------------------------------
---------------------------------
| rollout/           |          |
|    ep_len_mean     | 114      |
|    ep_rew_mean     | -27.5    |
|    success_rate    | 0.77     |
| time/              |          |
|    episodes        | 388      |
|    fps             | 69       |
|    time_elapsed    | 861      |
|    total_timesteps | 59864    |
| train/             |          |
|    actor_loss      | 6.39     |
|    critic_loss     | 0.0149   |
|    ent_coef        | 0.00473  |
|    ent_coef_loss   | 0.472    |
|    learning_rate   | 0.0003   |
|    n_updates       | 57863    |
---------------------------------
Eval num_timesteps=60000, episode_reward=-23.28 +/- 11.50
Episode length: 97.40 +/- 47.12
Success rate: 83.33%
---------------------------------
| eval/              |          |
|    mean_ep_length  | 97.4     |
|    mean_reward     | -23.3    |
|    success_rate    | 0.833    |
| time/              |          |
|    total_timesteps | 60000    |
| train/             |          |
|    actor_loss      | 4.87     |
|    critic_loss     | 0.0378   |
|    ent_coef        | 0.00467  |
|    ent_coef_loss   | -0.748   |
|    learning_rate   | 0.0003   |
|    n_updates       | 57999    |
---------------------------------
New best mean reward!
---------------------------------
| rollout/           |          |
|    ep_len_mean     | 113      |
|    ep_rew_mean     | -27.2    |
|    success_rate    | 0.77     |
| time/              |          |
|    episodes        | 392      |
|    fps             | 69       |
|    time_elapsed    | 870      |
|    total_timesteps | 60415    |
| train/             |          |
|    actor_loss      | 5.51     |
|    critic_loss     | 0.0136   |
|    ent_coef        | 0.0047   |
|    ent_coef_loss   | 1.31     |
|    learning_rate   | 0.0003   |
|    n_updates       | 58414    |
---------------------------------
---------------------------------
| rollout/           |          |
|    ep_len_mean     | 111      |
|    ep_rew_mean     | -26.6    |
|    success_rate    | 0.8      |
| time/              |          |
|    episodes        | 396      |
|    fps             | 69       |
|    time_elapsed    | 875      |
|    total_timesteps | 60746    |
| train/             |          |
|    actor_loss      | 6.27     |
|    critic_loss     | 0.0173   |
|    ent_coef        | 0.00481  |
|    ent_coef_loss   | -1.82    |
|    learning_rate   | 0.0003   |
|    n_updates       | 58745    |
---------------------------------
---------------------------------
| rollout/           |          |
|    ep_len_mean     | 107      |
|    ep_rew_mean     | -25.9    |
|    success_rate    | 0.83     |
| time/              |          |
|    episodes        | 400      |
|    fps             | 69       |
|    time_elapsed    | 880      |
|    total_timesteps | 61083    |
| train/             |          |
|    actor_loss      | 6.14     |
|    critic_loss     | 0.0127   |
|    ent_coef        | 0.00477  |
|    ent_coef_loss   | 2.52     |
|    learning_rate   | 0.0003   |
|    n_updates       | 59082    |
---------------------------------
---------------------------------
| rollout/           |          |
|    ep_len_mean     | 107      |
|    ep_rew_mean     | -25.6    |
|    success_rate    | 0.83     |
| time/              |          |
|    episodes        | 404      |
|    fps             | 69       |
|    time_elapsed    | 886      |
|    total_timesteps | 61480    |
| train/             |          |
|    actor_loss      | 5.31     |
|    critic_loss     | 0.0202   |
|    ent_coef        | 0.00485  |
|    ent_coef_loss   | -2.43    |
|    learning_rate   | 0.0003   |
|    n_updates       | 59479    |
---------------------------------
---------------------------------
| rollout/           |          |
|    ep_len_mean     | 106      |
|    ep_rew_mean     | -25.7    |
|    success_rate    | 0.84     |
| time/              |          |
|    episodes        | 408      |
|    fps             | 69       |
|    time_elapsed    | 891      |
|    total_timesteps | 61826    |
| train/             |          |
|    actor_loss      | 6.26     |
|    critic_loss     | 0.017    |
|    ent_coef        | 0.0048   |
|    ent_coef_loss   | -0.547   |
|    learning_rate   | 0.0003   |
|    n_updates       | 59825    |
---------------------------------
---------------------------------
| rollout/           |          |
|    ep_len_mean     | 105      |
|    ep_rew_mean     | -25.5    |
|    success_rate    | 0.84     |
| time/              |          |
|    episodes        | 412      |
|    fps             | 69       |
|    time_elapsed    | 896      |
|    total_timesteps | 62225    |
| train/             |          |
|    actor_loss      | 5.94     |
|    critic_loss     | 0.0592   |
|    ent_coef        | 0.00489  |
|    ent_coef_loss   | -2.35    |
|    learning_rate   | 0.0003   |
|    n_updates       | 60224    |
---------------------------------
---------------------------------
| rollout/           |          |
|    ep_len_mean     | 103      |
|    ep_rew_mean     | -25.1    |
|    success_rate    | 0.85     |
| time/              |          |
|    episodes        | 416      |
|    fps             | 69       |
|    time_elapsed    | 900      |
|    total_timesteps | 62496    |
| train/             |          |
|    actor_loss      | 4.51     |
|    critic_loss     | 0.0448   |
|    ent_coef        | 0.00495  |
|    ent_coef_loss   | -0.195   |
|    learning_rate   | 0.0003   |
|    n_updates       | 60495    |
---------------------------------
---------------------------------
| rollout/           |          |
|    ep_len_mean     | 100      |
|    ep_rew_mean     | -24.5    |
|    success_rate    | 0.86     |
| time/              |          |
|    episodes        | 420      |
|    fps             | 69       |
|    time_elapsed    | 904      |
|    total_timesteps | 62784    |
| train/             |          |
|    actor_loss      | 5.03     |
|    critic_loss     | 0.0167   |
|    ent_coef        | 0.00494  |
|    ent_coef_loss   | -3.2     |
|    learning_rate   | 0.0003   |
|    n_updates       | 60783    |
---------------------------------
---------------------------------
| rollout/           |          |
|    ep_len_mean     | 99.2     |
|    ep_rew_mean     | -24.5    |
|    success_rate    | 0.87     |
| time/              |          |
|    episodes        | 424      |
|    fps             | 69       |
|    time_elapsed    | 910      |
|    total_timesteps | 63160    |
| train/             |          |
|    actor_loss      | 5.52     |
|    critic_loss     | 0.0169   |
|    ent_coef        | 0.00485  |
|    ent_coef_loss   | -0.0879  |
|    learning_rate   | 0.0003   |
|    n_updates       | 61159    |
---------------------------------
---------------------------------
| rollout/           |          |
|    ep_len_mean     | 98.8     |
|    ep_rew_mean     | -24.2    |
|    success_rate    | 0.87     |
| time/              |          |
|    episodes        | 428      |
|    fps             | 69       |
|    time_elapsed    | 914      |
|    total_timesteps | 63441    |
| train/             |          |
|    actor_loss      | 5.09     |
|    critic_loss     | 0.151    |
|    ent_coef        | 0.00483  |
|    ent_coef_loss   | -0.068   |
|    learning_rate   | 0.0003   |
|    n_updates       | 61440    |
---------------------------------
---------------------------------
| rollout/           |          |
|    ep_len_mean     | 101      |
|    ep_rew_mean     | -24.9    |
|    success_rate    | 0.85     |
| time/              |          |
|    episodes        | 432      |
|    fps             | 69       |
|    time_elapsed    | 922      |
|    total_timesteps | 63994    |
| train/             |          |
|    actor_loss      | 4.84     |
|    critic_loss     | 0.0225   |
|    ent_coef        | 0.00487  |
|    ent_coef_loss   | -1.23    |
|    learning_rate   | 0.0003   |
|    n_updates       | 61993    |
---------------------------------
---------------------------------
| rollout/           |          |
|    ep_len_mean     | 99.3     |
|    ep_rew_mean     | -24.6    |
|    success_rate    | 0.86     |
| time/              |          |
|    episodes        | 436      |
|    fps             | 69       |
|    time_elapsed    | 929      |
|    total_timesteps | 64425    |
| train/             |          |
|    actor_loss      | 5.06     |
|    critic_loss     | 0.0375   |
|    ent_coef        | 0.0049   |
|    ent_coef_loss   | 0.279    |
|    learning_rate   | 0.0003   |
|    n_updates       | 62424    |
---------------------------------
---------------------------------
| rollout/           |          |
|    ep_len_mean     | 97.1     |
|    ep_rew_mean     | -23.9    |
|    success_rate    | 0.87     |
| time/              |          |
|    episodes        | 440      |
|    fps             | 69       |
|    time_elapsed    | 933      |
|    total_timesteps | 64724    |
| train/             |          |
|    actor_loss      | 4.7      |
|    critic_loss     | 0.0343   |
|    ent_coef        | 0.00496  |
|    ent_coef_loss   | -0.902   |
|    learning_rate   | 0.0003   |
|    n_updates       | 62723    |
---------------------------------
Eval num_timesteps=65000, episode_reward=-26.92 +/- 10.65
Episode length: 109.07 +/- 51.01
Success rate: 73.33%
---------------------------------
| eval/              |          |
|    mean_ep_length  | 109      |
|    mean_reward     | -26.9    |
|    success_rate    | 0.733    |
| time/              |          |
|    total_timesteps | 65000    |
| train/             |          |
|    actor_loss      | 6.08     |
|    critic_loss     | 0.0179   |
|    ent_coef        | 0.00495  |
|    ent_coef_loss   | 2.87     |
|    learning_rate   | 0.0003   |
|    n_updates       | 62999    |
---------------------------------
---------------------------------
| rollout/           |          |
|    ep_len_mean     | 95.8     |
|    ep_rew_mean     | -23.6    |
|    success_rate    | 0.88     |
| time/              |          |
|    episodes        | 444      |
|    fps             | 69       |
|    time_elapsed    | 939      |
|    total_timesteps | 65019    |
| train/             |          |
|    actor_loss      | 5.16     |
|    critic_loss     | 0.0171   |
|    ent_coef        | 0.00496  |
|    ent_coef_loss   | 0.698    |
|    learning_rate   | 0.0003   |
|    n_updates       | 63018    |
---------------------------------
---------------------------------
| rollout/           |          |
|    ep_len_mean     | 95.8     |
|    ep_rew_mean     | -23.7    |
|    success_rate    | 0.88     |
| time/              |          |
|    episodes        | 448      |
|    fps             | 69       |
|    time_elapsed    | 945      |
|    total_timesteps | 65447    |
| train/             |          |
|    actor_loss      | 5.34     |
|    critic_loss     | 0.111    |
|    ent_coef        | 0.00489  |
|    ent_coef_loss   | -2.28    |
|    learning_rate   | 0.0003   |
|    n_updates       | 63446    |
---------------------------------
---------------------------------
| rollout/           |          |
|    ep_len_mean     | 95.8     |
|    ep_rew_mean     | -23.7    |
|    success_rate    | 0.88     |
| time/              |          |
|    episodes        | 452      |
|    fps             | 69       |
|    time_elapsed    | 950      |
|    total_timesteps | 65790    |
| train/             |          |
|    actor_loss      | 4.99     |
|    critic_loss     | 0.0608   |
|    ent_coef        | 0.00491  |
|    ent_coef_loss   | 0.147    |
|    learning_rate   | 0.0003   |
|    n_updates       | 63789    |
---------------------------------
---------------------------------
| rollout/           |          |
|    ep_len_mean     | 94.6     |
|    ep_rew_mean     | -23.4    |
|    success_rate    | 0.89     |
| time/              |          |
|    episodes        | 456      |
|    fps             | 69       |
|    time_elapsed    | 955      |
|    total_timesteps | 66093    |
| train/             |          |
|    actor_loss      | 4.46     |
|    critic_loss     | 0.0158   |
|    ent_coef        | 0.00492  |
|    ent_coef_loss   | -1.59    |
|    learning_rate   | 0.0003   |
|    n_updates       | 64092    |
---------------------------------
---------------------------------
| rollout/           |          |
|    ep_len_mean     | 93.1     |
|    ep_rew_mean     | -22.9    |
|    success_rate    | 0.89     |
| time/              |          |
|    episodes        | 460      |
|    fps             | 69       |
|    time_elapsed    | 959      |
|    total_timesteps | 66385    |
| train/             |          |
|    actor_loss      | 5.87     |
|    critic_loss     | 0.0394   |
|    ent_coef        | 0.00496  |
|    ent_coef_loss   | -1.04    |
|    learning_rate   | 0.0003   |
|    n_updates       | 64384    |
---------------------------------
---------------------------------
| rollout/           |          |
|    ep_len_mean     | 91.6     |
|    ep_rew_mean     | -22.5    |
|    success_rate    | 0.9      |
| time/              |          |
|    episodes        | 464      |
|    fps             | 69       |
|    time_elapsed    | 964      |
|    total_timesteps | 66678    |
| train/             |          |
|    actor_loss      | 5.52     |
|    critic_loss     | 0.0195   |
|    ent_coef        | 0.00498  |
|    ent_coef_loss   | 1.22     |
|    learning_rate   | 0.0003   |
|    n_updates       | 64677    |
---------------------------------
---------------------------------
| rollout/           |          |
|    ep_len_mean     | 91       |
|    ep_rew_mean     | -22.4    |
|    success_rate    | 0.9      |
| time/              |          |
|    episodes        | 468      |
|    fps             | 69       |
|    time_elapsed    | 968      |
|    total_timesteps | 66954    |
| train/             |          |
|    actor_loss      | 6.76     |
|    critic_loss     | 0.058    |
|    ent_coef        | 0.005    |
|    ent_coef_loss   | 1.33     |
|    learning_rate   | 0.0003   |
|    n_updates       | 64953    |
---------------------------------
---------------------------------
| rollout/           |          |
|    ep_len_mean     | 92       |
|    ep_rew_mean     | -22.5    |
|    success_rate    | 0.89     |
| time/              |          |
|    episodes        | 472      |
|    fps             | 69       |
|    time_elapsed    | 974      |
|    total_timesteps | 67397    |
| train/             |          |
|    actor_loss      | 4.26     |
|    critic_loss     | 0.0336   |
|    ent_coef        | 0.00491  |
|    ent_coef_loss   | -0.528   |
|    learning_rate   | 0.0003   |
|    n_updates       | 65396    |
---------------------------------
---------------------------------
| rollout/           |          |
|    ep_len_mean     | 90.5     |
|    ep_rew_mean     | -22.5    |
|    success_rate    | 0.9      |
| time/              |          |
|    episodes        | 476      |
|    fps             | 69       |
|    time_elapsed    | 979      |
|    total_timesteps | 67737    |
| train/             |          |
|    actor_loss      | 4.82     |
|    critic_loss     | 0.0153   |
|    ent_coef        | 0.00494  |
|    ent_coef_loss   | -1.02    |
|    learning_rate   | 0.0003   |
|    n_updates       | 65736    |
---------------------------------
---------------------------------
| rollout/           |          |
|    ep_len_mean     | 89.5     |
|    ep_rew_mean     | -22.5    |
|    success_rate    | 0.91     |
| time/              |          |
|    episodes        | 480      |
|    fps             | 69       |
|    time_elapsed    | 984      |
|    total_timesteps | 68057    |
| train/             |          |
|    actor_loss      | 4.21     |
|    critic_loss     | 0.0253   |
|    ent_coef        | 0.00499  |
|    ent_coef_loss   | 0.686    |
|    learning_rate   | 0.0003   |
|    n_updates       | 66056    |
---------------------------------
---------------------------------
| rollout/           |          |
|    ep_len_mean     | 88.2     |
|    ep_rew_mean     | -22.4    |
|    success_rate    | 0.92     |
| time/              |          |
|    episodes        | 484      |
|    fps             | 69       |
|    time_elapsed    | 988      |
|    total_timesteps | 68360    |
| train/             |          |
|    actor_loss      | 6.19     |
|    critic_loss     | 0.016    |
|    ent_coef        | 0.00492  |
|    ent_coef_loss   | 1.07     |
|    learning_rate   | 0.0003   |
|    n_updates       | 66359    |
---------------------------------
---------------------------------
| rollout/           |          |
|    ep_len_mean     | 87.8     |
|    ep_rew_mean     | -22.2    |
|    success_rate    | 0.92     |
| time/              |          |
|    episodes        | 488      |
|    fps             | 69       |
|    time_elapsed    | 993      |
|    total_timesteps | 68642    |
| train/             |          |
|    actor_loss      | 5.24     |
|    critic_loss     | 0.0151   |
|    ent_coef        | 0.00493  |
|    ent_coef_loss   | 2.13     |
|    learning_rate   | 0.0003   |
|    n_updates       | 66641    |
---------------------------------
---------------------------------
| rollout/           |          |
|    ep_len_mean     | 87.8     |
|    ep_rew_mean     | -22.2    |
|    success_rate    | 0.92     |
| time/              |          |
|    episodes        | 492      |
|    fps             | 69       |
|    time_elapsed    | 1001     |
|    total_timesteps | 69197    |
| train/             |          |
|    actor_loss      | 4.93     |
|    critic_loss     | 0.0473   |
|    ent_coef        | 0.00494  |
|    ent_coef_loss   | -1.12    |
|    learning_rate   | 0.0003   |
|    n_updates       | 67196    |
---------------------------------
---------------------------------
| rollout/           |          |
|    ep_len_mean     | 87.9     |
|    ep_rew_mean     | -22.1    |
|    success_rate    | 0.92     |
| time/              |          |
|    episodes        | 496      |
|    fps             | 69       |
|    time_elapsed    | 1006     |
|    total_timesteps | 69534    |
| train/             |          |
|    actor_loss      | 4.31     |
|    critic_loss     | 0.0371   |
|    ent_coef        | 0.00489  |
|    ent_coef_loss   | 0.65     |
|    learning_rate   | 0.0003   |
|    n_updates       | 67533    |
---------------------------------
---------------------------------
| rollout/           |          |
|    ep_len_mean     | 87.2     |
|    ep_rew_mean     | -22.1    |
|    success_rate    | 0.91     |
| time/              |          |
|    episodes        | 500      |
|    fps             | 69       |
|    time_elapsed    | 1010     |
|    total_timesteps | 69807    |
| train/             |          |
|    actor_loss      | 5.57     |
|    critic_loss     | 0.0232   |
|    ent_coef        | 0.00493  |
|    ent_coef_loss   | 2.24     |
|    learning_rate   | 0.0003   |
|    n_updates       | 67806    |
---------------------------------
Eval num_timesteps=70000, episode_reward=-21.71 +/- 5.87
Episode length: 89.77 +/- 33.16
Success rate: 93.33%
---------------------------------
| eval/              |          |
|    mean_ep_length  | 89.8     |
|    mean_reward     | -21.7    |
|    success_rate    | 0.933    |
| time/              |          |
|    total_timesteps | 70000    |
| train/             |          |
|    actor_loss      | 4.58     |
|    critic_loss     | 0.0158   |
|    ent_coef        | 0.00499  |
|    ent_coef_loss   | -2.38    |
|    learning_rate   | 0.0003   |
|    n_updates       | 67999    |
---------------------------------
New best mean reward!
---------------------------------
| rollout/           |          |
|    ep_len_mean     | 86.2     |
|    ep_rew_mean     | -22.1    |
|    success_rate    | 0.91     |
| time/              |          |
|    episodes        | 504      |
|    fps             | 68       |
|    time_elapsed    | 1016     |
|    total_timesteps | 70104    |
| train/             |          |
|    actor_loss      | 4.91     |
|    critic_loss     | 0.0232   |
|    ent_coef        | 0.00499  |
|    ent_coef_loss   | -1.88    |
|    learning_rate   | 0.0003   |
|    n_updates       | 68103    |
---------------------------------
---------------------------------
| rollout/           |          |
|    ep_len_mean     | 85.7     |
|    ep_rew_mean     | -21.8    |
|    success_rate    | 0.91     |
| time/              |          |
|    episodes        | 508      |
|    fps             | 68       |
|    time_elapsed    | 1021     |
|    total_timesteps | 70395    |
| train/             |          |
|    actor_loss      | 4.72     |
|    critic_loss     | 0.0178   |
|    ent_coef        | 0.00488  |
|    ent_coef_loss   | 3.48     |
|    learning_rate   | 0.0003   |
|    n_updates       | 68394    |
---------------------------------
---------------------------------
| rollout/           |          |
|    ep_len_mean     | 84.9     |
|    ep_rew_mean     | -21.6    |
|    success_rate    | 0.92     |
| time/              |          |
|    episodes        | 512      |
|    fps             | 68       |
|    time_elapsed    | 1026     |
|    total_timesteps | 70712    |
| train/             |          |
|    actor_loss      | 4.78     |
|    critic_loss     | 0.0867   |
|    ent_coef        | 0.00485  |
|    ent_coef_loss   | -1.52    |
|    learning_rate   | 0.0003   |
|    n_updates       | 68711    |
---------------------------------
---------------------------------
| rollout/           |          |
|    ep_len_mean     | 85.6     |
|    ep_rew_mean     | -21.8    |
|    success_rate    | 0.92     |
| time/              |          |
|    episodes        | 516      |
|    fps             | 68       |
|    time_elapsed    | 1031     |
|    total_timesteps | 71054    |
| train/             |          |
|    actor_loss      | 5.37     |
|    critic_loss     | 0.0144   |
|    ent_coef        | 0.00492  |
|    ent_coef_loss   | 0.643    |
|    learning_rate   | 0.0003   |
|    n_updates       | 69053    |
---------------------------------
---------------------------------
| rollout/           |          |
|    ep_len_mean     | 85.5     |
|    ep_rew_mean     | -21.9    |
|    success_rate    | 0.92     |
| time/              |          |
|    episodes        | 520      |
|    fps             | 68       |
|    time_elapsed    | 1035     |
|    total_timesteps | 71336    |
| train/             |          |
|    actor_loss      | 5.77     |
|    critic_loss     | 0.0294   |
|    ent_coef        | 0.00493  |
|    ent_coef_loss   | 0.944    |
|    learning_rate   | 0.0003   |
|    n_updates       | 69335    |
---------------------------------
---------------------------------
| rollout/           |          |
|    ep_len_mean     | 85       |
|    ep_rew_mean     | -21.7    |
|    success_rate    | 0.92     |
| time/              |          |
|    episodes        | 524      |
|    fps             | 68       |
|    time_elapsed    | 1040     |
|    total_timesteps | 71663    |
| train/             |          |
|    actor_loss      | 4.23     |
|    critic_loss     | 0.0315   |
|    ent_coef        | 0.00495  |
|    ent_coef_loss   | -0.844   |
|    learning_rate   | 0.0003   |
|    n_updates       | 69662    |
---------------------------------
---------------------------------
| rollout/           |          |
|    ep_len_mean     | 86.4     |
|    ep_rew_mean     | -21.9    |
|    success_rate    | 0.91     |
| time/              |          |
|    episodes        | 528      |
|    fps             | 68       |
|    time_elapsed    | 1047     |
|    total_timesteps | 72085    |
| train/             |          |
|    actor_loss      | 4.66     |
|    critic_loss     | 0.0189   |
|    ent_coef        | 0.00495  |
|    ent_coef_loss   | -0.916   |
|    learning_rate   | 0.0003   |
|    n_updates       | 70084    |
---------------------------------
---------------------------------
| rollout/           |          |
|    ep_len_mean     | 85.6     |
|    ep_rew_mean     | -21.5    |
|    success_rate    | 0.92     |
| time/              |          |
|    episodes        | 532      |
|    fps             | 68       |
|    time_elapsed    | 1054     |
|    total_timesteps | 72552    |
| train/             |          |
|    actor_loss      | 3.67     |
|    critic_loss     | 0.0137   |
|    ent_coef        | 0.00486  |
|    ent_coef_loss   | 1.08     |
|    learning_rate   | 0.0003   |
|    n_updates       | 70551    |
---------------------------------
---------------------------------
| rollout/           |          |
|    ep_len_mean     | 86.6     |
|    ep_rew_mean     | -21.5    |
|    success_rate    | 0.91     |
| time/              |          |
|    episodes        | 536      |
|    fps             | 68       |
|    time_elapsed    | 1062     |
|    total_timesteps | 73085    |
| train/             |          |
|    actor_loss      | 4.89     |
|    critic_loss     | 0.0215   |
|    ent_coef        | 0.00485  |
|    ent_coef_loss   | 0.0281   |
|    learning_rate   | 0.0003   |
|    n_updates       | 71084    |
---------------------------------
---------------------------------
| rollout/           |          |
|    ep_len_mean     | 86.8     |
|    ep_rew_mean     | -21.7    |
|    success_rate    | 0.91     |
| time/              |          |
|    episodes        | 540      |
|    fps             | 68       |
|    time_elapsed    | 1067     |
|    total_timesteps | 73404    |
| train/             |          |
|    actor_loss      | 4.65     |
|    critic_loss     | 0.0423   |
|    ent_coef        | 0.00482  |
|    ent_coef_loss   | 1.34     |
|    learning_rate   | 0.0003   |
|    n_updates       | 71403    |
---------------------------------
---------------------------------
| rollout/           |          |
|    ep_len_mean     | 86.7     |
|    ep_rew_mean     | -21.7    |
|    success_rate    | 0.91     |
| time/              |          |
|    episodes        | 544      |
|    fps             | 68       |
|    time_elapsed    | 1071     |
|    total_timesteps | 73691    |
| train/             |          |
|    actor_loss      | 4.22     |
|    critic_loss     | 0.0171   |
|    ent_coef        | 0.00482  |
|    ent_coef_loss   | 0.745    |
|    learning_rate   | 0.0003   |
|    n_updates       | 71690    |
---------------------------------
---------------------------------
| rollout/           |          |
|    ep_len_mean     | 85.6     |
|    ep_rew_mean     | -21.6    |
|    success_rate    | 0.92     |
| time/              |          |
|    episodes        | 548      |
|    fps             | 68       |
|    time_elapsed    | 1076     |
|    total_timesteps | 74004    |
| train/             |          |
|    actor_loss      | 3.27     |
|    critic_loss     | 0.0157   |
|    ent_coef        | 0.00481  |
|    ent_coef_loss   | -2.04    |
|    learning_rate   | 0.0003   |
|    n_updates       | 72003    |
---------------------------------
---------------------------------
| rollout/           |          |
|    ep_len_mean     | 85.5     |
|    ep_rew_mean     | -21.9    |
|    success_rate    | 0.92     |
| time/              |          |
|    episodes        | 552      |
|    fps             | 68       |
|    time_elapsed    | 1082     |
|    total_timesteps | 74342    |
| train/             |          |
|    actor_loss      | 3.32     |
|    critic_loss     | 0.066    |
|    ent_coef        | 0.00476  |
|    ent_coef_loss   | 2.41     |
|    learning_rate   | 0.0003   |
|    n_updates       | 72341    |
---------------------------------
---------------------------------
| rollout/           |          |
|    ep_len_mean     | 85.2     |
|    ep_rew_mean     | -21.7    |
|    success_rate    | 0.92     |
| time/              |          |
|    episodes        | 556      |
|    fps             | 68       |
|    time_elapsed    | 1086     |
|    total_timesteps | 74610    |
| train/             |          |
|    actor_loss      | 4.68     |
|    critic_loss     | 0.0197   |
|    ent_coef        | 0.00482  |
|    ent_coef_loss   | 2.93     |
|    learning_rate   | 0.0003   |
|    n_updates       | 72609    |
---------------------------------
---------------------------------
| rollout/           |          |
|    ep_len_mean     | 85.3     |
|    ep_rew_mean     | -21.8    |
|    success_rate    | 0.92     |
| time/              |          |
|    episodes        | 560      |
|    fps             | 68       |
|    time_elapsed    | 1091     |
|    total_timesteps | 74917    |
| train/             |          |
|    actor_loss      | 4.36     |
|    critic_loss     | 0.0136   |
|    ent_coef        | 0.00489  |
|    ent_coef_loss   | 0.704    |
|    learning_rate   | 0.0003   |
|    n_updates       | 72916    |
---------------------------------
Eval num_timesteps=75000, episode_reward=-20.22 +/- 5.42
Episode length: 80.10 +/- 24.21
Success rate: 96.67%
---------------------------------
| eval/              |          |
|    mean_ep_length  | 80.1     |
|    mean_reward     | -20.2    |
|    success_rate    | 0.967    |
| time/              |          |
|    total_timesteps | 75000    |
| train/             |          |
|    actor_loss      | 3.58     |
|    critic_loss     | 0.0167   |
|    ent_coef        | 0.0049   |
|    ent_coef_loss   | -0.613   |
|    learning_rate   | 0.0003   |
|    n_updates       | 72999    |
---------------------------------
New best mean reward!
---------------------------------
| rollout/           |          |
|    ep_len_mean     | 85.4     |
|    ep_rew_mean     | -21.8    |
|    success_rate    | 0.92     |
| time/              |          |
|    episodes        | 564      |
|    fps             | 68       |
|    time_elapsed    | 1097     |
|    total_timesteps | 75218    |
| train/             |          |
|    actor_loss      | 4.93     |
|    critic_loss     | 0.0218   |
|    ent_coef        | 0.00492  |
|    ent_coef_loss   | -1.62    |
|    learning_rate   | 0.0003   |
|    n_updates       | 73217    |
---------------------------------
---------------------------------
| rollout/           |          |
|    ep_len_mean     | 85.8     |
|    ep_rew_mean     | -21.8    |
|    success_rate    | 0.92     |
| time/              |          |
|    episodes        | 568      |
|    fps             | 68       |
|    time_elapsed    | 1102     |
|    total_timesteps | 75532    |
| train/             |          |
|    actor_loss      | 3.89     |
|    critic_loss     | 0.0571   |
|    ent_coef        | 0.00482  |
|    ent_coef_loss   | -2.45    |
|    learning_rate   | 0.0003   |
|    n_updates       | 73531    |
---------------------------------
---------------------------------
| rollout/           |          |
|    ep_len_mean     | 84.7     |
|    ep_rew_mean     | -21.5    |
|    success_rate    | 0.93     |
| time/              |          |
|    episodes        | 572      |
|    fps             | 68       |
|    time_elapsed    | 1107     |
|    total_timesteps | 75870    |
| train/             |          |
|    actor_loss      | 3.77     |
|    critic_loss     | 0.0117   |
|    ent_coef        | 0.00487  |
|    ent_coef_loss   | -1.31    |
|    learning_rate   | 0.0003   |
|    n_updates       | 73869    |
---------------------------------
---------------------------------
| rollout/           |          |
|    ep_len_mean     | 84.5     |
|    ep_rew_mean     | -21.4    |
|    success_rate    | 0.93     |
| time/              |          |
|    episodes        | 576      |
|    fps             | 68       |
|    time_elapsed    | 1112     |
|    total_timesteps | 76192    |
| train/             |          |
|    actor_loss      | 3.79     |
|    critic_loss     | 0.0212   |
|    ent_coef        | 0.00485  |
|    ent_coef_loss   | 4.31     |
|    learning_rate   | 0.0003   |
|    n_updates       | 74191    |
---------------------------------
---------------------------------
| rollout/           |          |
|    ep_len_mean     | 84.5     |
|    ep_rew_mean     | -21.6    |
|    success_rate    | 0.93     |
| time/              |          |
|    episodes        | 580      |
|    fps             | 68       |
|    time_elapsed    | 1117     |
|    total_timesteps | 76510    |
| train/             |          |
|    actor_loss      | 3.82     |
|    critic_loss     | 0.0203   |
|    ent_coef        | 0.00482  |
|    ent_coef_loss   | -2.8     |
|    learning_rate   | 0.0003   |
|    n_updates       | 74509    |
---------------------------------
---------------------------------
| rollout/           |          |
|    ep_len_mean     | 86.7     |
|    ep_rew_mean     | -22      |
|    success_rate    | 0.92     |
| time/              |          |
|    episodes        | 584      |
|    fps             | 68       |
|    time_elapsed    | 1126     |
|    total_timesteps | 77028    |
| train/             |          |
|    actor_loss      | 4.16     |
|    critic_loss     | 0.0137   |
|    ent_coef        | 0.00481  |
|    ent_coef_loss   | 1.52     |
|    learning_rate   | 0.0003   |
|    n_updates       | 75027    |
---------------------------------
---------------------------------
| rollout/           |          |
|    ep_len_mean     | 87       |
|    ep_rew_mean     | -22.2    |
|    success_rate    | 0.92     |
| time/              |          |
|    episodes        | 588      |
|    fps             | 68       |
|    time_elapsed    | 1131     |
|    total_timesteps | 77346    |
| train/             |          |
|    actor_loss      | 4.87     |
|    critic_loss     | 0.0185   |
|    ent_coef        | 0.0048   |
|    ent_coef_loss   | -1.4     |
|    learning_rate   | 0.0003   |
|    n_updates       | 75345    |
---------------------------------
---------------------------------
| rollout/           |          |
|    ep_len_mean     | 84.4     |
|    ep_rew_mean     | -21.7    |
|    success_rate    | 0.94     |
| time/              |          |
|    episodes        | 592      |
|    fps             | 68       |
|    time_elapsed    | 1136     |
|    total_timesteps | 77641    |
| train/             |          |
|    actor_loss      | 3.2      |
|    critic_loss     | 0.0132   |
|    ent_coef        | 0.00482  |
|    ent_coef_loss   | 1.15     |
|    learning_rate   | 0.0003   |
|    n_updates       | 75640    |
---------------------------------
---------------------------------
| rollout/           |          |
|    ep_len_mean     | 84.4     |
|    ep_rew_mean     | -21.7    |
|    success_rate    | 0.94     |
| time/              |          |
|    episodes        | 596      |
|    fps             | 68       |
|    time_elapsed    | 1141     |
|    total_timesteps | 77978    |
| train/             |          |
|    actor_loss      | 4.11     |
|    critic_loss     | 0.0165   |
|    ent_coef        | 0.00475  |
|    ent_coef_loss   | 0.593    |
|    learning_rate   | 0.0003   |
|    n_updates       | 75977    |
---------------------------------
---------------------------------
| rollout/           |          |
|    ep_len_mean     | 86.1     |
|    ep_rew_mean     | -21.7    |
|    success_rate    | 0.94     |
| time/              |          |
|    episodes        | 600      |
|    fps             | 68       |
|    time_elapsed    | 1148     |
|    total_timesteps | 78415    |
| train/             |          |
|    actor_loss      | 3.19     |
|    critic_loss     | 0.0286   |
|    ent_coef        | 0.00479  |
|    ent_coef_loss   | -2.63    |
|    learning_rate   | 0.0003   |
|    n_updates       | 76414    |
---------------------------------
---------------------------------
| rollout/           |          |
|    ep_len_mean     | 85.7     |
|    ep_rew_mean     | -21.5    |
|    success_rate    | 0.94     |
| time/              |          |
|    episodes        | 604      |
|    fps             | 68       |
|    time_elapsed    | 1152     |
|    total_timesteps | 78672    |
| train/             |          |
|    actor_loss      | 3.34     |
|    critic_loss     | 0.0145   |
|    ent_coef        | 0.00483  |
|    ent_coef_loss   | 0.772    |
|    learning_rate   | 0.0003   |
|    n_updates       | 76671    |
---------------------------------
---------------------------------
| rollout/           |          |
|    ep_len_mean     | 87       |
|    ep_rew_mean     | -21.7    |
|    success_rate    | 0.93     |
| time/              |          |
|    episodes        | 608      |
|    fps             | 68       |
|    time_elapsed    | 1159     |
|    total_timesteps | 79099    |
| train/             |          |
|    actor_loss      | 3.91     |
|    critic_loss     | 0.0393   |
|    ent_coef        | 0.00486  |
|    ent_coef_loss   | -0.497   |
|    learning_rate   | 0.0003   |
|    n_updates       | 77098    |
---------------------------------
---------------------------------
| rollout/           |          |
|    ep_len_mean     | 86.7     |
|    ep_rew_mean     | -21.8    |
|    success_rate    | 0.93     |
| time/              |          |
|    episodes        | 612      |
|    fps             | 68       |
|    time_elapsed    | 1163     |
|    total_timesteps | 79385    |
| train/             |          |
|    actor_loss      | 4.44     |
|    critic_loss     | 0.0171   |
|    ent_coef        | 0.00483  |
|    ent_coef_loss   | -0.703   |
|    learning_rate   | 0.0003   |
|    n_updates       | 77384    |
---------------------------------
---------------------------------
| rollout/           |          |
|    ep_len_mean     | 86.4     |
|    ep_rew_mean     | -21.6    |
|    success_rate    | 0.93     |
| time/              |          |
|    episodes        | 616      |
|    fps             | 68       |
|    time_elapsed    | 1168     |
|    total_timesteps | 79694    |
| train/             |          |
|    actor_loss      | 4.37     |
|    critic_loss     | 0.0355   |
|    ent_coef        | 0.00485  |
|    ent_coef_loss   | -1.62    |
|    learning_rate   | 0.0003   |
|    n_updates       | 77693    |
---------------------------------
---------------------------------
| rollout/           |          |
|    ep_len_mean     | 86.5     |
|    ep_rew_mean     | -21.7    |
|    success_rate    | 0.93     |
| time/              |          |
|    episodes        | 620      |
|    fps             | 68       |
|    time_elapsed    | 1173     |
|    total_timesteps | 79991    |
| train/             |          |
|    actor_loss      | 3.25     |
|    critic_loss     | 0.0228   |
|    ent_coef        | 0.00493  |
|    ent_coef_loss   | 0.215    |
|    learning_rate   | 0.0003   |
|    n_updates       | 77990    |
---------------------------------
Eval num_timesteps=80000, episode_reward=-20.51 +/- 5.83
Episode length: 75.07 +/- 12.52
Success rate: 100.00%
---------------------------------
| eval/              |          |
|    mean_ep_length  | 75.1     |
|    mean_reward     | -20.5    |
|    success_rate    | 1        |
| time/              |          |
|    total_timesteps | 80000    |
| train/             |          |
|    actor_loss      | 3.47     |
|    critic_loss     | 0.0849   |
|    ent_coef        | 0.00493  |
|    ent_coef_loss   | 0.0582   |
|    learning_rate   | 0.0003   |
|    n_updates       | 77999    |
---------------------------------
---------------------------------
| rollout/           |          |
|    ep_len_mean     | 85.9     |
|    ep_rew_mean     | -21.6    |
|    success_rate    | 0.93     |
| time/              |          |
|    episodes        | 624      |
|    fps             | 68       |
|    time_elapsed    | 1179     |
|    total_timesteps | 80257    |
| train/             |          |
|    actor_loss      | 4.41     |
|    critic_loss     | 0.0268   |
|    ent_coef        | 0.00494  |
|    ent_coef_loss   | 1.33     |
|    learning_rate   | 0.0003   |
|    n_updates       | 78256    |
---------------------------------
---------------------------------
| rollout/           |          |
|    ep_len_mean     | 84.6     |
|    ep_rew_mean     | -21.4    |
|    success_rate    | 0.94     |
| time/              |          |
|    episodes        | 628      |
|    fps             | 68       |
|    time_elapsed    | 1183     |
|    total_timesteps | 80546    |
| train/             |          |
|    actor_loss      | 5.17     |
|    critic_loss     | 0.0151   |
|    ent_coef        | 0.00487  |
|    ent_coef_loss   | 1.6      |
|    learning_rate   | 0.0003   |
|    n_updates       | 78545    |
---------------------------------
---------------------------------
| rollout/           |          |
|    ep_len_mean     | 82.7     |
|    ep_rew_mean     | -21.2    |
|    success_rate    | 0.95     |
| time/              |          |
|    episodes        | 632      |
|    fps             | 68       |
|    time_elapsed    | 1188     |
|    total_timesteps | 80824    |
| train/             |          |
|    actor_loss      | 3.59     |
|    critic_loss     | 0.0165   |
|    ent_coef        | 0.00482  |
|    ent_coef_loss   | 1.92     |
|    learning_rate   | 0.0003   |
|    n_updates       | 78823    |
---------------------------------
---------------------------------
| rollout/           |          |
|    ep_len_mean     | 80.7     |
|    ep_rew_mean     | -21      |
|    success_rate    | 0.97     |
| time/              |          |
|    episodes        | 636      |
|    fps             | 67       |
|    time_elapsed    | 1194     |
|    total_timesteps | 81151    |
| train/             |          |
|    actor_loss      | 4.27     |
|    critic_loss     | 0.0245   |
|    ent_coef        | 0.00495  |
|    ent_coef_loss   | -2.5     |
|    learning_rate   | 0.0003   |
|    n_updates       | 79150    |
---------------------------------
---------------------------------
| rollout/           |          |
|    ep_len_mean     | 80.6     |
|    ep_rew_mean     | -20.9    |
|    success_rate    | 0.97     |
| time/              |          |
|    episodes        | 640      |
|    fps             | 67       |
|    time_elapsed    | 1199     |
|    total_timesteps | 81463    |
| train/             |          |
|    actor_loss      | 2.58     |
|    critic_loss     | 0.016    |
|    ent_coef        | 0.0049   |
|    ent_coef_loss   | -1.51    |
|    learning_rate   | 0.0003   |
|    n_updates       | 79462    |
---------------------------------
---------------------------------
| rollout/           |          |
|    ep_len_mean     | 80.9     |
|    ep_rew_mean     | -21      |
|    success_rate    | 0.97     |
| time/              |          |
|    episodes        | 644      |
|    fps             | 67       |
|    time_elapsed    | 1204     |
|    total_timesteps | 81778    |
| train/             |          |
|    actor_loss      | 3.22     |
|    critic_loss     | 0.0118   |
|    ent_coef        | 0.00492  |
|    ent_coef_loss   | 3.1      |
|    learning_rate   | 0.0003   |
|    n_updates       | 79777    |
---------------------------------
---------------------------------
| rollout/           |          |
|    ep_len_mean     | 80.6     |
|    ep_rew_mean     | -20.8    |
|    success_rate    | 0.97     |
| time/              |          |
|    episodes        | 648      |
|    fps             | 67       |
|    time_elapsed    | 1209     |
|    total_timesteps | 82067    |
| train/             |          |
|    actor_loss      | 4.34     |
|    critic_loss     | 0.0142   |
|    ent_coef        | 0.00495  |
|    ent_coef_loss   | 4.17     |
|    learning_rate   | 0.0003   |
|    n_updates       | 80066    |
---------------------------------
---------------------------------
| rollout/           |          |
|    ep_len_mean     | 80.4     |
|    ep_rew_mean     | -20.5    |
|    success_rate    | 0.97     |
| time/              |          |
|    episodes        | 652      |
|    fps             | 67       |
|    time_elapsed    | 1214     |
|    total_timesteps | 82379    |
| train/             |          |
|    actor_loss      | 4.5      |
|    critic_loss     | 0.0464   |
|    ent_coef        | 0.00501  |
|    ent_coef_loss   | 2.07     |
|    learning_rate   | 0.0003   |
|    n_updates       | 80378    |
---------------------------------
---------------------------------
| rollout/           |          |
|    ep_len_mean     | 80.6     |
|    ep_rew_mean     | -20.7    |
|    success_rate    | 0.97     |
| time/              |          |
|    episodes        | 656      |
|    fps             | 67       |
|    time_elapsed    | 1219     |
|    total_timesteps | 82673    |
| train/             |          |
|    actor_loss      | 4.38     |
|    critic_loss     | 0.0155   |
|    ent_coef        | 0.00499  |
|    ent_coef_loss   | -1.05    |
|    learning_rate   | 0.0003   |
|    n_updates       | 80672    |
---------------------------------
---------------------------------
| rollout/           |          |
|    ep_len_mean     | 80.7     |
|    ep_rew_mean     | -20.7    |
|    success_rate    | 0.97     |
| time/              |          |
|    episodes        | 660      |
|    fps             | 67       |
|    time_elapsed    | 1224     |
|    total_timesteps | 82985    |
| train/             |          |
|    actor_loss      | 3.4      |
|    critic_loss     | 0.0512   |
|    ent_coef        | 0.00491  |
|    ent_coef_loss   | -0.192   |
|    learning_rate   | 0.0003   |
|    n_updates       | 80984    |
---------------------------------
---------------------------------
| rollout/           |          |
|    ep_len_mean     | 80.8     |
|    ep_rew_mean     | -20.7    |
|    success_rate    | 0.97     |
| time/              |          |
|    episodes        | 664      |
|    fps             | 67       |
|    time_elapsed    | 1229     |
|    total_timesteps | 83297    |
| train/             |          |
|    actor_loss      | 3.76     |
|    critic_loss     | 0.0185   |
|    ent_coef        | 0.00498  |
|    ent_coef_loss   | 2.54     |
|    learning_rate   | 0.0003   |
|    n_updates       | 81296    |
---------------------------------
---------------------------------
| rollout/           |          |
|    ep_len_mean     | 80.8     |
|    ep_rew_mean     | -20.8    |
|    success_rate    | 0.97     |
| time/              |          |
|    episodes        | 668      |
|    fps             | 67       |
|    time_elapsed    | 1234     |
|    total_timesteps | 83608    |
| train/             |          |
|    actor_loss      | 4.61     |
|    critic_loss     | 0.0158   |
|    ent_coef        | 0.005    |
|    ent_coef_loss   | 2.87     |
|    learning_rate   | 0.0003   |
|    n_updates       | 81607    |
---------------------------------
---------------------------------
| rollout/           |          |
|    ep_len_mean     | 81.3     |
|    ep_rew_mean     | -21.1    |
|    success_rate    | 0.96     |
| time/              |          |
|    episodes        | 672      |
|    fps             | 67       |
|    time_elapsed    | 1241     |
|    total_timesteps | 84002    |
| train/             |          |
|    actor_loss      | 3.54     |
|    critic_loss     | 0.0608   |
|    ent_coef        | 0.005    |
|    ent_coef_loss   | 0.317    |
|    learning_rate   | 0.0003   |
|    n_updates       | 82001    |
---------------------------------
---------------------------------
| rollout/           |          |
|    ep_len_mean     | 80.8     |
|    ep_rew_mean     | -20.8    |
|    success_rate    | 0.96     |
| time/              |          |
|    episodes        | 676      |
|    fps             | 67       |
|    time_elapsed    | 1245     |
|    total_timesteps | 84268    |
| train/             |          |
|    actor_loss      | 3.02     |
|    critic_loss     | 0.0288   |
|    ent_coef        | 0.00494  |
|    ent_coef_loss   | 1.21     |
|    learning_rate   | 0.0003   |
|    n_updates       | 82267    |
---------------------------------
---------------------------------
| rollout/           |          |
|    ep_len_mean     | 79.9     |
|    ep_rew_mean     | -20.4    |
|    success_rate    | 0.96     |
| time/              |          |
|    episodes        | 680      |
|    fps             | 67       |
|    time_elapsed    | 1249     |
|    total_timesteps | 84499    |
| train/             |          |
|    actor_loss      | 4.53     |
|    critic_loss     | 0.0153   |
|    ent_coef        | 0.00495  |
|    ent_coef_loss   | 1.61     |
|    learning_rate   | 0.0003   |
|    n_updates       | 82498    |
---------------------------------
---------------------------------
| rollout/           |          |
|    ep_len_mean     | 77.2     |
|    ep_rew_mean     | -19.8    |
|    success_rate    | 0.97     |
| time/              |          |
|    episodes        | 684      |
|    fps             | 67       |
|    time_elapsed    | 1253     |
|    total_timesteps | 84746    |
| train/             |          |
|    actor_loss      | 3.52     |
|    critic_loss     | 0.0149   |
|    ent_coef        | 0.00506  |
|    ent_coef_loss   | -0.488   |
|    learning_rate   | 0.0003   |
|    n_updates       | 82745    |
---------------------------------
Eval num_timesteps=85000, episode_reward=-21.82 +/- 8.90
Episode length: 90.87 +/- 43.84
Success rate: 86.67%
---------------------------------
| eval/              |          |
|    mean_ep_length  | 90.9     |
|    mean_reward     | -21.8    |
|    success_rate    | 0.867    |
| time/              |          |
|    total_timesteps | 85000    |
| train/             |          |
|    actor_loss      | 3.37     |
|    critic_loss     | 0.0229   |
|    ent_coef        | 0.00514  |
|    ent_coef_loss   | -2.17    |
|    learning_rate   | 0.0003   |
|    n_updates       | 82999    |
---------------------------------
---------------------------------
| rollout/           |          |
|    ep_len_mean     | 76.6     |
|    ep_rew_mean     | -19.5    |
|    success_rate    | 0.97     |
| time/              |          |
|    episodes        | 688      |
|    fps             | 67       |
|    time_elapsed    | 1258     |
|    total_timesteps | 85003    |
| train/             |          |
|    actor_loss      | 4.19     |
|    critic_loss     | 0.0191   |
|    ent_coef        | 0.00514  |
|    ent_coef_loss   | 0.66     |
|    learning_rate   | 0.0003   |
|    n_updates       | 83002    |
---------------------------------
---------------------------------
| rollout/           |          |
|    ep_len_mean     | 77       |
|    ep_rew_mean     | -19.5    |
|    success_rate    | 0.97     |
| time/              |          |
|    episodes        | 692      |
|    fps             | 67       |
|    time_elapsed    | 1264     |
|    total_timesteps | 85343    |
| train/             |          |
|    actor_loss      | 3.38     |
|    critic_loss     | 0.452    |
|    ent_coef        | 0.00514  |
|    ent_coef_loss   | 0.908    |
|    learning_rate   | 0.0003   |
|    n_updates       | 83342    |
---------------------------------
---------------------------------
| rollout/           |          |
|    ep_len_mean     | 76.5     |
|    ep_rew_mean     | -19.4    |
|    success_rate    | 0.97     |
| time/              |          |
|    episodes        | 696      |
|    fps             | 67       |
|    time_elapsed    | 1269     |
|    total_timesteps | 85633    |
| train/             |          |
|    actor_loss      | 2.88     |
|    critic_loss     | 0.0192   |
|    ent_coef        | 0.00518  |
|    ent_coef_loss   | -1.06    |
|    learning_rate   | 0.0003   |
|    n_updates       | 83632    |
---------------------------------
---------------------------------
| rollout/           |          |
|    ep_len_mean     | 75.3     |
|    ep_rew_mean     | -19.2    |
|    success_rate    | 0.98     |
| time/              |          |
|    episodes        | 700      |
|    fps             | 67       |
|    time_elapsed    | 1274     |
|    total_timesteps | 85949    |
| train/             |          |
|    actor_loss      | 2.99     |
|    critic_loss     | 0.0213   |
|    ent_coef        | 0.00513  |
|    ent_coef_loss   | -1.9     |
|    learning_rate   | 0.0003   |
|    n_updates       | 83948    |
---------------------------------
---------------------------------
| rollout/           |          |
|    ep_len_mean     | 75.4     |
|    ep_rew_mean     | -19.2    |
|    success_rate    | 0.98     |
| time/              |          |
|    episodes        | 704      |
|    fps             | 67       |
|    time_elapsed    | 1278     |
|    total_timesteps | 86214    |
| train/             |          |
|    actor_loss      | 2.65     |
|    critic_loss     | 0.0255   |
|    ent_coef        | 0.00515  |
|    ent_coef_loss   | -1.08    |
|    learning_rate   | 0.0003   |
|    n_updates       | 84213    |
---------------------------------
---------------------------------
| rollout/           |          |
|    ep_len_mean     | 74.5     |
|    ep_rew_mean     | -19      |
|    success_rate    | 0.99     |
| time/              |          |
|    episodes        | 708      |
|    fps             | 67       |
|    time_elapsed    | 1283     |
|    total_timesteps | 86544    |
| train/             |          |
|    actor_loss      | 3.79     |
|    critic_loss     | 0.0293   |
|    ent_coef        | 0.00518  |
|    ent_coef_loss   | 2.2      |
|    learning_rate   | 0.0003   |
|    n_updates       | 84543    |
---------------------------------
---------------------------------
| rollout/           |          |
|    ep_len_mean     | 74.7     |
|    ep_rew_mean     | -19      |
|    success_rate    | 0.99     |
| time/              |          |
|    episodes        | 712      |
|    fps             | 67       |
|    time_elapsed    | 1288     |
|    total_timesteps | 86851    |
| train/             |          |
|    actor_loss      | 1.78     |
|    critic_loss     | 0.016    |
|    ent_coef        | 0.00512  |
|    ent_coef_loss   | -1.15    |
|    learning_rate   | 0.0003   |
|    n_updates       | 84850    |
---------------------------------
---------------------------------
| rollout/           |          |
|    ep_len_mean     | 74.7     |
|    ep_rew_mean     | -18.9    |
|    success_rate    | 0.99     |
| time/              |          |
|    episodes        | 716      |
|    fps             | 67       |
|    time_elapsed    | 1293     |
|    total_timesteps | 87163    |
| train/             |          |
|    actor_loss      | 3.42     |
|    critic_loss     | 0.0192   |
|    ent_coef        | 0.00507  |
|    ent_coef_loss   | -1.47    |
|    learning_rate   | 0.0003   |
|    n_updates       | 85162    |
---------------------------------
---------------------------------
| rollout/           |          |
|    ep_len_mean     | 74.3     |
|    ep_rew_mean     | -18.7    |
|    success_rate    | 0.99     |
| time/              |          |
|    episodes        | 720      |
|    fps             | 67       |
|    time_elapsed    | 1298     |
|    total_timesteps | 87425    |
| train/             |          |
|    actor_loss      | 3.28     |
|    critic_loss     | 0.0151   |
|    ent_coef        | 0.00512  |
|    ent_coef_loss   | 0.694    |
|    learning_rate   | 0.0003   |
|    n_updates       | 85424    |
---------------------------------
---------------------------------
| rollout/           |          |
|    ep_len_mean     | 74.6     |
|    ep_rew_mean     | -18.8    |
|    success_rate    | 0.99     |
| time/              |          |
|    episodes        | 724      |
|    fps             | 67       |
|    time_elapsed    | 1302     |
|    total_timesteps | 87713    |
| train/             |          |
|    actor_loss      | 2.68     |
|    critic_loss     | 0.0191   |
|    ent_coef        | 0.00509  |
|    ent_coef_loss   | -2.84    |
|    learning_rate   | 0.0003   |
|    n_updates       | 85712    |
---------------------------------
---------------------------------
| rollout/           |          |
|    ep_len_mean     | 74.3     |
|    ep_rew_mean     | -18.9    |
|    success_rate    | 0.99     |
| time/              |          |
|    episodes        | 728      |
|    fps             | 67       |
|    time_elapsed    | 1307     |
|    total_timesteps | 87979    |
| train/             |          |
|    actor_loss      | 3.71     |
|    critic_loss     | 0.0204   |
|    ent_coef        | 0.00507  |
|    ent_coef_loss   | 1.23     |
|    learning_rate   | 0.0003   |
|    n_updates       | 85978    |
---------------------------------
---------------------------------
| rollout/           |          |
|    ep_len_mean     | 74.5     |
|    ep_rew_mean     | -18.9    |
|    success_rate    | 0.99     |
| time/              |          |
|    episodes        | 732      |
|    fps             | 67       |
|    time_elapsed    | 1312     |
|    total_timesteps | 88279    |
| train/             |          |
|    actor_loss      | 3.91     |
|    critic_loss     | 0.0133   |
|    ent_coef        | 0.00506  |
|    ent_coef_loss   | 2.95     |
|    learning_rate   | 0.0003   |
|    n_updates       | 86278    |
---------------------------------
---------------------------------
| rollout/           |          |
|    ep_len_mean     | 74.2     |
|    ep_rew_mean     | -18.6    |
|    success_rate    | 0.99     |
| time/              |          |
|    episodes        | 736      |
|    fps             | 67       |
|    time_elapsed    | 1316     |
|    total_timesteps | 88568    |
| train/             |          |
|    actor_loss      | 2.15     |
|    critic_loss     | 0.0137   |
|    ent_coef        | 0.00512  |
|    ent_coef_loss   | -2.21    |
|    learning_rate   | 0.0003   |
|    n_updates       | 86567    |
---------------------------------
---------------------------------
| rollout/           |          |
|    ep_len_mean     | 74.5     |
|    ep_rew_mean     | -18.9    |
|    success_rate    | 0.99     |
| time/              |          |
|    episodes        | 740      |
|    fps             | 67       |
|    time_elapsed    | 1322     |
|    total_timesteps | 88916    |
| train/             |          |
|    actor_loss      | 3.02     |
|    critic_loss     | 0.0107   |
|    ent_coef        | 0.00508  |
|    ent_coef_loss   | 0.0887   |
|    learning_rate   | 0.0003   |
|    n_updates       | 86915    |
---------------------------------
---------------------------------
| rollout/           |          |
|    ep_len_mean     | 74.5     |
|    ep_rew_mean     | -18.7    |
|    success_rate    | 0.99     |
| time/              |          |
|    episodes        | 744      |
|    fps             | 67       |
|    time_elapsed    | 1327     |
|    total_timesteps | 89233    |
| train/             |          |
|    actor_loss      | 3        |
|    critic_loss     | 0.0229   |
|    ent_coef        | 0.00506  |
|    ent_coef_loss   | -0.0873  |
|    learning_rate   | 0.0003   |
|    n_updates       | 87232    |
---------------------------------
---------------------------------
| rollout/           |          |
|    ep_len_mean     | 74.7     |
|    ep_rew_mean     | -18.8    |
|    success_rate    | 0.99     |
| time/              |          |
|    episodes        | 748      |
|    fps             | 67       |
|    time_elapsed    | 1332     |
|    total_timesteps | 89535    |
| train/             |          |
|    actor_loss      | 4.33     |
|    critic_loss     | 0.0198   |
|    ent_coef        | 0.00502  |
|    ent_coef_loss   | 0.617    |
|    learning_rate   | 0.0003   |
|    n_updates       | 87534    |
---------------------------------
---------------------------------
| rollout/           |          |
|    ep_len_mean     | 74.6     |
|    ep_rew_mean     | -19.1    |
|    success_rate    | 0.98     |
| time/              |          |
|    episodes        | 752      |
|    fps             | 67       |
|    time_elapsed    | 1337     |
|    total_timesteps | 89841    |
| train/             |          |
|    actor_loss      | 3.52     |
|    critic_loss     | 0.0118   |
|    ent_coef        | 0.00506  |
|    ent_coef_loss   | 0.622    |
|    learning_rate   | 0.0003   |
|    n_updates       | 87840    |
---------------------------------
Eval num_timesteps=90000, episode_reward=-21.10 +/- 7.11
Episode length: 82.70 +/- 24.45
Success rate: 96.67%
---------------------------------
| eval/              |          |
|    mean_ep_length  | 82.7     |
|    mean_reward     | -21.1    |
|    success_rate    | 0.967    |
| time/              |          |
|    total_timesteps | 90000    |
| train/             |          |
|    actor_loss      | 2.91     |
|    critic_loss     | 0.0384   |
|    ent_coef        | 0.00508  |
|    ent_coef_loss   | -0.244   |
|    learning_rate   | 0.0003   |
|    n_updates       | 87999    |
---------------------------------
---------------------------------
| rollout/           |          |
|    ep_len_mean     | 74.5     |
|    ep_rew_mean     | -19.1    |
|    success_rate    | 0.98     |
| time/              |          |
|    episodes        | 756      |
|    fps             | 67       |
|    time_elapsed    | 1343     |
|    total_timesteps | 90127    |
| train/             |          |
|    actor_loss      | 3.83     |
|    critic_loss     | 0.024    |
|    ent_coef        | 0.00508  |
|    ent_coef_loss   | 0.117    |
|    learning_rate   | 0.0003   |
|    n_updates       | 88126    |
---------------------------------
---------------------------------
| rollout/           |          |
|    ep_len_mean     | 74.1     |
|    ep_rew_mean     | -19      |
|    success_rate    | 0.98     |
| time/              |          |
|    episodes        | 760      |
|    fps             | 67       |
|    time_elapsed    | 1348     |
|    total_timesteps | 90393    |
| train/             |          |
|    actor_loss      | 3.68     |
|    critic_loss     | 0.0158   |
|    ent_coef        | 0.00505  |
|    ent_coef_loss   | -0.015   |
|    learning_rate   | 0.0003   |
|    n_updates       | 88392    |
---------------------------------
---------------------------------
| rollout/           |          |
|    ep_len_mean     | 74.8     |
|    ep_rew_mean     | -19      |
|    success_rate    | 0.98     |
| time/              |          |
|    episodes        | 764      |
|    fps             | 67       |
|    time_elapsed    | 1354     |
|    total_timesteps | 90778    |
| train/             |          |
|    actor_loss      | 2.61     |
|    critic_loss     | 0.0265   |
|    ent_coef        | 0.00507  |
|    ent_coef_loss   | 1.79     |
|    learning_rate   | 0.0003   |
|    n_updates       | 88777    |
---------------------------------
---------------------------------
| rollout/           |          |
|    ep_len_mean     | 74.7     |
|    ep_rew_mean     | -18.9    |
|    success_rate    | 0.98     |
| time/              |          |
|    episodes        | 768      |
|    fps             | 67       |
|    time_elapsed    | 1359     |
|    total_timesteps | 91075    |
| train/             |          |
|    actor_loss      | 4.27     |
|    critic_loss     | 0.0156   |
|    ent_coef        | 0.005    |
|    ent_coef_loss   | 0.683    |
|    learning_rate   | 0.0003   |
|    n_updates       | 89074    |
---------------------------------
---------------------------------
| rollout/           |          |
|    ep_len_mean     | 73.8     |
|    ep_rew_mean     | -18.7    |
|    success_rate    | 0.99     |
| time/              |          |
|    episodes        | 772      |
|    fps             | 66       |
|    time_elapsed    | 1364     |
|    total_timesteps | 91377    |
| train/             |          |
|    actor_loss      | 3.43     |
|    critic_loss     | 0.0128   |
|    ent_coef        | 0.00501  |
|    ent_coef_loss   | 0.964    |
|    learning_rate   | 0.0003   |
|    n_updates       | 89376    |
---------------------------------
---------------------------------
| rollout/           |          |
|    ep_len_mean     | 73.7     |
|    ep_rew_mean     | -18.5    |
|    success_rate    | 0.99     |
| time/              |          |
|    episodes        | 776      |
|    fps             | 66       |
|    time_elapsed    | 1368     |
|    total_timesteps | 91635    |
| train/             |          |
|    actor_loss      | 3.8      |
|    critic_loss     | 0.0314   |
|    ent_coef        | 0.00513  |
|    ent_coef_loss   | 0.148    |
|    learning_rate   | 0.0003   |
|    n_updates       | 89634    |
---------------------------------
---------------------------------
| rollout/           |          |
|    ep_len_mean     | 74.4     |
|    ep_rew_mean     | -18.8    |
|    success_rate    | 0.99     |
| time/              |          |
|    episodes        | 780      |
|    fps             | 66       |
|    time_elapsed    | 1373     |
|    total_timesteps | 91940    |
| train/             |          |
|    actor_loss      | 3.65     |
|    critic_loss     | 0.0143   |
|    ent_coef        | 0.00505  |
|    ent_coef_loss   | 0.411    |
|    learning_rate   | 0.0003   |
|    n_updates       | 89939    |
---------------------------------
---------------------------------
| rollout/           |          |
|    ep_len_mean     | 75.2     |
|    ep_rew_mean     | -19.3    |
|    success_rate    | 0.99     |
| time/              |          |
|    episodes        | 784      |
|    fps             | 66       |
|    time_elapsed    | 1378     |
|    total_timesteps | 92264    |
| train/             |          |
|    actor_loss      | 3.67     |
|    critic_loss     | 0.0122   |
|    ent_coef        | 0.00511  |
|    ent_coef_loss   | 0.384    |
|    learning_rate   | 0.0003   |
|    n_updates       | 90263    |
---------------------------------
---------------------------------
| rollout/           |          |
|    ep_len_mean     | 75.9     |
|    ep_rew_mean     | -19.7    |
|    success_rate    | 0.99     |
| time/              |          |
|    episodes        | 788      |
|    fps             | 66       |
|    time_elapsed    | 1384     |
|    total_timesteps | 92591    |
| train/             |          |
|    actor_loss      | 3.73     |
|    critic_loss     | 0.0186   |
|    ent_coef        | 0.00498  |
|    ent_coef_loss   | -0.768   |
|    learning_rate   | 0.0003   |
|    n_updates       | 90590    |
---------------------------------
---------------------------------
| rollout/           |          |
|    ep_len_mean     | 75.3     |
|    ep_rew_mean     | -19.6    |
|    success_rate    | 0.99     |
| time/              |          |
|    episodes        | 792      |
|    fps             | 66       |
|    time_elapsed    | 1388     |
|    total_timesteps | 92878    |
| train/             |          |
|    actor_loss      | 3.26     |
|    critic_loss     | 0.0161   |
|    ent_coef        | 0.00494  |
|    ent_coef_loss   | 0.12     |
|    learning_rate   | 0.0003   |
|    n_updates       | 90877    |
---------------------------------
---------------------------------
| rollout/           |          |
|    ep_len_mean     | 75.3     |
|    ep_rew_mean     | -19.6    |
|    success_rate    | 0.99     |
| time/              |          |
|    episodes        | 796      |
|    fps             | 66       |
|    time_elapsed    | 1393     |
|    total_timesteps | 93162    |
| train/             |          |
|    actor_loss      | 2.7      |
|    critic_loss     | 0.0157   |
|    ent_coef        | 0.00496  |
|    ent_coef_loss   | -2.67    |
|    learning_rate   | 0.0003   |
|    n_updates       | 91161    |
---------------------------------
---------------------------------
| rollout/           |          |
|    ep_len_mean     | 75.1     |
|    ep_rew_mean     | -19.6    |
|    success_rate    | 0.99     |
| time/              |          |
|    episodes        | 800      |
|    fps             | 66       |
|    time_elapsed    | 1398     |
|    total_timesteps | 93459    |
| train/             |          |
|    actor_loss      | 1.89     |
|    critic_loss     | 0.0394   |
|    ent_coef        | 0.00505  |
|    ent_coef_loss   | -1.95    |
|    learning_rate   | 0.0003   |
|    n_updates       | 91458    |
---------------------------------
---------------------------------
| rollout/           |          |
|    ep_len_mean     | 75.5     |
|    ep_rew_mean     | -19.9    |
|    success_rate    | 0.99     |
| time/              |          |
|    episodes        | 804      |
|    fps             | 66       |
|    time_elapsed    | 1403     |
|    total_timesteps | 93768    |
| train/             |          |
|    actor_loss      | 3.93     |
|    critic_loss     | 0.0173   |
|    ent_coef        | 0.00508  |
|    ent_coef_loss   | 4.08     |
|    learning_rate   | 0.0003   |
|    n_updates       | 91767    |
---------------------------------
---------------------------------
| rollout/           |          |
|    ep_len_mean     | 75.2     |
|    ep_rew_mean     | -19.9    |
|    success_rate    | 0.99     |
| time/              |          |
|    episodes        | 808      |
|    fps             | 66       |
|    time_elapsed    | 1408     |
|    total_timesteps | 94068    |
| train/             |          |
|    actor_loss      | 3.45     |
|    critic_loss     | 0.0343   |
|    ent_coef        | 0.00511  |
|    ent_coef_loss   | -0.455   |
|    learning_rate   | 0.0003   |
|    n_updates       | 92067    |
---------------------------------
---------------------------------
| rollout/           |          |
|    ep_len_mean     | 75.8     |
|    ep_rew_mean     | -19.9    |
|    success_rate    | 0.99     |
| time/              |          |
|    episodes        | 812      |
|    fps             | 66       |
|    time_elapsed    | 1414     |
|    total_timesteps | 94430    |
| train/             |          |
|    actor_loss      | 2.33     |
|    critic_loss     | 0.0134   |
|    ent_coef        | 0.00496  |
|    ent_coef_loss   | -1.1     |
|    learning_rate   | 0.0003   |
|    n_updates       | 92429    |
---------------------------------
---------------------------------
| rollout/           |          |
|    ep_len_mean     | 75.9     |
|    ep_rew_mean     | -20      |
|    success_rate    | 0.99     |
| time/              |          |
|    episodes        | 816      |
|    fps             | 66       |
|    time_elapsed    | 1419     |
|    total_timesteps | 94750    |
| train/             |          |
|    actor_loss      | 3.88     |
|    critic_loss     | 0.0387   |
|    ent_coef        | 0.00505  |
|    ent_coef_loss   | 0.864    |
|    learning_rate   | 0.0003   |
|    n_updates       | 92749    |
---------------------------------
Eval num_timesteps=95000, episode_reward=-20.33 +/- 5.82
Episode length: 77.00 +/- 8.10
Success rate: 100.00%
---------------------------------
| eval/              |          |
|    mean_ep_length  | 77       |
|    mean_reward     | -20.3    |
|    success_rate    | 1        |
| time/              |          |
|    total_timesteps | 95000    |
| train/             |          |
|    actor_loss      | 2.65     |
|    critic_loss     | 0.0208   |
|    ent_coef        | 0.00501  |
|    ent_coef_loss   | -2.88    |
|    learning_rate   | 0.0003   |
|    n_updates       | 92999    |
---------------------------------
---------------------------------
| rollout/           |          |
|    ep_len_mean     | 77.5     |
|    ep_rew_mean     | -20.3    |
|    success_rate    | 0.99     |
| time/              |          |
|    episodes        | 820      |
|    fps             | 66       |
|    time_elapsed    | 1427     |
|    total_timesteps | 95179    |
| train/             |          |
|    actor_loss      | 2.71     |
|    critic_loss     | 0.0147   |
|    ent_coef        | 0.00506  |
|    ent_coef_loss   | -0.717   |
|    learning_rate   | 0.0003   |
|    n_updates       | 93178    |
---------------------------------
---------------------------------
| rollout/           |          |
|    ep_len_mean     | 79       |
|    ep_rew_mean     | -20.5    |
|    success_rate    | 0.98     |
| time/              |          |
|    episodes        | 824      |
|    fps             | 66       |
|    time_elapsed    | 1434     |
|    total_timesteps | 95609    |
| train/             |          |
|    actor_loss      | 3.55     |
|    critic_loss     | 0.0295   |
|    ent_coef        | 0.005    |
|    ent_coef_loss   | 1.22     |
|    learning_rate   | 0.0003   |
|    n_updates       | 93608    |
---------------------------------
---------------------------------
| rollout/           |          |
|    ep_len_mean     | 79       |
|    ep_rew_mean     | -20.3    |
|    success_rate    | 0.98     |
| time/              |          |
|    episodes        | 828      |
|    fps             | 66       |
|    time_elapsed    | 1438     |
|    total_timesteps | 95881    |
| train/             |          |
|    actor_loss      | 3.72     |
|    critic_loss     | 0.0172   |
|    ent_coef        | 0.00507  |
|    ent_coef_loss   | -0.601   |
|    learning_rate   | 0.0003   |
|    n_updates       | 93880    |
---------------------------------
---------------------------------
| rollout/           |          |
|    ep_len_mean     | 79.2     |
|    ep_rew_mean     | -20.2    |
|    success_rate    | 0.98     |
| time/              |          |
|    episodes        | 832      |
|    fps             | 66       |
|    time_elapsed    | 1444     |
|    total_timesteps | 96203    |
| train/             |          |
|    actor_loss      | 3.33     |
|    critic_loss     | 0.0241   |
|    ent_coef        | 0.00505  |
|    ent_coef_loss   | 1.94     |
|    learning_rate   | 0.0003   |
|    n_updates       | 94202    |
---------------------------------
---------------------------------
| rollout/           |          |
|    ep_len_mean     | 79.7     |
|    ep_rew_mean     | -20.5    |
|    success_rate    | 0.98     |
| time/              |          |
|    episodes        | 836      |
|    fps             | 66       |
|    time_elapsed    | 1449     |
|    total_timesteps | 96537    |
| train/             |          |
|    actor_loss      | 2.54     |
|    critic_loss     | 0.0146   |
|    ent_coef        | 0.00502  |
|    ent_coef_loss   | -0.593   |
|    learning_rate   | 0.0003   |
|    n_updates       | 94536    |
---------------------------------
---------------------------------
| rollout/           |          |
|    ep_len_mean     | 79       |
|    ep_rew_mean     | -20.2    |
|    success_rate    | 0.98     |
| time/              |          |
|    episodes        | 840      |
|    fps             | 66       |
|    time_elapsed    | 1454     |
|    total_timesteps | 96821    |
| train/             |          |
|    actor_loss      | 2.86     |
|    critic_loss     | 0.0129   |
|    ent_coef        | 0.005    |
|    ent_coef_loss   | -0.295   |
|    learning_rate   | 0.0003   |
|    n_updates       | 94820    |
---------------------------------
---------------------------------
| rollout/           |          |
|    ep_len_mean     | 79.1     |
|    ep_rew_mean     | -20.3    |
|    success_rate    | 0.98     |
| time/              |          |
|    episodes        | 844      |
|    fps             | 66       |
|    time_elapsed    | 1459     |
|    total_timesteps | 97146    |
| train/             |          |
|    actor_loss      | 2.21     |
|    critic_loss     | 0.0287   |
|    ent_coef        | 0.00496  |
|    ent_coef_loss   | 0.704    |
|    learning_rate   | 0.0003   |
|    n_updates       | 95145    |
---------------------------------
---------------------------------
| rollout/           |          |
|    ep_len_mean     | 79.3     |
|    ep_rew_mean     | -20.4    |
|    success_rate    | 0.98     |
| time/              |          |
|    episodes        | 848      |
|    fps             | 66       |
|    time_elapsed    | 1464     |
|    total_timesteps | 97462    |
| train/             |          |
|    actor_loss      | 2.84     |
|    critic_loss     | 0.0214   |
|    ent_coef        | 0.00496  |
|    ent_coef_loss   | -0.377   |
|    learning_rate   | 0.0003   |
|    n_updates       | 95461    |
---------------------------------
---------------------------------
| rollout/           |          |
|    ep_len_mean     | 79.8     |
|    ep_rew_mean     | -20.4    |
|    success_rate    | 0.99     |
| time/              |          |
|    episodes        | 852      |
|    fps             | 66       |
|    time_elapsed    | 1470     |
|    total_timesteps | 97818    |
| train/             |          |
|    actor_loss      | 3.3      |
|    critic_loss     | 0.0286   |
|    ent_coef        | 0.00494  |
|    ent_coef_loss   | 0.0166   |
|    learning_rate   | 0.0003   |
|    n_updates       | 95817    |
---------------------------------
---------------------------------
| rollout/           |          |
|    ep_len_mean     | 81.3     |
|    ep_rew_mean     | -20.6    |
|    success_rate    | 0.98     |
| time/              |          |
|    episodes        | 856      |
|    fps             | 66       |
|    time_elapsed    | 1477     |
|    total_timesteps | 98258    |
| train/             |          |
|    actor_loss      | 4.3      |
|    critic_loss     | 0.0191   |
|    ent_coef        | 0.00499  |
|    ent_coef_loss   | -0.297   |
|    learning_rate   | 0.0003   |
|    n_updates       | 96257    |
---------------------------------
---------------------------------
| rollout/           |          |
|    ep_len_mean     | 82.8     |
|    ep_rew_mean     | -20.9    |
|    success_rate    | 0.97     |
| time/              |          |
|    episodes        | 860      |
|    fps             | 66       |
|    time_elapsed    | 1484     |
|    total_timesteps | 98678    |
| train/             |          |
|    actor_loss      | 2.26     |
|    critic_loss     | 0.0154   |
|    ent_coef        | 0.00493  |
|    ent_coef_loss   | -2.68    |
|    learning_rate   | 0.0003   |
|    n_updates       | 96677    |
---------------------------------
---------------------------------
| rollout/           |          |
|    ep_len_mean     | 82.3     |
|    ep_rew_mean     | -21.2    |
|    success_rate    | 0.97     |
| time/              |          |
|    episodes        | 864      |
|    fps             | 66       |
|    time_elapsed    | 1489     |
|    total_timesteps | 99005    |
| train/             |          |
|    actor_loss      | 3.39     |
|    critic_loss     | 0.0122   |
|    ent_coef        | 0.00501  |
|    ent_coef_loss   | 1.33     |
|    learning_rate   | 0.0003   |
|    n_updates       | 97004    |
---------------------------------
---------------------------------
| rollout/           |          |
|    ep_len_mean     | 83.9     |
|    ep_rew_mean     | -21.7    |
|    success_rate    | 0.96     |
| time/              |          |
|    episodes        | 868      |
|    fps             | 66       |
|    time_elapsed    | 1497     |
|    total_timesteps | 99467    |
| train/             |          |
|    actor_loss      | 2.11     |
|    critic_loss     | 0.0375   |
|    ent_coef        | 0.00502  |
|    ent_coef_loss   | -2.39    |
|    learning_rate   | 0.0003   |
|    n_updates       | 97466    |
---------------------------------
Eval num_timesteps=100000, episode_reward=-23.05 +/- 7.80
Episode length: 89.10 +/- 38.19
Success rate: 90.00%
---------------------------------
| eval/              |          |
|    mean_ep_length  | 89.1     |
|    mean_reward     | -23      |
|    success_rate    | 0.9      |
| time/              |          |
|    total_timesteps | 100000   |
| train/             |          |
|    actor_loss      | 2.78     |
|    critic_loss     | 0.0132   |
|    ent_coef        | 0.00488  |
|    ent_coef_loss   | -0.286   |
|    learning_rate   | 0.0003   |
|    n_updates       | 97999    |
---------------------------------
---------------------------------
| rollout/           |          |
|    ep_len_mean     | 86.5     |
|    ep_rew_mean     | -22.2    |
|    success_rate    | 0.94     |
| time/              |          |
|    episodes        | 872      |
|    fps             | 66       |
|    time_elapsed    | 1508     |
|    total_timesteps | 100028   |
| train/             |          |
|    actor_loss      | 3.79     |
|    critic_loss     | 0.0153   |
|    ent_coef        | 0.00488  |
|    ent_coef_loss   | 1.55     |
|    learning_rate   | 0.0003   |
|    n_updates       | 98027    |
---------------------------------
---------------------------------
| rollout/           |          |
|    ep_len_mean     | 86.8     |
|    ep_rew_mean     | -22.6    |
|    success_rate    | 0.94     |
| time/              |          |
|    episodes        | 876      |
|    fps             | 66       |
|    time_elapsed    | 1512     |
|    total_timesteps | 100317   |
| train/             |          |
|    actor_loss      | 3.5      |
|    critic_loss     | 0.0195   |
|    ent_coef        | 0.00485  |
|    ent_coef_loss   | -0.303   |
|    learning_rate   | 0.0003   |
|    n_updates       | 98316    |
---------------------------------
---------------------------------
| rollout/           |          |
|    ep_len_mean     | 88.1     |
|    ep_rew_mean     | -22.7    |
|    success_rate    | 0.93     |
| time/              |          |
|    episodes        | 880      |
|    fps             | 66       |
|    time_elapsed    | 1519     |
|    total_timesteps | 100747   |
| train/             |          |
|    actor_loss      | 2.78     |
|    critic_loss     | 0.0171   |
|    ent_coef        | 0.00473  |
|    ent_coef_loss   | -2.53    |
|    learning_rate   | 0.0003   |
|    n_updates       | 98746    |
---------------------------------
---------------------------------
| rollout/           |          |
|    ep_len_mean     | 87.7     |
|    ep_rew_mean     | -22.4    |
|    success_rate    | 0.93     |
| time/              |          |
|    episodes        | 884      |
|    fps             | 66       |
|    time_elapsed    | 1524     |
|    total_timesteps | 101032   |
| train/             |          |
|    actor_loss      | 2.78     |
|    critic_loss     | 0.0146   |
|    ent_coef        | 0.00479  |
|    ent_coef_loss   | -0.281   |
|    learning_rate   | 0.0003   |
|    n_updates       | 99031    |
---------------------------------
---------------------------------
| rollout/           |          |
|    ep_len_mean     | 87.5     |
|    ep_rew_mean     | -22.3    |
|    success_rate    | 0.93     |
| time/              |          |
|    episodes        | 888      |
|    fps             | 66       |
|    time_elapsed    | 1529     |
|    total_timesteps | 101341   |
| train/             |          |
|    actor_loss      | 3.75     |
|    critic_loss     | 0.0156   |
|    ent_coef        | 0.00484  |
|    ent_coef_loss   | -1.8     |
|    learning_rate   | 0.0003   |
|    n_updates       | 99340    |
---------------------------------
---------------------------------
| rollout/           |          |
|    ep_len_mean     | 87.7     |
|    ep_rew_mean     | -22.5    |
|    success_rate    | 0.93     |
| time/              |          |
|    episodes        | 892      |
|    fps             | 66       |
|    time_elapsed    | 1534     |
|    total_timesteps | 101649   |
| train/             |          |
|    actor_loss      | 1.94     |
|    critic_loss     | 0.0298   |
|    ent_coef        | 0.0048   |
|    ent_coef_loss   | -2.33    |
|    learning_rate   | 0.0003   |
|    n_updates       | 99648    |
---------------------------------
---------------------------------
| rollout/           |          |
|    ep_len_mean     | 87.8     |
|    ep_rew_mean     | -22.5    |
|    success_rate    | 0.93     |
| time/              |          |
|    episodes        | 896      |
|    fps             | 66       |
|    time_elapsed    | 1539     |
|    total_timesteps | 101942   |
| train/             |          |
|    actor_loss      | 3.12     |
|    critic_loss     | 0.0269   |
|    ent_coef        | 0.00487  |
|    ent_coef_loss   | -1.89    |
|    learning_rate   | 0.0003   |
|    n_updates       | 99941    |
---------------------------------
---------------------------------
| rollout/           |          |
|    ep_len_mean     | 87.5     |
|    ep_rew_mean     | -22.4    |
|    success_rate    | 0.93     |
| time/              |          |
|    episodes        | 900      |
|    fps             | 66       |
|    time_elapsed    | 1543     |
|    total_timesteps | 102208   |
| train/             |          |
|    actor_loss      | 3.27     |
|    critic_loss     | 0.0195   |
|    ent_coef        | 0.00487  |
|    ent_coef_loss   | 0.159    |
|    learning_rate   | 0.0003   |
|    n_updates       | 100207   |
---------------------------------
---------------------------------
| rollout/           |          |
|    ep_len_mean     | 87.6     |
|    ep_rew_mean     | -22.3    |
|    success_rate    | 0.93     |
| time/              |          |
|    episodes        | 904      |
|    fps             | 66       |
|    time_elapsed    | 1548     |
|    total_timesteps | 102531   |
| train/             |          |
|    actor_loss      | 2.78     |
|    critic_loss     | 0.0188   |
|    ent_coef        | 0.0048   |
|    ent_coef_loss   | 2.84     |
|    learning_rate   | 0.0003   |
|    n_updates       | 100530   |
---------------------------------
---------------------------------
| rollout/           |          |
|    ep_len_mean     | 87.7     |
|    ep_rew_mean     | -22.3    |
|    success_rate    | 0.93     |
| time/              |          |
|    episodes        | 908      |
|    fps             | 66       |
|    time_elapsed    | 1553     |
|    total_timesteps | 102833   |
| train/             |          |
|    actor_loss      | 2.95     |
|    critic_loss     | 0.0178   |
|    ent_coef        | 0.0048   |
|    ent_coef_loss   | -0.851   |
|    learning_rate   | 0.0003   |
|    n_updates       | 100832   |
---------------------------------
---------------------------------
| rollout/           |          |
|    ep_len_mean     | 86.8     |
|    ep_rew_mean     | -22.3    |
|    success_rate    | 0.93     |
| time/              |          |
|    episodes        | 912      |
|    fps             | 66       |
|    time_elapsed    | 1558     |
|    total_timesteps | 103114   |
| train/             |          |
|    actor_loss      | 2.6      |
|    critic_loss     | 0.0115   |
|    ent_coef        | 0.00479  |
|    ent_coef_loss   | -0.2     |
|    learning_rate   | 0.0003   |
|    n_updates       | 101113   |
---------------------------------
---------------------------------
| rollout/           |          |
|    ep_len_mean     | 86.8     |
|    ep_rew_mean     | -22.3    |
|    success_rate    | 0.93     |
| time/              |          |
|    episodes        | 916      |
|    fps             | 66       |
|    time_elapsed    | 1563     |
|    total_timesteps | 103430   |
| train/             |          |
|    actor_loss      | 2.3      |
|    critic_loss     | 0.0271   |
|    ent_coef        | 0.00479  |
|    ent_coef_loss   | -1.17    |
|    learning_rate   | 0.0003   |
|    n_updates       | 101429   |
---------------------------------
---------------------------------
| rollout/           |          |
|    ep_len_mean     | 85.8     |
|    ep_rew_mean     | -22.3    |
|    success_rate    | 0.93     |
| time/              |          |
|    episodes        | 920      |
|    fps             | 66       |
|    time_elapsed    | 1568     |
|    total_timesteps | 103754   |
| train/             |          |
|    actor_loss      | 2.14     |
|    critic_loss     | 0.0142   |
|    ent_coef        | 0.00479  |
|    ent_coef_loss   | -0.45    |
|    learning_rate   | 0.0003   |
|    n_updates       | 101753   |
---------------------------------
---------------------------------
| rollout/           |          |
|    ep_len_mean     | 84.6     |
|    ep_rew_mean     | -22.2    |
|    success_rate    | 0.94     |
| time/              |          |
|    episodes        | 924      |
|    fps             | 66       |
|    time_elapsed    | 1573     |
|    total_timesteps | 104069   |
| train/             |          |
|    actor_loss      | 2.36     |
|    critic_loss     | 0.0212   |
|    ent_coef        | 0.00476  |
|    ent_coef_loss   | -0.315   |
|    learning_rate   | 0.0003   |
|    n_updates       | 102068   |
---------------------------------
---------------------------------
| rollout/           |          |
|    ep_len_mean     | 84.8     |
|    ep_rew_mean     | -22.4    |
|    success_rate    | 0.94     |
| time/              |          |
|    episodes        | 928      |
|    fps             | 66       |
|    time_elapsed    | 1578     |
|    total_timesteps | 104366   |
| train/             |          |
|    actor_loss      | 3.25     |
|    critic_loss     | 0.0523   |
|    ent_coef        | 0.00483  |
|    ent_coef_loss   | 1.12     |
|    learning_rate   | 0.0003   |
|    n_updates       | 102365   |
---------------------------------
---------------------------------
| rollout/           |          |
|    ep_len_mean     | 85.6     |
|    ep_rew_mean     | -22.5    |
|    success_rate    | 0.94     |
| time/              |          |
|    episodes        | 932      |
|    fps             | 66       |
|    time_elapsed    | 1585     |
|    total_timesteps | 104767   |
| train/             |          |
|    actor_loss      | 2.5      |
|    critic_loss     | 0.0139   |
|    ent_coef        | 0.00478  |
|    ent_coef_loss   | -0.963   |
|    learning_rate   | 0.0003   |
|    n_updates       | 102766   |
---------------------------------
Eval num_timesteps=105000, episode_reward=-19.71 +/- 6.92
Episode length: 75.90 +/- 25.40
Success rate: 96.67%
---------------------------------
| eval/              |          |
|    mean_ep_length  | 75.9     |
|    mean_reward     | -19.7    |
|    success_rate    | 0.967    |
| time/              |          |
|    total_timesteps | 105000   |
| train/             |          |
|    actor_loss      | 3.23     |
|    critic_loss     | 0.0149   |
|    ent_coef        | 0.00479  |
|    ent_coef_loss   | 3.95     |
|    learning_rate   | 0.0003   |
|    n_updates       | 102999   |
---------------------------------
New best mean reward!
---------------------------------
| rollout/           |          |
|    ep_len_mean     | 85.5     |
|    ep_rew_mean     | -22.5    |
|    success_rate    | 0.94     |
| time/              |          |
|    episodes        | 936      |
|    fps             | 66       |
|    time_elapsed    | 1592     |
|    total_timesteps | 105087   |
| train/             |          |
|    actor_loss      | 3.52     |
|    critic_loss     | 0.0175   |
|    ent_coef        | 0.0048   |
|    ent_coef_loss   | -0.481   |
|    learning_rate   | 0.0003   |
|    n_updates       | 103086   |
---------------------------------
---------------------------------
| rollout/           |          |
|    ep_len_mean     | 85.5     |
|    ep_rew_mean     | -22.4    |
|    success_rate    | 0.94     |
| time/              |          |
|    episodes        | 940      |
|    fps             | 65       |
|    time_elapsed    | 1596     |
|    total_timesteps | 105372   |
| train/             |          |
|    actor_loss      | 1.79     |
|    critic_loss     | 0.0134   |
|    ent_coef        | 0.00476  |
|    ent_coef_loss   | -0.637   |
|    learning_rate   | 0.0003   |
|    n_updates       | 103371   |
---------------------------------
---------------------------------
| rollout/           |          |
|    ep_len_mean     | 84.7     |
|    ep_rew_mean     | -22.3    |
|    success_rate    | 0.94     |
| time/              |          |
|    episodes        | 944      |
|    fps             | 65       |
|    time_elapsed    | 1600     |
|    total_timesteps | 105620   |
| train/             |          |
|    actor_loss      | 3.56     |
|    critic_loss     | 0.0222   |
|    ent_coef        | 0.00479  |
|    ent_coef_loss   | 0.533    |
|    learning_rate   | 0.0003   |
|    n_updates       | 103619   |
---------------------------------
---------------------------------
| rollout/           |          |
|    ep_len_mean     | 85.1     |
|    ep_rew_mean     | -22.4    |
|    success_rate    | 0.94     |
| time/              |          |
|    episodes        | 948      |
|    fps             | 65       |
|    time_elapsed    | 1606     |
|    total_timesteps | 105974   |
| train/             |          |
|    actor_loss      | 2.7      |
|    critic_loss     | 0.0224   |
|    ent_coef        | 0.0048   |
|    ent_coef_loss   | 0.796    |
|    learning_rate   | 0.0003   |
|    n_updates       | 103973   |
---------------------------------
---------------------------------
| rollout/           |          |
|    ep_len_mean     | 84.1     |
|    ep_rew_mean     | -22.1    |
|    success_rate    | 0.94     |
| time/              |          |
|    episodes        | 952      |
|    fps             | 65       |
|    time_elapsed    | 1610     |
|    total_timesteps | 106224   |
| train/             |          |
|    actor_loss      | 2.48     |
|    critic_loss     | 0.11     |
|    ent_coef        | 0.00487  |
|    ent_coef_loss   | 1.23     |
|    learning_rate   | 0.0003   |
|    n_updates       | 104223   |
---------------------------------
---------------------------------
| rollout/           |          |
|    ep_len_mean     | 82.7     |
|    ep_rew_mean     | -22      |
|    success_rate    | 0.95     |
| time/              |          |
|    episodes        | 956      |
|    fps             | 65       |
|    time_elapsed    | 1615     |
|    total_timesteps | 106524   |
| train/             |          |
|    actor_loss      | 2.63     |
|    critic_loss     | 0.0118   |
|    ent_coef        | 0.00479  |
|    ent_coef_loss   | 0.13     |
|    learning_rate   | 0.0003   |
|    n_updates       | 104523   |
---------------------------------
---------------------------------
| rollout/           |          |
|    ep_len_mean     | 81.7     |
|    ep_rew_mean     | -21.9    |
|    success_rate    | 0.96     |
| time/              |          |
|    episodes        | 960      |
|    fps             | 65       |
|    time_elapsed    | 1620     |
|    total_timesteps | 106845   |
| train/             |          |
|    actor_loss      | 2        |
|    critic_loss     | 0.0242   |
|    ent_coef        | 0.00483  |
|    ent_coef_loss   | -1.73    |
|    learning_rate   | 0.0003   |
|    n_updates       | 104844   |
---------------------------------
---------------------------------
| rollout/           |          |
|    ep_len_mean     | 80.9     |
|    ep_rew_mean     | -21.5    |
|    success_rate    | 0.96     |
| time/              |          |
|    episodes        | 964      |
|    fps             | 65       |
|    time_elapsed    | 1624     |
|    total_timesteps | 107094   |
| train/             |          |
|    actor_loss      | 2.66     |
|    critic_loss     | 0.0268   |
|    ent_coef        | 0.0049   |
|    ent_coef_loss   | 0.344    |
|    learning_rate   | 0.0003   |
|    n_updates       | 105093   |
---------------------------------
---------------------------------
| rollout/           |          |
|    ep_len_mean     | 79       |
|    ep_rew_mean     | -20.9    |
|    success_rate    | 0.97     |
| time/              |          |
|    episodes        | 968      |
|    fps             | 65       |
|    time_elapsed    | 1629     |
|    total_timesteps | 107362   |
| train/             |          |
|    actor_loss      | 3.32     |
|    critic_loss     | 0.0142   |
|    ent_coef        | 0.00478  |
|    ent_coef_loss   | -4.01    |
|    learning_rate   | 0.0003   |
|    n_updates       | 105361   |
---------------------------------
---------------------------------
| rollout/           |          |
|    ep_len_mean     | 76.1     |
|    ep_rew_mean     | -20.2    |
|    success_rate    | 0.99     |
| time/              |          |
|    episodes        | 972      |
|    fps             | 65       |
|    time_elapsed    | 1633     |
|    total_timesteps | 107638   |
| train/             |          |
|    actor_loss      | 2.77     |
|    critic_loss     | 0.0537   |
|    ent_coef        | 0.00477  |
|    ent_coef_loss   | 0.172    |
|    learning_rate   | 0.0003   |
|    n_updates       | 105637   |
---------------------------------
---------------------------------
| rollout/           |          |
|    ep_len_mean     | 76.5     |
|    ep_rew_mean     | -20.3    |
|    success_rate    | 0.99     |
| time/              |          |
|    episodes        | 976      |
|    fps             | 65       |
|    time_elapsed    | 1638     |
|    total_timesteps | 107972   |
| train/             |          |
|    actor_loss      | 2.39     |
|    critic_loss     | 0.0319   |
|    ent_coef        | 0.00475  |
|    ent_coef_loss   | -1.36    |
|    learning_rate   | 0.0003   |
|    n_updates       | 105971   |
---------------------------------
---------------------------------
| rollout/           |          |
|    ep_len_mean     | 75       |
|    ep_rew_mean     | -20      |
|    success_rate    | 1        |
| time/              |          |
|    episodes        | 980      |
|    fps             | 65       |
|    time_elapsed    | 1643     |
|    total_timesteps | 108252   |
| train/             |          |
|    actor_loss      | 2.76     |
|    critic_loss     | 0.0641   |
|    ent_coef        | 0.00473  |
|    ent_coef_loss   | -0.238   |
|    learning_rate   | 0.0003   |
|    n_updates       | 106251   |
---------------------------------
---------------------------------
| rollout/           |          |
|    ep_len_mean     | 76.4     |
|    ep_rew_mean     | -20.1    |
|    success_rate    | 0.99     |
| time/              |          |
|    episodes        | 984      |
|    fps             | 65       |
|    time_elapsed    | 1650     |
|    total_timesteps | 108668   |
| train/             |          |
|    actor_loss      | 3.26     |
|    critic_loss     | 0.0149   |
|    ent_coef        | 0.00476  |
|    ent_coef_loss   | 1.23     |
|    learning_rate   | 0.0003   |
|    n_updates       | 106667   |
---------------------------------
---------------------------------
| rollout/           |          |
|    ep_len_mean     | 76.5     |
|    ep_rew_mean     | -20.3    |
|    success_rate    | 0.99     |
| time/              |          |
|    episodes        | 988      |
|    fps             | 65       |
|    time_elapsed    | 1655     |
|    total_timesteps | 108991   |
| train/             |          |
|    actor_loss      | 2.56     |
|    critic_loss     | 0.0686   |
|    ent_coef        | 0.00473  |
|    ent_coef_loss   | -0.322   |
|    learning_rate   | 0.0003   |
|    n_updates       | 106990   |
---------------------------------
---------------------------------
| rollout/           |          |
|    ep_len_mean     | 76.4     |
|    ep_rew_mean     | -20.2    |
|    success_rate    | 0.99     |
| time/              |          |
|    episodes        | 992      |
|    fps             | 65       |
|    time_elapsed    | 1659     |
|    total_timesteps | 109291   |
| train/             |          |
|    actor_loss      | 2.84     |
|    critic_loss     | 0.0186   |
|    ent_coef        | 0.00469  |
|    ent_coef_loss   | 3.69     |
|    learning_rate   | 0.0003   |
|    n_updates       | 107290   |
---------------------------------
---------------------------------
| rollout/           |          |
|    ep_len_mean     | 76.7     |
|    ep_rew_mean     | -20.4    |
|    success_rate    | 0.99     |
| time/              |          |
|    episodes        | 996      |
|    fps             | 65       |
|    time_elapsed    | 1664     |
|    total_timesteps | 109611   |
| train/             |          |
|    actor_loss      | 1.72     |
|    critic_loss     | 0.022    |
|    ent_coef        | 0.00474  |
|    ent_coef_loss   | -1.61    |
|    learning_rate   | 0.0003   |
|    n_updates       | 107610   |
---------------------------------
---------------------------------
| rollout/           |          |
|    ep_len_mean     | 76.9     |
|    ep_rew_mean     | -20.5    |
|    success_rate    | 0.99     |
| time/              |          |
|    episodes        | 1000     |
|    fps             | 65       |
|    time_elapsed    | 1669     |
|    total_timesteps | 109894   |
| train/             |          |
|    actor_loss      | 1.99     |
|    critic_loss     | 0.0362   |
|    ent_coef        | 0.00478  |
|    ent_coef_loss   | -0.0363  |
|    learning_rate   | 0.0003   |
|    n_updates       | 107893   |
---------------------------------
Eval num_timesteps=110000, episode_reward=-17.02 +/- 4.87
Episode length: 70.00 +/- 10.17
Success rate: 100.00%
---------------------------------
| eval/              |          |
|    mean_ep_length  | 70       |
|    mean_reward     | -17      |
|    success_rate    | 1        |
| time/              |          |
|    total_timesteps | 110000   |
| train/             |          |
|    actor_loss      | 3.93     |
|    critic_loss     | 0.0226   |
|    ent_coef        | 0.00477  |
|    ent_coef_loss   | 2.38     |
|    learning_rate   | 0.0003   |
|    n_updates       | 107999   |
---------------------------------
New best mean reward!
---------------------------------
| rollout/           |          |
|    ep_len_mean     | 76.8     |
|    ep_rew_mean     | -20.5    |
|    success_rate    | 0.99     |
| time/              |          |
|    episodes        | 1004     |
|    fps             | 65       |
|    time_elapsed    | 1675     |
|    total_timesteps | 110208   |
| train/             |          |
|    actor_loss      | 2.06     |
|    critic_loss     | 0.0512   |
|    ent_coef        | 0.00474  |
|    ent_coef_loss   | -0.534   |
|    learning_rate   | 0.0003   |
|    n_updates       | 108207   |
---------------------------------
---------------------------------
| rollout/           |          |
|    ep_len_mean     | 76.7     |
|    ep_rew_mean     | -20.6    |
|    success_rate    | 0.99     |
| time/              |          |
|    episodes        | 1008     |
|    fps             | 65       |
|    time_elapsed    | 1680     |
|    total_timesteps | 110498   |
| train/             |          |
|    actor_loss      | 2.59     |
|    critic_loss     | 0.011    |
|    ent_coef        | 0.00481  |
|    ent_coef_loss   | -0.244   |
|    learning_rate   | 0.0003   |
|    n_updates       | 108497   |
---------------------------------
---------------------------------
| rollout/           |          |
|    ep_len_mean     | 76.8     |
|    ep_rew_mean     | -20.6    |
|    success_rate    | 0.99     |
| time/              |          |
|    episodes        | 1012     |
|    fps             | 65       |
|    time_elapsed    | 1685     |
|    total_timesteps | 110791   |
| train/             |          |
|    actor_loss      | 1.99     |
|    critic_loss     | 0.0124   |
|    ent_coef        | 0.00476  |
|    ent_coef_loss   | 1.01     |
|    learning_rate   | 0.0003   |
|    n_updates       | 108790   |
---------------------------------
---------------------------------
| rollout/           |          |
|    ep_len_mean     | 77.1     |
|    ep_rew_mean     | -20.8    |
|    success_rate    | 0.99     |
| time/              |          |
|    episodes        | 1016     |
|    fps             | 65       |
|    time_elapsed    | 1690     |
|    total_timesteps | 111139   |
| train/             |          |
|    actor_loss      | 2.48     |
|    critic_loss     | 0.019    |
|    ent_coef        | 0.00475  |
|    ent_coef_loss   | -3.04    |
|    learning_rate   | 0.0003   |
|    n_updates       | 109138   |
---------------------------------
---------------------------------
| rollout/           |          |
|    ep_len_mean     | 77       |
|    ep_rew_mean     | -20.7    |
|    success_rate    | 0.99     |
| time/              |          |
|    episodes        | 1020     |
|    fps             | 65       |
|    time_elapsed    | 1695     |
|    total_timesteps | 111455   |
| train/             |          |
|    actor_loss      | 2.9      |
|    critic_loss     | 0.0123   |
|    ent_coef        | 0.00477  |
|    ent_coef_loss   | -0.00646 |
|    learning_rate   | 0.0003   |
|    n_updates       | 109454   |
---------------------------------
---------------------------------
| rollout/           |          |
|    ep_len_mean     | 77.2     |
|    ep_rew_mean     | -21      |
|    success_rate    | 0.99     |
| time/              |          |
|    episodes        | 1024     |
|    fps             | 65       |
|    time_elapsed    | 1701     |
|    total_timesteps | 111792   |
| train/             |          |
|    actor_loss      | 3.6      |
|    critic_loss     | 0.0123   |
|    ent_coef        | 0.00471  |
|    ent_coef_loss   | 1.4      |
|    learning_rate   | 0.0003   |
|    n_updates       | 109791   |
---------------------------------
---------------------------------
| rollout/           |          |
|    ep_len_mean     | 77.4     |
|    ep_rew_mean     | -21      |
|    success_rate    | 0.99     |
| time/              |          |
|    episodes        | 1028     |
|    fps             | 65       |
|    time_elapsed    | 1706     |
|    total_timesteps | 112109   |
| train/             |          |
|    actor_loss      | 3.12     |
|    critic_loss     | 0.0149   |
|    ent_coef        | 0.00467  |
|    ent_coef_loss   | 2.89     |
|    learning_rate   | 0.0003   |
|    n_updates       | 110108   |
---------------------------------
---------------------------------
| rollout/           |          |
|    ep_len_mean     | 76       |
|    ep_rew_mean     | -20.6    |
|    success_rate    | 0.99     |
| time/              |          |
|    episodes        | 1032     |
|    fps             | 65       |
|    time_elapsed    | 1710     |
|    total_timesteps | 112370   |
| train/             |          |
|    actor_loss      | 2.77     |
|    critic_loss     | 0.0121   |
|    ent_coef        | 0.00465  |
|    ent_coef_loss   | -2.42    |
|    learning_rate   | 0.0003   |
|    n_updates       | 110369   |
---------------------------------
---------------------------------
| rollout/           |          |
|    ep_len_mean     | 76.2     |
|    ep_rew_mean     | -20.8    |
|    success_rate    | 0.99     |
| time/              |          |
|    episodes        | 1036     |
|    fps             | 65       |
|    time_elapsed    | 1715     |
|    total_timesteps | 112707   |
| train/             |          |
|    actor_loss      | 3.15     |
|    critic_loss     | 0.0419   |
|    ent_coef        | 0.00462  |
|    ent_coef_loss   | 2.43     |
|    learning_rate   | 0.0003   |
|    n_updates       | 110706   |
---------------------------------
---------------------------------
| rollout/           |          |
|    ep_len_mean     | 76.5     |
|    ep_rew_mean     | -20.8    |
|    success_rate    | 0.99     |
| time/              |          |
|    episodes        | 1040     |
|    fps             | 65       |
|    time_elapsed    | 1721     |
|    total_timesteps | 113025   |
| train/             |          |
|    actor_loss      | 2.48     |
|    critic_loss     | 0.0456   |
|    ent_coef        | 0.00465  |
|    ent_coef_loss   | 2.25     |
|    learning_rate   | 0.0003   |
|    n_updates       | 111024   |
---------------------------------
---------------------------------
| rollout/           |          |
|    ep_len_mean     | 76.7     |
|    ep_rew_mean     | -20.8    |
|    success_rate    | 0.99     |
| time/              |          |
|    episodes        | 1044     |
|    fps             | 65       |
|    time_elapsed    | 1725     |
|    total_timesteps | 113289   |
| train/             |          |
|    actor_loss      | 3.33     |
|    critic_loss     | 0.0147   |
|    ent_coef        | 0.00455  |
|    ent_coef_loss   | 2.37     |
|    learning_rate   | 0.0003   |
|    n_updates       | 111288   |
---------------------------------
---------------------------------
| rollout/           |          |
|    ep_len_mean     | 76.2     |
|    ep_rew_mean     | -20.6    |
|    success_rate    | 0.99     |
| time/              |          |
|    episodes        | 1048     |
|    fps             | 65       |
|    time_elapsed    | 1730     |
|    total_timesteps | 113597   |
| train/             |          |
|    actor_loss      | 2.63     |
|    critic_loss     | 0.0111   |
|    ent_coef        | 0.00453  |
|    ent_coef_loss   | -1.86    |
|    learning_rate   | 0.0003   |
|    n_updates       | 111596   |
---------------------------------
---------------------------------
| rollout/           |          |
|    ep_len_mean     | 76.6     |
|    ep_rew_mean     | -20.6    |
|    success_rate    | 0.99     |
| time/              |          |
|    episodes        | 1052     |
|    fps             | 65       |
|    time_elapsed    | 1734     |
|    total_timesteps | 113880   |
| train/             |          |
|    actor_loss      | 2.22     |
|    critic_loss     | 0.0147   |
|    ent_coef        | 0.00451  |
|    ent_coef_loss   | -0.931   |
|    learning_rate   | 0.0003   |
|    n_updates       | 111879   |
---------------------------------
---------------------------------
| rollout/           |          |
|    ep_len_mean     | 76.5     |
|    ep_rew_mean     | -20.6    |
|    success_rate    | 0.99     |
| time/              |          |
|    episodes        | 1056     |
|    fps             | 65       |
|    time_elapsed    | 1739     |
|    total_timesteps | 114169   |
| train/             |          |
|    actor_loss      | 2.26     |
|    critic_loss     | 0.0168   |
|    ent_coef        | 0.00458  |
|    ent_coef_loss   | -0.399   |
|    learning_rate   | 0.0003   |
|    n_updates       | 112168   |
---------------------------------
---------------------------------
| rollout/           |          |
|    ep_len_mean     | 76.1     |
|    ep_rew_mean     | -20.4    |
|    success_rate    | 0.99     |
| time/              |          |
|    episodes        | 1060     |
|    fps             | 65       |
|    time_elapsed    | 1744     |
|    total_timesteps | 114453   |
| train/             |          |
|    actor_loss      | 2.68     |
|    critic_loss     | 0.0307   |
|    ent_coef        | 0.00458  |
|    ent_coef_loss   | -3.21    |
|    learning_rate   | 0.0003   |
|    n_updates       | 112452   |
---------------------------------
---------------------------------
| rollout/           |          |
|    ep_len_mean     | 76.3     |
|    ep_rew_mean     | -20.4    |
|    success_rate    | 0.99     |
| time/              |          |
|    episodes        | 1064     |
|    fps             | 65       |
|    time_elapsed    | 1748     |
|    total_timesteps | 114725   |
| train/             |          |
|    actor_loss      | 3.22     |
|    critic_loss     | 0.0433   |
|    ent_coef        | 0.00459  |
|    ent_coef_loss   | 0.652    |
|    learning_rate   | 0.0003   |
|    n_updates       | 112724   |
---------------------------------
Eval num_timesteps=115000, episode_reward=-18.37 +/- 5.85
Episode length: 71.90 +/- 9.18
Success rate: 100.00%
---------------------------------
| eval/              |          |
|    mean_ep_length  | 71.9     |
|    mean_reward     | -18.4    |
|    success_rate    | 1        |
| time/              |          |
|    total_timesteps | 115000   |
| train/             |          |
|    actor_loss      | 3.42     |
|    critic_loss     | 0.0118   |
|    ent_coef        | 0.00456  |
|    ent_coef_loss   | 0.81     |
|    learning_rate   | 0.0003   |
|    n_updates       | 112999   |
---------------------------------
---------------------------------
| rollout/           |          |
|    ep_len_mean     | 76.4     |
|    ep_rew_mean     | -20.6    |
|    success_rate    | 0.99     |
| time/              |          |
|    episodes        | 1068     |
|    fps             | 65       |
|    time_elapsed    | 1754     |
|    total_timesteps | 115002   |
| train/             |          |
|    actor_loss      | 2.27     |
|    critic_loss     | 0.0287   |
|    ent_coef        | 0.00456  |
|    ent_coef_loss   | 0.329    |
|    learning_rate   | 0.0003   |
|    n_updates       | 113001   |
---------------------------------
---------------------------------
| rollout/           |          |
|    ep_len_mean     | 76.8     |
|    ep_rew_mean     | -20.9    |
|    success_rate    | 0.99     |
| time/              |          |
|    episodes        | 1072     |
|    fps             | 65       |
|    time_elapsed    | 1759     |
|    total_timesteps | 115313   |
| train/             |          |
|    actor_loss      | 2.68     |
|    critic_loss     | 0.022    |
|    ent_coef        | 0.00455  |
|    ent_coef_loss   | 0.339    |
|    learning_rate   | 0.0003   |
|    n_updates       | 113312   |
---------------------------------
---------------------------------
| rollout/           |          |
|    ep_len_mean     | 76.5     |
|    ep_rew_mean     | -20.8    |
|    success_rate    | 0.99     |
| time/              |          |
|    episodes        | 1076     |
|    fps             | 65       |
|    time_elapsed    | 1766     |
|    total_timesteps | 115622   |
| train/             |          |
|    actor_loss      | 2.99     |
|    critic_loss     | 0.0153   |
|    ent_coef        | 0.00451  |
|    ent_coef_loss   | -1.18    |
|    learning_rate   | 0.0003   |
|    n_updates       | 113621   |
---------------------------------
---------------------------------
| rollout/           |          |
|    ep_len_mean     | 76.7     |
|    ep_rew_mean     | -20.9    |
|    success_rate    | 0.99     |
| time/              |          |
|    episodes        | 1080     |
|    fps             | 65       |
|    time_elapsed    | 1777     |
|    total_timesteps | 115926   |
| train/             |          |
|    actor_loss      | 3.09     |
|    critic_loss     | 0.0214   |
|    ent_coef        | 0.00454  |
|    ent_coef_loss   | 0.627    |
|    learning_rate   | 0.0003   |
|    n_updates       | 113925   |
---------------------------------
---------------------------------
| rollout/           |          |
|    ep_len_mean     | 75.5     |
|    ep_rew_mean     | -20.7    |
|    success_rate    | 1        |
| time/              |          |
|    episodes        | 1084     |
|    fps             | 65       |
|    time_elapsed    | 1787     |
|    total_timesteps | 116215   |
| train/             |          |
|    actor_loss      | 2.08     |
|    critic_loss     | 0.00988  |
|    ent_coef        | 0.00455  |
|    ent_coef_loss   | -3.06    |
|    learning_rate   | 0.0003   |
|    n_updates       | 114214   |
---------------------------------
---------------------------------
| rollout/           |          |
|    ep_len_mean     | 75.2     |
|    ep_rew_mean     | -20.6    |
|    success_rate    | 1        |
| time/              |          |
|    episodes        | 1088     |
|    fps             | 64       |
|    time_elapsed    | 1798     |
|    total_timesteps | 116511   |
| train/             |          |
|    actor_loss      | 1.81     |
|    critic_loss     | 0.0196   |
|    ent_coef        | 0.00454  |
|    ent_coef_loss   | 0.0322   |
|    learning_rate   | 0.0003   |
|    n_updates       | 114510   |
---------------------------------
---------------------------------
| rollout/           |          |
|    ep_len_mean     | 75.1     |
|    ep_rew_mean     | -20.6    |
|    success_rate    | 1        |
| time/              |          |
|    episodes        | 1092     |
|    fps             | 64       |
|    time_elapsed    | 1809     |
|    total_timesteps | 116805   |
| train/             |          |
|    actor_loss      | 1.65     |
|    critic_loss     | 0.0136   |
|    ent_coef        | 0.0045   |
|    ent_coef_loss   | 2.19     |
|    learning_rate   | 0.0003   |
|    n_updates       | 114804   |
---------------------------------
---------------------------------
| rollout/           |          |
|    ep_len_mean     | 74.9     |
|    ep_rew_mean     | -20.3    |
|    success_rate    | 1        |
| time/              |          |
|    episodes        | 1096     |
|    fps             | 64       |
|    time_elapsed    | 1820     |
|    total_timesteps | 117102   |
| train/             |          |
|    actor_loss      | 2.82     |
|    critic_loss     | 0.0115   |
|    ent_coef        | 0.00454  |
|    ent_coef_loss   | 1.7      |
|    learning_rate   | 0.0003   |
|    n_updates       | 115101   |
---------------------------------
---------------------------------
| rollout/           |          |
|    ep_len_mean     | 75.5     |
|    ep_rew_mean     | -20.5    |
|    success_rate    | 1        |
| time/              |          |
|    episodes        | 1100     |
|    fps             | 64       |
|    time_elapsed    | 1832     |
|    total_timesteps | 117446   |
| train/             |          |
|    actor_loss      | 4.05     |
|    critic_loss     | 0.0122   |
|    ent_coef        | 0.00445  |
|    ent_coef_loss   | -2.59    |
|    learning_rate   | 0.0003   |
|    n_updates       | 115445   |
---------------------------------
---------------------------------
| rollout/           |          |
|    ep_len_mean     | 75       |
|    ep_rew_mean     | -20.4    |
|    success_rate    | 1        |
| time/              |          |
|    episodes        | 1104     |
|    fps             | 63       |
|    time_elapsed    | 1842     |
|    total_timesteps | 117712   |
| train/             |          |
|    actor_loss      | 2.02     |
|    critic_loss     | 0.013    |
|    ent_coef        | 0.0045   |
|    ent_coef_loss   | -2.13    |
|    learning_rate   | 0.0003   |
|    n_updates       | 115711   |
---------------------------------
---------------------------------
| rollout/           |          |
|    ep_len_mean     | 75       |
|    ep_rew_mean     | -20.3    |
|    success_rate    | 1        |
| time/              |          |
|    episodes        | 1108     |
|    fps             | 63       |
|    time_elapsed    | 1852     |
|    total_timesteps | 117997   |
| train/             |          |
|    actor_loss      | 3        |
|    critic_loss     | 0.0104   |
|    ent_coef        | 0.00448  |
|    ent_coef_loss   | 1.93     |
|    learning_rate   | 0.0003   |
|    n_updates       | 115996   |
---------------------------------
---------------------------------
| rollout/           |          |
|    ep_len_mean     | 75.2     |
|    ep_rew_mean     | -20.3    |
|    success_rate    | 1        |
| time/              |          |
|    episodes        | 1112     |
|    fps             | 63       |
|    time_elapsed    | 1864     |
|    total_timesteps | 118316   |
| train/             |          |
|    actor_loss      | 2.44     |
|    critic_loss     | 0.00927  |
|    ent_coef        | 0.00451  |
|    ent_coef_loss   | 1.03     |
|    learning_rate   | 0.0003   |
|    n_updates       | 116315   |
---------------------------------
---------------------------------
| rollout/           |          |
|    ep_len_mean     | 74.8     |
|    ep_rew_mean     | -20      |
|    success_rate    | 1        |
| time/              |          |
|    episodes        | 1116     |
|    fps             | 63       |
|    time_elapsed    | 1874     |
|    total_timesteps | 118615   |
| train/             |          |
|    actor_loss      | 2.99     |
|    critic_loss     | 0.0166   |
|    ent_coef        | 0.00455  |
|    ent_coef_loss   | -0.437   |
|    learning_rate   | 0.0003   |
|    n_updates       | 116614   |
---------------------------------
---------------------------------
| rollout/           |          |
|    ep_len_mean     | 74.4     |
|    ep_rew_mean     | -19.8    |
|    success_rate    | 1        |
| time/              |          |
|    episodes        | 1120     |
|    fps             | 63       |
|    time_elapsed    | 1884     |
|    total_timesteps | 118895   |
| train/             |          |
|    actor_loss      | 2.38     |
|    critic_loss     | 0.0123   |
|    ent_coef        | 0.00455  |
|    ent_coef_loss   | 1.98     |
|    learning_rate   | 0.0003   |
|    n_updates       | 116894   |
---------------------------------
---------------------------------
| rollout/           |          |
|    ep_len_mean     | 73.6     |
|    ep_rew_mean     | -19.4    |
|    success_rate    | 1        |
| time/              |          |
|    episodes        | 1124     |
|    fps             | 62       |
|    time_elapsed    | 1894     |
|    total_timesteps | 119154   |
| train/             |          |
|    actor_loss      | 2.42     |
|    critic_loss     | 0.0106   |
|    ent_coef        | 0.00462  |
|    ent_coef_loss   | 0.112    |
|    learning_rate   | 0.0003   |
|    n_updates       | 117153   |
---------------------------------
---------------------------------
| rollout/           |          |
|    ep_len_mean     | 73.4     |
|    ep_rew_mean     | -19.4    |
|    success_rate    | 1        |
| time/              |          |
|    episodes        | 1128     |
|    fps             | 62       |
|    time_elapsed    | 1904     |
|    total_timesteps | 119445   |
| train/             |          |
|    actor_loss      | 3.1      |
|    critic_loss     | 0.0523   |
|    ent_coef        | 0.00459  |
|    ent_coef_loss   | 0.637    |
|    learning_rate   | 0.0003   |
|    n_updates       | 117444   |
---------------------------------
---------------------------------
| rollout/           |          |
|    ep_len_mean     | 73.3     |
|    ep_rew_mean     | -19.5    |
|    success_rate    | 1        |
| time/              |          |
|    episodes        | 1132     |
|    fps             | 62       |
|    time_elapsed    | 1913     |
|    total_timesteps | 119699   |
| train/             |          |
|    actor_loss      | 2.57     |
|    critic_loss     | 0.0125   |
|    ent_coef        | 0.00462  |
|    ent_coef_loss   | 1.06     |
|    learning_rate   | 0.0003   |
|    n_updates       | 117698   |
---------------------------------
Eval num_timesteps=120000, episode_reward=-18.27 +/- 6.90
Episode length: 76.90 +/- 24.50
Success rate: 96.67%
---------------------------------
| eval/              |          |
|    mean_ep_length  | 76.9     |
|    mean_reward     | -18.3    |
|    success_rate    | 0.967    |
| time/              |          |
|    total_timesteps | 120000   |
| train/             |          |
|    actor_loss      | 2.49     |
|    critic_loss     | 0.0119   |
|    ent_coef        | 0.00458  |
|    ent_coef_loss   | 0.542    |
|    learning_rate   | 0.0003   |
|    n_updates       | 117999   |
---------------------------------
---------------------------------
| rollout/           |          |
|    ep_len_mean     | 73.2     |
|    ep_rew_mean     | -19.5    |
|    success_rate    | 1        |
| time/              |          |
|    episodes        | 1136     |
|    fps             | 62       |
|    time_elapsed    | 1929     |
|    total_timesteps | 120031   |
| train/             |          |
|    actor_loss      | 1.7      |
|    critic_loss     | 0.0161   |
|    ent_coef        | 0.00458  |
|    ent_coef_loss   | -4.13    |
|    learning_rate   | 0.0003   |
|    n_updates       | 118030   |
---------------------------------
---------------------------------
| rollout/           |          |
|    ep_len_mean     | 73.2     |
|    ep_rew_mean     | -19.5    |
|    success_rate    | 1        |
| time/              |          |
|    episodes        | 1140     |
|    fps             | 62       |
|    time_elapsed    | 1940     |
|    total_timesteps | 120340   |
| train/             |          |
|    actor_loss      | 3.15     |
|    critic_loss     | 0.0117   |
|    ent_coef        | 0.00455  |
|    ent_coef_loss   | 1.89     |
|    learning_rate   | 0.0003   |
|    n_updates       | 118339   |
---------------------------------
---------------------------------
| rollout/           |          |
|    ep_len_mean     | 73.2     |
|    ep_rew_mean     | -19.6    |
|    success_rate    | 1        |
| time/              |          |
|    episodes        | 1144     |
|    fps             | 61       |
|    time_elapsed    | 1950     |
|    total_timesteps | 120612   |
| train/             |          |
|    actor_loss      | 3.2      |
|    critic_loss     | 0.0237   |
|    ent_coef        | 0.00454  |
|    ent_coef_loss   | 0.686    |
|    learning_rate   | 0.0003   |
|    n_updates       | 118611   |
---------------------------------
---------------------------------
| rollout/           |          |
|    ep_len_mean     | 73       |
|    ep_rew_mean     | -19.4    |
|    success_rate    | 1        |
| time/              |          |
|    episodes        | 1148     |
|    fps             | 61       |
|    time_elapsed    | 1960     |
|    total_timesteps | 120899   |
| train/             |          |
|    actor_loss      | 3.1      |
|    critic_loss     | 0.0541   |
|    ent_coef        | 0.00461  |
|    ent_coef_loss   | -0.379   |
|    learning_rate   | 0.0003   |
|    n_updates       | 118898   |
---------------------------------
---------------------------------
| rollout/           |          |
|    ep_len_mean     | 73.1     |
|    ep_rew_mean     | -19.6    |
|    success_rate    | 1        |
| time/              |          |
|    episodes        | 1152     |
|    fps             | 61       |
|    time_elapsed    | 1971     |
|    total_timesteps | 121187   |
| train/             |          |
|    actor_loss      | 2.35     |
|    critic_loss     | 0.0436   |
|    ent_coef        | 0.00461  |
|    ent_coef_loss   | 2.37     |
|    learning_rate   | 0.0003   |
|    n_updates       | 119186   |
---------------------------------
---------------------------------
| rollout/           |          |
|    ep_len_mean     | 73.5     |
|    ep_rew_mean     | -19.8    |
|    success_rate    | 1        |
| time/              |          |
|    episodes        | 1156     |
|    fps             | 61       |
|    time_elapsed    | 1983     |
|    total_timesteps | 121524   |
| train/             |          |
|    actor_loss      | 3.09     |
|    critic_loss     | 0.00883  |
|    ent_coef        | 0.00456  |
|    ent_coef_loss   | 0.745    |
|    learning_rate   | 0.0003   |
|    n_updates       | 119523   |
---------------------------------
---------------------------------
| rollout/           |          |
|    ep_len_mean     | 73.3     |
|    ep_rew_mean     | -19.7    |
|    success_rate    | 1        |
| time/              |          |
|    episodes        | 1160     |
|    fps             | 61       |
|    time_elapsed    | 1992     |
|    total_timesteps | 121783   |
| train/             |          |
|    actor_loss      | 2.77     |
|    critic_loss     | 0.0285   |
|    ent_coef        | 0.00453  |
|    ent_coef_loss   | 0.475    |
|    learning_rate   | 0.0003   |
|    n_updates       | 119782   |
---------------------------------
---------------------------------
| rollout/           |          |
|    ep_len_mean     | 73.7     |
|    ep_rew_mean     | -19.9    |
|    success_rate    | 1        |
| time/              |          |
|    episodes        | 1164     |
|    fps             | 60       |
|    time_elapsed    | 2003     |
|    total_timesteps | 122090   |
| train/             |          |
|    actor_loss      | 2.43     |
|    critic_loss     | 0.0114   |
|    ent_coef        | 0.00454  |
|    ent_coef_loss   | 0.224    |
|    learning_rate   | 0.0003   |
|    n_updates       | 120089   |
---------------------------------
---------------------------------
| rollout/           |          |
|    ep_len_mean     | 73.8     |
|    ep_rew_mean     | -20      |
|    success_rate    | 1        |
| time/              |          |
|    episodes        | 1168     |
|    fps             | 60       |
|    time_elapsed    | 2013     |
|    total_timesteps | 122377   |
| train/             |          |
|    actor_loss      | 2.53     |
|    critic_loss     | 0.0081   |
|    ent_coef        | 0.00454  |
|    ent_coef_loss   | -0.646   |
|    learning_rate   | 0.0003   |
|    n_updates       | 120376   |
---------------------------------
---------------------------------
| rollout/           |          |
|    ep_len_mean     | 73.8     |
|    ep_rew_mean     | -19.6    |
|    success_rate    | 1        |
| time/              |          |
|    episodes        | 1172     |
|    fps             | 60       |
|    time_elapsed    | 2024     |
|    total_timesteps | 122690   |
| train/             |          |
|    actor_loss      | 2.87     |
|    critic_loss     | 0.033    |
|    ent_coef        | 0.00454  |
|    ent_coef_loss   | 0.395    |
|    learning_rate   | 0.0003   |
|    n_updates       | 120689   |
---------------------------------
---------------------------------
| rollout/           |          |
|    ep_len_mean     | 73.8     |
|    ep_rew_mean     | -19.5    |
|    success_rate    | 1        |
| time/              |          |
|    episodes        | 1176     |
|    fps             | 60       |
|    time_elapsed    | 2035     |
|    total_timesteps | 122999   |
| train/             |          |
|    actor_loss      | 2.99     |
|    critic_loss     | 0.013    |
|    ent_coef        | 0.00453  |
|    ent_coef_loss   | 1.05     |
|    learning_rate   | 0.0003   |
|    n_updates       | 120998   |
---------------------------------
---------------------------------
| rollout/           |          |
|    ep_len_mean     | 73.8     |
|    ep_rew_mean     | -19.6    |
|    success_rate    | 1        |
| time/              |          |
|    episodes        | 1180     |
|    fps             | 60       |
|    time_elapsed    | 2046     |
|    total_timesteps | 123304   |
| train/             |          |
|    actor_loss      | 1.76     |
|    critic_loss     | 0.00835  |
|    ent_coef        | 0.00455  |
|    ent_coef_loss   | 0.702    |
|    learning_rate   | 0.0003   |
|    n_updates       | 121303   |
---------------------------------
---------------------------------
| rollout/           |          |
|    ep_len_mean     | 74.2     |
|    ep_rew_mean     | -19.7    |
|    success_rate    | 1        |
| time/              |          |
|    episodes        | 1184     |
|    fps             | 60       |
|    time_elapsed    | 2057     |
|    total_timesteps | 123636   |
| train/             |          |
|    actor_loss      | 2.09     |
|    critic_loss     | 0.0306   |
|    ent_coef        | 0.00454  |
|    ent_coef_loss   | -1.24    |
|    learning_rate   | 0.0003   |
|    n_updates       | 121635   |
---------------------------------
---------------------------------
| rollout/           |          |
|    ep_len_mean     | 73.8     |
|    ep_rew_mean     | -19.5    |
|    success_rate    | 1        |
| time/              |          |
|    episodes        | 1188     |
|    fps             | 59       |
|    time_elapsed    | 2066     |
|    total_timesteps | 123892   |
| train/             |          |
|    actor_loss      | 2.95     |
|    critic_loss     | 0.0133   |
|    ent_coef        | 0.00451  |
|    ent_coef_loss   | 0.737    |
|    learning_rate   | 0.0003   |
|    n_updates       | 121891   |
---------------------------------
---------------------------------
| rollout/           |          |
|    ep_len_mean     | 74       |
|    ep_rew_mean     | -19.5    |
|    success_rate    | 1        |
| time/              |          |
|    episodes        | 1192     |
|    fps             | 59       |
|    time_elapsed    | 2077     |
|    total_timesteps | 124200   |
| train/             |          |
|    actor_loss      | 3.15     |
|    critic_loss     | 0.0106   |
|    ent_coef        | 0.00451  |
|    ent_coef_loss   | 0.576    |
|    learning_rate   | 0.0003   |
|    n_updates       | 122199   |
---------------------------------
---------------------------------
| rollout/           |          |
|    ep_len_mean     | 73.8     |
|    ep_rew_mean     | -19.7    |
|    success_rate    | 1        |
| time/              |          |
|    episodes        | 1196     |
|    fps             | 59       |
|    time_elapsed    | 2087     |
|    total_timesteps | 124480   |
| train/             |          |
|    actor_loss      | 1.01     |
|    critic_loss     | 0.0104   |
|    ent_coef        | 0.00453  |
|    ent_coef_loss   | -5.47    |
|    learning_rate   | 0.0003   |
|    n_updates       | 122479   |
---------------------------------
---------------------------------
| rollout/           |          |
|    ep_len_mean     | 73.1     |
|    ep_rew_mean     | -19.3    |
|    success_rate    | 1        |
| time/              |          |
|    episodes        | 1200     |
|    fps             | 59       |
|    time_elapsed    | 2097     |
|    total_timesteps | 124755   |
| train/             |          |
|    actor_loss      | 2.82     |
|    critic_loss     | 0.0163   |
|    ent_coef        | 0.00454  |
|    ent_coef_loss   | -0.0481  |
|    learning_rate   | 0.0003   |
|    n_updates       | 122754   |
---------------------------------
Eval num_timesteps=125000, episode_reward=-19.88 +/- 5.09
Episode length: 74.17 +/- 11.15
Success rate: 100.00%
---------------------------------
| eval/              |          |
|    mean_ep_length  | 74.2     |
|    mean_reward     | -19.9    |
|    success_rate    | 1        |
| time/              |          |
|    total_timesteps | 125000   |
| train/             |          |
|    actor_loss      | 3.46     |
|    critic_loss     | 0.0109   |
|    ent_coef        | 0.00455  |
|    ent_coef_loss   | 0.233    |
|    learning_rate   | 0.0003   |
|    n_updates       | 122999   |
---------------------------------
---------------------------------
| rollout/           |          |
|    ep_len_mean     | 73.3     |
|    ep_rew_mean     | -19.3    |
|    success_rate    | 1        |
| time/              |          |
|    episodes        | 1204     |
|    fps             | 59       |
|    time_elapsed    | 2110     |
|    total_timesteps | 125043   |
| train/             |          |
|    actor_loss      | 2.96     |
|    critic_loss     | 0.0339   |
|    ent_coef        | 0.00453  |
|    ent_coef_loss   | 1.83     |
|    learning_rate   | 0.0003   |
|    n_updates       | 123042   |
---------------------------------
---------------------------------
| rollout/           |          |
|    ep_len_mean     | 73.6     |
|    ep_rew_mean     | -19.4    |
|    success_rate    | 1        |
| time/              |          |
|    episodes        | 1208     |
|    fps             | 59       |
|    time_elapsed    | 2122     |
|    total_timesteps | 125359   |
| train/             |          |
|    actor_loss      | 2.44     |
|    critic_loss     | 0.016    |
|    ent_coef        | 0.00457  |
|    ent_coef_loss   | -2.47    |
|    learning_rate   | 0.0003   |
|    n_updates       | 123358   |
---------------------------------
---------------------------------
| rollout/           |          |
|    ep_len_mean     | 73.4     |
|    ep_rew_mean     | -19.5    |
|    success_rate    | 1        |
| time/              |          |
|    episodes        | 1212     |
|    fps             | 58       |
|    time_elapsed    | 2133     |
|    total_timesteps | 125659   |
| train/             |          |
|    actor_loss      | 2.5      |
|    critic_loss     | 0.0261   |
|    ent_coef        | 0.00448  |
|    ent_coef_loss   | 0.00355  |
|    learning_rate   | 0.0003   |
|    n_updates       | 123658   |
---------------------------------
---------------------------------
| rollout/           |          |
|    ep_len_mean     | 73.5     |
|    ep_rew_mean     | -19.6    |
|    success_rate    | 1        |
| time/              |          |
|    episodes        | 1216     |
|    fps             | 58       |
|    time_elapsed    | 2145     |
|    total_timesteps | 125966   |
| train/             |          |
|    actor_loss      | 2.4      |
|    critic_loss     | 0.00912  |
|    ent_coef        | 0.00443  |
|    ent_coef_loss   | -1.85    |
|    learning_rate   | 0.0003   |
|    n_updates       | 123965   |
---------------------------------
---------------------------------
| rollout/           |          |
|    ep_len_mean     | 73.6     |
|    ep_rew_mean     | -19.7    |
|    success_rate    | 1        |
| time/              |          |
|    episodes        | 1220     |
|    fps             | 58       |
|    time_elapsed    | 2154     |
|    total_timesteps | 126258   |
| train/             |          |
|    actor_loss      | 3.06     |
|    critic_loss     | 0.0312   |
|    ent_coef        | 0.00447  |
|    ent_coef_loss   | 2.27     |
|    learning_rate   | 0.0003   |
|    n_updates       | 124257   |
---------------------------------
---------------------------------
| rollout/           |          |
|    ep_len_mean     | 74       |
|    ep_rew_mean     | -20      |
|    success_rate    | 1        |
| time/              |          |
|    episodes        | 1224     |
|    fps             | 58       |
|    time_elapsed    | 2165     |
|    total_timesteps | 126549   |
| train/             |          |
|    actor_loss      | 2.53     |
|    critic_loss     | 0.0118   |
|    ent_coef        | 0.00451  |
|    ent_coef_loss   | 1.11     |
|    learning_rate   | 0.0003   |
|    n_updates       | 124548   |
---------------------------------
---------------------------------
| rollout/           |          |
|    ep_len_mean     | 73.6     |
|    ep_rew_mean     | -19.7    |
|    success_rate    | 1        |
| time/              |          |
|    episodes        | 1228     |
|    fps             | 58       |
|    time_elapsed    | 2174     |
|    total_timesteps | 126805   |
| train/             |          |
|    actor_loss      | 3.23     |
|    critic_loss     | 0.018    |
|    ent_coef        | 0.00453  |
|    ent_coef_loss   | 0.502    |
|    learning_rate   | 0.0003   |
|    n_updates       | 124804   |
---------------------------------
---------------------------------
| rollout/           |          |
|    ep_len_mean     | 74.2     |
|    ep_rew_mean     | -20      |
|    success_rate    | 1        |
| time/              |          |
|    episodes        | 1232     |
|    fps             | 58       |
|    time_elapsed    | 2185     |
|    total_timesteps | 127117   |
| train/             |          |
|    actor_loss      | 2.91     |
|    critic_loss     | 0.0119   |
|    ent_coef        | 0.00448  |
|    ent_coef_loss   | 2.57     |
|    learning_rate   | 0.0003   |
|    n_updates       | 125116   |
---------------------------------
---------------------------------
| rollout/           |          |
|    ep_len_mean     | 73.5     |
|    ep_rew_mean     | -19.7    |
|    success_rate    | 1        |
| time/              |          |
|    episodes        | 1236     |
|    fps             | 58       |
|    time_elapsed    | 2195     |
|    total_timesteps | 127384   |
| train/             |          |
|    actor_loss      | 2.84     |
|    critic_loss     | 0.0215   |
|    ent_coef        | 0.0045   |
|    ent_coef_loss   | 0.242    |
|    learning_rate   | 0.0003   |
|    n_updates       | 125383   |
---------------------------------
---------------------------------
| rollout/           |          |
|    ep_len_mean     | 73.8     |
|    ep_rew_mean     | -19.8    |
|    success_rate    | 1        |
| time/              |          |
|    episodes        | 1240     |
|    fps             | 57       |
|    time_elapsed    | 2207     |
|    total_timesteps | 127718   |
| train/             |          |
|    actor_loss      | 3.13     |
|    critic_loss     | 0.00954  |
|    ent_coef        | 0.0045   |
|    ent_coef_loss   | -2.89    |
|    learning_rate   | 0.0003   |
|    n_updates       | 125717   |
---------------------------------
---------------------------------
| rollout/           |          |
|    ep_len_mean     | 74.2     |
|    ep_rew_mean     | -20      |
|    success_rate    | 1        |
| time/              |          |
|    episodes        | 1244     |
|    fps             | 57       |
|    time_elapsed    | 2218     |
|    total_timesteps | 128028   |
| train/             |          |
|    actor_loss      | 2.46     |
|    critic_loss     | 0.0115   |
|    ent_coef        | 0.00449  |
|    ent_coef_loss   | 0.0017   |
|    learning_rate   | 0.0003   |
|    n_updates       | 126027   |
---------------------------------
---------------------------------
| rollout/           |          |
|    ep_len_mean     | 75.6     |
|    ep_rew_mean     | -20.2    |
|    success_rate    | 0.99     |
| time/              |          |
|    episodes        | 1248     |
|    fps             | 57       |
|    time_elapsed    | 2234     |
|    total_timesteps | 128461   |
| train/             |          |
|    actor_loss      | 3.03     |
|    critic_loss     | 0.0121   |
|    ent_coef        | 0.00447  |
|    ent_coef_loss   | -2.41    |
|    learning_rate   | 0.0003   |
|    n_updates       | 126460   |
---------------------------------
---------------------------------
| rollout/           |          |
|    ep_len_mean     | 75.4     |
|    ep_rew_mean     | -20.1    |
|    success_rate    | 0.99     |
| time/              |          |
|    episodes        | 1252     |
|    fps             | 57       |
|    time_elapsed    | 2243     |
|    total_timesteps | 128725   |
| train/             |          |
|    actor_loss      | 1.41     |
|    critic_loss     | 0.0184   |
|    ent_coef        | 0.00449  |
|    ent_coef_loss   | 0.896    |
|    learning_rate   | 0.0003   |
|    n_updates       | 126724   |
---------------------------------
---------------------------------
| rollout/           |          |
|    ep_len_mean     | 74.7     |
|    ep_rew_mean     | -19.9    |
|    success_rate    | 0.99     |
| time/              |          |
|    episodes        | 1256     |
|    fps             | 57       |
|    time_elapsed    | 2253     |
|    total_timesteps | 128995   |
| train/             |          |
|    actor_loss      | 2.47     |
|    critic_loss     | 0.0182   |
|    ent_coef        | 0.00451  |
|    ent_coef_loss   | 1.9      |
|    learning_rate   | 0.0003   |
|    n_updates       | 126994   |
---------------------------------
---------------------------------
| rollout/           |          |
|    ep_len_mean     | 75.2     |
|    ep_rew_mean     | -20      |
|    success_rate    | 0.99     |
| time/              |          |
|    episodes        | 1260     |
|    fps             | 57       |
|    time_elapsed    | 2264     |
|    total_timesteps | 129303   |
| train/             |          |
|    actor_loss      | 2.31     |
|    critic_loss     | 0.0206   |
|    ent_coef        | 0.00452  |
|    ent_coef_loss   | 1.15     |
|    learning_rate   | 0.0003   |
|    n_updates       | 127302   |
---------------------------------
---------------------------------
| rollout/           |          |
|    ep_len_mean     | 75       |
|    ep_rew_mean     | -19.9    |
|    success_rate    | 0.99     |
| time/              |          |
|    episodes        | 1264     |
|    fps             | 56       |
|    time_elapsed    | 2274     |
|    total_timesteps | 129585   |
| train/             |          |
|    actor_loss      | 2.62     |
|    critic_loss     | 0.014    |
|    ent_coef        | 0.00445  |
|    ent_coef_loss   | 3.44     |
|    learning_rate   | 0.0003   |
|    n_updates       | 127584   |
---------------------------------
---------------------------------
| rollout/           |          |
|    ep_len_mean     | 75.1     |
|    ep_rew_mean     | -19.8    |
|    success_rate    | 0.99     |
| time/              |          |
|    episodes        | 1268     |
|    fps             | 56       |
|    time_elapsed    | 2285     |
|    total_timesteps | 129887   |
| train/             |          |
|    actor_loss      | 2.94     |
|    critic_loss     | 0.00988  |
|    ent_coef        | 0.0044   |
|    ent_coef_loss   | 2.67     |
|    learning_rate   | 0.0003   |
|    n_updates       | 127886   |
---------------------------------
Eval num_timesteps=130000, episode_reward=-22.39 +/- 9.58
Episode length: 92.83 +/- 49.19
Success rate: 83.33%
---------------------------------
| eval/              |          |
|    mean_ep_length  | 92.8     |
|    mean_reward     | -22.4    |
|    success_rate    | 0.833    |
| time/              |          |
|    total_timesteps | 130000   |
| train/             |          |
|    actor_loss      | 2.76     |
|    critic_loss     | 0.0113   |
|    ent_coef        | 0.00437  |
|    ent_coef_loss   | 1.72     |
|    learning_rate   | 0.0003   |
|    n_updates       | 127999   |
---------------------------------
---------------------------------
| rollout/           |          |
|    ep_len_mean     | 75.5     |
|    ep_rew_mean     | -20.1    |
|    success_rate    | 0.99     |
| time/              |          |
|    episodes        | 1272     |
|    fps             | 56       |
|    time_elapsed    | 2301     |
|    total_timesteps | 130236   |
| train/             |          |
|    actor_loss      | 3.12     |
|    critic_loss     | 0.0131   |
|    ent_coef        | 0.00441  |
|    ent_coef_loss   | -0.628   |
|    learning_rate   | 0.0003   |
|    n_updates       | 128235   |
---------------------------------
---------------------------------
| rollout/           |          |
|    ep_len_mean     | 75.4     |
|    ep_rew_mean     | -20.2    |
|    success_rate    | 0.99     |
| time/              |          |
|    episodes        | 1276     |
|    fps             | 56       |
|    time_elapsed    | 2312     |
|    total_timesteps | 130542   |
| train/             |          |
|    actor_loss      | 2.68     |
|    critic_loss     | 0.0174   |
|    ent_coef        | 0.00448  |
|    ent_coef_loss   | -0.746   |
|    learning_rate   | 0.0003   |
|    n_updates       | 128541   |
---------------------------------
---------------------------------
| rollout/           |          |
|    ep_len_mean     | 75.8     |
|    ep_rew_mean     | -20.4    |
|    success_rate    | 0.99     |
| time/              |          |
|    episodes        | 1280     |
|    fps             | 56       |
|    time_elapsed    | 2324     |
|    total_timesteps | 130884   |
| train/             |          |
|    actor_loss      | 3.03     |
|    critic_loss     | 0.0109   |
|    ent_coef        | 0.00448  |
|    ent_coef_loss   | 1.47     |
|    learning_rate   | 0.0003   |
|    n_updates       | 128883   |
---------------------------------
---------------------------------
| rollout/           |          |
|    ep_len_mean     | 75.5     |
|    ep_rew_mean     | -20.3    |
|    success_rate    | 0.99     |
| time/              |          |
|    episodes        | 1284     |
|    fps             | 56       |
|    time_elapsed    | 2335     |
|    total_timesteps | 131188   |
| train/             |          |
|    actor_loss      | 1.56     |
|    critic_loss     | 0.0115   |
|    ent_coef        | 0.00449  |
|    ent_coef_loss   | -1.56    |
|    learning_rate   | 0.0003   |
|    n_updates       | 129187   |
---------------------------------
---------------------------------
| rollout/           |          |
|    ep_len_mean     | 75.9     |
|    ep_rew_mean     | -20.4    |
|    success_rate    | 0.99     |
| time/              |          |
|    episodes        | 1288     |
|    fps             | 56       |
|    time_elapsed    | 2346     |
|    total_timesteps | 131481   |
| train/             |          |
|    actor_loss      | 2.65     |
|    critic_loss     | 0.0197   |
|    ent_coef        | 0.00445  |
|    ent_coef_loss   | 0.37     |
|    learning_rate   | 0.0003   |
|    n_updates       | 129480   |
---------------------------------
---------------------------------
| rollout/           |          |
|    ep_len_mean     | 75.6     |
|    ep_rew_mean     | -20.4    |
|    success_rate    | 0.99     |
| time/              |          |
|    episodes        | 1292     |
|    fps             | 55       |
|    time_elapsed    | 2356     |
|    total_timesteps | 131757   |
| train/             |          |
|    actor_loss      | 2.59     |
|    critic_loss     | 0.0125   |
|    ent_coef        | 0.0044   |
|    ent_coef_loss   | -0.263   |
|    learning_rate   | 0.0003   |
|    n_updates       | 129756   |
---------------------------------
---------------------------------
| rollout/           |          |
|    ep_len_mean     | 76.9     |
|    ep_rew_mean     | -20.6    |
|    success_rate    | 0.98     |
| time/              |          |
|    episodes        | 1296     |
|    fps             | 55       |
|    time_elapsed    | 2371     |
|    total_timesteps | 132173   |
| train/             |          |
|    actor_loss      | 2.88     |
|    critic_loss     | 0.0201   |
|    ent_coef        | 0.00446  |
|    ent_coef_loss   | 1.23     |
|    learning_rate   | 0.0003   |
|    n_updates       | 130172   |
---------------------------------
---------------------------------
| rollout/           |          |
|    ep_len_mean     | 77.1     |
|    ep_rew_mean     | -20.7    |
|    success_rate    | 0.98     |
| time/              |          |
|    episodes        | 1300     |
|    fps             | 55       |
|    time_elapsed    | 2381     |
|    total_timesteps | 132469   |
| train/             |          |
|    actor_loss      | 2.49     |
|    critic_loss     | 0.0148   |
|    ent_coef        | 0.00443  |
|    ent_coef_loss   | 0.115    |
|    learning_rate   | 0.0003   |
|    n_updates       | 130468   |
---------------------------------
---------------------------------
| rollout/           |          |
|    ep_len_mean     | 76.4     |
|    ep_rew_mean     | -20.4    |
|    success_rate    | 0.98     |
| time/              |          |
|    episodes        | 1304     |
|    fps             | 55       |
|    time_elapsed    | 2389     |
|    total_timesteps | 132681   |
| train/             |          |
|    actor_loss      | 2.69     |
|    critic_loss     | 0.0106   |
|    ent_coef        | 0.00446  |
|    ent_coef_loss   | -0.288   |
|    learning_rate   | 0.0003   |
|    n_updates       | 130680   |
---------------------------------
---------------------------------
| rollout/           |          |
|    ep_len_mean     | 76.4     |
|    ep_rew_mean     | -20.5    |
|    success_rate    | 0.98     |
| time/              |          |
|    episodes        | 1308     |
|    fps             | 55       |
|    time_elapsed    | 2400     |
|    total_timesteps | 132997   |
| train/             |          |
|    actor_loss      | 1.56     |
|    critic_loss     | 0.00998  |
|    ent_coef        | 0.00444  |
|    ent_coef_loss   | -1.5     |
|    learning_rate   | 0.0003   |
|    n_updates       | 130996   |
---------------------------------
---------------------------------
| rollout/           |          |
|    ep_len_mean     | 76.2     |
|    ep_rew_mean     | -20.3    |
|    success_rate    | 0.98     |
| time/              |          |
|    episodes        | 1312     |
|    fps             | 55       |
|    time_elapsed    | 2410     |
|    total_timesteps | 133276   |
| train/             |          |
|    actor_loss      | 2.13     |
|    critic_loss     | 0.0156   |
|    ent_coef        | 0.00444  |
|    ent_coef_loss   | 0.238    |
|    learning_rate   | 0.0003   |
|    n_updates       | 131275   |
---------------------------------
---------------------------------
| rollout/           |          |
|    ep_len_mean     | 76.3     |
|    ep_rew_mean     | -20.2    |
|    success_rate    | 0.98     |
| time/              |          |
|    episodes        | 1316     |
|    fps             | 55       |
|    time_elapsed    | 2422     |
|    total_timesteps | 133597   |
| train/             |          |
|    actor_loss      | 3.38     |
|    critic_loss     | 0.0407   |
|    ent_coef        | 0.00441  |
|    ent_coef_loss   | -1.11    |
|    learning_rate   | 0.0003   |
|    n_updates       | 131596   |
---------------------------------
---------------------------------
| rollout/           |          |
|    ep_len_mean     | 76.3     |
|    ep_rew_mean     | -20.4    |
|    success_rate    | 0.98     |
| time/              |          |
|    episodes        | 1320     |
|    fps             | 55       |
|    time_elapsed    | 2432     |
|    total_timesteps | 133885   |
| train/             |          |
|    actor_loss      | 2.44     |
|    critic_loss     | 0.0163   |
|    ent_coef        | 0.00442  |
|    ent_coef_loss   | 0.631    |
|    learning_rate   | 0.0003   |
|    n_updates       | 131884   |
---------------------------------
---------------------------------
| rollout/           |          |
|    ep_len_mean     | 76.2     |
|    ep_rew_mean     | -20.2    |
|    success_rate    | 0.98     |
| time/              |          |
|    episodes        | 1324     |
|    fps             | 54       |
|    time_elapsed    | 2443     |
|    total_timesteps | 134169   |
| train/             |          |
|    actor_loss      | 3.71     |
|    critic_loss     | 0.0274   |
|    ent_coef        | 0.00446  |
|    ent_coef_loss   | -0.636   |
|    learning_rate   | 0.0003   |
|    n_updates       | 132168   |
---------------------------------
---------------------------------
| rollout/           |          |
|    ep_len_mean     | 77.4     |
|    ep_rew_mean     | -20.4    |
|    success_rate    | 0.97     |
| time/              |          |
|    episodes        | 1328     |
|    fps             | 54       |
|    time_elapsed    | 2456     |
|    total_timesteps | 134543   |
| train/             |          |
|    actor_loss      | 3.61     |
|    critic_loss     | 0.0147   |
|    ent_coef        | 0.00444  |
|    ent_coef_loss   | 1.27     |
|    learning_rate   | 0.0003   |
|    n_updates       | 132542   |
---------------------------------
---------------------------------
| rollout/           |          |
|    ep_len_mean     | 77.6     |
|    ep_rew_mean     | -20.4    |
|    success_rate    | 0.97     |
| time/              |          |
|    episodes        | 1332     |
|    fps             | 54       |
|    time_elapsed    | 2468     |
|    total_timesteps | 134877   |
| train/             |          |
|    actor_loss      | 2.68     |
|    critic_loss     | 0.014    |
|    ent_coef        | 0.00445  |
|    ent_coef_loss   | 1.08     |
|    learning_rate   | 0.0003   |
|    n_updates       | 132876   |
---------------------------------
Eval num_timesteps=135000, episode_reward=-17.36 +/- 6.87
Episode length: 70.77 +/- 13.70
Success rate: 100.00%
---------------------------------
| eval/              |          |
|    mean_ep_length  | 70.8     |
|    mean_reward     | -17.4    |
|    success_rate    | 1        |
| time/              |          |
|    total_timesteps | 135000   |
| train/             |          |
|    actor_loss      | 3.38     |
|    critic_loss     | 0.0107   |
|    ent_coef        | 0.00447  |
|    ent_coef_loss   | -0.454   |
|    learning_rate   | 0.0003   |
|    n_updates       | 132999   |
---------------------------------
---------------------------------
| rollout/           |          |
|    ep_len_mean     | 78       |
|    ep_rew_mean     | -20.5    |
|    success_rate    | 0.97     |
| time/              |          |
|    episodes        | 1336     |
|    fps             | 54       |
|    time_elapsed    | 2482     |
|    total_timesteps | 135184   |
| train/             |          |
|    actor_loss      | 3.63     |
|    critic_loss     | 0.0216   |
|    ent_coef        | 0.00444  |
|    ent_coef_loss   | 2.27     |
|    learning_rate   | 0.0003   |
|    n_updates       | 133183   |
---------------------------------
---------------------------------
| rollout/           |          |
|    ep_len_mean     | 78       |
|    ep_rew_mean     | -20.6    |
|    success_rate    | 0.97     |
| time/              |          |
|    episodes        | 1340     |
|    fps             | 54       |
|    time_elapsed    | 2494     |
|    total_timesteps | 135513   |
| train/             |          |
|    actor_loss      | 2.85     |
|    critic_loss     | 0.0102   |
|    ent_coef        | 0.00446  |
|    ent_coef_loss   | 1.38     |
|    learning_rate   | 0.0003   |
|    n_updates       | 133512   |
---------------------------------
---------------------------------
| rollout/           |          |
|    ep_len_mean     | 77.8     |
|    ep_rew_mean     | -20.5    |
|    success_rate    | 0.97     |
| time/              |          |
|    episodes        | 1344     |
|    fps             | 54       |
|    time_elapsed    | 2504     |
|    total_timesteps | 135810   |
| train/             |          |
|    actor_loss      | 2.61     |
|    critic_loss     | 0.286    |
|    ent_coef        | 0.00445  |
|    ent_coef_loss   | 0.603    |
|    learning_rate   | 0.0003   |
|    n_updates       | 133809   |
---------------------------------
---------------------------------
| rollout/           |          |
|    ep_len_mean     | 77.3     |
|    ep_rew_mean     | -20.6    |
|    success_rate    | 0.98     |
| time/              |          |
|    episodes        | 1348     |
|    fps             | 54       |
|    time_elapsed    | 2517     |
|    total_timesteps | 136191   |
| train/             |          |
|    actor_loss      | 2.76     |
|    critic_loss     | 0.0116   |
|    ent_coef        | 0.00441  |
|    ent_coef_loss   | 2.03     |
|    learning_rate   | 0.0003   |
|    n_updates       | 134190   |
---------------------------------
---------------------------------
| rollout/           |          |
|    ep_len_mean     | 77.7     |
|    ep_rew_mean     | -20.6    |
|    success_rate    | 0.98     |
| time/              |          |
|    episodes        | 1352     |
|    fps             | 54       |
|    time_elapsed    | 2522     |
|    total_timesteps | 136494   |
| train/             |          |
|    actor_loss      | 2.31     |
|    critic_loss     | 0.0161   |
|    ent_coef        | 0.00437  |
|    ent_coef_loss   | -0.438   |
|    learning_rate   | 0.0003   |
|    n_updates       | 134493   |
---------------------------------
---------------------------------
| rollout/           |          |
|    ep_len_mean     | 77.8     |
|    ep_rew_mean     | -20.4    |
|    success_rate    | 0.98     |
| time/              |          |
|    episodes        | 1356     |
|    fps             | 54       |
|    time_elapsed    | 2527     |
|    total_timesteps | 136776   |
| train/             |          |
|    actor_loss      | 2.1      |
|    critic_loss     | 0.0133   |
|    ent_coef        | 0.00435  |
|    ent_coef_loss   | 2.36     |
|    learning_rate   | 0.0003   |
|    n_updates       | 134775   |
---------------------------------
---------------------------------
| rollout/           |          |
|    ep_len_mean     | 77.7     |
|    ep_rew_mean     | -20.6    |
|    success_rate    | 0.98     |
| time/              |          |
|    episodes        | 1360     |
|    fps             | 54       |
|    time_elapsed    | 2532     |
|    total_timesteps | 137077   |
| train/             |          |
|    actor_loss      | 1.43     |
|    critic_loss     | 0.0133   |
|    ent_coef        | 0.00449  |
|    ent_coef_loss   | -0.744   |
|    learning_rate   | 0.0003   |
|    n_updates       | 135076   |
---------------------------------
---------------------------------
| rollout/           |          |
|    ep_len_mean     | 77.5     |
|    ep_rew_mean     | -20.4    |
|    success_rate    | 0.98     |
| time/              |          |
|    episodes        | 1364     |
|    fps             | 54       |
|    time_elapsed    | 2536     |
|    total_timesteps | 137337   |
| train/             |          |
|    actor_loss      | 3.28     |
|    critic_loss     | 0.0099   |
|    ent_coef        | 0.00446  |
|    ent_coef_loss   | 1.54     |
|    learning_rate   | 0.0003   |
|    n_updates       | 135336   |
---------------------------------
---------------------------------
| rollout/           |          |
|    ep_len_mean     | 77.2     |
|    ep_rew_mean     | -20.3    |
|    success_rate    | 0.98     |
| time/              |          |
|    episodes        | 1368     |
|    fps             | 54       |
|    time_elapsed    | 2540     |
|    total_timesteps | 137604   |
| train/             |          |
|    actor_loss      | 2.7      |
|    critic_loss     | 0.0133   |
|    ent_coef        | 0.00453  |
|    ent_coef_loss   | -0.618   |
|    learning_rate   | 0.0003   |
|    n_updates       | 135603   |
---------------------------------
---------------------------------
| rollout/           |          |
|    ep_len_mean     | 76.3     |
|    ep_rew_mean     | -20      |
|    success_rate    | 0.98     |
| time/              |          |
|    episodes        | 1372     |
|    fps             | 54       |
|    time_elapsed    | 2544     |
|    total_timesteps | 137868   |
| train/             |          |
|    actor_loss      | 2.31     |
|    critic_loss     | 0.0152   |
|    ent_coef        | 0.00453  |
|    ent_coef_loss   | -0.731   |
|    learning_rate   | 0.0003   |
|    n_updates       | 135867   |
---------------------------------
---------------------------------
| rollout/           |          |
|    ep_len_mean     | 77.4     |
|    ep_rew_mean     | -20.1    |
|    success_rate    | 0.97     |
| time/              |          |
|    episodes        | 1376     |
|    fps             | 54       |
|    time_elapsed    | 2551     |
|    total_timesteps | 138278   |
| train/             |          |
|    actor_loss      | 2.26     |
|    critic_loss     | 0.0176   |
|    ent_coef        | 0.00452  |
|    ent_coef_loss   | 0.835    |
|    learning_rate   | 0.0003   |
|    n_updates       | 136277   |
---------------------------------
---------------------------------
| rollout/           |          |
|    ep_len_mean     | 76.9     |
|    ep_rew_mean     | -19.8    |
|    success_rate    | 0.97     |
| time/              |          |
|    episodes        | 1380     |
|    fps             | 54       |
|    time_elapsed    | 2556     |
|    total_timesteps | 138571   |
| train/             |          |
|    actor_loss      | 3.89     |
|    critic_loss     | 0.0106   |
|    ent_coef        | 0.00452  |
|    ent_coef_loss   | -0.4     |
|    learning_rate   | 0.0003   |
|    n_updates       | 136570   |
---------------------------------
---------------------------------
| rollout/           |          |
|    ep_len_mean     | 76.7     |
|    ep_rew_mean     | -19.7    |
|    success_rate    | 0.97     |
| time/              |          |
|    episodes        | 1384     |
|    fps             | 54       |
|    time_elapsed    | 2560     |
|    total_timesteps | 138860   |
| train/             |          |
|    actor_loss      | 3.58     |
|    critic_loss     | 0.0103   |
|    ent_coef        | 0.00453  |
|    ent_coef_loss   | -0.269   |
|    learning_rate   | 0.0003   |
|    n_updates       | 136859   |
---------------------------------
---------------------------------
| rollout/           |          |
|    ep_len_mean     | 76.7     |
|    ep_rew_mean     | -19.8    |
|    success_rate    | 0.97     |
| time/              |          |
|    episodes        | 1388     |
|    fps             | 54       |
|    time_elapsed    | 2565     |
|    total_timesteps | 139152   |
| train/             |          |
|    actor_loss      | 2.01     |
|    critic_loss     | 0.124    |
|    ent_coef        | 0.00455  |
|    ent_coef_loss   | 0.191    |
|    learning_rate   | 0.0003   |
|    n_updates       | 137151   |
---------------------------------
---------------------------------
| rollout/           |          |
|    ep_len_mean     | 76.9     |
|    ep_rew_mean     | -19.9    |
|    success_rate    | 0.97     |
| time/              |          |
|    episodes        | 1392     |
|    fps             | 54       |
|    time_elapsed    | 2570     |
|    total_timesteps | 139443   |
| train/             |          |
|    actor_loss      | 2.28     |
|    critic_loss     | 0.0122   |
|    ent_coef        | 0.0045   |
|    ent_coef_loss   | -3.81    |
|    learning_rate   | 0.0003   |
|    n_updates       | 137442   |
---------------------------------
---------------------------------
| rollout/           |          |
|    ep_len_mean     | 75.2     |
|    ep_rew_mean     | -19.4    |
|    success_rate    | 0.98     |
| time/              |          |
|    episodes        | 1396     |
|    fps             | 54       |
|    time_elapsed    | 2574     |
|    total_timesteps | 139696   |
| train/             |          |
|    actor_loss      | 2.37     |
|    critic_loss     | 0.0145   |
|    ent_coef        | 0.00448  |
|    ent_coef_loss   | 3.02     |
|    learning_rate   | 0.0003   |
|    n_updates       | 137695   |
---------------------------------
---------------------------------
| rollout/           |          |
|    ep_len_mean     | 75.2     |
|    ep_rew_mean     | -19.4    |
|    success_rate    | 0.98     |
| time/              |          |
|    episodes        | 1400     |
|    fps             | 54       |
|    time_elapsed    | 2578     |
|    total_timesteps | 139986   |
| train/             |          |
|    actor_loss      | 2.02     |
|    critic_loss     | 0.0212   |
|    ent_coef        | 0.00451  |
|    ent_coef_loss   | -1.16    |
|    learning_rate   | 0.0003   |
|    n_updates       | 137985   |
---------------------------------
Eval num_timesteps=140000, episode_reward=-19.36 +/- 7.14
Episode length: 79.73 +/- 22.84
Success rate: 100.00%
---------------------------------
| eval/              |          |
|    mean_ep_length  | 79.7     |
|    mean_reward     | -19.4    |
|    success_rate    | 1        |
| time/              |          |
|    total_timesteps | 140000   |
| train/             |          |
|    actor_loss      | 2.73     |
|    critic_loss     | 0.0115   |
|    ent_coef        | 0.00451  |
|    ent_coef_loss   | 1.91     |
|    learning_rate   | 0.0003   |
|    n_updates       | 137999   |
---------------------------------
---------------------------------
| rollout/           |          |
|    ep_len_mean     | 76       |
|    ep_rew_mean     | -19.7    |
|    success_rate    | 0.98     |
| time/              |          |
|    episodes        | 1404     |
|    fps             | 54       |
|    time_elapsed    | 2585     |
|    total_timesteps | 140282   |
| train/             |          |
|    actor_loss      | 2.24     |
|    critic_loss     | 0.0134   |
|    ent_coef        | 0.00444  |
|    ent_coef_loss   | 0.229    |
|    learning_rate   | 0.0003   |
|    n_updates       | 138281   |
---------------------------------
---------------------------------
| rollout/           |          |
|    ep_len_mean     | 75.7     |
|    ep_rew_mean     | -19.5    |
|    success_rate    | 0.98     |
| time/              |          |
|    episodes        | 1408     |
|    fps             | 54       |
|    time_elapsed    | 2589     |
|    total_timesteps | 140563   |
| train/             |          |
|    actor_loss      | 2.83     |
|    critic_loss     | 0.0166   |
|    ent_coef        | 0.00446  |
|    ent_coef_loss   | 0.19     |
|    learning_rate   | 0.0003   |
|    n_updates       | 138562   |
---------------------------------
---------------------------------
| rollout/           |          |
|    ep_len_mean     | 75.6     |
|    ep_rew_mean     | -19.5    |
|    success_rate    | 0.98     |
| time/              |          |
|    episodes        | 1412     |
|    fps             | 54       |
|    time_elapsed    | 2594     |
|    total_timesteps | 140836   |
| train/             |          |
|    actor_loss      | 2.13     |
|    critic_loss     | 0.014    |
|    ent_coef        | 0.00448  |
|    ent_coef_loss   | -1.74    |
|    learning_rate   | 0.0003   |
|    n_updates       | 138835   |
---------------------------------
---------------------------------
| rollout/           |          |
|    ep_len_mean     | 75.5     |
|    ep_rew_mean     | -19.6    |
|    success_rate    | 0.98     |
| time/              |          |
|    episodes        | 1416     |
|    fps             | 54       |
|    time_elapsed    | 2599     |
|    total_timesteps | 141145   |
| train/             |          |
|    actor_loss      | 0.92     |
|    critic_loss     | 0.0113   |
|    ent_coef        | 0.00451  |
|    ent_coef_loss   | -1.24    |
|    learning_rate   | 0.0003   |
|    n_updates       | 139144   |
---------------------------------
---------------------------------
| rollout/           |          |
|    ep_len_mean     | 75.7     |
|    ep_rew_mean     | -19.4    |
|    success_rate    | 0.98     |
| time/              |          |
|    episodes        | 1420     |
|    fps             | 54       |
|    time_elapsed    | 2604     |
|    total_timesteps | 141453   |
| train/             |          |
|    actor_loss      | 2.36     |
|    critic_loss     | 0.009    |
|    ent_coef        | 0.00454  |
|    ent_coef_loss   | 2.52     |
|    learning_rate   | 0.0003   |
|    n_updates       | 139452   |
---------------------------------
---------------------------------
| rollout/           |          |
|    ep_len_mean     | 75.6     |
|    ep_rew_mean     | -19.3    |
|    success_rate    | 0.98     |
| time/              |          |
|    episodes        | 1424     |
|    fps             | 54       |
|    time_elapsed    | 2608     |
|    total_timesteps | 141725   |
| train/             |          |
|    actor_loss      | 1.15     |
|    critic_loss     | 0.0109   |
|    ent_coef        | 0.00452  |
|    ent_coef_loss   | -2.12    |
|    learning_rate   | 0.0003   |
|    n_updates       | 139724   |
---------------------------------
---------------------------------
| rollout/           |          |
|    ep_len_mean     | 74.5     |
|    ep_rew_mean     | -19.2    |
|    success_rate    | 0.99     |
| time/              |          |
|    episodes        | 1428     |
|    fps             | 54       |
|    time_elapsed    | 2612     |
|    total_timesteps | 141998   |
| train/             |          |
|    actor_loss      | 2.31     |
|    critic_loss     | 0.0401   |
|    ent_coef        | 0.00453  |
|    ent_coef_loss   | -0.597   |
|    learning_rate   | 0.0003   |
|    n_updates       | 139997   |
---------------------------------
---------------------------------
| rollout/           |          |
|    ep_len_mean     | 74       |
|    ep_rew_mean     | -19      |
|    success_rate    | 0.99     |
| time/              |          |
|    episodes        | 1432     |
|    fps             | 54       |
|    time_elapsed    | 2617     |
|    total_timesteps | 142275   |
| train/             |          |
|    actor_loss      | 3.15     |
|    critic_loss     | 0.011    |
|    ent_coef        | 0.00445  |
|    ent_coef_loss   | 2.01     |
|    learning_rate   | 0.0003   |
|    n_updates       | 140274   |
---------------------------------
---------------------------------
| rollout/           |          |
|    ep_len_mean     | 74       |
|    ep_rew_mean     | -19      |
|    success_rate    | 0.99     |
| time/              |          |
|    episodes        | 1436     |
|    fps             | 54       |
|    time_elapsed    | 2622     |
|    total_timesteps | 142579   |
| train/             |          |
|    actor_loss      | 2.5      |
|    critic_loss     | 0.0161   |
|    ent_coef        | 0.00454  |
|    ent_coef_loss   | -0.534   |
|    learning_rate   | 0.0003   |
|    n_updates       | 140578   |
---------------------------------
---------------------------------
| rollout/           |          |
|    ep_len_mean     | 73.4     |
|    ep_rew_mean     | -18.8    |
|    success_rate    | 0.99     |
| time/              |          |
|    episodes        | 1440     |
|    fps             | 54       |
|    time_elapsed    | 2626     |
|    total_timesteps | 142853   |
| train/             |          |
|    actor_loss      | 2.4      |
|    critic_loss     | 0.00993  |
|    ent_coef        | 0.00446  |
|    ent_coef_loss   | 0.126    |
|    learning_rate   | 0.0003   |
|    n_updates       | 140852   |
---------------------------------
---------------------------------
| rollout/           |          |
|    ep_len_mean     | 74.7     |
|    ep_rew_mean     | -19      |
|    success_rate    | 0.98     |
| time/              |          |
|    episodes        | 1444     |
|    fps             | 54       |
|    time_elapsed    | 2633     |
|    total_timesteps | 143279   |
| train/             |          |
|    actor_loss      | 2.42     |
|    critic_loss     | 0.0135   |
|    ent_coef        | 0.00449  |
|    ent_coef_loss   | 2.24     |
|    learning_rate   | 0.0003   |
|    n_updates       | 141278   |
---------------------------------
---------------------------------
| rollout/           |          |
|    ep_len_mean     | 73.8     |
|    ep_rew_mean     | -18.8    |
|    success_rate    | 0.98     |
| time/              |          |
|    episodes        | 1448     |
|    fps             | 54       |
|    time_elapsed    | 2637     |
|    total_timesteps | 143575   |
| train/             |          |
|    actor_loss      | 2.34     |
|    critic_loss     | 0.0168   |
|    ent_coef        | 0.00454  |
|    ent_coef_loss   | -4.27    |
|    learning_rate   | 0.0003   |
|    n_updates       | 141574   |
---------------------------------
---------------------------------
| rollout/           |          |
|    ep_len_mean     | 73.6     |
|    ep_rew_mean     | -18.8    |
|    success_rate    | 0.98     |
| time/              |          |
|    episodes        | 1452     |
|    fps             | 54       |
|    time_elapsed    | 2642     |
|    total_timesteps | 143858   |
| train/             |          |
|    actor_loss      | 1.5      |
|    critic_loss     | 0.0119   |
|    ent_coef        | 0.00457  |
|    ent_coef_loss   | -1.46    |
|    learning_rate   | 0.0003   |
|    n_updates       | 141857   |
---------------------------------
---------------------------------
| rollout/           |          |
|    ep_len_mean     | 73.8     |
|    ep_rew_mean     | -18.9    |
|    success_rate    | 0.98     |
| time/              |          |
|    episodes        | 1456     |
|    fps             | 54       |
|    time_elapsed    | 2647     |
|    total_timesteps | 144153   |
| train/             |          |
|    actor_loss      | 3.37     |
|    critic_loss     | 0.0218   |
|    ent_coef        | 0.00462  |
|    ent_coef_loss   | 0.498    |
|    learning_rate   | 0.0003   |
|    n_updates       | 142152   |
---------------------------------
---------------------------------
| rollout/           |          |
|    ep_len_mean     | 73.4     |
|    ep_rew_mean     | -18.6    |
|    success_rate    | 0.98     |
| time/              |          |
|    episodes        | 1460     |
|    fps             | 54       |
|    time_elapsed    | 2651     |
|    total_timesteps | 144415   |
| train/             |          |
|    actor_loss      | 2.13     |
|    critic_loss     | 0.00992  |
|    ent_coef        | 0.00458  |
|    ent_coef_loss   | -0.3     |
|    learning_rate   | 0.0003   |
|    n_updates       | 142414   |
---------------------------------
---------------------------------
| rollout/           |          |
|    ep_len_mean     | 73.9     |
|    ep_rew_mean     | -18.9    |
|    success_rate    | 0.98     |
| time/              |          |
|    episodes        | 1464     |
|    fps             | 54       |
|    time_elapsed    | 2656     |
|    total_timesteps | 144724   |
| train/             |          |
|    actor_loss      | 1.69     |
|    critic_loss     | 0.31     |
|    ent_coef        | 0.00449  |
|    ent_coef_loss   | -0.214   |
|    learning_rate   | 0.0003   |
|    n_updates       | 142723   |
---------------------------------
Eval num_timesteps=145000, episode_reward=-16.19 +/- 6.14
Episode length: 71.40 +/- 26.03
Success rate: 96.67%
---------------------------------
| eval/              |          |
|    mean_ep_length  | 71.4     |
|    mean_reward     | -16.2    |
|    success_rate    | 0.967    |
| time/              |          |
|    total_timesteps | 145000   |
| train/             |          |
|    actor_loss      | 1.32     |
|    critic_loss     | 0.0155   |
|    ent_coef        | 0.00448  |
|    ent_coef_loss   | -0.805   |
|    learning_rate   | 0.0003   |
|    n_updates       | 142999   |
---------------------------------
New best mean reward!
---------------------------------
| rollout/           |          |
|    ep_len_mean     | 74       |
|    ep_rew_mean     | -19      |
|    success_rate    | 0.98     |
| time/              |          |
|    episodes        | 1468     |
|    fps             | 54       |
|    time_elapsed    | 2661     |
|    total_timesteps | 145002   |
| train/             |          |
|    actor_loss      | 2.15     |
|    critic_loss     | 0.00935  |
|    ent_coef        | 0.00448  |
|    ent_coef_loss   | 1.32     |
|    learning_rate   | 0.0003   |
|    n_updates       | 143001   |
---------------------------------
---------------------------------
| rollout/           |          |
|    ep_len_mean     | 74.4     |
|    ep_rew_mean     | -19.2    |
|    success_rate    | 0.98     |
| time/              |          |
|    episodes        | 1472     |
|    fps             | 54       |
|    time_elapsed    | 2666     |
|    total_timesteps | 145307   |
| train/             |          |
|    actor_loss      | 3.61     |
|    critic_loss     | 0.0174   |
|    ent_coef        | 0.0045   |
|    ent_coef_loss   | 1.91     |
|    learning_rate   | 0.0003   |
|    n_updates       | 143306   |
---------------------------------
---------------------------------
| rollout/           |          |
|    ep_len_mean     | 73.2     |
|    ep_rew_mean     | -18.9    |
|    success_rate    | 0.99     |
| time/              |          |
|    episodes        | 1476     |
|    fps             | 54       |
|    time_elapsed    | 2671     |
|    total_timesteps | 145597   |
| train/             |          |
|    actor_loss      | 2.14     |
|    critic_loss     | 0.0134   |
|    ent_coef        | 0.00455  |
|    ent_coef_loss   | 0.105    |
|    learning_rate   | 0.0003   |
|    n_updates       | 143596   |
---------------------------------
---------------------------------
| rollout/           |          |
|    ep_len_mean     | 73.1     |
|    ep_rew_mean     | -18.8    |
|    success_rate    | 0.99     |
| time/              |          |
|    episodes        | 1480     |
|    fps             | 54       |
|    time_elapsed    | 2676     |
|    total_timesteps | 145882   |
| train/             |          |
|    actor_loss      | 2.02     |
|    critic_loss     | 0.0114   |
|    ent_coef        | 0.00454  |
|    ent_coef_loss   | -2.99    |
|    learning_rate   | 0.0003   |
|    n_updates       | 143881   |
---------------------------------
---------------------------------
| rollout/           |          |
|    ep_len_mean     | 73.5     |
|    ep_rew_mean     | -18.9    |
|    success_rate    | 0.99     |
| time/              |          |
|    episodes        | 1484     |
|    fps             | 54       |
|    time_elapsed    | 2681     |
|    total_timesteps | 146210   |
| train/             |          |
|    actor_loss      | 2.15     |
|    critic_loss     | 0.0177   |
|    ent_coef        | 0.00453  |
|    ent_coef_loss   | -0.742   |
|    learning_rate   | 0.0003   |
|    n_updates       | 144209   |
---------------------------------
---------------------------------
| rollout/           |          |
|    ep_len_mean     | 73.5     |
|    ep_rew_mean     | -18.8    |
|    success_rate    | 0.99     |
| time/              |          |
|    episodes        | 1488     |
|    fps             | 54       |
|    time_elapsed    | 2686     |
|    total_timesteps | 146505   |
| train/             |          |
|    actor_loss      | 2.55     |
|    critic_loss     | 0.023    |
|    ent_coef        | 0.00456  |
|    ent_coef_loss   | 0.0597   |
|    learning_rate   | 0.0003   |
|    n_updates       | 144504   |
---------------------------------
---------------------------------
| rollout/           |          |
|    ep_len_mean     | 74.1     |
|    ep_rew_mean     | -19.1    |
|    success_rate    | 0.99     |
| time/              |          |
|    episodes        | 1492     |
|    fps             | 54       |
|    time_elapsed    | 2692     |
|    total_timesteps | 146856   |
| train/             |          |
|    actor_loss      | 2.98     |
|    critic_loss     | 0.0207   |
|    ent_coef        | 0.00458  |
|    ent_coef_loss   | 0.243    |
|    learning_rate   | 0.0003   |
|    n_updates       | 144855   |
---------------------------------
---------------------------------
| rollout/           |          |
|    ep_len_mean     | 74.5     |
|    ep_rew_mean     | -19.4    |
|    success_rate    | 0.99     |
| time/              |          |
|    episodes        | 1496     |
|    fps             | 54       |
|    time_elapsed    | 2697     |
|    total_timesteps | 147149   |
| train/             |          |
|    actor_loss      | 3.05     |
|    critic_loss     | 0.0105   |
|    ent_coef        | 0.00459  |
|    ent_coef_loss   | 0.00551  |
|    learning_rate   | 0.0003   |
|    n_updates       | 145148   |
---------------------------------
---------------------------------
| rollout/           |          |
|    ep_len_mean     | 74.9     |
|    ep_rew_mean     | -19.7    |
|    success_rate    | 0.99     |
| time/              |          |
|    episodes        | 1500     |
|    fps             | 54       |
|    time_elapsed    | 2702     |
|    total_timesteps | 147479   |
| train/             |          |
|    actor_loss      | 3.09     |
|    critic_loss     | 0.015    |
|    ent_coef        | 0.00455  |
|    ent_coef_loss   | -0.823   |
|    learning_rate   | 0.0003   |
|    n_updates       | 145478   |
---------------------------------
---------------------------------
| rollout/           |          |
|    ep_len_mean     | 75       |
|    ep_rew_mean     | -19.7    |
|    success_rate    | 0.99     |
| time/              |          |
|    episodes        | 1504     |
|    fps             | 54       |
|    time_elapsed    | 2707     |
|    total_timesteps | 147787   |
| train/             |          |
|    actor_loss      | 2.67     |
|    critic_loss     | 0.0087   |
|    ent_coef        | 0.0045   |
|    ent_coef_loss   | 3.24     |
|    learning_rate   | 0.0003   |
|    n_updates       | 145786   |
---------------------------------
---------------------------------
| rollout/           |          |
|    ep_len_mean     | 76       |
|    ep_rew_mean     | -19.8    |
|    success_rate    | 0.99     |
| time/              |          |
|    episodes        | 1508     |
|    fps             | 54       |
|    time_elapsed    | 2713     |
|    total_timesteps | 148164   |
| train/             |          |
|    actor_loss      | 1.57     |
|    critic_loss     | 0.00947  |
|    ent_coef        | 0.00447  |
|    ent_coef_loss   | -1.65    |
|    learning_rate   | 0.0003   |
|    n_updates       | 146163   |
---------------------------------
---------------------------------
| rollout/           |          |
|    ep_len_mean     | 76.4     |
|    ep_rew_mean     | -20      |
|    success_rate    | 0.99     |
| time/              |          |
|    episodes        | 1512     |
|    fps             | 54       |
|    time_elapsed    | 2719     |
|    total_timesteps | 148478   |
| train/             |          |
|    actor_loss      | 1.35     |
|    critic_loss     | 0.0115   |
|    ent_coef        | 0.00446  |
|    ent_coef_loss   | -0.589   |
|    learning_rate   | 0.0003   |
|    n_updates       | 146477   |
---------------------------------
---------------------------------
| rollout/           |          |
|    ep_len_mean     | 76.3     |
|    ep_rew_mean     | -19.9    |
|    success_rate    | 0.99     |
| time/              |          |
|    episodes        | 1516     |
|    fps             | 54       |
|    time_elapsed    | 2724     |
|    total_timesteps | 148779   |
| train/             |          |
|    actor_loss      | 1.27     |
|    critic_loss     | 0.00864  |
|    ent_coef        | 0.00443  |
|    ent_coef_loss   | -0.58    |
|    learning_rate   | 0.0003   |
|    n_updates       | 146778   |
---------------------------------
---------------------------------
| rollout/           |          |
|    ep_len_mean     | 76.2     |
|    ep_rew_mean     | -19.8    |
|    success_rate    | 0.99     |
| time/              |          |
|    episodes        | 1520     |
|    fps             | 54       |
|    time_elapsed    | 2729     |
|    total_timesteps | 149074   |
| train/             |          |
|    actor_loss      | 2.75     |
|    critic_loss     | 0.0172   |
|    ent_coef        | 0.0045   |
|    ent_coef_loss   | -0.574   |
|    learning_rate   | 0.0003   |
|    n_updates       | 147073   |
---------------------------------
---------------------------------
| rollout/           |          |
|    ep_len_mean     | 76.7     |
|    ep_rew_mean     | -20.1    |
|    success_rate    | 0.99     |
| time/              |          |
|    episodes        | 1524     |
|    fps             | 54       |
|    time_elapsed    | 2734     |
|    total_timesteps | 149394   |
| train/             |          |
|    actor_loss      | 2.35     |
|    critic_loss     | 0.0259   |
|    ent_coef        | 0.00448  |
|    ent_coef_loss   | 1.12     |
|    learning_rate   | 0.0003   |
|    n_updates       | 147393   |
---------------------------------
---------------------------------
| rollout/           |          |
|    ep_len_mean     | 76.9     |
|    ep_rew_mean     | -20.3    |
|    success_rate    | 0.99     |
| time/              |          |
|    episodes        | 1528     |
|    fps             | 54       |
|    time_elapsed    | 2739     |
|    total_timesteps | 149691   |
| train/             |          |
|    actor_loss      | 1.3      |
|    critic_loss     | 0.0136   |
|    ent_coef        | 0.00435  |
|    ent_coef_loss   | 1.91     |
|    learning_rate   | 0.0003   |
|    n_updates       | 147690   |
---------------------------------
---------------------------------
| rollout/           |          |
|    ep_len_mean     | 77       |
|    ep_rew_mean     | -20.3    |
|    success_rate    | 0.99     |
| time/              |          |
|    episodes        | 1532     |
|    fps             | 54       |
|    time_elapsed    | 2743     |
|    total_timesteps | 149972   |
| train/             |          |
|    actor_loss      | 2.55     |
|    critic_loss     | 0.0292   |
|    ent_coef        | 0.00443  |
|    ent_coef_loss   | 0.756    |
|    learning_rate   | 0.0003   |
|    n_updates       | 147971   |
---------------------------------
Eval num_timesteps=150000, episode_reward=-20.82 +/- 7.68
Episode length: 85.07 +/- 35.14
Success rate: 93.33%
---------------------------------
| eval/              |          |
|    mean_ep_length  | 85.1     |
|    mean_reward     | -20.8    |
|    success_rate    | 0.933    |
| time/              |          |
|    total_timesteps | 150000   |
| train/             |          |
|    actor_loss      | 1.88     |
|    critic_loss     | 0.0159   |
|    ent_coef        | 0.00445  |
|    ent_coef_loss   | 0.69     |
|    learning_rate   | 0.0003   |
|    n_updates       | 147999   |
---------------------------------
---------------------------------
| rollout/           |          |
|    ep_len_mean     | 76.6     |
|    ep_rew_mean     | -20.2    |
|    success_rate    | 0.99     |
| time/              |          |
|    episodes        | 1536     |
|    fps             | 54       |
|    time_elapsed    | 2749     |
|    total_timesteps | 150242   |
| train/             |          |
|    actor_loss      | 2.51     |
|    critic_loss     | 0.0197   |
|    ent_coef        | 0.00444  |
|    ent_coef_loss   | -1.55    |
|    learning_rate   | 0.0003   |
|    n_updates       | 148241   |
---------------------------------
---------------------------------
| rollout/           |          |
|    ep_len_mean     | 77       |
|    ep_rew_mean     | -20.3    |
|    success_rate    | 0.99     |
| time/              |          |
|    episodes        | 1540     |
|    fps             | 54       |
|    time_elapsed    | 2754     |
|    total_timesteps | 150552   |
| train/             |          |
|    actor_loss      | 2.42     |
|    critic_loss     | 0.00877  |
|    ent_coef        | 0.00442  |
|    ent_coef_loss   | 0.718    |
|    learning_rate   | 0.0003   |
|    n_updates       | 148551   |
---------------------------------
---------------------------------
| rollout/           |          |
|    ep_len_mean     | 75.9     |
|    ep_rew_mean     | -20.2    |
|    success_rate    | 1        |
| time/              |          |
|    episodes        | 1544     |
|    fps             | 54       |
|    time_elapsed    | 2760     |
|    total_timesteps | 150869   |
| train/             |          |
|    actor_loss      | 2.22     |
|    critic_loss     | 0.008    |
|    ent_coef        | 0.00441  |
|    ent_coef_loss   | -0.958   |
|    learning_rate   | 0.0003   |
|    n_updates       | 148868   |
---------------------------------
---------------------------------
| rollout/           |          |
|    ep_len_mean     | 76.3     |
|    ep_rew_mean     | -20.2    |
|    success_rate    | 1        |
| time/              |          |
|    episodes        | 1548     |
|    fps             | 54       |
|    time_elapsed    | 2765     |
|    total_timesteps | 151209   |
| train/             |          |
|    actor_loss      | 2.65     |
|    critic_loss     | 0.0177   |
|    ent_coef        | 0.00439  |
|    ent_coef_loss   | 0.153    |
|    learning_rate   | 0.0003   |
|    n_updates       | 149208   |
---------------------------------
---------------------------------
| rollout/           |          |
|    ep_len_mean     | 77.3     |
|    ep_rew_mean     | -20.2    |
|    success_rate    | 1        |
| time/              |          |
|    episodes        | 1552     |
|    fps             | 54       |
|    time_elapsed    | 2771     |
|    total_timesteps | 151586   |
| train/             |          |
|    actor_loss      | 1.29     |
|    critic_loss     | 0.0206   |
|    ent_coef        | 0.00448  |
|    ent_coef_loss   | -3.66    |
|    learning_rate   | 0.0003   |
|    n_updates       | 149585   |
---------------------------------
---------------------------------
| rollout/           |          |
|    ep_len_mean     | 78       |
|    ep_rew_mean     | -20.7    |
|    success_rate    | 1        |
| time/              |          |
|    episodes        | 1556     |
|    fps             | 54       |
|    time_elapsed    | 2777     |
|    total_timesteps | 151953   |
| train/             |          |
|    actor_loss      | 1.66     |
|    critic_loss     | 0.0128   |
|    ent_coef        | 0.00446  |
|    ent_coef_loss   | 0.11     |
|    learning_rate   | 0.0003   |
|    n_updates       | 149952   |
---------------------------------
---------------------------------
| rollout/           |          |
|    ep_len_mean     | 78.3     |
|    ep_rew_mean     | -20.7    |
|    success_rate    | 1        |
| time/              |          |
|    episodes        | 1560     |
|    fps             | 54       |
|    time_elapsed    | 2782     |
|    total_timesteps | 152245   |
| train/             |          |
|    actor_loss      | 1.91     |
|    critic_loss     | 0.0266   |
|    ent_coef        | 0.00443  |
|    ent_coef_loss   | -2.88    |
|    learning_rate   | 0.0003   |
|    n_updates       | 150244   |
---------------------------------
---------------------------------
| rollout/           |          |
|    ep_len_mean     | 77.8     |
|    ep_rew_mean     | -20.5    |
|    success_rate    | 1        |
| time/              |          |
|    episodes        | 1564     |
|    fps             | 54       |
|    time_elapsed    | 2786     |
|    total_timesteps | 152502   |
| train/             |          |
|    actor_loss      | 2.91     |
|    critic_loss     | 0.0127   |
|    ent_coef        | 0.00449  |
|    ent_coef_loss   | 2.65     |
|    learning_rate   | 0.0003   |
|    n_updates       | 150501   |
---------------------------------
---------------------------------
| rollout/           |          |
|    ep_len_mean     | 77.8     |
|    ep_rew_mean     | -20.4    |
|    success_rate    | 1        |
| time/              |          |
|    episodes        | 1568     |
|    fps             | 54       |
|    time_elapsed    | 2791     |
|    total_timesteps | 152781   |
| train/             |          |
|    actor_loss      | 2.6      |
|    critic_loss     | 0.0134   |
|    ent_coef        | 0.00445  |
|    ent_coef_loss   | 2.21     |
|    learning_rate   | 0.0003   |
|    n_updates       | 150780   |
---------------------------------
---------------------------------
| rollout/           |          |
|    ep_len_mean     | 77.8     |
|    ep_rew_mean     | -20.4    |
|    success_rate    | 1        |
| time/              |          |
|    episodes        | 1572     |
|    fps             | 54       |
|    time_elapsed    | 2796     |
|    total_timesteps | 153091   |
| train/             |          |
|    actor_loss      | 2.99     |
|    critic_loss     | 0.0121   |
|    ent_coef        | 0.00449  |
|    ent_coef_loss   | 3.96     |
|    learning_rate   | 0.0003   |
|    n_updates       | 151090   |
---------------------------------
---------------------------------
| rollout/           |          |
|    ep_len_mean     | 79.3     |
|    ep_rew_mean     | -20.8    |
|    success_rate    | 0.99     |
| time/              |          |
|    episodes        | 1576     |
|    fps             | 54       |
|    time_elapsed    | 2803     |
|    total_timesteps | 153528   |
| train/             |          |
|    actor_loss      | 1.03     |
|    critic_loss     | 0.0128   |
|    ent_coef        | 0.00441  |
|    ent_coef_loss   | -0.873   |
|    learning_rate   | 0.0003   |
|    n_updates       | 151527   |
---------------------------------
---------------------------------
| rollout/           |          |
|    ep_len_mean     | 79.3     |
|    ep_rew_mean     | -20.9    |
|    success_rate    | 0.99     |
| time/              |          |
|    episodes        | 1580     |
|    fps             | 54       |
|    time_elapsed    | 2807     |
|    total_timesteps | 153813   |
| train/             |          |
|    actor_loss      | 2.26     |
|    critic_loss     | 0.0233   |
|    ent_coef        | 0.00443  |
|    ent_coef_loss   | 0.685    |
|    learning_rate   | 0.0003   |
|    n_updates       | 151812   |
---------------------------------
---------------------------------
| rollout/           |          |
|    ep_len_mean     | 79.5     |
|    ep_rew_mean     | -21      |
|    success_rate    | 0.99     |
| time/              |          |
|    episodes        | 1584     |
|    fps             | 54       |
|    time_elapsed    | 2813     |
|    total_timesteps | 154155   |
| train/             |          |
|    actor_loss      | 2.48     |
|    critic_loss     | 0.01     |
|    ent_coef        | 0.00439  |
|    ent_coef_loss   | 0.382    |
|    learning_rate   | 0.0003   |
|    n_updates       | 152154   |
---------------------------------
---------------------------------
| rollout/           |          |
|    ep_len_mean     | 79.4     |
|    ep_rew_mean     | -21      |
|    success_rate    | 0.99     |
| time/              |          |
|    episodes        | 1588     |
|    fps             | 54       |
|    time_elapsed    | 2817     |
|    total_timesteps | 154446   |
| train/             |          |
|    actor_loss      | 2.17     |
|    critic_loss     | 0.0107   |
|    ent_coef        | 0.00436  |
|    ent_coef_loss   | 3.15     |
|    learning_rate   | 0.0003   |
|    n_updates       | 152445   |
---------------------------------
---------------------------------
| rollout/           |          |
|    ep_len_mean     | 79.2     |
|    ep_rew_mean     | -21      |
|    success_rate    | 0.99     |
| time/              |          |
|    episodes        | 1592     |
|    fps             | 54       |
|    time_elapsed    | 2823     |
|    total_timesteps | 154771   |
| train/             |          |
|    actor_loss      | 4.66     |
|    critic_loss     | 0.017    |
|    ent_coef        | 0.00444  |
|    ent_coef_loss   | 0.852    |
|    learning_rate   | 0.0003   |
|    n_updates       | 152770   |
---------------------------------
Eval num_timesteps=155000, episode_reward=-23.30 +/- 9.68
Episode length: 94.47 +/- 48.44
Success rate: 83.33%
---------------------------------
| eval/              |          |
|    mean_ep_length  | 94.5     |
|    mean_reward     | -23.3    |
|    success_rate    | 0.833    |
| time/              |          |
|    total_timesteps | 155000   |
| train/             |          |
|    actor_loss      | 2.72     |
|    critic_loss     | 0.0218   |
|    ent_coef        | 0.00444  |
|    ent_coef_loss   | 0.866    |
|    learning_rate   | 0.0003   |
|    n_updates       | 152999   |
---------------------------------
---------------------------------
| rollout/           |          |
|    ep_len_mean     | 79       |
|    ep_rew_mean     | -20.9    |
|    success_rate    | 0.99     |
| time/              |          |
|    episodes        | 1596     |
|    fps             | 54       |
|    time_elapsed    | 2829     |
|    total_timesteps | 155047   |
| train/             |          |
|    actor_loss      | 1.71     |
|    critic_loss     | 0.0246   |
|    ent_coef        | 0.00444  |
|    ent_coef_loss   | 0.901    |
|    learning_rate   | 0.0003   |
|    n_updates       | 153046   |
---------------------------------
---------------------------------
| rollout/           |          |
|    ep_len_mean     | 79       |
|    ep_rew_mean     | -20.8    |
|    success_rate    | 0.99     |
| time/              |          |
|    episodes        | 1600     |
|    fps             | 54       |
|    time_elapsed    | 2835     |
|    total_timesteps | 155377   |
| train/             |          |
|    actor_loss      | 1.52     |
|    critic_loss     | 0.0138   |
|    ent_coef        | 0.00452  |
|    ent_coef_loss   | 0.563    |
|    learning_rate   | 0.0003   |
|    n_updates       | 153376   |
---------------------------------
---------------------------------
| rollout/           |          |
|    ep_len_mean     | 79.1     |
|    ep_rew_mean     | -20.9    |
|    success_rate    | 0.99     |
| time/              |          |
|    episodes        | 1604     |
|    fps             | 54       |
|    time_elapsed    | 2840     |
|    total_timesteps | 155695   |
| train/             |          |
|    actor_loss      | 1.25     |
|    critic_loss     | 0.0151   |
|    ent_coef        | 0.00444  |
|    ent_coef_loss   | -2.41    |
|    learning_rate   | 0.0003   |
|    n_updates       | 153694   |
---------------------------------
---------------------------------
| rollout/           |          |
|    ep_len_mean     | 78.5     |
|    ep_rew_mean     | -20.9    |
|    success_rate    | 0.99     |
| time/              |          |
|    episodes        | 1608     |
|    fps             | 54       |
|    time_elapsed    | 2845     |
|    total_timesteps | 156016   |
| train/             |          |
|    actor_loss      | 1.89     |
|    critic_loss     | 0.00848  |
|    ent_coef        | 0.00437  |
|    ent_coef_loss   | -0.598   |
|    learning_rate   | 0.0003   |
|    n_updates       | 154015   |
---------------------------------
---------------------------------
| rollout/           |          |
|    ep_len_mean     | 78.3     |
|    ep_rew_mean     | -20.9    |
|    success_rate    | 0.99     |
| time/              |          |
|    episodes        | 1612     |
|    fps             | 54       |
|    time_elapsed    | 2850     |
|    total_timesteps | 156311   |
| train/             |          |
|    actor_loss      | 2.63     |
|    critic_loss     | 0.00938  |
|    ent_coef        | 0.00444  |
|    ent_coef_loss   | -0.0313  |
|    learning_rate   | 0.0003   |
|    n_updates       | 154310   |
---------------------------------
---------------------------------
| rollout/           |          |
|    ep_len_mean     | 78.4     |
|    ep_rew_mean     | -20.9    |
|    success_rate    | 0.99     |
| time/              |          |
|    episodes        | 1616     |
|    fps             | 54       |
|    time_elapsed    | 2856     |
|    total_timesteps | 156619   |
| train/             |          |
|    actor_loss      | 2.91     |
|    critic_loss     | 0.0101   |
|    ent_coef        | 0.00447  |
|    ent_coef_loss   | -1.71    |
|    learning_rate   | 0.0003   |
|    n_updates       | 154618   |
---------------------------------
---------------------------------
| rollout/           |          |
|    ep_len_mean     | 78.4     |
|    ep_rew_mean     | -20.9    |
|    success_rate    | 0.99     |
| time/              |          |
|    episodes        | 1620     |
|    fps             | 54       |
|    time_elapsed    | 2861     |
|    total_timesteps | 156911   |
| train/             |          |
|    actor_loss      | 2.7      |
|    critic_loss     | 0.00973  |
|    ent_coef        | 0.00439  |
|    ent_coef_loss   | 2.51     |
|    learning_rate   | 0.0003   |
|    n_updates       | 154910   |
---------------------------------
---------------------------------
| rollout/           |          |
|    ep_len_mean     | 78.1     |
|    ep_rew_mean     | -20.7    |
|    success_rate    | 0.99     |
| time/              |          |
|    episodes        | 1624     |
|    fps             | 54       |
|    time_elapsed    | 2866     |
|    total_timesteps | 157206   |
| train/             |          |
|    actor_loss      | 2        |
|    critic_loss     | 0.0156   |
|    ent_coef        | 0.00433  |
|    ent_coef_loss   | -0.2     |
|    learning_rate   | 0.0003   |
|    n_updates       | 155205   |
---------------------------------
---------------------------------
| rollout/           |          |
|    ep_len_mean     | 77.9     |
|    ep_rew_mean     | -20.6    |
|    success_rate    | 0.99     |
| time/              |          |
|    episodes        | 1628     |
|    fps             | 54       |
|    time_elapsed    | 2871     |
|    total_timesteps | 157483   |
| train/             |          |
|    actor_loss      | 2.61     |
|    critic_loss     | 0.00883  |
|    ent_coef        | 0.00436  |
|    ent_coef_loss   | 3.34     |
|    learning_rate   | 0.0003   |
|    n_updates       | 155482   |
---------------------------------
---------------------------------
| rollout/           |          |
|    ep_len_mean     | 77.8     |
|    ep_rew_mean     | -20.8    |
|    success_rate    | 0.98     |
| time/              |          |
|    episodes        | 1632     |
|    fps             | 54       |
|    time_elapsed    | 2876     |
|    total_timesteps | 157756   |
| train/             |          |
|    actor_loss      | 2.39     |
|    critic_loss     | 0.0135   |
|    ent_coef        | 0.00435  |
|    ent_coef_loss   | 1.2      |
|    learning_rate   | 0.0003   |
|    n_updates       | 155755   |
---------------------------------
---------------------------------
| rollout/           |          |
|    ep_len_mean     | 78.1     |
|    ep_rew_mean     | -20.9    |
|    success_rate    | 0.98     |
| time/              |          |
|    episodes        | 1636     |
|    fps             | 54       |
|    time_elapsed    | 2881     |
|    total_timesteps | 158049   |
| train/             |          |
|    actor_loss      | 1.69     |
|    critic_loss     | 0.0226   |
|    ent_coef        | 0.0043   |
|    ent_coef_loss   | -0.579   |
|    learning_rate   | 0.0003   |
|    n_updates       | 156048   |
---------------------------------
---------------------------------
| rollout/           |          |
|    ep_len_mean     | 77.7     |
|    ep_rew_mean     | -20.7    |
|    success_rate    | 0.98     |
| time/              |          |
|    episodes        | 1640     |
|    fps             | 54       |
|    time_elapsed    | 2885     |
|    total_timesteps | 158324   |
| train/             |          |
|    actor_loss      | 2.41     |
|    critic_loss     | 0.0156   |
|    ent_coef        | 0.00427  |
|    ent_coef_loss   | -3.35    |
|    learning_rate   | 0.0003   |
|    n_updates       | 156323   |
---------------------------------
---------------------------------
| rollout/           |          |
|    ep_len_mean     | 77.5     |
|    ep_rew_mean     | -20.6    |
|    success_rate    | 0.98     |
| time/              |          |
|    episodes        | 1644     |
|    fps             | 54       |
|    time_elapsed    | 2891     |
|    total_timesteps | 158622   |
| train/             |          |
|    actor_loss      | 2.68     |
|    critic_loss     | 0.0281   |
|    ent_coef        | 0.00426  |
|    ent_coef_loss   | 3.15     |
|    learning_rate   | 0.0003   |
|    n_updates       | 156621   |
---------------------------------
---------------------------------
| rollout/           |          |
|    ep_len_mean     | 76.9     |
|    ep_rew_mean     | -20.6    |
|    success_rate    | 0.98     |
| time/              |          |
|    episodes        | 1648     |
|    fps             | 54       |
|    time_elapsed    | 2895     |
|    total_timesteps | 158896   |
| train/             |          |
|    actor_loss      | 3.66     |
|    critic_loss     | 0.00834  |
|    ent_coef        | 0.00425  |
|    ent_coef_loss   | 3.28     |
|    learning_rate   | 0.0003   |
|    n_updates       | 156895   |
---------------------------------
---------------------------------
| rollout/           |          |
|    ep_len_mean     | 76.1     |
|    ep_rew_mean     | -20.8    |
|    success_rate    | 0.98     |
| time/              |          |
|    episodes        | 1652     |
|    fps             | 54       |
|    time_elapsed    | 2900     |
|    total_timesteps | 159192   |
| train/             |          |
|    actor_loss      | 2.09     |
|    critic_loss     | 0.0102   |
|    ent_coef        | 0.00426  |
|    ent_coef_loss   | 2.05     |
|    learning_rate   | 0.0003   |
|    n_updates       | 157191   |
---------------------------------
---------------------------------
| rollout/           |          |
|    ep_len_mean     | 75       |
|    ep_rew_mean     | -20.2    |
|    success_rate    | 0.98     |
| time/              |          |
|    episodes        | 1656     |
|    fps             | 54       |
|    time_elapsed    | 2905     |
|    total_timesteps | 159451   |
| train/             |          |
|    actor_loss      | 1.15     |
|    critic_loss     | 0.0171   |
|    ent_coef        | 0.00431  |
|    ent_coef_loss   | -1.48    |
|    learning_rate   | 0.0003   |
|    n_updates       | 157450   |
---------------------------------
---------------------------------
| rollout/           |          |
|    ep_len_mean     | 75.2     |
|    ep_rew_mean     | -20.3    |
|    success_rate    | 0.98     |
| time/              |          |
|    episodes        | 1660     |
|    fps             | 54       |
|    time_elapsed    | 2910     |
|    total_timesteps | 159760   |
| train/             |          |
|    actor_loss      | 1.67     |
|    critic_loss     | 0.0131   |
|    ent_coef        | 0.00429  |
|    ent_coef_loss   | 1.26     |
|    learning_rate   | 0.0003   |
|    n_updates       | 157759   |
---------------------------------
Eval num_timesteps=160000, episode_reward=-22.00 +/- 8.36
Episode length: 81.17 +/- 32.55
Success rate: 96.67%
---------------------------------
| eval/              |          |
|    mean_ep_length  | 81.2     |
|    mean_reward     | -22      |
|    success_rate    | 0.967    |
| time/              |          |
|    total_timesteps | 160000   |
| train/             |          |
|    actor_loss      | 1.93     |
|    critic_loss     | 0.016    |
|    ent_coef        | 0.00434  |
|    ent_coef_loss   | 1.25     |
|    learning_rate   | 0.0003   |
|    n_updates       | 157999   |
---------------------------------
---------------------------------
| rollout/           |          |
|    ep_len_mean     | 75.3     |
|    ep_rew_mean     | -20.6    |
|    success_rate    | 0.98     |
| time/              |          |
|    episodes        | 1664     |
|    fps             | 54       |
|    time_elapsed    | 2916     |
|    total_timesteps | 160035   |
| train/             |          |
|    actor_loss      | 2.32     |
|    critic_loss     | 0.011    |
|    ent_coef        | 0.00434  |
|    ent_coef_loss   | 0.3      |
|    learning_rate   | 0.0003   |
|    n_updates       | 158034   |
---------------------------------
---------------------------------
| rollout/           |          |
|    ep_len_mean     | 75.2     |
|    ep_rew_mean     | -20.7    |
|    success_rate    | 0.98     |
| time/              |          |
|    episodes        | 1668     |
|    fps             | 54       |
|    time_elapsed    | 2921     |
|    total_timesteps | 160304   |
| train/             |          |
|    actor_loss      | 2.82     |
|    critic_loss     | 0.00924  |
|    ent_coef        | 0.00423  |
|    ent_coef_loss   | 1.06     |
|    learning_rate   | 0.0003   |
|    n_updates       | 158303   |
---------------------------------
---------------------------------
| rollout/           |          |
|    ep_len_mean     | 75.6     |
|    ep_rew_mean     | -20.7    |
|    success_rate    | 0.98     |
| time/              |          |
|    episodes        | 1672     |
|    fps             | 54       |
|    time_elapsed    | 2927     |
|    total_timesteps | 160649   |
| train/             |          |
|    actor_loss      | 2.23     |
|    critic_loss     | 0.0105   |
|    ent_coef        | 0.00424  |
|    ent_coef_loss   | 2.02     |
|    learning_rate   | 0.0003   |
|    n_updates       | 158648   |
---------------------------------
---------------------------------
| rollout/           |          |
|    ep_len_mean     | 74       |
|    ep_rew_mean     | -20.3    |
|    success_rate    | 0.99     |
| time/              |          |
|    episodes        | 1676     |
|    fps             | 54       |
|    time_elapsed    | 2931     |
|    total_timesteps | 160928   |
| train/             |          |
|    actor_loss      | 2.96     |
|    critic_loss     | 0.0111   |
|    ent_coef        | 0.00427  |
|    ent_coef_loss   | 0.287    |
|    learning_rate   | 0.0003   |
|    n_updates       | 158927   |
---------------------------------
---------------------------------
| rollout/           |          |
|    ep_len_mean     | 74       |
|    ep_rew_mean     | -20.1    |
|    success_rate    | 0.99     |
| time/              |          |
|    episodes        | 1680     |
|    fps             | 54       |
|    time_elapsed    | 2936     |
|    total_timesteps | 161217   |
| train/             |          |
|    actor_loss      | 1.65     |
|    critic_loss     | 0.0177   |
|    ent_coef        | 0.00423  |
|    ent_coef_loss   | -0.864   |
|    learning_rate   | 0.0003   |
|    n_updates       | 159216   |
---------------------------------
---------------------------------
| rollout/           |          |
|    ep_len_mean     | 73.4     |
|    ep_rew_mean     | -20.1    |
|    success_rate    | 0.99     |
| time/              |          |
|    episodes        | 1684     |
|    fps             | 54       |
|    time_elapsed    | 2941     |
|    total_timesteps | 161495   |
| train/             |          |
|    actor_loss      | 1.08     |
|    critic_loss     | 0.0138   |
|    ent_coef        | 0.0042   |
|    ent_coef_loss   | -1.17    |
|    learning_rate   | 0.0003   |
|    n_updates       | 159494   |
---------------------------------
---------------------------------
| rollout/           |          |
|    ep_len_mean     | 73.7     |
|    ep_rew_mean     | -20      |
|    success_rate    | 0.99     |
| time/              |          |
|    episodes        | 1688     |
|    fps             | 54       |
|    time_elapsed    | 2947     |
|    total_timesteps | 161812   |
| train/             |          |
|    actor_loss      | 2.54     |
|    critic_loss     | 0.00877  |
|    ent_coef        | 0.00424  |
|    ent_coef_loss   | 0.25     |
|    learning_rate   | 0.0003   |
|    n_updates       | 159811   |
---------------------------------
---------------------------------
| rollout/           |          |
|    ep_len_mean     | 73.2     |
|    ep_rew_mean     | -19.8    |
|    success_rate    | 0.99     |
| time/              |          |
|    episodes        | 1692     |
|    fps             | 54       |
|    time_elapsed    | 2952     |
|    total_timesteps | 162093   |
| train/             |          |
|    actor_loss      | 0.954    |
|    critic_loss     | 0.0142   |
|    ent_coef        | 0.00417  |
|    ent_coef_loss   | -1.49    |
|    learning_rate   | 0.0003   |
|    n_updates       | 160092   |
---------------------------------
---------------------------------
| rollout/           |          |
|    ep_len_mean     | 73.2     |
|    ep_rew_mean     | -20      |
|    success_rate    | 0.99     |
| time/              |          |
|    episodes        | 1696     |
|    fps             | 54       |
|    time_elapsed    | 2956     |
|    total_timesteps | 162369   |
| train/             |          |
|    actor_loss      | 1.69     |
|    critic_loss     | 0.0163   |
|    ent_coef        | 0.00415  |
|    ent_coef_loss   | -0.0173  |
|    learning_rate   | 0.0003   |
|    n_updates       | 160368   |
---------------------------------
---------------------------------
| rollout/           |          |
|    ep_len_mean     | 73.1     |
|    ep_rew_mean     | -20      |
|    success_rate    | 0.99     |
| time/              |          |
|    episodes        | 1700     |
|    fps             | 54       |
|    time_elapsed    | 2962     |
|    total_timesteps | 162691   |
| train/             |          |
|    actor_loss      | 1.98     |
|    critic_loss     | 0.0127   |
|    ent_coef        | 0.00424  |
|    ent_coef_loss   | -0.475   |
|    learning_rate   | 0.0003   |
|    n_updates       | 160690   |
---------------------------------
---------------------------------
| rollout/           |          |
|    ep_len_mean     | 73.2     |
|    ep_rew_mean     | -19.9    |
|    success_rate    | 0.99     |
| time/              |          |
|    episodes        | 1704     |
|    fps             | 54       |
|    time_elapsed    | 2967     |
|    total_timesteps | 163020   |
| train/             |          |
|    actor_loss      | 3.02     |
|    critic_loss     | 0.00814  |
|    ent_coef        | 0.00415  |
|    ent_coef_loss   | -2.18    |
|    learning_rate   | 0.0003   |
|    n_updates       | 161019   |
---------------------------------
---------------------------------
| rollout/           |          |
|    ep_len_mean     | 73.2     |
|    ep_rew_mean     | -19.8    |
|    success_rate    | 0.99     |
| time/              |          |
|    episodes        | 1708     |
|    fps             | 54       |
|    time_elapsed    | 2973     |
|    total_timesteps | 163338   |
| train/             |          |
|    actor_loss      | 2.36     |
|    critic_loss     | 0.561    |
|    ent_coef        | 0.0041   |
|    ent_coef_loss   | 1.09     |
|    learning_rate   | 0.0003   |
|    n_updates       | 161337   |
---------------------------------
---------------------------------
| rollout/           |          |
|    ep_len_mean     | 73.7     |
|    ep_rew_mean     | -20.1    |
|    success_rate    | 0.99     |
| time/              |          |
|    episodes        | 1712     |
|    fps             | 54       |
|    time_elapsed    | 2979     |
|    total_timesteps | 163683   |
| train/             |          |
|    actor_loss      | 2.23     |
|    critic_loss     | 0.0141   |
|    ent_coef        | 0.00409  |
|    ent_coef_loss   | 3.64     |
|    learning_rate   | 0.0003   |
|    n_updates       | 161682   |
---------------------------------
---------------------------------
| rollout/           |          |
|    ep_len_mean     | 73.8     |
|    ep_rew_mean     | -20.3    |
|    success_rate    | 0.99     |
| time/              |          |
|    episodes        | 1716     |
|    fps             | 54       |
|    time_elapsed    | 2984     |
|    total_timesteps | 163998   |
| train/             |          |
|    actor_loss      | 2.38     |
|    critic_loss     | 0.0101   |
|    ent_coef        | 0.00411  |
|    ent_coef_loss   | 1.66     |
|    learning_rate   | 0.0003   |
|    n_updates       | 161997   |
---------------------------------
---------------------------------
| rollout/           |          |
|    ep_len_mean     | 73.7     |
|    ep_rew_mean     | -20.3    |
|    success_rate    | 0.99     |
| time/              |          |
|    episodes        | 1720     |
|    fps             | 54       |
|    time_elapsed    | 2989     |
|    total_timesteps | 164282   |
| train/             |          |
|    actor_loss      | 3.73     |
|    critic_loss     | 0.00825  |
|    ent_coef        | 0.00411  |
|    ent_coef_loss   | -1.22    |
|    learning_rate   | 0.0003   |
|    n_updates       | 162281   |
---------------------------------
---------------------------------
| rollout/           |          |
|    ep_len_mean     | 73.9     |
|    ep_rew_mean     | -20.4    |
|    success_rate    | 0.99     |
| time/              |          |
|    episodes        | 1724     |
|    fps             | 54       |
|    time_elapsed    | 2994     |
|    total_timesteps | 164595   |
| train/             |          |
|    actor_loss      | 2.07     |
|    critic_loss     | 0.0106   |
|    ent_coef        | 0.00405  |
|    ent_coef_loss   | 0.578    |
|    learning_rate   | 0.0003   |
|    n_updates       | 162594   |
---------------------------------
---------------------------------
| rollout/           |          |
|    ep_len_mean     | 74.2     |
|    ep_rew_mean     | -20.4    |
|    success_rate    | 0.99     |
| time/              |          |
|    episodes        | 1728     |
|    fps             | 54       |
|    time_elapsed    | 2999     |
|    total_timesteps | 164898   |
| train/             |          |
|    actor_loss      | 1.96     |
|    critic_loss     | 0.0208   |
|    ent_coef        | 0.00412  |
|    ent_coef_loss   | 0.101    |
|    learning_rate   | 0.0003   |
|    n_updates       | 162897   |
---------------------------------
Eval num_timesteps=165000, episode_reward=-19.81 +/- 8.84
Episode length: 79.40 +/- 33.82
Success rate: 93.33%
---------------------------------
| eval/              |          |
|    mean_ep_length  | 79.4     |
|    mean_reward     | -19.8    |
|    success_rate    | 0.933    |
| time/              |          |
|    total_timesteps | 165000   |
| train/             |          |
|    actor_loss      | 1.68     |
|    critic_loss     | 0.00754  |
|    ent_coef        | 0.00414  |
|    ent_coef_loss   | 0.164    |
|    learning_rate   | 0.0003   |
|    n_updates       | 162999   |
---------------------------------
---------------------------------
| rollout/           |          |
|    ep_len_mean     | 74.3     |
|    ep_rew_mean     | -20.3    |
|    success_rate    | 1        |
| time/              |          |
|    episodes        | 1732     |
|    fps             | 54       |
|    time_elapsed    | 3005     |
|    total_timesteps | 165187   |
| train/             |          |
|    actor_loss      | 2.12     |
|    critic_loss     | 0.0138   |
|    ent_coef        | 0.0041   |
|    ent_coef_loss   | -0.127   |
|    learning_rate   | 0.0003   |
|    n_updates       | 163186   |
---------------------------------
---------------------------------
| rollout/           |          |
|    ep_len_mean     | 74.2     |
|    ep_rew_mean     | -20.2    |
|    success_rate    | 1        |
| time/              |          |
|    episodes        | 1736     |
|    fps             | 54       |
|    time_elapsed    | 3009     |
|    total_timesteps | 165474   |
| train/             |          |
|    actor_loss      | 2.21     |
|    critic_loss     | 0.00911  |
|    ent_coef        | 0.00418  |
|    ent_coef_loss   | 1.61     |
|    learning_rate   | 0.0003   |
|    n_updates       | 163473   |
---------------------------------
---------------------------------
| rollout/           |          |
|    ep_len_mean     | 75.7     |
|    ep_rew_mean     | -20.7    |
|    success_rate    | 0.99     |
| time/              |          |
|    episodes        | 1740     |
|    fps             | 54       |
|    time_elapsed    | 3016     |
|    total_timesteps | 165898   |
| train/             |          |
|    actor_loss      | 2.26     |
|    critic_loss     | 0.0395   |
|    ent_coef        | 0.00427  |
|    ent_coef_loss   | -0.742   |
|    learning_rate   | 0.0003   |
|    n_updates       | 163897   |
---------------------------------
---------------------------------
| rollout/           |          |
|    ep_len_mean     | 75.6     |
|    ep_rew_mean     | -20.6    |
|    success_rate    | 0.99     |
| time/              |          |
|    episodes        | 1744     |
|    fps             | 54       |
|    time_elapsed    | 3021     |
|    total_timesteps | 166178   |
| train/             |          |
|    actor_loss      | 1.91     |
|    critic_loss     | 0.00708  |
|    ent_coef        | 0.00418  |
|    ent_coef_loss   | 2.53     |
|    learning_rate   | 0.0003   |
|    n_updates       | 164177   |
---------------------------------
---------------------------------
| rollout/           |          |
|    ep_len_mean     | 76.1     |
|    ep_rew_mean     | -20.7    |
|    success_rate    | 0.99     |
| time/              |          |
|    episodes        | 1748     |
|    fps             | 55       |
|    time_elapsed    | 3026     |
|    total_timesteps | 166510   |
| train/             |          |
|    actor_loss      | 1.69     |
|    critic_loss     | 0.0101   |
|    ent_coef        | 0.00412  |
|    ent_coef_loss   | -0.803   |
|    learning_rate   | 0.0003   |
|    n_updates       | 164509   |
---------------------------------
---------------------------------
| rollout/           |          |
|    ep_len_mean     | 75.8     |
|    ep_rew_mean     | -20.6    |
|    success_rate    | 0.99     |
| time/              |          |
|    episodes        | 1752     |
|    fps             | 55       |
|    time_elapsed    | 3031     |
|    total_timesteps | 166770   |
| train/             |          |
|    actor_loss      | 1.27     |
|    critic_loss     | 0.0147   |
|    ent_coef        | 0.00419  |
|    ent_coef_loss   | -0.918   |
|    learning_rate   | 0.0003   |
|    n_updates       | 164769   |
---------------------------------
---------------------------------
| rollout/           |          |
|    ep_len_mean     | 75.9     |
|    ep_rew_mean     | -20.9    |
|    success_rate    | 0.99     |
| time/              |          |
|    episodes        | 1756     |
|    fps             | 55       |
|    time_elapsed    | 3035     |
|    total_timesteps | 167041   |
| train/             |          |
|    actor_loss      | 2.98     |
|    critic_loss     | 0.0106   |
|    ent_coef        | 0.0042   |
|    ent_coef_loss   | 2.4      |
|    learning_rate   | 0.0003   |
|    n_updates       | 165040   |
---------------------------------
---------------------------------
| rollout/           |          |
|    ep_len_mean     | 76.2     |
|    ep_rew_mean     | -21.1    |
|    success_rate    | 0.99     |
| time/              |          |
|    episodes        | 1760     |
|    fps             | 55       |
|    time_elapsed    | 3041     |
|    total_timesteps | 167381   |
| train/             |          |
|    actor_loss      | 2.47     |
|    critic_loss     | 0.009    |
|    ent_coef        | 0.00413  |
|    ent_coef_loss   | 1.59     |
|    learning_rate   | 0.0003   |
|    n_updates       | 165380   |
---------------------------------
---------------------------------
| rollout/           |          |
|    ep_len_mean     | 76.2     |
|    ep_rew_mean     | -21      |
|    success_rate    | 0.99     |
| time/              |          |
|    episodes        | 1764     |
|    fps             | 55       |
|    time_elapsed    | 3045     |
|    total_timesteps | 167659   |
| train/             |          |
|    actor_loss      | 1.68     |
|    critic_loss     | 0.0113   |
|    ent_coef        | 0.00415  |
|    ent_coef_loss   | 0.712    |
|    learning_rate   | 0.0003   |
|    n_updates       | 165658   |
---------------------------------
---------------------------------
| rollout/           |          |
|    ep_len_mean     | 75.8     |
|    ep_rew_mean     | -20.9    |
|    success_rate    | 0.99     |
| time/              |          |
|    episodes        | 1768     |
|    fps             | 55       |
|    time_elapsed    | 3049     |
|    total_timesteps | 167889   |
| train/             |          |
|    actor_loss      | 3.09     |
|    critic_loss     | 0.0145   |
|    ent_coef        | 0.00413  |
|    ent_coef_loss   | -1.01    |
|    learning_rate   | 0.0003   |
|    n_updates       | 165888   |
---------------------------------
---------------------------------
| rollout/           |          |
|    ep_len_mean     | 75       |
|    ep_rew_mean     | -20.5    |
|    success_rate    | 0.99     |
| time/              |          |
|    episodes        | 1772     |
|    fps             | 55       |
|    time_elapsed    | 3054     |
|    total_timesteps | 168148   |
| train/             |          |
|    actor_loss      | 2.52     |
|    critic_loss     | 0.0107   |
|    ent_coef        | 0.00419  |
|    ent_coef_loss   | -0.642   |
|    learning_rate   | 0.0003   |
|    n_updates       | 166147   |
---------------------------------
---------------------------------
| rollout/           |          |
|    ep_len_mean     | 74.8     |
|    ep_rew_mean     | -20.7    |
|    success_rate    | 0.99     |
| time/              |          |
|    episodes        | 1776     |
|    fps             | 55       |
|    time_elapsed    | 3058     |
|    total_timesteps | 168409   |
| train/             |          |
|    actor_loss      | 1.9      |
|    critic_loss     | 0.0149   |
|    ent_coef        | 0.00417  |
|    ent_coef_loss   | -1.95    |
|    learning_rate   | 0.0003   |
|    n_updates       | 166408   |
---------------------------------
---------------------------------
| rollout/           |          |
|    ep_len_mean     | 74.6     |
|    ep_rew_mean     | -20.6    |
|    success_rate    | 0.99     |
| time/              |          |
|    episodes        | 1780     |
|    fps             | 55       |
|    time_elapsed    | 3063     |
|    total_timesteps | 168679   |
| train/             |          |
|    actor_loss      | 2.33     |
|    critic_loss     | 0.00961  |
|    ent_coef        | 0.00422  |
|    ent_coef_loss   | 0.619    |
|    learning_rate   | 0.0003   |
|    n_updates       | 166678   |
---------------------------------
---------------------------------
| rollout/           |          |
|    ep_len_mean     | 75.1     |
|    ep_rew_mean     | -20.7    |
|    success_rate    | 0.99     |
| time/              |          |
|    episodes        | 1784     |
|    fps             | 55       |
|    time_elapsed    | 3068     |
|    total_timesteps | 169003   |
| train/             |          |
|    actor_loss      | 1.7      |
|    critic_loss     | 0.0105   |
|    ent_coef        | 0.0042   |
|    ent_coef_loss   | 2.11     |
|    learning_rate   | 0.0003   |
|    n_updates       | 167002   |
---------------------------------
---------------------------------
| rollout/           |          |
|    ep_len_mean     | 74.6     |
|    ep_rew_mean     | -20.6    |
|    success_rate    | 0.99     |
| time/              |          |
|    episodes        | 1788     |
|    fps             | 55       |
|    time_elapsed    | 3072     |
|    total_timesteps | 169268   |
| train/             |          |
|    actor_loss      | 1.77     |
|    critic_loss     | 0.0118   |
|    ent_coef        | 0.00421  |
|    ent_coef_loss   | 0.342    |
|    learning_rate   | 0.0003   |
|    n_updates       | 167267   |
---------------------------------
---------------------------------
| rollout/           |          |
|    ep_len_mean     | 74.7     |
|    ep_rew_mean     | -20.6    |
|    success_rate    | 0.99     |
| time/              |          |
|    episodes        | 1792     |
|    fps             | 55       |
|    time_elapsed    | 3077     |
|    total_timesteps | 169562   |
| train/             |          |
|    actor_loss      | 1.8      |
|    critic_loss     | 0.013    |
|    ent_coef        | 0.00418  |
|    ent_coef_loss   | 1.42     |
|    learning_rate   | 0.0003   |
|    n_updates       | 167561   |
---------------------------------
---------------------------------
| rollout/           |          |
|    ep_len_mean     | 75.1     |
|    ep_rew_mean     | -20.8    |
|    success_rate    | 0.99     |
| time/              |          |
|    episodes        | 1796     |
|    fps             | 55       |
|    time_elapsed    | 3082     |
|    total_timesteps | 169878   |
| train/             |          |
|    actor_loss      | 1.51     |
|    critic_loss     | 0.0155   |
|    ent_coef        | 0.00412  |
|    ent_coef_loss   | -1.51    |
|    learning_rate   | 0.0003   |
|    n_updates       | 167877   |
---------------------------------
Eval num_timesteps=170000, episode_reward=-23.11 +/- 8.98
Episode length: 86.93 +/- 34.16
Success rate: 90.00%
---------------------------------
| eval/              |          |
|    mean_ep_length  | 86.9     |
|    mean_reward     | -23.1    |
|    success_rate    | 0.9      |
| time/              |          |
|    total_timesteps | 170000   |
| train/             |          |
|    actor_loss      | 2.45     |
|    critic_loss     | 0.0149   |
|    ent_coef        | 0.00409  |
|    ent_coef_loss   | 3.22     |
|    learning_rate   | 0.0003   |
|    n_updates       | 167999   |
---------------------------------
---------------------------------
| rollout/           |          |
|    ep_len_mean     | 74.9     |
|    ep_rew_mean     | -20.7    |
|    success_rate    | 0.99     |
| time/              |          |
|    episodes        | 1800     |
|    fps             | 55       |
|    time_elapsed    | 3089     |
|    total_timesteps | 170185   |
| train/             |          |
|    actor_loss      | 2.87     |
|    critic_loss     | 0.0147   |
|    ent_coef        | 0.00418  |
|    ent_coef_loss   | 0.756    |
|    learning_rate   | 0.0003   |
|    n_updates       | 168184   |
---------------------------------
---------------------------------
| rollout/           |          |
|    ep_len_mean     | 74.9     |
|    ep_rew_mean     | -20.9    |
|    success_rate    | 0.99     |
| time/              |          |
|    episodes        | 1804     |
|    fps             | 55       |
|    time_elapsed    | 3094     |
|    total_timesteps | 170510   |
| train/             |          |
|    actor_loss      | 1.54     |
|    critic_loss     | 0.0113   |
|    ent_coef        | 0.00417  |
|    ent_coef_loss   | -0.761   |
|    learning_rate   | 0.0003   |
|    n_updates       | 168509   |
---------------------------------
---------------------------------
| rollout/           |          |
|    ep_len_mean     | 74.7     |
|    ep_rew_mean     | -20.8    |
|    success_rate    | 0.99     |
| time/              |          |
|    episodes        | 1808     |
|    fps             | 55       |
|    time_elapsed    | 3099     |
|    total_timesteps | 170808   |
| train/             |          |
|    actor_loss      | 3.34     |
|    critic_loss     | 0.0152   |
|    ent_coef        | 0.00414  |
|    ent_coef_loss   | -0.824   |
|    learning_rate   | 0.0003   |
|    n_updates       | 168807   |
---------------------------------
---------------------------------
| rollout/           |          |
|    ep_len_mean     | 74.3     |
|    ep_rew_mean     | -20.6    |
|    success_rate    | 0.99     |
| time/              |          |
|    episodes        | 1812     |
|    fps             | 55       |
|    time_elapsed    | 3104     |
|    total_timesteps | 171114   |
| train/             |          |
|    actor_loss      | 2.82     |
|    critic_loss     | 0.0264   |
|    ent_coef        | 0.0042   |
|    ent_coef_loss   | 1.87     |
|    learning_rate   | 0.0003   |
|    n_updates       | 169113   |
---------------------------------
---------------------------------
| rollout/           |          |
|    ep_len_mean     | 73.7     |
|    ep_rew_mean     | -20.2    |
|    success_rate    | 0.99     |
| time/              |          |
|    episodes        | 1816     |
|    fps             | 55       |
|    time_elapsed    | 3108     |
|    total_timesteps | 171363   |
| train/             |          |
|    actor_loss      | 2.13     |
|    critic_loss     | 0.027    |
|    ent_coef        | 0.00426  |
|    ent_coef_loss   | 0.96     |
|    learning_rate   | 0.0003   |
|    n_updates       | 169362   |
---------------------------------
---------------------------------
| rollout/           |          |
|    ep_len_mean     | 73.4     |
|    ep_rew_mean     | -20.2    |
|    success_rate    | 0.99     |
| time/              |          |
|    episodes        | 1820     |
|    fps             | 55       |
|    time_elapsed    | 3112     |
|    total_timesteps | 171619   |
| train/             |          |
|    actor_loss      | 2.9      |
|    critic_loss     | 0.00772  |
|    ent_coef        | 0.00424  |
|    ent_coef_loss   | 0.205    |
|    learning_rate   | 0.0003   |
|    n_updates       | 169618   |
---------------------------------
---------------------------------
| rollout/           |          |
|    ep_len_mean     | 73       |
|    ep_rew_mean     | -20      |
|    success_rate    | 0.99     |
| time/              |          |
|    episodes        | 1824     |
|    fps             | 55       |
|    time_elapsed    | 3116     |
|    total_timesteps | 171892   |
| train/             |          |
|    actor_loss      | 1.96     |
|    critic_loss     | 0.0108   |
|    ent_coef        | 0.0042   |
|    ent_coef_loss   | 3.24     |
|    learning_rate   | 0.0003   |
|    n_updates       | 169891   |
---------------------------------
---------------------------------
| rollout/           |          |
|    ep_len_mean     | 73.2     |
|    ep_rew_mean     | -20.2    |
|    success_rate    | 0.99     |
| time/              |          |
|    episodes        | 1828     |
|    fps             | 55       |
|    time_elapsed    | 3122     |
|    total_timesteps | 172221   |
| train/             |          |
|    actor_loss      | 2.13     |
|    critic_loss     | 0.0154   |
|    ent_coef        | 0.00426  |
|    ent_coef_loss   | -0.462   |
|    learning_rate   | 0.0003   |
|    n_updates       | 170220   |
---------------------------------
---------------------------------
| rollout/           |          |
|    ep_len_mean     | 73.5     |
|    ep_rew_mean     | -20.3    |
|    success_rate    | 0.99     |
| time/              |          |
|    episodes        | 1832     |
|    fps             | 55       |
|    time_elapsed    | 3127     |
|    total_timesteps | 172536   |
| train/             |          |
|    actor_loss      | 2.09     |
|    critic_loss     | 0.00976  |
|    ent_coef        | 0.00424  |
|    ent_coef_loss   | -1.58    |
|    learning_rate   | 0.0003   |
|    n_updates       | 170535   |
---------------------------------
---------------------------------
| rollout/           |          |
|    ep_len_mean     | 73.5     |
|    ep_rew_mean     | -20.4    |
|    success_rate    | 0.99     |
| time/              |          |
|    episodes        | 1836     |
|    fps             | 55       |
|    time_elapsed    | 3131     |
|    total_timesteps | 172821   |
| train/             |          |
|    actor_loss      | 1.53     |
|    critic_loss     | 0.00813  |
|    ent_coef        | 0.00418  |
|    ent_coef_loss   | -0.473   |
|    learning_rate   | 0.0003   |
|    n_updates       | 170820   |
---------------------------------
---------------------------------
| rollout/           |          |
|    ep_len_mean     | 72.2     |
|    ep_rew_mean     | -20      |
|    success_rate    | 1        |
| time/              |          |
|    episodes        | 1840     |
|    fps             | 55       |
|    time_elapsed    | 3136     |
|    total_timesteps | 173118   |
| train/             |          |
|    actor_loss      | 1.43     |
|    critic_loss     | 0.0105   |
|    ent_coef        | 0.00415  |
|    ent_coef_loss   | -0.852   |
|    learning_rate   | 0.0003   |
|    n_updates       | 171117   |
---------------------------------
---------------------------------
| rollout/           |          |
|    ep_len_mean     | 72       |
|    ep_rew_mean     | -19.8    |
|    success_rate    | 1        |
| time/              |          |
|    episodes        | 1844     |
|    fps             | 55       |
|    time_elapsed    | 3140     |
|    total_timesteps | 173380   |
| train/             |          |
|    actor_loss      | 1.98     |
|    critic_loss     | 0.0243   |
|    ent_coef        | 0.00407  |
|    ent_coef_loss   | 0.519    |
|    learning_rate   | 0.0003   |
|    n_updates       | 171379   |
---------------------------------
---------------------------------
| rollout/           |          |
|    ep_len_mean     | 71.8     |
|    ep_rew_mean     | -19.8    |
|    success_rate    | 1        |
| time/              |          |
|    episodes        | 1848     |
|    fps             | 55       |
|    time_elapsed    | 3145     |
|    total_timesteps | 173685   |
| train/             |          |
|    actor_loss      | 2.17     |
|    critic_loss     | 0.0118   |
|    ent_coef        | 0.00413  |
|    ent_coef_loss   | 2.56     |
|    learning_rate   | 0.0003   |
|    n_updates       | 171684   |
---------------------------------
---------------------------------
| rollout/           |          |
|    ep_len_mean     | 71.7     |
|    ep_rew_mean     | -19.7    |
|    success_rate    | 1        |
| time/              |          |
|    episodes        | 1852     |
|    fps             | 55       |
|    time_elapsed    | 3149     |
|    total_timesteps | 173940   |
| train/             |          |
|    actor_loss      | 1.28     |
|    critic_loss     | 0.0108   |
|    ent_coef        | 0.00409  |
|    ent_coef_loss   | -0.229   |
|    learning_rate   | 0.0003   |
|    n_updates       | 171939   |
---------------------------------
---------------------------------
| rollout/           |          |
|    ep_len_mean     | 71.8     |
|    ep_rew_mean     | -19.5    |
|    success_rate    | 1        |
| time/              |          |
|    episodes        | 1856     |
|    fps             | 55       |
|    time_elapsed    | 3154     |
|    total_timesteps | 174223   |
| train/             |          |
|    actor_loss      | 1.84     |
|    critic_loss     | 0.00984  |
|    ent_coef        | 0.00412  |
|    ent_coef_loss   | 1.32     |
|    learning_rate   | 0.0003   |
|    n_updates       | 172222   |
---------------------------------
---------------------------------
| rollout/           |          |
|    ep_len_mean     | 70.7     |
|    ep_rew_mean     | -19      |
|    success_rate    | 1        |
| time/              |          |
|    episodes        | 1860     |
|    fps             | 55       |
|    time_elapsed    | 3158     |
|    total_timesteps | 174446   |
| train/             |          |
|    actor_loss      | 1.48     |
|    critic_loss     | 0.0102   |
|    ent_coef        | 0.00416  |
|    ent_coef_loss   | -0.731   |
|    learning_rate   | 0.0003   |
|    n_updates       | 172445   |
---------------------------------
---------------------------------
| rollout/           |          |
|    ep_len_mean     | 70.8     |
|    ep_rew_mean     | -19.2    |
|    success_rate    | 1        |
| time/              |          |
|    episodes        | 1864     |
|    fps             | 55       |
|    time_elapsed    | 3162     |
|    total_timesteps | 174739   |
| train/             |          |
|    actor_loss      | 1.47     |
|    critic_loss     | 0.00994  |
|    ent_coef        | 0.00416  |
|    ent_coef_loss   | 0.934    |
|    learning_rate   | 0.0003   |
|    n_updates       | 172738   |
---------------------------------
Eval num_timesteps=175000, episode_reward=-19.16 +/- 6.26
Episode length: 76.77 +/- 24.62
Success rate: 96.67%
---------------------------------
| eval/              |          |
|    mean_ep_length  | 76.8     |
|    mean_reward     | -19.2    |
|    success_rate    | 0.967    |
| time/              |          |
|    total_timesteps | 175000   |
| train/             |          |
|    actor_loss      | 1.08     |
|    critic_loss     | 0.0256   |
|    ent_coef        | 0.00413  |
|    ent_coef_loss   | -1.71    |
|    learning_rate   | 0.0003   |
|    n_updates       | 172999   |
---------------------------------
---------------------------------
| rollout/           |          |
|    ep_len_mean     | 71.8     |
|    ep_rew_mean     | -19.6    |
|    success_rate    | 1        |
| time/              |          |
|    episodes        | 1868     |
|    fps             | 55       |
|    time_elapsed    | 3169     |
|    total_timesteps | 175067   |
| train/             |          |
|    actor_loss      | 2.39     |
|    critic_loss     | 0.0419   |
|    ent_coef        | 0.00412  |
|    ent_coef_loss   | 0.043    |
|    learning_rate   | 0.0003   |
|    n_updates       | 173066   |
---------------------------------
---------------------------------
| rollout/           |          |
|    ep_len_mean     | 72.2     |
|    ep_rew_mean     | -19.9    |
|    success_rate    | 1        |
| time/              |          |
|    episodes        | 1872     |
|    fps             | 55       |
|    time_elapsed    | 3174     |
|    total_timesteps | 175363   |
| train/             |          |
|    actor_loss      | 1.82     |
|    critic_loss     | 0.00912  |
|    ent_coef        | 0.00412  |
|    ent_coef_loss   | 0.247    |
|    learning_rate   | 0.0003   |
|    n_updates       | 173362   |
---------------------------------
---------------------------------
| rollout/           |          |
|    ep_len_mean     | 72.1     |
|    ep_rew_mean     | -19.8    |
|    success_rate    | 1        |
| time/              |          |
|    episodes        | 1876     |
|    fps             | 55       |
|    time_elapsed    | 3178     |
|    total_timesteps | 175618   |
| train/             |          |
|    actor_loss      | 2.92     |
|    critic_loss     | 0.0126   |
|    ent_coef        | 0.00415  |
|    ent_coef_loss   | 2.27     |
|    learning_rate   | 0.0003   |
|    n_updates       | 173617   |
---------------------------------
---------------------------------
| rollout/           |          |
|    ep_len_mean     | 72.3     |
|    ep_rew_mean     | -20      |
|    success_rate    | 1        |
| time/              |          |
|    episodes        | 1880     |
|    fps             | 55       |
|    time_elapsed    | 3183     |
|    total_timesteps | 175910   |
| train/             |          |
|    actor_loss      | 3.18     |
|    critic_loss     | 0.0123   |
|    ent_coef        | 0.0041   |
|    ent_coef_loss   | -0.97    |
|    learning_rate   | 0.0003   |
|    n_updates       | 173909   |
---------------------------------
---------------------------------
| rollout/           |          |
|    ep_len_mean     | 71.7     |
|    ep_rew_mean     | -19.7    |
|    success_rate    | 1        |
| time/              |          |
|    episodes        | 1884     |
|    fps             | 55       |
|    time_elapsed    | 3187     |
|    total_timesteps | 176177   |
| train/             |          |
|    actor_loss      | 1.86     |
|    critic_loss     | 0.0141   |
|    ent_coef        | 0.0041   |
|    ent_coef_loss   | -0.822   |
|    learning_rate   | 0.0003   |
|    n_updates       | 174176   |
---------------------------------
---------------------------------
| rollout/           |          |
|    ep_len_mean     | 72.2     |
|    ep_rew_mean     | -19.8    |
|    success_rate    | 1        |
| time/              |          |
|    episodes        | 1888     |
|    fps             | 55       |
|    time_elapsed    | 3192     |
|    total_timesteps | 176488   |
| train/             |          |
|    actor_loss      | 2.59     |
|    critic_loss     | 0.00816  |
|    ent_coef        | 0.00413  |
|    ent_coef_loss   | -0.789   |
|    learning_rate   | 0.0003   |
|    n_updates       | 174487   |
---------------------------------
---------------------------------
| rollout/           |          |
|    ep_len_mean     | 72.3     |
|    ep_rew_mean     | -19.7    |
|    success_rate    | 1        |
| time/              |          |
|    episodes        | 1892     |
|    fps             | 55       |
|    time_elapsed    | 3197     |
|    total_timesteps | 176792   |
| train/             |          |
|    actor_loss      | 2.78     |
|    critic_loss     | 0.0203   |
|    ent_coef        | 0.00411  |
|    ent_coef_loss   | 1.73     |
|    learning_rate   | 0.0003   |
|    n_updates       | 174791   |
---------------------------------
---------------------------------
| rollout/           |          |
|    ep_len_mean     | 72.1     |
|    ep_rew_mean     | -19.6    |
|    success_rate    | 1        |
| time/              |          |
|    episodes        | 1896     |
|    fps             | 55       |
|    time_elapsed    | 3202     |
|    total_timesteps | 177092   |
| train/             |          |
|    actor_loss      | 2.79     |
|    critic_loss     | 0.01     |
|    ent_coef        | 0.0042   |
|    ent_coef_loss   | 1.86     |
|    learning_rate   | 0.0003   |
|    n_updates       | 175091   |
---------------------------------
---------------------------------
| rollout/           |          |
|    ep_len_mean     | 71.9     |
|    ep_rew_mean     | -19.6    |
|    success_rate    | 1        |
| time/              |          |
|    episodes        | 1900     |
|    fps             | 55       |
|    time_elapsed    | 3206     |
|    total_timesteps | 177376   |
| train/             |          |
|    actor_loss      | 2.6      |
|    critic_loss     | 0.00887  |
|    ent_coef        | 0.00416  |
|    ent_coef_loss   | 1.46     |
|    learning_rate   | 0.0003   |
|    n_updates       | 175375   |
---------------------------------
---------------------------------
| rollout/           |          |
|    ep_len_mean     | 71.5     |
|    ep_rew_mean     | -19.3    |
|    success_rate    | 1        |
| time/              |          |
|    episodes        | 1904     |
|    fps             | 55       |
|    time_elapsed    | 3211     |
|    total_timesteps | 177659   |
| train/             |          |
|    actor_loss      | 2.07     |
|    critic_loss     | 0.00855  |
|    ent_coef        | 0.00417  |
|    ent_coef_loss   | -0.51    |
|    learning_rate   | 0.0003   |
|    n_updates       | 175658   |
---------------------------------
---------------------------------
| rollout/           |          |
|    ep_len_mean     | 71.4     |
|    ep_rew_mean     | -19.3    |
|    success_rate    | 1        |
| time/              |          |
|    episodes        | 1908     |
|    fps             | 55       |
|    time_elapsed    | 3215     |
|    total_timesteps | 177949   |
| train/             |          |
|    actor_loss      | 0.649    |
|    critic_loss     | 0.00998  |
|    ent_coef        | 0.00403  |
|    ent_coef_loss   | -3.31    |
|    learning_rate   | 0.0003   |
|    n_updates       | 175948   |
---------------------------------
---------------------------------
| rollout/           |          |
|    ep_len_mean     | 71.4     |
|    ep_rew_mean     | -19.2    |
|    success_rate    | 1        |
| time/              |          |
|    episodes        | 1912     |
|    fps             | 55       |
|    time_elapsed    | 3220     |
|    total_timesteps | 178254   |
| train/             |          |
|    actor_loss      | 3.17     |
|    critic_loss     | 0.00972  |
|    ent_coef        | 0.00398  |
|    ent_coef_loss   | 3.59     |
|    learning_rate   | 0.0003   |
|    n_updates       | 176253   |
---------------------------------
---------------------------------
| rollout/           |          |
|    ep_len_mean     | 71.8     |
|    ep_rew_mean     | -19.4    |
|    success_rate    | 1        |
| time/              |          |
|    episodes        | 1916     |
|    fps             | 55       |
|    time_elapsed    | 3225     |
|    total_timesteps | 178538   |
| train/             |          |
|    actor_loss      | 1.54     |
|    critic_loss     | 0.0176   |
|    ent_coef        | 0.00406  |
|    ent_coef_loss   | -1.84    |
|    learning_rate   | 0.0003   |
|    n_updates       | 176537   |
---------------------------------
---------------------------------
| rollout/           |          |
|    ep_len_mean     | 72.2     |
|    ep_rew_mean     | -19.5    |
|    success_rate    | 1        |
| time/              |          |
|    episodes        | 1920     |
|    fps             | 55       |
|    time_elapsed    | 3230     |
|    total_timesteps | 178840   |
| train/             |          |
|    actor_loss      | 3        |
|    critic_loss     | 0.013    |
|    ent_coef        | 0.00407  |
|    ent_coef_loss   | -1.12    |
|    learning_rate   | 0.0003   |
|    n_updates       | 176839   |
---------------------------------
---------------------------------
| rollout/           |          |
|    ep_len_mean     | 72.1     |
|    ep_rew_mean     | -19.4    |
|    success_rate    | 1        |
| time/              |          |
|    episodes        | 1924     |
|    fps             | 55       |
|    time_elapsed    | 3234     |
|    total_timesteps | 179105   |
| train/             |          |
|    actor_loss      | 2.52     |
|    critic_loss     | 0.00982  |
|    ent_coef        | 0.00408  |
|    ent_coef_loss   | -0.555   |
|    learning_rate   | 0.0003   |
|    n_updates       | 177104   |
---------------------------------
---------------------------------
| rollout/           |          |
|    ep_len_mean     | 71.4     |
|    ep_rew_mean     | -19.1    |
|    success_rate    | 1        |
| time/              |          |
|    episodes        | 1928     |
|    fps             | 55       |
|    time_elapsed    | 3238     |
|    total_timesteps | 179363   |
| train/             |          |
|    actor_loss      | 1.8      |
|    critic_loss     | 0.00768  |
|    ent_coef        | 0.00409  |
|    ent_coef_loss   | 0.51     |
|    learning_rate   | 0.0003   |
|    n_updates       | 177362   |
---------------------------------
---------------------------------
| rollout/           |          |
|    ep_len_mean     | 71       |
|    ep_rew_mean     | -18.9    |
|    success_rate    | 1        |
| time/              |          |
|    episodes        | 1932     |
|    fps             | 55       |
|    time_elapsed    | 3243     |
|    total_timesteps | 179636   |
| train/             |          |
|    actor_loss      | 3.13     |
|    critic_loss     | 0.0155   |
|    ent_coef        | 0.00403  |
|    ent_coef_loss   | -0.331   |
|    learning_rate   | 0.0003   |
|    n_updates       | 177635   |
---------------------------------
---------------------------------
| rollout/           |          |
|    ep_len_mean     | 71       |
|    ep_rew_mean     | -18.7    |
|    success_rate    | 1        |
| time/              |          |
|    episodes        | 1936     |
|    fps             | 55       |
|    time_elapsed    | 3247     |
|    total_timesteps | 179916   |
| train/             |          |
|    actor_loss      | 2.64     |
|    critic_loss     | 0.011    |
|    ent_coef        | 0.0041   |
|    ent_coef_loss   | 0.329    |
|    learning_rate   | 0.0003   |
|    n_updates       | 177915   |
---------------------------------
Eval num_timesteps=180000, episode_reward=-19.56 +/- 6.83
Episode length: 71.80 +/- 25.86
Success rate: 96.67%
---------------------------------
| eval/              |          |
|    mean_ep_length  | 71.8     |
|    mean_reward     | -19.6    |
|    success_rate    | 0.967    |
| time/              |          |
|    total_timesteps | 180000   |
| train/             |          |
|    actor_loss      | 1.63     |
|    critic_loss     | 0.0123   |
|    ent_coef        | 0.00412  |
|    ent_coef_loss   | 0.387    |
|    learning_rate   | 0.0003   |
|    n_updates       | 177999   |
---------------------------------
---------------------------------
| rollout/           |          |
|    ep_len_mean     | 70.3     |
|    ep_rew_mean     | -18.5    |
|    success_rate    | 1        |
| time/              |          |
|    episodes        | 1940     |
|    fps             | 55       |
|    time_elapsed    | 3252     |
|    total_timesteps | 180150   |
| train/             |          |
|    actor_loss      | 1.51     |
|    critic_loss     | 0.0105   |
|    ent_coef        | 0.00408  |
|    ent_coef_loss   | -2.53    |
|    learning_rate   | 0.0003   |
|    n_updates       | 178149   |
---------------------------------
---------------------------------
| rollout/           |          |
|    ep_len_mean     | 70.7     |
|    ep_rew_mean     | -18.8    |
|    success_rate    | 1        |
| time/              |          |
|    episodes        | 1944     |
|    fps             | 55       |
|    time_elapsed    | 3257     |
|    total_timesteps | 180450   |
| train/             |          |
|    actor_loss      | 1.77     |
|    critic_loss     | 0.0115   |
|    ent_coef        | 0.0041   |
|    ent_coef_loss   | -0.01    |
|    learning_rate   | 0.0003   |
|    n_updates       | 178449   |
---------------------------------
---------------------------------
| rollout/           |          |
|    ep_len_mean     | 70.4     |
|    ep_rew_mean     | -18.6    |
|    success_rate    | 1        |
| time/              |          |
|    episodes        | 1948     |
|    fps             | 55       |
|    time_elapsed    | 3262     |
|    total_timesteps | 180721   |
| train/             |          |
|    actor_loss      | 2.78     |
|    critic_loss     | 0.00778  |
|    ent_coef        | 0.00411  |
|    ent_coef_loss   | -0.121   |
|    learning_rate   | 0.0003   |
|    n_updates       | 178720   |
---------------------------------
---------------------------------
| rollout/           |          |
|    ep_len_mean     | 70.8     |
|    ep_rew_mean     | -18.7    |
|    success_rate    | 1        |
| time/              |          |
|    episodes        | 1952     |
|    fps             | 55       |
|    time_elapsed    | 3266     |
|    total_timesteps | 181022   |
| train/             |          |
|    actor_loss      | 2.5      |
|    critic_loss     | 0.0104   |
|    ent_coef        | 0.00411  |
|    ent_coef_loss   | 1.55     |
|    learning_rate   | 0.0003   |
|    n_updates       | 179021   |
---------------------------------
---------------------------------
| rollout/           |          |
|    ep_len_mean     | 70.5     |
|    ep_rew_mean     | -18.5    |
|    success_rate    | 1        |
| time/              |          |
|    episodes        | 1956     |
|    fps             | 55       |
|    time_elapsed    | 3270     |
|    total_timesteps | 181269   |
| train/             |          |
|    actor_loss      | 2.3      |
|    critic_loss     | 0.00615  |
|    ent_coef        | 0.00412  |
|    ent_coef_loss   | 0.543    |
|    learning_rate   | 0.0003   |
|    n_updates       | 179268   |
---------------------------------
---------------------------------
| rollout/           |          |
|    ep_len_mean     | 70.7     |
|    ep_rew_mean     | -18.6    |
|    success_rate    | 1        |
| time/              |          |
|    episodes        | 1960     |
|    fps             | 55       |
|    time_elapsed    | 3274     |
|    total_timesteps | 181519   |
| train/             |          |
|    actor_loss      | 2.88     |
|    critic_loss     | 0.363    |
|    ent_coef        | 0.00411  |
|    ent_coef_loss   | -1.2     |
|    learning_rate   | 0.0003   |
|    n_updates       | 179518   |
---------------------------------
---------------------------------
| rollout/           |          |
|    ep_len_mean     | 70.8     |
|    ep_rew_mean     | -18.4    |
|    success_rate    | 1        |
| time/              |          |
|    episodes        | 1964     |
|    fps             | 55       |
|    time_elapsed    | 3279     |
|    total_timesteps | 181816   |
| train/             |          |
|    actor_loss      | 2.34     |
|    critic_loss     | 0.419    |
|    ent_coef        | 0.00407  |
|    ent_coef_loss   | 1.14     |
|    learning_rate   | 0.0003   |
|    n_updates       | 179815   |
---------------------------------
---------------------------------
| rollout/           |          |
|    ep_len_mean     | 70       |
|    ep_rew_mean     | -18      |
|    success_rate    | 1        |
| time/              |          |
|    episodes        | 1968     |
|    fps             | 55       |
|    time_elapsed    | 3283     |
|    total_timesteps | 182062   |
| train/             |          |
|    actor_loss      | 1.46     |
|    critic_loss     | 0.00942  |
|    ent_coef        | 0.00412  |
|    ent_coef_loss   | 3.92     |
|    learning_rate   | 0.0003   |
|    n_updates       | 180061   |
---------------------------------
---------------------------------
| rollout/           |          |
|    ep_len_mean     | 69.6     |
|    ep_rew_mean     | -17.9    |
|    success_rate    | 1        |
| time/              |          |
|    episodes        | 1972     |
|    fps             | 55       |
|    time_elapsed    | 3288     |
|    total_timesteps | 182323   |
| train/             |          |
|    actor_loss      | 3.19     |
|    critic_loss     | 0.0117   |
|    ent_coef        | 0.00409  |
|    ent_coef_loss   | 1.38     |
|    learning_rate   | 0.0003   |
|    n_updates       | 180322   |
---------------------------------
---------------------------------
| rollout/           |          |
|    ep_len_mean     | 70       |
|    ep_rew_mean     | -17.9    |
|    success_rate    | 1        |
| time/              |          |
|    episodes        | 1976     |
|    fps             | 55       |
|    time_elapsed    | 3292     |
|    total_timesteps | 182618   |
| train/             |          |
|    actor_loss      | 2.74     |
|    critic_loss     | 0.0195   |
|    ent_coef        | 0.00405  |
|    ent_coef_loss   | 3.24     |
|    learning_rate   | 0.0003   |
|    n_updates       | 180617   |
---------------------------------
---------------------------------
| rollout/           |          |
|    ep_len_mean     | 69.8     |
|    ep_rew_mean     | -17.8    |
|    success_rate    | 1        |
| time/              |          |
|    episodes        | 1980     |
|    fps             | 55       |
|    time_elapsed    | 3297     |
|    total_timesteps | 182889   |
| train/             |          |
|    actor_loss      | 2.3      |
|    critic_loss     | 0.00878  |
|    ent_coef        | 0.00412  |
|    ent_coef_loss   | 1.43     |
|    learning_rate   | 0.0003   |
|    n_updates       | 180888   |
---------------------------------
---------------------------------
| rollout/           |          |
|    ep_len_mean     | 69.4     |
|    ep_rew_mean     | -17.7    |
|    success_rate    | 1        |
| time/              |          |
|    episodes        | 1984     |
|    fps             | 55       |
|    time_elapsed    | 3300     |
|    total_timesteps | 183121   |
| train/             |          |
|    actor_loss      | 1.86     |
|    critic_loss     | 0.014    |
|    ent_coef        | 0.00406  |
|    ent_coef_loss   | 0.0501   |
|    learning_rate   | 0.0003   |
|    n_updates       | 181120   |
---------------------------------
---------------------------------
| rollout/           |          |
|    ep_len_mean     | 69.1     |
|    ep_rew_mean     | -17.6    |
|    success_rate    | 1        |
| time/              |          |
|    episodes        | 1988     |
|    fps             | 55       |
|    time_elapsed    | 3305     |
|    total_timesteps | 183400   |
| train/             |          |
|    actor_loss      | 1.45     |
|    critic_loss     | 0.0172   |
|    ent_coef        | 0.00402  |
|    ent_coef_loss   | 2        |
|    learning_rate   | 0.0003   |
|    n_updates       | 181399   |
---------------------------------
---------------------------------
| rollout/           |          |
|    ep_len_mean     | 69.3     |
|    ep_rew_mean     | -17.9    |
|    success_rate    | 1        |
| time/              |          |
|    episodes        | 1992     |
|    fps             | 55       |
|    time_elapsed    | 3310     |
|    total_timesteps | 183723   |
| train/             |          |
|    actor_loss      | 2.62     |
|    critic_loss     | 0.00865  |
|    ent_coef        | 0.00407  |
|    ent_coef_loss   | 1.26     |
|    learning_rate   | 0.0003   |
|    n_updates       | 181722   |
---------------------------------
---------------------------------
| rollout/           |          |
|    ep_len_mean     | 69.2     |
|    ep_rew_mean     | -17.7    |
|    success_rate    | 1        |
| time/              |          |
|    episodes        | 1996     |
|    fps             | 55       |
|    time_elapsed    | 3315     |
|    total_timesteps | 184007   |
| train/             |          |
|    actor_loss      | 2.74     |
|    critic_loss     | 0.00989  |
|    ent_coef        | 0.00406  |
|    ent_coef_loss   | 1.07     |
|    learning_rate   | 0.0003   |
|    n_updates       | 182006   |
---------------------------------
---------------------------------
| rollout/           |          |
|    ep_len_mean     | 68.8     |
|    ep_rew_mean     | -17.6    |
|    success_rate    | 1        |
| time/              |          |
|    episodes        | 2000     |
|    fps             | 55       |
|    time_elapsed    | 3319     |
|    total_timesteps | 184260   |
| train/             |          |
|    actor_loss      | 1.94     |
|    critic_loss     | 0.00966  |
|    ent_coef        | 0.00405  |
|    ent_coef_loss   | 1.34     |
|    learning_rate   | 0.0003   |
|    n_updates       | 182259   |
---------------------------------
---------------------------------
| rollout/           |          |
|    ep_len_mean     | 68.8     |
|    ep_rew_mean     | -17.5    |
|    success_rate    | 1        |
| time/              |          |
|    episodes        | 2004     |
|    fps             | 55       |
|    time_elapsed    | 3324     |
|    total_timesteps | 184543   |
| train/             |          |
|    actor_loss      | 2.1      |
|    critic_loss     | 0.0328   |
|    ent_coef        | 0.00406  |
|    ent_coef_loss   | -1.02    |
|    learning_rate   | 0.0003   |
|    n_updates       | 182542   |
---------------------------------
---------------------------------
| rollout/           |          |
|    ep_len_mean     | 68.8     |
|    ep_rew_mean     | -17.6    |
|    success_rate    | 1        |
| time/              |          |
|    episodes        | 2008     |
|    fps             | 55       |
|    time_elapsed    | 3328     |
|    total_timesteps | 184832   |
| train/             |          |
|    actor_loss      | 3.53     |
|    critic_loss     | 0.00992  |
|    ent_coef        | 0.00409  |
|    ent_coef_loss   | 0.1      |
|    learning_rate   | 0.0003   |
|    n_updates       | 182831   |
---------------------------------
Eval num_timesteps=185000, episode_reward=-19.55 +/- 6.62
Episode length: 71.70 +/- 13.71
Success rate: 100.00%
---------------------------------
| eval/              |          |
|    mean_ep_length  | 71.7     |
|    mean_reward     | -19.6    |
|    success_rate    | 1        |
| time/              |          |
|    total_timesteps | 185000   |
| train/             |          |
|    actor_loss      | 2.62     |
|    critic_loss     | 0.0368   |
|    ent_coef        | 0.00404  |
|    ent_coef_loss   | 2.6      |
|    learning_rate   | 0.0003   |
|    n_updates       | 182999   |
---------------------------------
---------------------------------
| rollout/           |          |
|    ep_len_mean     | 68.7     |
|    ep_rew_mean     | -17.5    |
|    success_rate    | 1        |
| time/              |          |
|    episodes        | 2012     |
|    fps             | 55       |
|    time_elapsed    | 3334     |
|    total_timesteps | 185122   |
| train/             |          |
|    actor_loss      | 1.63     |
|    critic_loss     | 0.00896  |
|    ent_coef        | 0.00406  |
|    ent_coef_loss   | -0.0216  |
|    learning_rate   | 0.0003   |
|    n_updates       | 183121   |
---------------------------------
---------------------------------
| rollout/           |          |
|    ep_len_mean     | 68.5     |
|    ep_rew_mean     | -17.5    |
|    success_rate    | 1        |
| time/              |          |
|    episodes        | 2016     |
|    fps             | 55       |
|    time_elapsed    | 3338     |
|    total_timesteps | 185384   |
| train/             |          |
|    actor_loss      | 2.71     |
|    critic_loss     | 0.00965  |
|    ent_coef        | 0.00403  |
|    ent_coef_loss   | 1.78     |
|    learning_rate   | 0.0003   |
|    n_updates       | 183383   |
---------------------------------
---------------------------------
| rollout/           |          |
|    ep_len_mean     | 68.1     |
|    ep_rew_mean     | -17.2    |
|    success_rate    | 1        |
| time/              |          |
|    episodes        | 2020     |
|    fps             | 55       |
|    time_elapsed    | 3343     |
|    total_timesteps | 185647   |
| train/             |          |
|    actor_loss      | 1.21     |
|    critic_loss     | 0.421    |
|    ent_coef        | 0.00409  |
|    ent_coef_loss   | -0.335   |
|    learning_rate   | 0.0003   |
|    n_updates       | 183646   |
---------------------------------
---------------------------------
| rollout/           |          |
|    ep_len_mean     | 68.4     |
|    ep_rew_mean     | -17.4    |
|    success_rate    | 1        |
| time/              |          |
|    episodes        | 2024     |
|    fps             | 55       |
|    time_elapsed    | 3348     |
|    total_timesteps | 185945   |
| train/             |          |
|    actor_loss      | 2.06     |
|    critic_loss     | 0.0107   |
|    ent_coef        | 0.00405  |
|    ent_coef_loss   | -0.162   |
|    learning_rate   | 0.0003   |
|    n_updates       | 183944   |
---------------------------------
---------------------------------
| rollout/           |          |
|    ep_len_mean     | 68.6     |
|    ep_rew_mean     | -17.5    |
|    success_rate    | 1        |
| time/              |          |
|    episodes        | 2028     |
|    fps             | 55       |
|    time_elapsed    | 3352     |
|    total_timesteps | 186226   |
| train/             |          |
|    actor_loss      | 2.6      |
|    critic_loss     | 0.0226   |
|    ent_coef        | 0.00405  |
|    ent_coef_loss   | -0.163   |
|    learning_rate   | 0.0003   |
|    n_updates       | 184225   |
---------------------------------
---------------------------------
| rollout/           |          |
|    ep_len_mean     | 68.7     |
|    ep_rew_mean     | -17.5    |
|    success_rate    | 1        |
| time/              |          |
|    episodes        | 2032     |
|    fps             | 55       |
|    time_elapsed    | 3357     |
|    total_timesteps | 186505   |
| train/             |          |
|    actor_loss      | 1.84     |
|    critic_loss     | 0.0166   |
|    ent_coef        | 0.00409  |
|    ent_coef_loss   | -2.14    |
|    learning_rate   | 0.0003   |
|    n_updates       | 184504   |
---------------------------------
---------------------------------
| rollout/           |          |
|    ep_len_mean     | 69       |
|    ep_rew_mean     | -17.6    |
|    success_rate    | 1        |
| time/              |          |
|    episodes        | 2036     |
|    fps             | 55       |
|    time_elapsed    | 3361     |
|    total_timesteps | 186811   |
| train/             |          |
|    actor_loss      | 2.9      |
|    critic_loss     | 0.00915  |
|    ent_coef        | 0.004    |
|    ent_coef_loss   | -0.213   |
|    learning_rate   | 0.0003   |
|    n_updates       | 184810   |
---------------------------------
---------------------------------
| rollout/           |          |
|    ep_len_mean     | 69.3     |
|    ep_rew_mean     | -17.8    |
|    success_rate    | 1        |
| time/              |          |
|    episodes        | 2040     |
|    fps             | 55       |
|    time_elapsed    | 3366     |
|    total_timesteps | 187082   |
| train/             |          |
|    actor_loss      | 2.31     |
|    critic_loss     | 0.0069   |
|    ent_coef        | 0.00398  |
|    ent_coef_loss   | -0.588   |
|    learning_rate   | 0.0003   |
|    n_updates       | 185081   |
---------------------------------
---------------------------------
| rollout/           |          |
|    ep_len_mean     | 69.8     |
|    ep_rew_mean     | -18.1    |
|    success_rate    | 1        |
| time/              |          |
|    episodes        | 2044     |
|    fps             | 55       |
|    time_elapsed    | 3371     |
|    total_timesteps | 187427   |
| train/             |          |
|    actor_loss      | 2.71     |
|    critic_loss     | 0.0126   |
|    ent_coef        | 0.0041   |
|    ent_coef_loss   | -1.31    |
|    learning_rate   | 0.0003   |
|    n_updates       | 185426   |
---------------------------------
---------------------------------
| rollout/           |          |
|    ep_len_mean     | 70.2     |
|    ep_rew_mean     | -18.3    |
|    success_rate    | 1        |
| time/              |          |
|    episodes        | 2048     |
|    fps             | 55       |
|    time_elapsed    | 3376     |
|    total_timesteps | 187739   |
| train/             |          |
|    actor_loss      | 2.72     |
|    critic_loss     | 0.01     |
|    ent_coef        | 0.00404  |
|    ent_coef_loss   | -0.611   |
|    learning_rate   | 0.0003   |
|    n_updates       | 185738   |
---------------------------------
---------------------------------
| rollout/           |          |
|    ep_len_mean     | 69.7     |
|    ep_rew_mean     | -18.1    |
|    success_rate    | 1        |
| time/              |          |
|    episodes        | 2052     |
|    fps             | 55       |
|    time_elapsed    | 3380     |
|    total_timesteps | 187988   |
| train/             |          |
|    actor_loss      | 2.81     |
|    critic_loss     | 0.00788  |
|    ent_coef        | 0.00406  |
|    ent_coef_loss   | 1.67     |
|    learning_rate   | 0.0003   |
|    n_updates       | 185987   |
---------------------------------
---------------------------------
| rollout/           |          |
|    ep_len_mean     | 69.7     |
|    ep_rew_mean     | -18.3    |
|    success_rate    | 1        |
| time/              |          |
|    episodes        | 2056     |
|    fps             | 55       |
|    time_elapsed    | 3384     |
|    total_timesteps | 188239   |
| train/             |          |
|    actor_loss      | 2.82     |
|    critic_loss     | 0.00908  |
|    ent_coef        | 0.00408  |
|    ent_coef_loss   | 1.42     |
|    learning_rate   | 0.0003   |
|    n_updates       | 186238   |
---------------------------------
---------------------------------
| rollout/           |          |
|    ep_len_mean     | 69.9     |
|    ep_rew_mean     | -18.4    |
|    success_rate    | 1        |
| time/              |          |
|    episodes        | 2060     |
|    fps             | 55       |
|    time_elapsed    | 3389     |
|    total_timesteps | 188512   |
| train/             |          |
|    actor_loss      | 2.42     |
|    critic_loss     | 0.00778  |
|    ent_coef        | 0.00412  |
|    ent_coef_loss   | 1.48     |
|    learning_rate   | 0.0003   |
|    n_updates       | 186511   |
---------------------------------
---------------------------------
| rollout/           |          |
|    ep_len_mean     | 69.3     |
|    ep_rew_mean     | -18.2    |
|    success_rate    | 1        |
| time/              |          |
|    episodes        | 2064     |
|    fps             | 55       |
|    time_elapsed    | 3393     |
|    total_timesteps | 188745   |
| train/             |          |
|    actor_loss      | 2.91     |
|    critic_loss     | 0.00735  |
|    ent_coef        | 0.00405  |
|    ent_coef_loss   | -0.666   |
|    learning_rate   | 0.0003   |
|    n_updates       | 186744   |
---------------------------------
---------------------------------
| rollout/           |          |
|    ep_len_mean     | 69.9     |
|    ep_rew_mean     | -18.2    |
|    success_rate    | 1        |
| time/              |          |
|    episodes        | 2068     |
|    fps             | 55       |
|    time_elapsed    | 3397     |
|    total_timesteps | 189055   |
| train/             |          |
|    actor_loss      | 1.45     |
|    critic_loss     | 0.0137   |
|    ent_coef        | 0.00403  |
|    ent_coef_loss   | -2.24    |
|    learning_rate   | 0.0003   |
|    n_updates       | 187054   |
---------------------------------
---------------------------------
| rollout/           |          |
|    ep_len_mean     | 70       |
|    ep_rew_mean     | -18.2    |
|    success_rate    | 1        |
| time/              |          |
|    episodes        | 2072     |
|    fps             | 55       |
|    time_elapsed    | 3402     |
|    total_timesteps | 189327   |
| train/             |          |
|    actor_loss      | 1.92     |
|    critic_loss     | 0.0113   |
|    ent_coef        | 0.00399  |
|    ent_coef_loss   | -0.62    |
|    learning_rate   | 0.0003   |
|    n_updates       | 187326   |
---------------------------------
---------------------------------
| rollout/           |          |
|    ep_len_mean     | 69.8     |
|    ep_rew_mean     | -18.2    |
|    success_rate    | 1        |
| time/              |          |
|    episodes        | 2076     |
|    fps             | 55       |
|    time_elapsed    | 3406     |
|    total_timesteps | 189598   |
| train/             |          |
|    actor_loss      | 2.44     |
|    critic_loss     | 0.0175   |
|    ent_coef        | 0.00407  |
|    ent_coef_loss   | -0.349   |
|    learning_rate   | 0.0003   |
|    n_updates       | 187597   |
---------------------------------
---------------------------------
| rollout/           |          |
|    ep_len_mean     | 70       |
|    ep_rew_mean     | -18.2    |
|    success_rate    | 1        |
| time/              |          |
|    episodes        | 2080     |
|    fps             | 55       |
|    time_elapsed    | 3411     |
|    total_timesteps | 189889   |
| train/             |          |
|    actor_loss      | 1.8      |
|    critic_loss     | 0.0199   |
|    ent_coef        | 0.00407  |
|    ent_coef_loss   | -1.81    |
|    learning_rate   | 0.0003   |
|    n_updates       | 187888   |
---------------------------------
Eval num_timesteps=190000, episode_reward=-18.14 +/- 7.26
Episode length: 68.20 +/- 12.89
Success rate: 100.00%
---------------------------------
| eval/              |          |
|    mean_ep_length  | 68.2     |
|    mean_reward     | -18.1    |
|    success_rate    | 1        |
| time/              |          |
|    total_timesteps | 190000   |
| train/             |          |
|    actor_loss      | 2.43     |
|    critic_loss     | 0.0229   |
|    ent_coef        | 0.00408  |
|    ent_coef_loss   | 0.138    |
|    learning_rate   | 0.0003   |
|    n_updates       | 187999   |
---------------------------------
---------------------------------
| rollout/           |          |
|    ep_len_mean     | 70.5     |
|    ep_rew_mean     | -18.4    |
|    success_rate    | 1        |
| time/              |          |
|    episodes        | 2084     |
|    fps             | 55       |
|    time_elapsed    | 3417     |
|    total_timesteps | 190167   |
| train/             |          |
|    actor_loss      | 0.82     |
|    critic_loss     | 0.0137   |
|    ent_coef        | 0.00406  |
|    ent_coef_loss   | -0.659   |
|    learning_rate   | 0.0003   |
|    n_updates       | 188166   |
---------------------------------
---------------------------------
| rollout/           |          |
|    ep_len_mean     | 70.7     |
|    ep_rew_mean     | -18.5    |
|    success_rate    | 1        |
| time/              |          |
|    episodes        | 2088     |
|    fps             | 55       |
|    time_elapsed    | 3422     |
|    total_timesteps | 190472   |
| train/             |          |
|    actor_loss      | 2.82     |
|    critic_loss     | 0.00894  |
|    ent_coef        | 0.00398  |
|    ent_coef_loss   | 3.32     |
|    learning_rate   | 0.0003   |
|    n_updates       | 188471   |
---------------------------------
---------------------------------
| rollout/           |          |
|    ep_len_mean     | 70.5     |
|    ep_rew_mean     | -18.3    |
|    success_rate    | 1        |
| time/              |          |
|    episodes        | 2092     |
|    fps             | 55       |
|    time_elapsed    | 3426     |
|    total_timesteps | 190778   |
| train/             |          |
|    actor_loss      | 2.22     |
|    critic_loss     | 0.0121   |
|    ent_coef        | 0.00397  |
|    ent_coef_loss   | 1.11     |
|    learning_rate   | 0.0003   |
|    n_updates       | 188777   |
---------------------------------
---------------------------------
| rollout/           |          |
|    ep_len_mean     | 70.6     |
|    ep_rew_mean     | -18.4    |
|    success_rate    | 1        |
| time/              |          |
|    episodes        | 2096     |
|    fps             | 55       |
|    time_elapsed    | 3431     |
|    total_timesteps | 191069   |
| train/             |          |
|    actor_loss      | 1.51     |
|    critic_loss     | 0.0111   |
|    ent_coef        | 0.00389  |
|    ent_coef_loss   | -0.0999  |
|    learning_rate   | 0.0003   |
|    n_updates       | 189068   |
---------------------------------
---------------------------------
| rollout/           |          |
|    ep_len_mean     | 70.9     |
|    ep_rew_mean     | -18.5    |
|    success_rate    | 1        |
| time/              |          |
|    episodes        | 2100     |
|    fps             | 55       |
|    time_elapsed    | 3436     |
|    total_timesteps | 191354   |
| train/             |          |
|    actor_loss      | 2.2      |
|    critic_loss     | 0.0106   |
|    ent_coef        | 0.00394  |
|    ent_coef_loss   | 1.22     |
|    learning_rate   | 0.0003   |
|    n_updates       | 189353   |
---------------------------------
---------------------------------
| rollout/           |          |
|    ep_len_mean     | 70.7     |
|    ep_rew_mean     | -18.4    |
|    success_rate    | 1        |
| time/              |          |
|    episodes        | 2104     |
|    fps             | 55       |
|    time_elapsed    | 3440     |
|    total_timesteps | 191612   |
| train/             |          |
|    actor_loss      | 1.96     |
|    critic_loss     | 0.0237   |
|    ent_coef        | 0.0039   |
|    ent_coef_loss   | -0.667   |
|    learning_rate   | 0.0003   |
|    n_updates       | 189611   |
---------------------------------
---------------------------------
| rollout/           |          |
|    ep_len_mean     | 70.7     |
|    ep_rew_mean     | -18.4    |
|    success_rate    | 1        |
| time/              |          |
|    episodes        | 2108     |
|    fps             | 55       |
|    time_elapsed    | 3444     |
|    total_timesteps | 191904   |
| train/             |          |
|    actor_loss      | 2.32     |
|    critic_loss     | 0.0126   |
|    ent_coef        | 0.00397  |
|    ent_coef_loss   | 0.883    |
|    learning_rate   | 0.0003   |
|    n_updates       | 189903   |
---------------------------------
---------------------------------
| rollout/           |          |
|    ep_len_mean     | 70.8     |
|    ep_rew_mean     | -18.5    |
|    success_rate    | 1        |
| time/              |          |
|    episodes        | 2112     |
|    fps             | 55       |
|    time_elapsed    | 3449     |
|    total_timesteps | 192198   |
| train/             |          |
|    actor_loss      | 2.4      |
|    critic_loss     | 0.0105   |
|    ent_coef        | 0.00393  |
|    ent_coef_loss   | -1.29    |
|    learning_rate   | 0.0003   |
|    n_updates       | 190197   |
---------------------------------
---------------------------------
| rollout/           |          |
|    ep_len_mean     | 71.1     |
|    ep_rew_mean     | -18.3    |
|    success_rate    | 1        |
| time/              |          |
|    episodes        | 2116     |
|    fps             | 55       |
|    time_elapsed    | 3454     |
|    total_timesteps | 192493   |
| train/             |          |
|    actor_loss      | 1.64     |
|    critic_loss     | 0.00865  |
|    ent_coef        | 0.00399  |
|    ent_coef_loss   | -1.24    |
|    learning_rate   | 0.0003   |
|    n_updates       | 190492   |
---------------------------------
---------------------------------
| rollout/           |          |
|    ep_len_mean     | 72.7     |
|    ep_rew_mean     | -18.6    |
|    success_rate    | 0.99     |
| time/              |          |
|    episodes        | 2120     |
|    fps             | 55       |
|    time_elapsed    | 3460     |
|    total_timesteps | 192915   |
| train/             |          |
|    actor_loss      | 2.54     |
|    critic_loss     | 0.0161   |
|    ent_coef        | 0.00406  |
|    ent_coef_loss   | 1.55     |
|    learning_rate   | 0.0003   |
|    n_updates       | 190914   |
---------------------------------
---------------------------------
| rollout/           |          |
|    ep_len_mean     | 72.7     |
|    ep_rew_mean     | -18.6    |
|    success_rate    | 0.99     |
| time/              |          |
|    episodes        | 2124     |
|    fps             | 55       |
|    time_elapsed    | 3465     |
|    total_timesteps | 193218   |
| train/             |          |
|    actor_loss      | 2.25     |
|    critic_loss     | 0.0117   |
|    ent_coef        | 0.00399  |
|    ent_coef_loss   | 1.99     |
|    learning_rate   | 0.0003   |
|    n_updates       | 191217   |
---------------------------------
---------------------------------
| rollout/           |          |
|    ep_len_mean     | 73.1     |
|    ep_rew_mean     | -18.8    |
|    success_rate    | 0.99     |
| time/              |          |
|    episodes        | 2128     |
|    fps             | 55       |
|    time_elapsed    | 3470     |
|    total_timesteps | 193535   |
| train/             |          |
|    actor_loss      | 1.39     |
|    critic_loss     | 0.0116   |
|    ent_coef        | 0.00398  |
|    ent_coef_loss   | -1.85    |
|    learning_rate   | 0.0003   |
|    n_updates       | 191534   |
---------------------------------
---------------------------------
| rollout/           |          |
|    ep_len_mean     | 73.1     |
|    ep_rew_mean     | -18.9    |
|    success_rate    | 0.99     |
| time/              |          |
|    episodes        | 2132     |
|    fps             | 55       |
|    time_elapsed    | 3475     |
|    total_timesteps | 193815   |
| train/             |          |
|    actor_loss      | 2.53     |
|    critic_loss     | 0.0223   |
|    ent_coef        | 0.00393  |
|    ent_coef_loss   | -0.888   |
|    learning_rate   | 0.0003   |
|    n_updates       | 191814   |
---------------------------------
---------------------------------
| rollout/           |          |
|    ep_len_mean     | 73       |
|    ep_rew_mean     | -18.8    |
|    success_rate    | 0.99     |
| time/              |          |
|    episodes        | 2136     |
|    fps             | 55       |
|    time_elapsed    | 3480     |
|    total_timesteps | 194108   |
| train/             |          |
|    actor_loss      | 2.59     |
|    critic_loss     | 0.0229   |
|    ent_coef        | 0.00402  |
|    ent_coef_loss   | -0.895   |
|    learning_rate   | 0.0003   |
|    n_updates       | 192107   |
---------------------------------
---------------------------------
| rollout/           |          |
|    ep_len_mean     | 73       |
|    ep_rew_mean     | -18.9    |
|    success_rate    | 0.99     |
| time/              |          |
|    episodes        | 2140     |
|    fps             | 55       |
|    time_elapsed    | 3484     |
|    total_timesteps | 194387   |
| train/             |          |
|    actor_loss      | 1.76     |
|    critic_loss     | 0.0105   |
|    ent_coef        | 0.00409  |
|    ent_coef_loss   | -0.183   |
|    learning_rate   | 0.0003   |
|    n_updates       | 192386   |
---------------------------------
---------------------------------
| rollout/           |          |
|    ep_len_mean     | 72.2     |
|    ep_rew_mean     | -18.6    |
|    success_rate    | 0.99     |
| time/              |          |
|    episodes        | 2144     |
|    fps             | 55       |
|    time_elapsed    | 3488     |
|    total_timesteps | 194651   |
| train/             |          |
|    actor_loss      | 2.22     |
|    critic_loss     | 0.0108   |
|    ent_coef        | 0.00403  |
|    ent_coef_loss   | 0.867    |
|    learning_rate   | 0.0003   |
|    n_updates       | 192650   |
---------------------------------
---------------------------------
| rollout/           |          |
|    ep_len_mean     | 72.2     |
|    ep_rew_mean     | -18.7    |
|    success_rate    | 0.99     |
| time/              |          |
|    episodes        | 2148     |
|    fps             | 55       |
|    time_elapsed    | 3493     |
|    total_timesteps | 194962   |
| train/             |          |
|    actor_loss      | 2.08     |
|    critic_loss     | 0.0109   |
|    ent_coef        | 0.00394  |
|    ent_coef_loss   | 2.41     |
|    learning_rate   | 0.0003   |
|    n_updates       | 192961   |
---------------------------------
Eval num_timesteps=195000, episode_reward=-19.05 +/- 7.39
Episode length: 75.67 +/- 18.93
Success rate: 100.00%
---------------------------------
| eval/              |          |
|    mean_ep_length  | 75.7     |
|    mean_reward     | -19      |
|    success_rate    | 1        |
| time/              |          |
|    total_timesteps | 195000   |
| train/             |          |
|    actor_loss      | 2.26     |
|    critic_loss     | 0.0137   |
|    ent_coef        | 0.00396  |
|    ent_coef_loss   | 1.62     |
|    learning_rate   | 0.0003   |
|    n_updates       | 192999   |
---------------------------------
---------------------------------
| rollout/           |          |
|    ep_len_mean     | 73       |
|    ep_rew_mean     | -19      |
|    success_rate    | 0.99     |
| time/              |          |
|    episodes        | 2152     |
|    fps             | 55       |
|    time_elapsed    | 3500     |
|    total_timesteps | 195286   |
| train/             |          |
|    actor_loss      | 3.8      |
|    critic_loss     | 0.0126   |
|    ent_coef        | 0.00395  |
|    ent_coef_loss   | 3.3      |
|    learning_rate   | 0.0003   |
|    n_updates       | 193285   |
---------------------------------
---------------------------------
| rollout/           |          |
|    ep_len_mean     | 73       |
|    ep_rew_mean     | -18.8    |
|    success_rate    | 0.99     |
| time/              |          |
|    episodes        | 2156     |
|    fps             | 55       |
|    time_elapsed    | 3505     |
|    total_timesteps | 195534   |
| train/             |          |
|    actor_loss      | 2.81     |
|    critic_loss     | 0.0106   |
|    ent_coef        | 0.00404  |
|    ent_coef_loss   | 1.8      |
|    learning_rate   | 0.0003   |
|    n_updates       | 193533   |
---------------------------------
---------------------------------
| rollout/           |          |
|    ep_len_mean     | 73       |
|    ep_rew_mean     | -19      |
|    success_rate    | 0.99     |
| time/              |          |
|    episodes        | 2160     |
|    fps             | 55       |
|    time_elapsed    | 3509     |
|    total_timesteps | 195817   |
| train/             |          |
|    actor_loss      | 2.45     |
|    critic_loss     | 0.0142   |
|    ent_coef        | 0.00406  |
|    ent_coef_loss   | -1.47    |
|    learning_rate   | 0.0003   |
|    n_updates       | 193816   |
---------------------------------
---------------------------------
| rollout/           |          |
|    ep_len_mean     | 74.8     |
|    ep_rew_mean     | -19.6    |
|    success_rate    | 0.98     |
| time/              |          |
|    episodes        | 2164     |
|    fps             | 55       |
|    time_elapsed    | 3516     |
|    total_timesteps | 196227   |
| train/             |          |
|    actor_loss      | 1.63     |
|    critic_loss     | 0.0149   |
|    ent_coef        | 0.0041   |
|    ent_coef_loss   | -1.2     |
|    learning_rate   | 0.0003   |
|    n_updates       | 194226   |
---------------------------------
---------------------------------
| rollout/           |          |
|    ep_len_mean     | 74.7     |
|    ep_rew_mean     | -19.5    |
|    success_rate    | 0.98     |
| time/              |          |
|    episodes        | 2168     |
|    fps             | 55       |
|    time_elapsed    | 3521     |
|    total_timesteps | 196525   |
| train/             |          |
|    actor_loss      | 2.34     |
|    critic_loss     | 0.0212   |
|    ent_coef        | 0.00403  |
|    ent_coef_loss   | -0.781   |
|    learning_rate   | 0.0003   |
|    n_updates       | 194524   |
---------------------------------
---------------------------------
| rollout/           |          |
|    ep_len_mean     | 74.6     |
|    ep_rew_mean     | -19.4    |
|    success_rate    | 0.98     |
| time/              |          |
|    episodes        | 2172     |
|    fps             | 55       |
|    time_elapsed    | 3525     |
|    total_timesteps | 196791   |
| train/             |          |
|    actor_loss      | 1.79     |
|    critic_loss     | 0.0103   |
|    ent_coef        | 0.00397  |
|    ent_coef_loss   | -2.77    |
|    learning_rate   | 0.0003   |
|    n_updates       | 194790   |
---------------------------------
---------------------------------
| rollout/           |          |
|    ep_len_mean     | 74.7     |
|    ep_rew_mean     | -19.4    |
|    success_rate    | 0.98     |
| time/              |          |
|    episodes        | 2176     |
|    fps             | 55       |
|    time_elapsed    | 3530     |
|    total_timesteps | 197066   |
| train/             |          |
|    actor_loss      | 2.03     |
|    critic_loss     | 0.00982  |
|    ent_coef        | 0.00411  |
|    ent_coef_loss   | -0.728   |
|    learning_rate   | 0.0003   |
|    n_updates       | 195065   |
---------------------------------
---------------------------------
| rollout/           |          |
|    ep_len_mean     | 74.5     |
|    ep_rew_mean     | -19.5    |
|    success_rate    | 0.98     |
| time/              |          |
|    episodes        | 2180     |
|    fps             | 55       |
|    time_elapsed    | 3534     |
|    total_timesteps | 197343   |
| train/             |          |
|    actor_loss      | 1.35     |
|    critic_loss     | 0.0157   |
|    ent_coef        | 0.00409  |
|    ent_coef_loss   | -3.62    |
|    learning_rate   | 0.0003   |
|    n_updates       | 195342   |
---------------------------------
---------------------------------
| rollout/           |          |
|    ep_len_mean     | 74.7     |
|    ep_rew_mean     | -19.5    |
|    success_rate    | 0.98     |
| time/              |          |
|    episodes        | 2184     |
|    fps             | 55       |
|    time_elapsed    | 3539     |
|    total_timesteps | 197634   |
| train/             |          |
|    actor_loss      | 1.6      |
|    critic_loss     | 0.0135   |
|    ent_coef        | 0.00404  |
|    ent_coef_loss   | -0.115   |
|    learning_rate   | 0.0003   |
|    n_updates       | 195633   |
---------------------------------
---------------------------------
| rollout/           |          |
|    ep_len_mean     | 74.4     |
|    ep_rew_mean     | -19.4    |
|    success_rate    | 0.98     |
| time/              |          |
|    episodes        | 2188     |
|    fps             | 55       |
|    time_elapsed    | 3543     |
|    total_timesteps | 197910   |
| train/             |          |
|    actor_loss      | 1.66     |
|    critic_loss     | 0.0149   |
|    ent_coef        | 0.00405  |
|    ent_coef_loss   | 0.968    |
|    learning_rate   | 0.0003   |
|    n_updates       | 195909   |
---------------------------------
---------------------------------
| rollout/           |          |
|    ep_len_mean     | 74.3     |
|    ep_rew_mean     | -19.4    |
|    success_rate    | 0.98     |
| time/              |          |
|    episodes        | 2192     |
|    fps             | 55       |
|    time_elapsed    | 3548     |
|    total_timesteps | 198210   |
| train/             |          |
|    actor_loss      | 2.14     |
|    critic_loss     | 0.00772  |
|    ent_coef        | 0.00405  |
|    ent_coef_loss   | -1.13    |
|    learning_rate   | 0.0003   |
|    n_updates       | 196209   |
---------------------------------
---------------------------------
| rollout/           |          |
|    ep_len_mean     | 73.9     |
|    ep_rew_mean     | -19.2    |
|    success_rate    | 0.98     |
| time/              |          |
|    episodes        | 2196     |
|    fps             | 55       |
|    time_elapsed    | 3553     |
|    total_timesteps | 198458   |
| train/             |          |
|    actor_loss      | 1.78     |
|    critic_loss     | 0.0118   |
|    ent_coef        | 0.00405  |
|    ent_coef_loss   | -1.06    |
|    learning_rate   | 0.0003   |
|    n_updates       | 196457   |
---------------------------------
---------------------------------
| rollout/           |          |
|    ep_len_mean     | 73.8     |
|    ep_rew_mean     | -19      |
|    success_rate    | 0.98     |
| time/              |          |
|    episodes        | 2200     |
|    fps             | 55       |
|    time_elapsed    | 3558     |
|    total_timesteps | 198729   |
| train/             |          |
|    actor_loss      | 1.31     |
|    critic_loss     | 0.0405   |
|    ent_coef        | 0.00409  |
|    ent_coef_loss   | -1.02    |
|    learning_rate   | 0.0003   |
|    n_updates       | 196728   |
---------------------------------
---------------------------------
| rollout/           |          |
|    ep_len_mean     | 74.2     |
|    ep_rew_mean     | -19.2    |
|    success_rate    | 0.98     |
| time/              |          |
|    episodes        | 2204     |
|    fps             | 55       |
|    time_elapsed    | 3564     |
|    total_timesteps | 199028   |
| train/             |          |
|    actor_loss      | 1.3      |
|    critic_loss     | 0.00819  |
|    ent_coef        | 0.00418  |
|    ent_coef_loss   | -1.13    |
|    learning_rate   | 0.0003   |
|    n_updates       | 197027   |
---------------------------------
---------------------------------
| rollout/           |          |
|    ep_len_mean     | 74.6     |
|    ep_rew_mean     | -19.3    |
|    success_rate    | 0.98     |
| time/              |          |
|    episodes        | 2208     |
|    fps             | 55       |
|    time_elapsed    | 3570     |
|    total_timesteps | 199360   |
| train/             |          |
|    actor_loss      | 1.96     |
|    critic_loss     | 0.00992  |
|    ent_coef        | 0.00407  |
|    ent_coef_loss   | -4.22    |
|    learning_rate   | 0.0003   |
|    n_updates       | 197359   |
---------------------------------
---------------------------------
| rollout/           |          |
|    ep_len_mean     | 74.6     |
|    ep_rew_mean     | -19.4    |
|    success_rate    | 0.98     |
| time/              |          |
|    episodes        | 2212     |
|    fps             | 55       |
|    time_elapsed    | 3574     |
|    total_timesteps | 199654   |
| train/             |          |
|    actor_loss      | 2.15     |
|    critic_loss     | 0.00948  |
|    ent_coef        | 0.0042   |
|    ent_coef_loss   | -1.82    |
|    learning_rate   | 0.0003   |
|    n_updates       | 197653   |
---------------------------------
---------------------------------
| rollout/           |          |
|    ep_len_mean     | 74       |
|    ep_rew_mean     | -19.4    |
|    success_rate    | 0.98     |
| time/              |          |
|    episodes        | 2216     |
|    fps             | 55       |
|    time_elapsed    | 3578     |
|    total_timesteps | 199896   |
| train/             |          |
|    actor_loss      | 2.17     |
|    critic_loss     | 0.0214   |
|    ent_coef        | 0.00419  |
|    ent_coef_loss   | -0.499   |
|    learning_rate   | 0.0003   |
|    n_updates       | 197895   |
---------------------------------
Eval num_timesteps=200000, episode_reward=-17.37 +/- 5.48
Episode length: 67.87 +/- 9.84
Success rate: 100.00%
---------------------------------
| eval/              |          |
|    mean_ep_length  | 67.9     |
|    mean_reward     | -17.4    |
|    success_rate    | 1        |
| time/              |          |
|    total_timesteps | 200000   |
| train/             |          |
|    actor_loss      | 1.28     |
|    critic_loss     | 0.0073   |
|    ent_coef        | 0.00416  |
|    ent_coef_loss   | -1.32    |
|    learning_rate   | 0.0003   |
|    n_updates       | 197999   |
---------------------------------
---------------------------------
| rollout/           |          |
|    ep_len_mean     | 72.8     |
|    ep_rew_mean     | -19.2    |
|    success_rate    | 0.99     |
| time/              |          |
|    episodes        | 2220     |
|    fps             | 55       |
|    time_elapsed    | 3584     |
|    total_timesteps | 200190   |
| train/             |          |
|    actor_loss      | 0.72     |
|    critic_loss     | 0.0408   |
|    ent_coef        | 0.00413  |
|    ent_coef_loss   | 1.15     |
|    learning_rate   | 0.0003   |
|    n_updates       | 198189   |
---------------------------------
---------------------------------
| rollout/           |          |
|    ep_len_mean     | 72.5     |
|    ep_rew_mean     | -19.2    |
|    success_rate    | 0.99     |
| time/              |          |
|    episodes        | 2224     |
|    fps             | 55       |
|    time_elapsed    | 3589     |
|    total_timesteps | 200466   |
| train/             |          |
|    actor_loss      | 2.95     |
|    critic_loss     | 0.00799  |
|    ent_coef        | 0.00414  |
|    ent_coef_loss   | 0.794    |
|    learning_rate   | 0.0003   |
|    n_updates       | 198465   |
---------------------------------
---------------------------------
| rollout/           |          |
|    ep_len_mean     | 72.2     |
|    ep_rew_mean     | -19.1    |
|    success_rate    | 0.99     |
| time/              |          |
|    episodes        | 2228     |
|    fps             | 55       |
|    time_elapsed    | 3593     |
|    total_timesteps | 200758   |
| train/             |          |
|    actor_loss      | 2.57     |
|    critic_loss     | 0.0138   |
|    ent_coef        | 0.00413  |
|    ent_coef_loss   | 1.51     |
|    learning_rate   | 0.0003   |
|    n_updates       | 198757   |
---------------------------------
---------------------------------
| rollout/           |          |
|    ep_len_mean     | 72.2     |
|    ep_rew_mean     | -19      |
|    success_rate    | 0.99     |
| time/              |          |
|    episodes        | 2232     |
|    fps             | 55       |
|    time_elapsed    | 3598     |
|    total_timesteps | 201037   |
| train/             |          |
|    actor_loss      | 2.01     |
|    critic_loss     | 0.00995  |
|    ent_coef        | 0.00418  |
|    ent_coef_loss   | -3.11    |
|    learning_rate   | 0.0003   |
|    n_updates       | 199036   |
---------------------------------
---------------------------------
| rollout/           |          |
|    ep_len_mean     | 72.1     |
|    ep_rew_mean     | -19.1    |
|    success_rate    | 0.99     |
| time/              |          |
|    episodes        | 2236     |
|    fps             | 55       |
|    time_elapsed    | 3603     |
|    total_timesteps | 201322   |
| train/             |          |
|    actor_loss      | 1.47     |
|    critic_loss     | 0.018    |
|    ent_coef        | 0.0042   |
|    ent_coef_loss   | -1.37    |
|    learning_rate   | 0.0003   |
|    n_updates       | 199321   |
---------------------------------
---------------------------------
| rollout/           |          |
|    ep_len_mean     | 72.1     |
|    ep_rew_mean     | -18.9    |
|    success_rate    | 0.99     |
| time/              |          |
|    episodes        | 2240     |
|    fps             | 55       |
|    time_elapsed    | 3607     |
|    total_timesteps | 201594   |
| train/             |          |
|    actor_loss      | 2.18     |
|    critic_loss     | 0.0141   |
|    ent_coef        | 0.00415  |
|    ent_coef_loss   | 0.808    |
|    learning_rate   | 0.0003   |
|    n_updates       | 199593   |
---------------------------------
---------------------------------
| rollout/           |          |
|    ep_len_mean     | 72.1     |
|    ep_rew_mean     | -18.7    |
|    success_rate    | 0.99     |
| time/              |          |
|    episodes        | 2244     |
|    fps             | 55       |
|    time_elapsed    | 3612     |
|    total_timesteps | 201859   |
| train/             |          |
|    actor_loss      | 0.802    |
|    critic_loss     | 0.0156   |
|    ent_coef        | 0.00413  |
|    ent_coef_loss   | 1.84     |
|    learning_rate   | 0.0003   |
|    n_updates       | 199858   |
---------------------------------
---------------------------------
| rollout/           |          |
|    ep_len_mean     | 71.7     |
|    ep_rew_mean     | -18.5    |
|    success_rate    | 0.99     |
| time/              |          |
|    episodes        | 2248     |
|    fps             | 55       |
|    time_elapsed    | 3616     |
|    total_timesteps | 202131   |
| train/             |          |
|    actor_loss      | 2.96     |
|    critic_loss     | 0.0162   |
|    ent_coef        | 0.00429  |
|    ent_coef_loss   | -0.352   |
|    learning_rate   | 0.0003   |
|    n_updates       | 200130   |
---------------------------------
---------------------------------
| rollout/           |          |
|    ep_len_mean     | 71.5     |
|    ep_rew_mean     | -18.4    |
|    success_rate    | 0.99     |
| time/              |          |
|    episodes        | 2252     |
|    fps             | 55       |
|    time_elapsed    | 3621     |
|    total_timesteps | 202437   |
| train/             |          |
|    actor_loss      | 1.12     |
|    critic_loss     | 0.0119   |
|    ent_coef        | 0.00422  |
|    ent_coef_loss   | -2.62    |
|    learning_rate   | 0.0003   |
|    n_updates       | 200436   |
---------------------------------
---------------------------------
| rollout/           |          |
|    ep_len_mean     | 72.3     |
|    ep_rew_mean     | -18.7    |
|    success_rate    | 0.99     |
| time/              |          |
|    episodes        | 2256     |
|    fps             | 55       |
|    time_elapsed    | 3626     |
|    total_timesteps | 202762   |
| train/             |          |
|    actor_loss      | 1.78     |
|    critic_loss     | 0.0074   |
|    ent_coef        | 0.00423  |
|    ent_coef_loss   | -0.743   |
|    learning_rate   | 0.0003   |
|    n_updates       | 200761   |
---------------------------------
---------------------------------
| rollout/           |          |
|    ep_len_mean     | 72.2     |
|    ep_rew_mean     | -18.5    |
|    success_rate    | 0.99     |
| time/              |          |
|    episodes        | 2260     |
|    fps             | 55       |
|    time_elapsed    | 3630     |
|    total_timesteps | 203036   |
| train/             |          |
|    actor_loss      | 1.56     |
|    critic_loss     | 0.0187   |
|    ent_coef        | 0.0043   |
|    ent_coef_loss   | 0.118    |
|    learning_rate   | 0.0003   |
|    n_updates       | 201035   |
---------------------------------
---------------------------------
| rollout/           |          |
|    ep_len_mean     | 70.8     |
|    ep_rew_mean     | -18.1    |
|    success_rate    | 1        |
| time/              |          |
|    episodes        | 2264     |
|    fps             | 55       |
|    time_elapsed    | 3634     |
|    total_timesteps | 203306   |
| train/             |          |
|    actor_loss      | 2.5      |
|    critic_loss     | 0.00972  |
|    ent_coef        | 0.0043   |
|    ent_coef_loss   | -1.18    |
|    learning_rate   | 0.0003   |
|    n_updates       | 201305   |
---------------------------------
---------------------------------
| rollout/           |          |
|    ep_len_mean     | 70.4     |
|    ep_rew_mean     | -18.2    |
|    success_rate    | 1        |
| time/              |          |
|    episodes        | 2268     |
|    fps             | 55       |
|    time_elapsed    | 3638     |
|    total_timesteps | 203566   |
| train/             |          |
|    actor_loss      | 1.45     |
|    critic_loss     | 0.00979  |
|    ent_coef        | 0.00429  |
|    ent_coef_loss   | -0.77    |
|    learning_rate   | 0.0003   |
|    n_updates       | 201565   |
---------------------------------
---------------------------------
| rollout/           |          |
|    ep_len_mean     | 70.3     |
|    ep_rew_mean     | -18.1    |
|    success_rate    | 1        |
| time/              |          |
|    episodes        | 2272     |
|    fps             | 55       |
|    time_elapsed    | 3643     |
|    total_timesteps | 203819   |
| train/             |          |
|    actor_loss      | 1.55     |
|    critic_loss     | 0.00966  |
|    ent_coef        | 0.00424  |
|    ent_coef_loss   | 0.183    |
|    learning_rate   | 0.0003   |
|    n_updates       | 201818   |
---------------------------------
---------------------------------
| rollout/           |          |
|    ep_len_mean     | 70.7     |
|    ep_rew_mean     | -18.2    |
|    success_rate    | 1        |
| time/              |          |
|    episodes        | 2276     |
|    fps             | 55       |
|    time_elapsed    | 3647     |
|    total_timesteps | 204131   |
| train/             |          |
|    actor_loss      | 2.92     |
|    critic_loss     | 0.0111   |
|    ent_coef        | 0.00425  |
|    ent_coef_loss   | 1.96     |
|    learning_rate   | 0.0003   |
|    n_updates       | 202130   |
---------------------------------
---------------------------------
| rollout/           |          |
|    ep_len_mean     | 71.2     |
|    ep_rew_mean     | -18.4    |
|    success_rate    | 1        |
| time/              |          |
|    episodes        | 2280     |
|    fps             | 55       |
|    time_elapsed    | 3653     |
|    total_timesteps | 204460   |
| train/             |          |
|    actor_loss      | 2.96     |
|    critic_loss     | 0.0072   |
|    ent_coef        | 0.00427  |
|    ent_coef_loss   | 1.42     |
|    learning_rate   | 0.0003   |
|    n_updates       | 202459   |
---------------------------------
---------------------------------
| rollout/           |          |
|    ep_len_mean     | 72.3     |
|    ep_rew_mean     | -18.6    |
|    success_rate    | 0.99     |
| time/              |          |
|    episodes        | 2284     |
|    fps             | 55       |
|    time_elapsed    | 3659     |
|    total_timesteps | 204869   |
| train/             |          |
|    actor_loss      | 3.41     |
|    critic_loss     | 0.0147   |
|    ent_coef        | 0.00423  |
|    ent_coef_loss   | 2.43     |
|    learning_rate   | 0.0003   |
|    n_updates       | 202868   |
---------------------------------
Eval num_timesteps=205000, episode_reward=-21.18 +/- 4.94
Episode length: 73.20 +/- 10.40
Success rate: 100.00%
---------------------------------
| eval/              |          |
|    mean_ep_length  | 73.2     |
|    mean_reward     | -21.2    |
|    success_rate    | 1        |
| time/              |          |
|    total_timesteps | 205000   |
| train/             |          |
|    actor_loss      | 2.17     |
|    critic_loss     | 0.00944  |
|    ent_coef        | 0.00423  |
|    ent_coef_loss   | 0.259    |
|    learning_rate   | 0.0003   |
|    n_updates       | 202999   |
---------------------------------
---------------------------------
| rollout/           |          |
|    ep_len_mean     | 72.8     |
|    ep_rew_mean     | -18.9    |
|    success_rate    | 0.99     |
| time/              |          |
|    episodes        | 2288     |
|    fps             | 55       |
|    time_elapsed    | 3666     |
|    total_timesteps | 205185   |
| train/             |          |
|    actor_loss      | 0.904    |
|    critic_loss     | 0.0101   |
|    ent_coef        | 0.00421  |
|    ent_coef_loss   | -3.2     |
|    learning_rate   | 0.0003   |
|    n_updates       | 203184   |
---------------------------------
---------------------------------
| rollout/           |          |
|    ep_len_mean     | 72.6     |
|    ep_rew_mean     | -18.9    |
|    success_rate    | 0.99     |
| time/              |          |
|    episodes        | 2292     |
|    fps             | 55       |
|    time_elapsed    | 3716     |
|    total_timesteps | 205473   |
| train/             |          |
|    actor_loss      | 2.05     |
|    critic_loss     | 0.0115   |
|    ent_coef        | 0.00427  |
|    ent_coef_loss   | 0.934    |
|    learning_rate   | 0.0003   |
|    n_updates       | 203472   |
---------------------------------
---------------------------------
| rollout/           |          |
|    ep_len_mean     | 73.3     |
|    ep_rew_mean     | -19.3    |
|    success_rate    | 0.99     |
| time/              |          |
|    episodes        | 2296     |
|    fps             | 54       |
|    time_elapsed    | 3776     |
|    total_timesteps | 205788   |
| train/             |          |
|    actor_loss      | 2.14     |
|    critic_loss     | 0.0101   |
|    ent_coef        | 0.0043   |
|    ent_coef_loss   | -0.138   |
|    learning_rate   | 0.0003   |
|    n_updates       | 203787   |
---------------------------------
---------------------------------
| rollout/           |          |
|    ep_len_mean     | 73.8     |
|    ep_rew_mean     | -19.5    |
|    success_rate    | 0.99     |
| time/              |          |
|    episodes        | 2300     |
|    fps             | 53       |
|    time_elapsed    | 3829     |
|    total_timesteps | 206113   |
| train/             |          |
|    actor_loss      | 2.42     |
|    critic_loss     | 0.0134   |
|    ent_coef        | 0.00433  |
|    ent_coef_loss   | 1.14     |
|    learning_rate   | 0.0003   |
|    n_updates       | 204112   |
---------------------------------
---------------------------------
| rollout/           |          |
|    ep_len_mean     | 73.4     |
|    ep_rew_mean     | -19.3    |
|    success_rate    | 0.99     |
| time/              |          |
|    episodes        | 2304     |
|    fps             | 53       |
|    time_elapsed    | 3870     |
|    total_timesteps | 206369   |
| train/             |          |
|    actor_loss      | 1.3      |
|    critic_loss     | 0.00756  |
|    ent_coef        | 0.00432  |
|    ent_coef_loss   | -3.76    |
|    learning_rate   | 0.0003   |
|    n_updates       | 204368   |
---------------------------------
---------------------------------
| rollout/           |          |
|    ep_len_mean     | 72.9     |
|    ep_rew_mean     | -19      |
|    success_rate    | 0.99     |
| time/              |          |
|    episodes        | 2308     |
|    fps             | 52       |
|    time_elapsed    | 3924     |
|    total_timesteps | 206651   |
| train/             |          |
|    actor_loss      | 1.37     |
|    critic_loss     | 0.0248   |
|    ent_coef        | 0.00433  |
|    ent_coef_loss   | 0.0786   |
|    learning_rate   | 0.0003   |
|    n_updates       | 204650   |
---------------------------------
---------------------------------
| rollout/           |          |
|    ep_len_mean     | 73.2     |
|    ep_rew_mean     | -19.1    |
|    success_rate    | 0.99     |
| time/              |          |
|    episodes        | 2312     |
|    fps             | 52       |
|    time_elapsed    | 3967     |
|    total_timesteps | 206979   |
| train/             |          |
|    actor_loss      | 1.94     |
|    critic_loss     | 0.0082   |
|    ent_coef        | 0.00435  |
|    ent_coef_loss   | -1.82    |
|    learning_rate   | 0.0003   |
|    n_updates       | 204978   |
---------------------------------
---------------------------------
| rollout/           |          |
|    ep_len_mean     | 73.5     |
|    ep_rew_mean     | -19.2    |
|    success_rate    | 0.99     |
| time/              |          |
|    episodes        | 2316     |
|    fps             | 52       |
|    time_elapsed    | 3973     |
|    total_timesteps | 207248   |
| train/             |          |
|    actor_loss      | 2.04     |
|    critic_loss     | 0.0132   |
|    ent_coef        | 0.00428  |
|    ent_coef_loss   | 1.32     |
|    learning_rate   | 0.0003   |
|    n_updates       | 205247   |
---------------------------------
---------------------------------
| rollout/           |          |
|    ep_len_mean     | 73.4     |
|    ep_rew_mean     | -19.2    |
|    success_rate    | 0.99     |
| time/              |          |
|    episodes        | 2320     |
|    fps             | 52       |
|    time_elapsed    | 3979     |
|    total_timesteps | 207526   |
| train/             |          |
|    actor_loss      | 1.36     |
|    critic_loss     | 0.00964  |
|    ent_coef        | 0.00429  |
|    ent_coef_loss   | -1.44    |
|    learning_rate   | 0.0003   |
|    n_updates       | 205525   |
---------------------------------
---------------------------------
| rollout/           |          |
|    ep_len_mean     | 73.4     |
|    ep_rew_mean     | -19.2    |
|    success_rate    | 0.99     |
| time/              |          |
|    episodes        | 2324     |
|    fps             | 52       |
|    time_elapsed    | 3984     |
|    total_timesteps | 207805   |
| train/             |          |
|    actor_loss      | 1.36     |
|    critic_loss     | 0.0108   |
|    ent_coef        | 0.00433  |
|    ent_coef_loss   | 0.356    |
|    learning_rate   | 0.0003   |
|    n_updates       | 205804   |
---------------------------------
---------------------------------
| rollout/           |          |
|    ep_len_mean     | 73.2     |
|    ep_rew_mean     | -19.2    |
|    success_rate    | 0.99     |
| time/              |          |
|    episodes        | 2328     |
|    fps             | 52       |
|    time_elapsed    | 3989     |
|    total_timesteps | 208083   |
| train/             |          |
|    actor_loss      | 2.48     |
|    critic_loss     | 0.00945  |
|    ent_coef        | 0.00432  |
|    ent_coef_loss   | -0.133   |
|    learning_rate   | 0.0003   |
|    n_updates       | 206082   |
---------------------------------
---------------------------------
| rollout/           |          |
|    ep_len_mean     | 73.7     |
|    ep_rew_mean     | -19.5    |
|    success_rate    | 0.99     |
| time/              |          |
|    episodes        | 2332     |
|    fps             | 52       |
|    time_elapsed    | 3995     |
|    total_timesteps | 208408   |
| train/             |          |
|    actor_loss      | 2.55     |
|    critic_loss     | 0.0073   |
|    ent_coef        | 0.00433  |
|    ent_coef_loss   | -1.18    |
|    learning_rate   | 0.0003   |
|    n_updates       | 206407   |
---------------------------------
---------------------------------
| rollout/           |          |
|    ep_len_mean     | 73.8     |
|    ep_rew_mean     | -19.5    |
|    success_rate    | 0.99     |
| time/              |          |
|    episodes        | 2336     |
|    fps             | 52       |
|    time_elapsed    | 4001     |
|    total_timesteps | 208705   |
| train/             |          |
|    actor_loss      | 0.946    |
|    critic_loss     | 0.018    |
|    ent_coef        | 0.00423  |
|    ent_coef_loss   | 0.66     |
|    learning_rate   | 0.0003   |
|    n_updates       | 206704   |
---------------------------------
---------------------------------
| rollout/           |          |
|    ep_len_mean     | 73.6     |
|    ep_rew_mean     | -19.4    |
|    success_rate    | 0.99     |
| time/              |          |
|    episodes        | 2340     |
|    fps             | 52       |
|    time_elapsed    | 4006     |
|    total_timesteps | 208957   |
| train/             |          |
|    actor_loss      | 2.86     |
|    critic_loss     | 0.00658  |
|    ent_coef        | 0.00423  |
|    ent_coef_loss   | -2.08    |
|    learning_rate   | 0.0003   |
|    n_updates       | 206956   |
---------------------------------
---------------------------------
| rollout/           |          |
|    ep_len_mean     | 74       |
|    ep_rew_mean     | -19.8    |
|    success_rate    | 0.99     |
| time/              |          |
|    episodes        | 2344     |
|    fps             | 52       |
|    time_elapsed    | 4012     |
|    total_timesteps | 209258   |
| train/             |          |
|    actor_loss      | 1.8      |
|    critic_loss     | 0.00991  |
|    ent_coef        | 0.0042   |
|    ent_coef_loss   | -1.62    |
|    learning_rate   | 0.0003   |
|    n_updates       | 207257   |
---------------------------------
---------------------------------
| rollout/           |          |
|    ep_len_mean     | 74.4     |
|    ep_rew_mean     | -19.8    |
|    success_rate    | 0.99     |
| time/              |          |
|    episodes        | 2348     |
|    fps             | 52       |
|    time_elapsed    | 4019     |
|    total_timesteps | 209569   |
| train/             |          |
|    actor_loss      | 2.26     |
|    critic_loss     | 0.00819  |
|    ent_coef        | 0.00424  |
|    ent_coef_loss   | -0.367   |
|    learning_rate   | 0.0003   |
|    n_updates       | 207568   |
---------------------------------
---------------------------------
| rollout/           |          |
|    ep_len_mean     | 74       |
|    ep_rew_mean     | -19.7    |
|    success_rate    | 0.99     |
| time/              |          |
|    episodes        | 2352     |
|    fps             | 52       |
|    time_elapsed    | 4031     |
|    total_timesteps | 209833   |
| train/             |          |
|    actor_loss      | 1.85     |
|    critic_loss     | 0.00803  |
|    ent_coef        | 0.00427  |
|    ent_coef_loss   | -0.658   |
|    learning_rate   | 0.0003   |
|    n_updates       | 207832   |
---------------------------------
Eval num_timesteps=210000, episode_reward=-19.53 +/- 6.31
Episode length: 71.27 +/- 12.43
Success rate: 100.00%
---------------------------------
| eval/              |          |
|    mean_ep_length  | 71.3     |
|    mean_reward     | -19.5    |
|    success_rate    | 1        |
| time/              |          |
|    total_timesteps | 210000   |
| train/             |          |
|    actor_loss      | 1.69     |
|    critic_loss     | 0.0104   |
|    ent_coef        | 0.0042   |
|    ent_coef_loss   | 0.373    |
|    learning_rate   | 0.0003   |
|    n_updates       | 207999   |
---------------------------------
---------------------------------
| rollout/           |          |
|    ep_len_mean     | 73.5     |
|    ep_rew_mean     | -19.5    |
|    success_rate    | 0.99     |
| time/              |          |
|    episodes        | 2356     |
|    fps             | 51       |
|    time_elapsed    | 4091     |
|    total_timesteps | 210111   |
| train/             |          |
|    actor_loss      | 1.38     |
|    critic_loss     | 0.00755  |
|    ent_coef        | 0.00419  |
|    ent_coef_loss   | -0.0461  |
|    learning_rate   | 0.0003   |
|    n_updates       | 208110   |
---------------------------------
---------------------------------
| rollout/           |          |
|    ep_len_mean     | 73.7     |
|    ep_rew_mean     | -19.5    |
|    success_rate    | 0.99     |
| time/              |          |
|    episodes        | 2360     |
|    fps             | 50       |
|    time_elapsed    | 4144     |
|    total_timesteps | 210410   |
| train/             |          |
|    actor_loss      | 2.49     |
|    critic_loss     | 0.0139   |
|    ent_coef        | 0.00415  |
|    ent_coef_loss   | 0.868    |
|    learning_rate   | 0.0003   |
|    n_updates       | 208409   |
---------------------------------
---------------------------------
| rollout/           |          |
|    ep_len_mean     | 73.5     |
|    ep_rew_mean     | -19.5    |
|    success_rate    | 0.99     |
| time/              |          |
|    episodes        | 2364     |
|    fps             | 50       |
|    time_elapsed    | 4189     |
|    total_timesteps | 210657   |
| train/             |          |
|    actor_loss      | 1.13     |
|    critic_loss     | 0.00772  |
|    ent_coef        | 0.00412  |
|    ent_coef_loss   | -0.0764  |
|    learning_rate   | 0.0003   |
|    n_updates       | 208656   |
---------------------------------
---------------------------------
| rollout/           |          |
|    ep_len_mean     | 73.9     |
|    ep_rew_mean     | -19.6    |
|    success_rate    | 0.99     |
| time/              |          |
|    episodes        | 2368     |
|    fps             | 49       |
|    time_elapsed    | 4244     |
|    total_timesteps | 210958   |
| train/             |          |
|    actor_loss      | 2.25     |
|    critic_loss     | 0.0248   |
|    ent_coef        | 0.00413  |
|    ent_coef_loss   | 0.0268   |
|    learning_rate   | 0.0003   |
|    n_updates       | 208957   |
---------------------------------
---------------------------------
| rollout/           |          |
|    ep_len_mean     | 73.7     |
|    ep_rew_mean     | -19.7    |
|    success_rate    | 0.99     |
| time/              |          |
|    episodes        | 2372     |
|    fps             | 49       |
|    time_elapsed    | 4284     |
|    total_timesteps | 211188   |
| train/             |          |
|    actor_loss      | 1.17     |
|    critic_loss     | 0.0157   |
|    ent_coef        | 0.00412  |
|    ent_coef_loss   | -1.37    |
|    learning_rate   | 0.0003   |
|    n_updates       | 209187   |
---------------------------------
---------------------------------
| rollout/           |          |
|    ep_len_mean     | 73.4     |
|    ep_rew_mean     | -19.5    |
|    success_rate    | 0.99     |
| time/              |          |
|    episodes        | 2376     |
|    fps             | 48       |
|    time_elapsed    | 4334     |
|    total_timesteps | 211468   |
| train/             |          |
|    actor_loss      | 1.41     |
|    critic_loss     | 0.0074   |
|    ent_coef        | 0.00412  |
|    ent_coef_loss   | 0.874    |
|    learning_rate   | 0.0003   |
|    n_updates       | 209467   |
---------------------------------
---------------------------------
| rollout/           |          |
|    ep_len_mean     | 72.7     |
|    ep_rew_mean     | -19.2    |
|    success_rate    | 0.99     |
| time/              |          |
|    episodes        | 2380     |
|    fps             | 48       |
|    time_elapsed    | 4382     |
|    total_timesteps | 211731   |
| train/             |          |
|    actor_loss      | 1.46     |
|    critic_loss     | 0.00869  |
|    ent_coef        | 0.00416  |
|    ent_coef_loss   | -0.613   |
|    learning_rate   | 0.0003   |
|    n_updates       | 209730   |
---------------------------------
---------------------------------
| rollout/           |          |
|    ep_len_mean     | 71.4     |
|    ep_rew_mean     | -18.9    |
|    success_rate    | 1        |
| time/              |          |
|    episodes        | 2384     |
|    fps             | 47       |
|    time_elapsed    | 4433     |
|    total_timesteps | 212006   |
| train/             |          |
|    actor_loss      | 2        |
|    critic_loss     | 0.00636  |
|    ent_coef        | 0.00414  |
|    ent_coef_loss   | 0.535    |
|    learning_rate   | 0.0003   |
|    n_updates       | 210005   |
---------------------------------
---------------------------------
| rollout/           |          |
|    ep_len_mean     | 71.3     |
|    ep_rew_mean     | -18.9    |
|    success_rate    | 1        |
| time/              |          |
|    episodes        | 2388     |
|    fps             | 47       |
|    time_elapsed    | 4489     |
|    total_timesteps | 212318   |
| train/             |          |
|    actor_loss      | 2.46     |
|    critic_loss     | 0.00767  |
|    ent_coef        | 0.00405  |
|    ent_coef_loss   | 1.39     |
|    learning_rate   | 0.0003   |
|    n_updates       | 210317   |
---------------------------------
---------------------------------
| rollout/           |          |
|    ep_len_mean     | 71.2     |
|    ep_rew_mean     | -18.7    |
|    success_rate    | 1        |
| time/              |          |
|    episodes        | 2392     |
|    fps             | 47       |
|    time_elapsed    | 4521     |
|    total_timesteps | 212595   |
| train/             |          |
|    actor_loss      | 2.59     |
|    critic_loss     | 0.00779  |
|    ent_coef        | 0.0041   |
|    ent_coef_loss   | 1.89     |
|    learning_rate   | 0.0003   |
|    n_updates       | 210594   |
---------------------------------
---------------------------------
| rollout/           |          |
|    ep_len_mean     | 70.8     |
|    ep_rew_mean     | -18.4    |
|    success_rate    | 1        |
| time/              |          |
|    episodes        | 2396     |
|    fps             | 46       |
|    time_elapsed    | 4548     |
|    total_timesteps | 212865   |
| train/             |          |
|    actor_loss      | 2.53     |
|    critic_loss     | 0.0143   |
|    ent_coef        | 0.00411  |
|    ent_coef_loss   | 0.714    |
|    learning_rate   | 0.0003   |
|    n_updates       | 210864   |
---------------------------------
---------------------------------
| rollout/           |          |
|    ep_len_mean     | 70       |
|    ep_rew_mean     | -18.1    |
|    success_rate    | 1        |
| time/              |          |
|    episodes        | 2400     |
|    fps             | 46       |
|    time_elapsed    | 4563     |
|    total_timesteps | 213113   |
| train/             |          |
|    actor_loss      | 1.15     |
|    critic_loss     | 0.00833  |
|    ent_coef        | 0.00413  |
|    ent_coef_loss   | -1.33    |
|    learning_rate   | 0.0003   |
|    n_updates       | 211112   |
---------------------------------
---------------------------------
| rollout/           |          |
|    ep_len_mean     | 70.3     |
|    ep_rew_mean     | -18.4    |
|    success_rate    | 1        |
| time/              |          |
|    episodes        | 2404     |
|    fps             | 46       |
|    time_elapsed    | 4607     |
|    total_timesteps | 213397   |
| train/             |          |
|    actor_loss      | 1.54     |
|    critic_loss     | 0.00759  |
|    ent_coef        | 0.00404  |
|    ent_coef_loss   | -0.673   |
|    learning_rate   | 0.0003   |
|    n_updates       | 211396   |
---------------------------------
---------------------------------
| rollout/           |          |
|    ep_len_mean     | 69.9     |
|    ep_rew_mean     | -18.2    |
|    success_rate    | 1        |
| time/              |          |
|    episodes        | 2408     |
|    fps             | 45       |
|    time_elapsed    | 4653     |
|    total_timesteps | 213644   |
| train/             |          |
|    actor_loss      | 1.69     |
|    critic_loss     | 0.00812  |
|    ent_coef        | 0.00409  |
|    ent_coef_loss   | 0.604    |
|    learning_rate   | 0.0003   |
|    n_updates       | 211643   |
---------------------------------
---------------------------------
| rollout/           |          |
|    ep_len_mean     | 70       |
|    ep_rew_mean     | -18.4    |
|    success_rate    | 1        |
| time/              |          |
|    episodes        | 2412     |
|    fps             | 45       |
|    time_elapsed    | 4716     |
|    total_timesteps | 213983   |
| train/             |          |
|    actor_loss      | 2.63     |
|    critic_loss     | 0.0231   |
|    ent_coef        | 0.00411  |
|    ent_coef_loss   | -0.952   |
|    learning_rate   | 0.0003   |
|    n_updates       | 211982   |
---------------------------------
---------------------------------
| rollout/           |          |
|    ep_len_mean     | 70.1     |
|    ep_rew_mean     | -18.4    |
|    success_rate    | 1        |
| time/              |          |
|    episodes        | 2416     |
|    fps             | 44       |
|    time_elapsed    | 4768     |
|    total_timesteps | 214261   |
| train/             |          |
|    actor_loss      | 2.16     |
|    critic_loss     | 0.0093   |
|    ent_coef        | 0.00411  |
|    ent_coef_loss   | 0.422    |
|    learning_rate   | 0.0003   |
|    n_updates       | 212260   |
---------------------------------
---------------------------------
| rollout/           |          |
|    ep_len_mean     | 70.4     |
|    ep_rew_mean     | -18.7    |
|    success_rate    | 1        |
| time/              |          |
|    episodes        | 2420     |
|    fps             | 44       |
|    time_elapsed    | 4824     |
|    total_timesteps | 214565   |
| train/             |          |
|    actor_loss      | 2.62     |
|    critic_loss     | 0.0102   |
|    ent_coef        | 0.00415  |
|    ent_coef_loss   | 0.221    |
|    learning_rate   | 0.0003   |
|    n_updates       | 212564   |
---------------------------------
---------------------------------
| rollout/           |          |
|    ep_len_mean     | 70.1     |
|    ep_rew_mean     | -18.5    |
|    success_rate    | 1        |
| time/              |          |
|    episodes        | 2424     |
|    fps             | 44       |
|    time_elapsed    | 4870     |
|    total_timesteps | 214816   |
| train/             |          |
|    actor_loss      | 2.55     |
|    critic_loss     | 0.00644  |
|    ent_coef        | 0.00413  |
|    ent_coef_loss   | -0.222   |
|    learning_rate   | 0.0003   |
|    n_updates       | 212815   |
---------------------------------
Eval num_timesteps=215000, episode_reward=-19.87 +/- 8.33
Episode length: 75.63 +/- 26.24
Success rate: 96.67%
---------------------------------
| eval/              |          |
|    mean_ep_length  | 75.6     |
|    mean_reward     | -19.9    |
|    success_rate    | 0.967    |
| time/              |          |
|    total_timesteps | 215000   |
| train/             |          |
|    actor_loss      | 2.71     |
|    critic_loss     | 0.00728  |
|    ent_coef        | 0.00412  |
|    ent_coef_loss   | 0.15     |
|    learning_rate   | 0.0003   |
|    n_updates       | 212999   |
---------------------------------
---------------------------------
| rollout/           |          |
|    ep_len_mean     | 70.1     |
|    ep_rew_mean     | -18.3    |
|    success_rate    | 1        |
| time/              |          |
|    episodes        | 2428     |
|    fps             | 43       |
|    time_elapsed    | 4930     |
|    total_timesteps | 215095   |
| train/             |          |
|    actor_loss      | 2.24     |
|    critic_loss     | 0.00965  |
|    ent_coef        | 0.00409  |
|    ent_coef_loss   | -1.42    |
|    learning_rate   | 0.0003   |
|    n_updates       | 213094   |
---------------------------------
---------------------------------
| rollout/           |          |
|    ep_len_mean     | 69.5     |
|    ep_rew_mean     | -18      |
|    success_rate    | 1        |
| time/              |          |
|    episodes        | 2432     |
|    fps             | 43       |
|    time_elapsed    | 4978     |
|    total_timesteps | 215361   |
| train/             |          |
|    actor_loss      | 2.69     |
|    critic_loss     | 0.00761  |
|    ent_coef        | 0.00416  |
|    ent_coef_loss   | -0.835   |
|    learning_rate   | 0.0003   |
|    n_updates       | 213360   |
---------------------------------
---------------------------------
| rollout/           |          |
|    ep_len_mean     | 69.1     |
|    ep_rew_mean     | -18      |
|    success_rate    | 1        |
| time/              |          |
|    episodes        | 2436     |
|    fps             | 42       |
|    time_elapsed    | 5026     |
|    total_timesteps | 215618   |
| train/             |          |
|    actor_loss      | 1.19     |
|    critic_loss     | 0.0115   |
|    ent_coef        | 0.00412  |
|    ent_coef_loss   | -1.85    |
|    learning_rate   | 0.0003   |
|    n_updates       | 213617   |
---------------------------------
---------------------------------
| rollout/           |          |
|    ep_len_mean     | 69.5     |
|    ep_rew_mean     | -18.1    |
|    success_rate    | 1        |
| time/              |          |
|    episodes        | 2440     |
|    fps             | 42       |
|    time_elapsed    | 5080     |
|    total_timesteps | 215909   |
| train/             |          |
|    actor_loss      | 2.57     |
|    critic_loss     | 0.00962  |
|    ent_coef        | 0.00416  |
|    ent_coef_loss   | 3.29     |
|    learning_rate   | 0.0003   |
|    n_updates       | 213908   |
---------------------------------
---------------------------------
| rollout/           |          |
|    ep_len_mean     | 69       |
|    ep_rew_mean     | -17.8    |
|    success_rate    | 1        |
| time/              |          |
|    episodes        | 2444     |
|    fps             | 42       |
|    time_elapsed    | 5127     |
|    total_timesteps | 216163   |
| train/             |          |
|    actor_loss      | 1.68     |
|    critic_loss     | 0.00849  |
|    ent_coef        | 0.00418  |
|    ent_coef_loss   | 2.05     |
|    learning_rate   | 0.0003   |
|    n_updates       | 214162   |
---------------------------------
---------------------------------
| rollout/           |          |
|    ep_len_mean     | 69.2     |
|    ep_rew_mean     | -18.1    |
|    success_rate    | 1        |
| time/              |          |
|    episodes        | 2448     |
|    fps             | 41       |
|    time_elapsed    | 5187     |
|    total_timesteps | 216492   |
| train/             |          |
|    actor_loss      | 1.69     |
|    critic_loss     | 0.00854  |
|    ent_coef        | 0.00413  |
|    ent_coef_loss   | -1.11    |
|    learning_rate   | 0.0003   |
|    n_updates       | 214491   |
---------------------------------
---------------------------------
| rollout/           |          |
|    ep_len_mean     | 69.7     |
|    ep_rew_mean     | -18.2    |
|    success_rate    | 1        |
| time/              |          |
|    episodes        | 2452     |
|    fps             | 41       |
|    time_elapsed    | 5245     |
|    total_timesteps | 216805   |
| train/             |          |
|    actor_loss      | 2.78     |
|    critic_loss     | 0.0221   |
|    ent_coef        | 0.00405  |
|    ent_coef_loss   | 0.767    |
|    learning_rate   | 0.0003   |
|    n_updates       | 214804   |
---------------------------------
---------------------------------
| rollout/           |          |
|    ep_len_mean     | 70.1     |
|    ep_rew_mean     | -18.4    |
|    success_rate    | 1        |
| time/              |          |
|    episodes        | 2456     |
|    fps             | 40       |
|    time_elapsed    | 5302     |
|    total_timesteps | 217117   |
| train/             |          |
|    actor_loss      | 1.56     |
|    critic_loss     | 0.00979  |
|    ent_coef        | 0.00405  |
|    ent_coef_loss   | 1.72     |
|    learning_rate   | 0.0003   |
|    n_updates       | 215116   |
---------------------------------
---------------------------------
| rollout/           |          |
|    ep_len_mean     | 70.3     |
|    ep_rew_mean     | -18.6    |
|    success_rate    | 1        |
| time/              |          |
|    episodes        | 2460     |
|    fps             | 40       |
|    time_elapsed    | 5363     |
|    total_timesteps | 217445   |
| train/             |          |
|    actor_loss      | 1.1      |
|    critic_loss     | 0.00704  |
|    ent_coef        | 0.00413  |
|    ent_coef_loss   | -2.77    |
|    learning_rate   | 0.0003   |
|    n_updates       | 215444   |
---------------------------------
---------------------------------
| rollout/           |          |
|    ep_len_mean     | 72.2     |
|    ep_rew_mean     | -19.1    |
|    success_rate    | 0.99     |
| time/              |          |
|    episodes        | 2464     |
|    fps             | 40       |
|    time_elapsed    | 5442     |
|    total_timesteps | 217879   |
| train/             |          |
|    actor_loss      | 3.17     |
|    critic_loss     | 0.00764  |
|    ent_coef        | 0.00416  |
|    ent_coef_loss   | 1.81     |
|    learning_rate   | 0.0003   |
|    n_updates       | 215878   |
---------------------------------
---------------------------------
| rollout/           |          |
|    ep_len_mean     | 71.7     |
|    ep_rew_mean     | -18.8    |
|    success_rate    | 0.99     |
| time/              |          |
|    episodes        | 2468     |
|    fps             | 39       |
|    time_elapsed    | 5486     |
|    total_timesteps | 218123   |
| train/             |          |
|    actor_loss      | 1.46     |
|    critic_loss     | 0.00821  |
|    ent_coef        | 0.00407  |
|    ent_coef_loss   | -0.54    |
|    learning_rate   | 0.0003   |
|    n_updates       | 216122   |
---------------------------------
---------------------------------
| rollout/           |          |
|    ep_len_mean     | 72.6     |
|    ep_rew_mean     | -19.2    |
|    success_rate    | 0.99     |
| time/              |          |
|    episodes        | 2472     |
|    fps             | 39       |
|    time_elapsed    | 5546     |
|    total_timesteps | 218448   |
| train/             |          |
|    actor_loss      | 2.2      |
|    critic_loss     | 0.00908  |
|    ent_coef        | 0.00414  |
|    ent_coef_loss   | 0.311    |
|    learning_rate   | 0.0003   |
|    n_updates       | 216447   |
---------------------------------
---------------------------------
| rollout/           |          |
|    ep_len_mean     | 72.7     |
|    ep_rew_mean     | -19.3    |
|    success_rate    | 0.99     |
| time/              |          |
|    episodes        | 2476     |
|    fps             | 39       |
|    time_elapsed    | 5600     |
|    total_timesteps | 218739   |
| train/             |          |
|    actor_loss      | 2.35     |
|    critic_loss     | 0.00591  |
|    ent_coef        | 0.00409  |
|    ent_coef_loss   | -1.66    |
|    learning_rate   | 0.0003   |
|    n_updates       | 216738   |
---------------------------------
---------------------------------
| rollout/           |          |
|    ep_len_mean     | 73       |
|    ep_rew_mean     | -19.4    |
|    success_rate    | 0.99     |
| time/              |          |
|    episodes        | 2480     |
|    fps             | 38       |
|    time_elapsed    | 5656     |
|    total_timesteps | 219036   |
| train/             |          |
|    actor_loss      | 1.12     |
|    critic_loss     | 0.00921  |
|    ent_coef        | 0.00408  |
|    ent_coef_loss   | -1.01    |
|    learning_rate   | 0.0003   |
|    n_updates       | 217035   |
---------------------------------
---------------------------------
| rollout/           |          |
|    ep_len_mean     | 73.6     |
|    ep_rew_mean     | -19.6    |
|    success_rate    | 0.99     |
| time/              |          |
|    episodes        | 2484     |
|    fps             | 38       |
|    time_elapsed    | 5717     |
|    total_timesteps | 219362   |
| train/             |          |
|    actor_loss      | 1.6      |
|    critic_loss     | 0.0132   |
|    ent_coef        | 0.00408  |
|    ent_coef_loss   | 0.947    |
|    learning_rate   | 0.0003   |
|    n_updates       | 217361   |
---------------------------------
---------------------------------
| rollout/           |          |
|    ep_len_mean     | 73.5     |
|    ep_rew_mean     | -19.4    |
|    success_rate    | 0.99     |
| time/              |          |
|    episodes        | 2488     |
|    fps             | 38       |
|    time_elapsed    | 5772     |
|    total_timesteps | 219665   |
| train/             |          |
|    actor_loss      | 1.24     |
|    critic_loss     | 0.0111   |
|    ent_coef        | 0.00409  |
|    ent_coef_loss   | 1.29     |
|    learning_rate   | 0.0003   |
|    n_updates       | 217664   |
---------------------------------
Eval num_timesteps=220000, episode_reward=-19.81 +/- 5.62
Episode length: 72.10 +/- 10.65
Success rate: 100.00%
---------------------------------
| eval/              |          |
|    mean_ep_length  | 72.1     |
|    mean_reward     | -19.8    |
|    success_rate    | 1        |
| time/              |          |
|    total_timesteps | 220000   |
| train/             |          |
|    actor_loss      | 2.66     |
|    critic_loss     | 0.00731  |
|    ent_coef        | 0.00405  |
|    ent_coef_loss   | 1.82     |
|    learning_rate   | 0.0003   |
|    n_updates       | 217999   |
---------------------------------
---------------------------------
| rollout/           |          |
|    ep_len_mean     | 74.1     |
|    ep_rew_mean     | -19.8    |
|    success_rate    | 0.99     |
| time/              |          |
|    episodes        | 2492     |
|    fps             | 37       |
|    time_elapsed    | 5845     |
|    total_timesteps | 220008   |
| train/             |          |
|    actor_loss      | 1.17     |
|    critic_loss     | 0.0122   |
|    ent_coef        | 0.00405  |
|    ent_coef_loss   | -0.252   |
|    learning_rate   | 0.0003   |
|    n_updates       | 218007   |
---------------------------------
---------------------------------
| rollout/           |          |
|    ep_len_mean     | 74.7     |
|    ep_rew_mean     | -20.2    |
|    success_rate    | 0.99     |
| time/              |          |
|    episodes        | 2496     |
|    fps             | 37       |
|    time_elapsed    | 5904     |
|    total_timesteps | 220331   |
| train/             |          |
|    actor_loss      | 0.777    |
|    critic_loss     | 0.0105   |
|    ent_coef        | 0.00405  |
|    ent_coef_loss   | 1.13     |
|    learning_rate   | 0.0003   |
|    n_updates       | 218330   |
---------------------------------
---------------------------------
| rollout/           |          |
|    ep_len_mean     | 74.9     |
|    ep_rew_mean     | -20.4    |
|    success_rate    | 0.99     |
| time/              |          |
|    episodes        | 2500     |
|    fps             | 37       |
|    time_elapsed    | 5954     |
|    total_timesteps | 220600   |
| train/             |          |
|    actor_loss      | 1.08     |
|    critic_loss     | 0.00922  |
|    ent_coef        | 0.0041   |
|    ent_coef_loss   | 1.05     |
|    learning_rate   | 0.0003   |
|    n_updates       | 218599   |
---------------------------------
---------------------------------
| rollout/           |          |
|    ep_len_mean     | 74.7     |
|    ep_rew_mean     | -20.2    |
|    success_rate    | 0.99     |
| time/              |          |
|    episodes        | 2504     |
|    fps             | 36       |
|    time_elapsed    | 5994     |
|    total_timesteps | 220865   |
| train/             |          |
|    actor_loss      | 4.06     |
|    critic_loss     | 0.00715  |
|    ent_coef        | 0.00414  |
|    ent_coef_loss   | 2.25     |
|    learning_rate   | 0.0003   |
|    n_updates       | 218864   |
---------------------------------
---------------------------------
| rollout/           |          |
|    ep_len_mean     | 74.5     |
|    ep_rew_mean     | -20.3    |
|    success_rate    | 0.99     |
| time/              |          |
|    episodes        | 2508     |
|    fps             | 36       |
|    time_elapsed    | 6035     |
|    total_timesteps | 221089   |
| train/             |          |
|    actor_loss      | 2.69     |
|    critic_loss     | 0.00969  |
|    ent_coef        | 0.00408  |
|    ent_coef_loss   | 1.63     |
|    learning_rate   | 0.0003   |
|    n_updates       | 219088   |
---------------------------------
---------------------------------
| rollout/           |          |
|    ep_len_mean     | 74.2     |
|    ep_rew_mean     | -20      |
|    success_rate    | 0.99     |
| time/              |          |
|    episodes        | 2512     |
|    fps             | 36       |
|    time_elapsed    | 6093     |
|    total_timesteps | 221400   |
| train/             |          |
|    actor_loss      | 1.63     |
|    critic_loss     | 0.0153   |
|    ent_coef        | 0.00402  |
|    ent_coef_loss   | 0.317    |
|    learning_rate   | 0.0003   |
|    n_updates       | 219399   |
---------------------------------
---------------------------------
| rollout/           |          |
|    ep_len_mean     | 74.4     |
|    ep_rew_mean     | -20.2    |
|    success_rate    | 0.99     |
| time/              |          |
|    episodes        | 2516     |
|    fps             | 36       |
|    time_elapsed    | 6149     |
|    total_timesteps | 221700   |
| train/             |          |
|    actor_loss      | 2.64     |
|    critic_loss     | 0.0151   |
|    ent_coef        | 0.00406  |
|    ent_coef_loss   | 1.29     |
|    learning_rate   | 0.0003   |
|    n_updates       | 219699   |
---------------------------------
---------------------------------
| rollout/           |          |
|    ep_len_mean     | 74.1     |
|    ep_rew_mean     | -20      |
|    success_rate    | 0.99     |
| time/              |          |
|    episodes        | 2520     |
|    fps             | 35       |
|    time_elapsed    | 6200     |
|    total_timesteps | 221976   |
| train/             |          |
|    actor_loss      | 1.88     |
|    critic_loss     | 0.00595  |
|    ent_coef        | 0.00405  |
|    ent_coef_loss   | -0.575   |
|    learning_rate   | 0.0003   |
|    n_updates       | 219975   |
---------------------------------
---------------------------------
| rollout/           |          |
|    ep_len_mean     | 75.7     |
|    ep_rew_mean     | -20.4    |
|    success_rate    | 0.98     |
| time/              |          |
|    episodes        | 2524     |
|    fps             | 35       |
|    time_elapsed    | 6275     |
|    total_timesteps | 222381   |
| train/             |          |
|    actor_loss      | 2.28     |
|    critic_loss     | 0.00708  |
|    ent_coef        | 0.00401  |
|    ent_coef_loss   | 0.882    |
|    learning_rate   | 0.0003   |
|    n_updates       | 220380   |
---------------------------------
---------------------------------
| rollout/           |          |
|    ep_len_mean     | 75.6     |
|    ep_rew_mean     | -20.4    |
|    success_rate    | 0.98     |
| time/              |          |
|    episodes        | 2528     |
|    fps             | 35       |
|    time_elapsed    | 6325     |
|    total_timesteps | 222656   |
| train/             |          |
|    actor_loss      | 2.58     |
|    critic_loss     | 0.0372   |
|    ent_coef        | 0.00405  |
|    ent_coef_loss   | 0.355    |
|    learning_rate   | 0.0003   |
|    n_updates       | 220655   |
---------------------------------
---------------------------------
| rollout/           |          |
|    ep_len_mean     | 77.2     |
|    ep_rew_mean     | -20.7    |
|    success_rate    | 0.97     |
| time/              |          |
|    episodes        | 2532     |
|    fps             | 34       |
|    time_elapsed    | 6399     |
|    total_timesteps | 223084   |
| train/             |          |
|    actor_loss      | 1.61     |
|    critic_loss     | 0.042    |
|    ent_coef        | 0.00412  |
|    ent_coef_loss   | -3.62    |
|    learning_rate   | 0.0003   |
|    n_updates       | 221083   |
---------------------------------
---------------------------------
| rollout/           |          |
|    ep_len_mean     | 77.7     |
|    ep_rew_mean     | -20.8    |
|    success_rate    | 0.97     |
| time/              |          |
|    episodes        | 2536     |
|    fps             | 34       |
|    time_elapsed    | 6455     |
|    total_timesteps | 223391   |
| train/             |          |
|    actor_loss      | 1.69     |
|    critic_loss     | 0.0111   |
|    ent_coef        | 0.00409  |
|    ent_coef_loss   | 2.18     |
|    learning_rate   | 0.0003   |
|    n_updates       | 221390   |
---------------------------------
---------------------------------
| rollout/           |          |
|    ep_len_mean     | 79.1     |
|    ep_rew_mean     | -21.2    |
|    success_rate    | 0.96     |
| time/              |          |
|    episodes        | 2540     |
|    fps             | 34       |
|    time_elapsed    | 6520     |
|    total_timesteps | 223823   |
| train/             |          |
|    actor_loss      | 1.2      |
|    critic_loss     | 0.0155   |
|    ent_coef        | 0.00416  |
|    ent_coef_loss   | -1.86    |
|    learning_rate   | 0.0003   |
|    n_updates       | 221822   |
---------------------------------
---------------------------------
| rollout/           |          |
|    ep_len_mean     | 79.8     |
|    ep_rew_mean     | -21.4    |
|    success_rate    | 0.96     |
| time/              |          |
|    episodes        | 2544     |
|    fps             | 34       |
|    time_elapsed    | 6540     |
|    total_timesteps | 224147   |
| train/             |          |
|    actor_loss      | 1.71     |
|    critic_loss     | 0.00878  |
|    ent_coef        | 0.00411  |
|    ent_coef_loss   | 1.38     |
|    learning_rate   | 0.0003   |
|    n_updates       | 222146   |
---------------------------------
---------------------------------
| rollout/           |          |
|    ep_len_mean     | 79.5     |
|    ep_rew_mean     | -21.2    |
|    success_rate    | 0.96     |
| time/              |          |
|    episodes        | 2548     |
|    fps             | 34       |
|    time_elapsed    | 6592     |
|    total_timesteps | 224445   |
| train/             |          |
|    actor_loss      | 1.35     |
|    critic_loss     | 0.00767  |
|    ent_coef        | 0.00407  |
|    ent_coef_loss   | -0.897   |
|    learning_rate   | 0.0003   |
|    n_updates       | 222444   |
---------------------------------
---------------------------------
| rollout/           |          |
|    ep_len_mean     | 79.8     |
|    ep_rew_mean     | -21.4    |
|    success_rate    | 0.96     |
| time/              |          |
|    episodes        | 2552     |
|    fps             | 33       |
|    time_elapsed    | 6617     |
|    total_timesteps | 224785   |
| train/             |          |
|    actor_loss      | 2.83     |
|    critic_loss     | 0.00883  |
|    ent_coef        | 0.00406  |
|    ent_coef_loss   | 0.63     |
|    learning_rate   | 0.0003   |
|    n_updates       | 222784   |
---------------------------------
Eval num_timesteps=225000, episode_reward=-17.46 +/- 4.74
Episode length: 69.30 +/- 10.44
Success rate: 100.00%
---------------------------------
| eval/              |          |
|    mean_ep_length  | 69.3     |
|    mean_reward     | -17.5    |
|    success_rate    | 1        |
| time/              |          |
|    total_timesteps | 225000   |
| train/             |          |
|    actor_loss      | 1.69     |
|    critic_loss     | 0.00664  |
|    ent_coef        | 0.00406  |
|    ent_coef_loss   | 0.632    |
|    learning_rate   | 0.0003   |
|    n_updates       | 222999   |
---------------------------------
---------------------------------
| rollout/           |          |
|    ep_len_mean     | 79.4     |
|    ep_rew_mean     | -21.2    |
|    success_rate    | 0.96     |
| time/              |          |
|    episodes        | 2556     |
|    fps             | 33       |
|    time_elapsed    | 6623     |
|    total_timesteps | 225061   |
| train/             |          |
|    actor_loss      | 2.3      |
|    critic_loss     | 0.0132   |
|    ent_coef        | 0.00405  |
|    ent_coef_loss   | 0.576    |
|    learning_rate   | 0.0003   |
|    n_updates       | 223060   |
---------------------------------
---------------------------------
| rollout/           |          |
|    ep_len_mean     | 78.7     |
|    ep_rew_mean     | -20.8    |
|    success_rate    | 0.96     |
| time/              |          |
|    episodes        | 2560     |
|    fps             | 33       |
|    time_elapsed    | 6627     |
|    total_timesteps | 225314   |
| train/             |          |
|    actor_loss      | 1.65     |
|    critic_loss     | 0.00996  |
|    ent_coef        | 0.00409  |
|    ent_coef_loss   | 1.04     |
|    learning_rate   | 0.0003   |
|    n_updates       | 223313   |
---------------------------------
---------------------------------
| rollout/           |          |
|    ep_len_mean     | 77.3     |
|    ep_rew_mean     | -20.5    |
|    success_rate    | 0.97     |
| time/              |          |
|    episodes        | 2564     |
|    fps             | 34       |
|    time_elapsed    | 6632     |
|    total_timesteps | 225611   |
| train/             |          |
|    actor_loss      | 1.53     |
|    critic_loss     | 0.00947  |
|    ent_coef        | 0.00412  |
|    ent_coef_loss   | -1.58    |
|    learning_rate   | 0.0003   |
|    n_updates       | 223610   |
---------------------------------
---------------------------------
| rollout/           |          |
|    ep_len_mean     | 78.1     |
|    ep_rew_mean     | -20.8    |
|    success_rate    | 0.97     |
| time/              |          |
|    episodes        | 2568     |
|    fps             | 34       |
|    time_elapsed    | 6637     |
|    total_timesteps | 225929   |
| train/             |          |
|    actor_loss      | 2.13     |
|    critic_loss     | 0.00673  |
|    ent_coef        | 0.00409  |
|    ent_coef_loss   | -0.591   |
|    learning_rate   | 0.0003   |
|    n_updates       | 223928   |
---------------------------------
---------------------------------
| rollout/           |          |
|    ep_len_mean     | 78.2     |
|    ep_rew_mean     | -20.9    |
|    success_rate    | 0.97     |
| time/              |          |
|    episodes        | 2572     |
|    fps             | 34       |
|    time_elapsed    | 6643     |
|    total_timesteps | 226264   |
| train/             |          |
|    actor_loss      | 1.05     |
|    critic_loss     | 0.0112   |
|    ent_coef        | 0.00406  |
|    ent_coef_loss   | -3.3     |
|    learning_rate   | 0.0003   |
|    n_updates       | 224263   |
---------------------------------
---------------------------------
| rollout/           |          |
|    ep_len_mean     | 78       |
|    ep_rew_mean     | -21      |
|    success_rate    | 0.96     |
| time/              |          |
|    episodes        | 2576     |
|    fps             | 34       |
|    time_elapsed    | 6647     |
|    total_timesteps | 226544   |
| train/             |          |
|    actor_loss      | 2.56     |
|    critic_loss     | 0.0124   |
|    ent_coef        | 0.00403  |
|    ent_coef_loss   | 0.973    |
|    learning_rate   | 0.0003   |
|    n_updates       | 224543   |
---------------------------------
---------------------------------
| rollout/           |          |
|    ep_len_mean     | 78.2     |
|    ep_rew_mean     | -21.2    |
|    success_rate    | 0.96     |
| time/              |          |
|    episodes        | 2580     |
|    fps             | 34       |
|    time_elapsed    | 6652     |
|    total_timesteps | 226856   |
| train/             |          |
|    actor_loss      | 1.91     |
|    critic_loss     | 0.0127   |
|    ent_coef        | 0.00397  |
|    ent_coef_loss   | -0.421   |
|    learning_rate   | 0.0003   |
|    n_updates       | 224855   |
---------------------------------
---------------------------------
| rollout/           |          |
|    ep_len_mean     | 77.8     |
|    ep_rew_mean     | -21.1    |
|    success_rate    | 0.96     |
| time/              |          |
|    episodes        | 2584     |
|    fps             | 34       |
|    time_elapsed    | 6657     |
|    total_timesteps | 227144   |
| train/             |          |
|    actor_loss      | 1.7      |
|    critic_loss     | 0.0121   |
|    ent_coef        | 0.00402  |
|    ent_coef_loss   | -0.795   |
|    learning_rate   | 0.0003   |
|    n_updates       | 225143   |
---------------------------------
---------------------------------
| rollout/           |          |
|    ep_len_mean     | 78       |
|    ep_rew_mean     | -21.2    |
|    success_rate    | 0.96     |
| time/              |          |
|    episodes        | 2588     |
|    fps             | 34       |
|    time_elapsed    | 6662     |
|    total_timesteps | 227468   |
| train/             |          |
|    actor_loss      | 1.83     |
|    critic_loss     | 0.0102   |
|    ent_coef        | 0.00408  |
|    ent_coef_loss   | -1.71    |
|    learning_rate   | 0.0003   |
|    n_updates       | 225467   |
---------------------------------
---------------------------------
| rollout/           |          |
|    ep_len_mean     | 76.9     |
|    ep_rew_mean     | -20.7    |
|    success_rate    | 0.96     |
| time/              |          |
|    episodes        | 2592     |
|    fps             | 34       |
|    time_elapsed    | 6666     |
|    total_timesteps | 227702   |
| train/             |          |
|    actor_loss      | 2.64     |
|    critic_loss     | 0.00773  |
|    ent_coef        | 0.00405  |
|    ent_coef_loss   | 1.86     |
|    learning_rate   | 0.0003   |
|    n_updates       | 225701   |
---------------------------------
---------------------------------
| rollout/           |          |
|    ep_len_mean     | 76.3     |
|    ep_rew_mean     | -20.3    |
|    success_rate    | 0.96     |
| time/              |          |
|    episodes        | 2596     |
|    fps             | 34       |
|    time_elapsed    | 6670     |
|    total_timesteps | 227961   |
| train/             |          |
|    actor_loss      | 0.0805   |
|    critic_loss     | 0.0124   |
|    ent_coef        | 0.004    |
|    ent_coef_loss   | -1.88    |
|    learning_rate   | 0.0003   |
|    n_updates       | 225960   |
---------------------------------
---------------------------------
| rollout/           |          |
|    ep_len_mean     | 76.5     |
|    ep_rew_mean     | -20.3    |
|    success_rate    | 0.96     |
| time/              |          |
|    episodes        | 2600     |
|    fps             | 34       |
|    time_elapsed    | 6675     |
|    total_timesteps | 228248   |
| train/             |          |
|    actor_loss      | 2.06     |
|    critic_loss     | 0.00723  |
|    ent_coef        | 0.00403  |
|    ent_coef_loss   | -0.187   |
|    learning_rate   | 0.0003   |
|    n_updates       | 226247   |
---------------------------------
---------------------------------
| rollout/           |          |
|    ep_len_mean     | 76.3     |
|    ep_rew_mean     | -20.4    |
|    success_rate    | 0.96     |
| time/              |          |
|    episodes        | 2604     |
|    fps             | 34       |
|    time_elapsed    | 6679     |
|    total_timesteps | 228494   |
| train/             |          |
|    actor_loss      | 2.14     |
|    critic_loss     | 0.0109   |
|    ent_coef        | 0.00399  |
|    ent_coef_loss   | -0.148   |
|    learning_rate   | 0.0003   |
|    n_updates       | 226493   |
---------------------------------
---------------------------------
| rollout/           |          |
|    ep_len_mean     | 76.9     |
|    ep_rew_mean     | -20.6    |
|    success_rate    | 0.96     |
| time/              |          |
|    episodes        | 2608     |
|    fps             | 34       |
|    time_elapsed    | 6683     |
|    total_timesteps | 228783   |
| train/             |          |
|    actor_loss      | 1.59     |
|    critic_loss     | 0.0149   |
|    ent_coef        | 0.00394  |
|    ent_coef_loss   | 0.635    |
|    learning_rate   | 0.0003   |
|    n_updates       | 226782   |
---------------------------------
---------------------------------
| rollout/           |          |
|    ep_len_mean     | 76.9     |
|    ep_rew_mean     | -20.6    |
|    success_rate    | 0.96     |
| time/              |          |
|    episodes        | 2612     |
|    fps             | 34       |
|    time_elapsed    | 6688     |
|    total_timesteps | 229093   |
| train/             |          |
|    actor_loss      | 0.461    |
|    critic_loss     | 0.0304   |
|    ent_coef        | 0.004    |
|    ent_coef_loss   | -1.08    |
|    learning_rate   | 0.0003   |
|    n_updates       | 227092   |
---------------------------------
---------------------------------
| rollout/           |          |
|    ep_len_mean     | 76.6     |
|    ep_rew_mean     | -20.5    |
|    success_rate    | 0.96     |
| time/              |          |
|    episodes        | 2616     |
|    fps             | 34       |
|    time_elapsed    | 6693     |
|    total_timesteps | 229363   |
| train/             |          |
|    actor_loss      | 1.94     |
|    critic_loss     | 0.0262   |
|    ent_coef        | 0.00395  |
|    ent_coef_loss   | 0.182    |
|    learning_rate   | 0.0003   |
|    n_updates       | 227362   |
---------------------------------
---------------------------------
| rollout/           |          |
|    ep_len_mean     | 76.9     |
|    ep_rew_mean     | -20.6    |
|    success_rate    | 0.96     |
| time/              |          |
|    episodes        | 2620     |
|    fps             | 34       |
|    time_elapsed    | 6698     |
|    total_timesteps | 229663   |
| train/             |          |
|    actor_loss      | 1.65     |
|    critic_loss     | 0.0106   |
|    ent_coef        | 0.00399  |
|    ent_coef_loss   | 1.56     |
|    learning_rate   | 0.0003   |
|    n_updates       | 227662   |
---------------------------------
---------------------------------
| rollout/           |          |
|    ep_len_mean     | 76       |
|    ep_rew_mean     | -20.4    |
|    success_rate    | 0.97     |
| time/              |          |
|    episodes        | 2624     |
|    fps             | 34       |
|    time_elapsed    | 6703     |
|    total_timesteps | 229978   |
| train/             |          |
|    actor_loss      | 1.87     |
|    critic_loss     | 0.00812  |
|    ent_coef        | 0.00399  |
|    ent_coef_loss   | -0.339   |
|    learning_rate   | 0.0003   |
|    n_updates       | 227977   |
---------------------------------
Eval num_timesteps=230000, episode_reward=-18.34 +/- 7.55
Episode length: 76.13 +/- 34.84
Success rate: 93.33%
---------------------------------
| eval/              |          |
|    mean_ep_length  | 76.1     |
|    mean_reward     | -18.3    |
|    success_rate    | 0.933    |
| time/              |          |
|    total_timesteps | 230000   |
| train/             |          |
|    actor_loss      | 1.97     |
|    critic_loss     | 0.00825  |
|    ent_coef        | 0.00399  |
|    ent_coef_loss   | 1.76     |
|    learning_rate   | 0.0003   |
|    n_updates       | 227999   |
---------------------------------
---------------------------------
| rollout/           |          |
|    ep_len_mean     | 76.1     |
|    ep_rew_mean     | -20.5    |
|    success_rate    | 0.97     |
| time/              |          |
|    episodes        | 2628     |
|    fps             | 34       |
|    time_elapsed    | 6709     |
|    total_timesteps | 230264   |
| train/             |          |
|    actor_loss      | 3.27     |
|    critic_loss     | 0.00926  |
|    ent_coef        | 0.00397  |
|    ent_coef_loss   | 2.49     |
|    learning_rate   | 0.0003   |
|    n_updates       | 228263   |
---------------------------------
---------------------------------
| rollout/           |          |
|    ep_len_mean     | 74.8     |
|    ep_rew_mean     | -20.3    |
|    success_rate    | 0.98     |
| time/              |          |
|    episodes        | 2632     |
|    fps             | 34       |
|    time_elapsed    | 6713     |
|    total_timesteps | 230566   |
| train/             |          |
|    actor_loss      | 0.554    |
|    critic_loss     | 0.0112   |
|    ent_coef        | 0.004    |
|    ent_coef_loss   | -1.82    |
|    learning_rate   | 0.0003   |
|    n_updates       | 228565   |
---------------------------------
---------------------------------
| rollout/           |          |
|    ep_len_mean     | 74.5     |
|    ep_rew_mean     | -20.1    |
|    success_rate    | 0.98     |
| time/              |          |
|    episodes        | 2636     |
|    fps             | 34       |
|    time_elapsed    | 6718     |
|    total_timesteps | 230840   |
| train/             |          |
|    actor_loss      | 1.02     |
|    critic_loss     | 0.00831  |
|    ent_coef        | 0.00392  |
|    ent_coef_loss   | -1.28    |
|    learning_rate   | 0.0003   |
|    n_updates       | 228839   |
---------------------------------
---------------------------------
| rollout/           |          |
|    ep_len_mean     | 72.9     |
|    ep_rew_mean     | -19.8    |
|    success_rate    | 0.99     |
| time/              |          |
|    episodes        | 2640     |
|    fps             | 34       |
|    time_elapsed    | 6722     |
|    total_timesteps | 231111   |
| train/             |          |
|    actor_loss      | 2.39     |
|    critic_loss     | 0.007    |
|    ent_coef        | 0.00401  |
|    ent_coef_loss   | 1.49     |
|    learning_rate   | 0.0003   |
|    n_updates       | 229110   |
---------------------------------
---------------------------------
| rollout/           |          |
|    ep_len_mean     | 72.4     |
|    ep_rew_mean     | -19.7    |
|    success_rate    | 0.99     |
| time/              |          |
|    episodes        | 2644     |
|    fps             | 34       |
|    time_elapsed    | 6727     |
|    total_timesteps | 231390   |
| train/             |          |
|    actor_loss      | 2.02     |
|    critic_loss     | 0.0203   |
|    ent_coef        | 0.004    |
|    ent_coef_loss   | 3        |
|    learning_rate   | 0.0003   |
|    n_updates       | 229389   |
---------------------------------
---------------------------------
| rollout/           |          |
|    ep_len_mean     | 72.5     |
|    ep_rew_mean     | -19.8    |
|    success_rate    | 0.99     |
| time/              |          |
|    episodes        | 2648     |
|    fps             | 34       |
|    time_elapsed    | 6732     |
|    total_timesteps | 231698   |
| train/             |          |
|    actor_loss      | 1.19     |
|    critic_loss     | 0.0118   |
|    ent_coef        | 0.00402  |
|    ent_coef_loss   | 1.9      |
|    learning_rate   | 0.0003   |
|    n_updates       | 229697   |
---------------------------------
---------------------------------
| rollout/           |          |
|    ep_len_mean     | 72.1     |
|    ep_rew_mean     | -19.5    |
|    success_rate    | 0.99     |
| time/              |          |
|    episodes        | 2652     |
|    fps             | 34       |
|    time_elapsed    | 6737     |
|    total_timesteps | 231991   |
| train/             |          |
|    actor_loss      | 2.25     |
|    critic_loss     | 0.0158   |
|    ent_coef        | 0.00406  |
|    ent_coef_loss   | 0.85     |
|    learning_rate   | 0.0003   |
|    n_updates       | 229990   |
---------------------------------
---------------------------------
| rollout/           |          |
|    ep_len_mean     | 72.6     |
|    ep_rew_mean     | -19.7    |
|    success_rate    | 0.99     |
| time/              |          |
|    episodes        | 2656     |
|    fps             | 34       |
|    time_elapsed    | 6742     |
|    total_timesteps | 232321   |
| train/             |          |
|    actor_loss      | 1.78     |
|    critic_loss     | 0.00844  |
|    ent_coef        | 0.0041   |
|    ent_coef_loss   | 2.83     |
|    learning_rate   | 0.0003   |
|    n_updates       | 230320   |
---------------------------------
---------------------------------
| rollout/           |          |
|    ep_len_mean     | 73.3     |
|    ep_rew_mean     | -20      |
|    success_rate    | 0.99     |
| time/              |          |
|    episodes        | 2660     |
|    fps             | 34       |
|    time_elapsed    | 6747     |
|    total_timesteps | 232649   |
| train/             |          |
|    actor_loss      | 2.23     |
|    critic_loss     | 0.00707  |
|    ent_coef        | 0.00402  |
|    ent_coef_loss   | 0.346    |
|    learning_rate   | 0.0003   |
|    n_updates       | 230648   |
---------------------------------
---------------------------------
| rollout/           |          |
|    ep_len_mean     | 73.3     |
|    ep_rew_mean     | -20.2    |
|    success_rate    | 0.99     |
| time/              |          |
|    episodes        | 2664     |
|    fps             | 34       |
|    time_elapsed    | 6752     |
|    total_timesteps | 232943   |
| train/             |          |
|    actor_loss      | 2.16     |
|    critic_loss     | 0.00839  |
|    ent_coef        | 0.00397  |
|    ent_coef_loss   | 1.38     |
|    learning_rate   | 0.0003   |
|    n_updates       | 230942   |
---------------------------------
---------------------------------
| rollout/           |          |
|    ep_len_mean     | 73.3     |
|    ep_rew_mean     | -20.3    |
|    success_rate    | 0.99     |
| time/              |          |
|    episodes        | 2668     |
|    fps             | 34       |
|    time_elapsed    | 6757     |
|    total_timesteps | 233263   |
| train/             |          |
|    actor_loss      | 1.98     |
|    critic_loss     | 0.0132   |
|    ent_coef        | 0.00394  |
|    ent_coef_loss   | 0.687    |
|    learning_rate   | 0.0003   |
|    n_updates       | 231262   |
---------------------------------
---------------------------------
| rollout/           |          |
|    ep_len_mean     | 72.5     |
|    ep_rew_mean     | -19.9    |
|    success_rate    | 0.99     |
| time/              |          |
|    episodes        | 2672     |
|    fps             | 34       |
|    time_elapsed    | 6761     |
|    total_timesteps | 233515   |
| train/             |          |
|    actor_loss      | 1.56     |
|    critic_loss     | 0.0116   |
|    ent_coef        | 0.00405  |
|    ent_coef_loss   | -0.383   |
|    learning_rate   | 0.0003   |
|    n_updates       | 231514   |
---------------------------------
---------------------------------
| rollout/           |          |
|    ep_len_mean     | 72.6     |
|    ep_rew_mean     | -20      |
|    success_rate    | 1        |
| time/              |          |
|    episodes        | 2676     |
|    fps             | 34       |
|    time_elapsed    | 6766     |
|    total_timesteps | 233806   |
| train/             |          |
|    actor_loss      | 2.59     |
|    critic_loss     | 0.00901  |
|    ent_coef        | 0.00394  |
|    ent_coef_loss   | 0.238    |
|    learning_rate   | 0.0003   |
|    n_updates       | 231805   |
---------------------------------
---------------------------------
| rollout/           |          |
|    ep_len_mean     | 72.4     |
|    ep_rew_mean     | -19.7    |
|    success_rate    | 1        |
| time/              |          |
|    episodes        | 2680     |
|    fps             | 34       |
|    time_elapsed    | 6770     |
|    total_timesteps | 234095   |
| train/             |          |
|    actor_loss      | 1.53     |
|    critic_loss     | 0.00918  |
|    ent_coef        | 0.00388  |
|    ent_coef_loss   | 1.69     |
|    learning_rate   | 0.0003   |
|    n_updates       | 232094   |
---------------------------------
---------------------------------
| rollout/           |          |
|    ep_len_mean     | 72.4     |
|    ep_rew_mean     | -19.8    |
|    success_rate    | 1        |
| time/              |          |
|    episodes        | 2684     |
|    fps             | 34       |
|    time_elapsed    | 6775     |
|    total_timesteps | 234387   |
| train/             |          |
|    actor_loss      | 3.95     |
|    critic_loss     | 0.0132   |
|    ent_coef        | 0.00391  |
|    ent_coef_loss   | 3.05     |
|    learning_rate   | 0.0003   |
|    n_updates       | 232386   |
---------------------------------
---------------------------------
| rollout/           |          |
|    ep_len_mean     | 71.8     |
|    ep_rew_mean     | -19.6    |
|    success_rate    | 1        |
| time/              |          |
|    episodes        | 2688     |
|    fps             | 34       |
|    time_elapsed    | 6779     |
|    total_timesteps | 234653   |
| train/             |          |
|    actor_loss      | 1.86     |
|    critic_loss     | 0.0138   |
|    ent_coef        | 0.00393  |
|    ent_coef_loss   | 3.12     |
|    learning_rate   | 0.0003   |
|    n_updates       | 232652   |
---------------------------------
---------------------------------
| rollout/           |          |
|    ep_len_mean     | 72.3     |
|    ep_rew_mean     | -19.8    |
|    success_rate    | 1        |
| time/              |          |
|    episodes        | 2692     |
|    fps             | 34       |
|    time_elapsed    | 6784     |
|    total_timesteps | 234936   |
| train/             |          |
|    actor_loss      | 1.34     |
|    critic_loss     | 0.00957  |
|    ent_coef        | 0.00394  |
|    ent_coef_loss   | -0.869   |
|    learning_rate   | 0.0003   |
|    n_updates       | 232935   |
---------------------------------
Eval num_timesteps=235000, episode_reward=-18.60 +/- 8.76
Episode length: 81.00 +/- 34.93
Success rate: 93.33%
---------------------------------
| eval/              |          |
|    mean_ep_length  | 81       |
|    mean_reward     | -18.6    |
|    success_rate    | 0.933    |
| time/              |          |
|    total_timesteps | 235000   |
| train/             |          |
|    actor_loss      | 2.33     |
|    critic_loss     | 0.00754  |
|    ent_coef        | 0.00391  |
|    ent_coef_loss   | 0.903    |
|    learning_rate   | 0.0003   |
|    n_updates       | 232999   |
---------------------------------
---------------------------------
| rollout/           |          |
|    ep_len_mean     | 72.3     |
|    ep_rew_mean     | -19.8    |
|    success_rate    | 1        |
| time/              |          |
|    episodes        | 2696     |
|    fps             | 34       |
|    time_elapsed    | 6789     |
|    total_timesteps | 235189   |
| train/             |          |
|    actor_loss      | 1.82     |
|    critic_loss     | 0.00862  |
|    ent_coef        | 0.00385  |
|    ent_coef_loss   | -0.238   |
|    learning_rate   | 0.0003   |
|    n_updates       | 233188   |
---------------------------------
---------------------------------
| rollout/           |          |
|    ep_len_mean     | 72.6     |
|    ep_rew_mean     | -20.1    |
|    success_rate    | 1        |
| time/              |          |
|    episodes        | 2700     |
|    fps             | 34       |
|    time_elapsed    | 6794     |
|    total_timesteps | 235510   |
| train/             |          |
|    actor_loss      | 2.95     |
|    critic_loss     | 0.00902  |
|    ent_coef        | 0.00383  |
|    ent_coef_loss   | 2.68     |
|    learning_rate   | 0.0003   |
|    n_updates       | 233509   |
---------------------------------
---------------------------------
| rollout/           |          |
|    ep_len_mean     | 73.3     |
|    ep_rew_mean     | -20.2    |
|    success_rate    | 1        |
| time/              |          |
|    episodes        | 2704     |
|    fps             | 34       |
|    time_elapsed    | 6799     |
|    total_timesteps | 235824   |
| train/             |          |
|    actor_loss      | 2.93     |
|    critic_loss     | 0.00592  |
|    ent_coef        | 0.00385  |
|    ent_coef_loss   | 1.32     |
|    learning_rate   | 0.0003   |
|    n_updates       | 233823   |
---------------------------------
---------------------------------
| rollout/           |          |
|    ep_len_mean     | 73.4     |
|    ep_rew_mean     | -20.3    |
|    success_rate    | 1        |
| time/              |          |
|    episodes        | 2708     |
|    fps             | 34       |
|    time_elapsed    | 6804     |
|    total_timesteps | 236121   |
| train/             |          |
|    actor_loss      | 2.28     |
|    critic_loss     | 0.00823  |
|    ent_coef        | 0.00385  |
|    ent_coef_loss   | 0.217    |
|    learning_rate   | 0.0003   |
|    n_updates       | 234120   |
---------------------------------
---------------------------------
| rollout/           |          |
|    ep_len_mean     | 73.2     |
|    ep_rew_mean     | -20.2    |
|    success_rate    | 1        |
| time/              |          |
|    episodes        | 2712     |
|    fps             | 34       |
|    time_elapsed    | 6809     |
|    total_timesteps | 236416   |
| train/             |          |
|    actor_loss      | 1.61     |
|    critic_loss     | 0.0196   |
|    ent_coef        | 0.00391  |
|    ent_coef_loss   | -4.52    |
|    learning_rate   | 0.0003   |
|    n_updates       | 234415   |
---------------------------------
---------------------------------
| rollout/           |          |
|    ep_len_mean     | 73.4     |
|    ep_rew_mean     | -20.1    |
|    success_rate    | 1        |
| time/              |          |
|    episodes        | 2716     |
|    fps             | 34       |
|    time_elapsed    | 6813     |
|    total_timesteps | 236706   |
| train/             |          |
|    actor_loss      | 1.59     |
|    critic_loss     | 0.00789  |
|    ent_coef        | 0.00397  |
|    ent_coef_loss   | -1.18    |
|    learning_rate   | 0.0003   |
|    n_updates       | 234705   |
---------------------------------
---------------------------------
| rollout/           |          |
|    ep_len_mean     | 73.4     |
|    ep_rew_mean     | -20.1    |
|    success_rate    | 1        |
| time/              |          |
|    episodes        | 2720     |
|    fps             | 34       |
|    time_elapsed    | 6818     |
|    total_timesteps | 237002   |
| train/             |          |
|    actor_loss      | 2.46     |
|    critic_loss     | 0.00944  |
|    ent_coef        | 0.00394  |
|    ent_coef_loss   | 2.48     |
|    learning_rate   | 0.0003   |
|    n_updates       | 235001   |
---------------------------------
---------------------------------
| rollout/           |          |
|    ep_len_mean     | 73.2     |
|    ep_rew_mean     | -19.9    |
|    success_rate    | 1        |
| time/              |          |
|    episodes        | 2724     |
|    fps             | 34       |
|    time_elapsed    | 6823     |
|    total_timesteps | 237295   |
| train/             |          |
|    actor_loss      | 1.22     |
|    critic_loss     | 0.00642  |
|    ent_coef        | 0.00393  |
|    ent_coef_loss   | -1.38    |
|    learning_rate   | 0.0003   |
|    n_updates       | 235294   |
---------------------------------
---------------------------------
| rollout/           |          |
|    ep_len_mean     | 72.9     |
|    ep_rew_mean     | -19.9    |
|    success_rate    | 1        |
| time/              |          |
|    episodes        | 2728     |
|    fps             | 34       |
|    time_elapsed    | 6827     |
|    total_timesteps | 237553   |
| train/             |          |
|    actor_loss      | 1.83     |
|    critic_loss     | 0.00907  |
|    ent_coef        | 0.00391  |
|    ent_coef_loss   | 2.34     |
|    learning_rate   | 0.0003   |
|    n_updates       | 235552   |
---------------------------------
---------------------------------
| rollout/           |          |
|    ep_len_mean     | 72.9     |
|    ep_rew_mean     | -19.8    |
|    success_rate    | 1        |
| time/              |          |
|    episodes        | 2732     |
|    fps             | 34       |
|    time_elapsed    | 6832     |
|    total_timesteps | 237855   |
| train/             |          |
|    actor_loss      | 2.38     |
|    critic_loss     | 0.0117   |
|    ent_coef        | 0.00397  |
|    ent_coef_loss   | -0.309   |
|    learning_rate   | 0.0003   |
|    n_updates       | 235854   |
---------------------------------
---------------------------------
| rollout/           |          |
|    ep_len_mean     | 73.3     |
|    ep_rew_mean     | -20.1    |
|    success_rate    | 1        |
| time/              |          |
|    episodes        | 2736     |
|    fps             | 34       |
|    time_elapsed    | 6837     |
|    total_timesteps | 238170   |
| train/             |          |
|    actor_loss      | 0.729    |
|    critic_loss     | 0.00868  |
|    ent_coef        | 0.00401  |
|    ent_coef_loss   | 0.249    |
|    learning_rate   | 0.0003   |
|    n_updates       | 236169   |
---------------------------------
---------------------------------
| rollout/           |          |
|    ep_len_mean     | 73.4     |
|    ep_rew_mean     | -20      |
|    success_rate    | 1        |
| time/              |          |
|    episodes        | 2740     |
|    fps             | 34       |
|    time_elapsed    | 6841     |
|    total_timesteps | 238453   |
| train/             |          |
|    actor_loss      | 1.94     |
|    critic_loss     | 0.00666  |
|    ent_coef        | 0.00401  |
|    ent_coef_loss   | 0.513    |
|    learning_rate   | 0.0003   |
|    n_updates       | 236452   |
---------------------------------
---------------------------------
| rollout/           |          |
|    ep_len_mean     | 73.9     |
|    ep_rew_mean     | -20.3    |
|    success_rate    | 1        |
| time/              |          |
|    episodes        | 2744     |
|    fps             | 34       |
|    time_elapsed    | 6846     |
|    total_timesteps | 238780   |
| train/             |          |
|    actor_loss      | 1.96     |
|    critic_loss     | 0.0149   |
|    ent_coef        | 0.00404  |
|    ent_coef_loss   | -0.137   |
|    learning_rate   | 0.0003   |
|    n_updates       | 236779   |
---------------------------------
---------------------------------
| rollout/           |          |
|    ep_len_mean     | 73.9     |
|    ep_rew_mean     | -20.2    |
|    success_rate    | 1        |
| time/              |          |
|    episodes        | 2748     |
|    fps             | 34       |
|    time_elapsed    | 6851     |
|    total_timesteps | 239086   |
| train/             |          |
|    actor_loss      | 2.36     |
|    critic_loss     | 0.00726  |
|    ent_coef        | 0.00404  |
|    ent_coef_loss   | 1        |
|    learning_rate   | 0.0003   |
|    n_updates       | 237085   |
---------------------------------
---------------------------------
| rollout/           |          |
|    ep_len_mean     | 73.8     |
|    ep_rew_mean     | -20.1    |
|    success_rate    | 1        |
| time/              |          |
|    episodes        | 2752     |
|    fps             | 34       |
|    time_elapsed    | 6856     |
|    total_timesteps | 239372   |
| train/             |          |
|    actor_loss      | 1.64     |
|    critic_loss     | 0.00968  |
|    ent_coef        | 0.00404  |
|    ent_coef_loss   | 0.187    |
|    learning_rate   | 0.0003   |
|    n_updates       | 237371   |
---------------------------------
---------------------------------
| rollout/           |          |
|    ep_len_mean     | 73.6     |
|    ep_rew_mean     | -20.1    |
|    success_rate    | 1        |
| time/              |          |
|    episodes        | 2756     |
|    fps             | 34       |
|    time_elapsed    | 6861     |
|    total_timesteps | 239683   |
| train/             |          |
|    actor_loss      | 1.09     |
|    critic_loss     | 0.00839  |
|    ent_coef        | 0.00393  |
|    ent_coef_loss   | -1.5     |
|    learning_rate   | 0.0003   |
|    n_updates       | 237682   |
---------------------------------
---------------------------------
| rollout/           |          |
|    ep_len_mean     | 73.1     |
|    ep_rew_mean     | -19.7    |
|    success_rate    | 1        |
| time/              |          |
|    episodes        | 2760     |
|    fps             | 34       |
|    time_elapsed    | 6865     |
|    total_timesteps | 239955   |
| train/             |          |
|    actor_loss      | 1.61     |
|    critic_loss     | 0.0192   |
|    ent_coef        | 0.00391  |
|    ent_coef_loss   | -0.963   |
|    learning_rate   | 0.0003   |
|    n_updates       | 237954   |
---------------------------------
Eval num_timesteps=240000, episode_reward=-18.01 +/- 6.38
Episode length: 70.30 +/- 11.05
Success rate: 100.00%
---------------------------------
| eval/              |          |
|    mean_ep_length  | 70.3     |
|    mean_reward     | -18      |
|    success_rate    | 1        |
| time/              |          |
|    total_timesteps | 240000   |
| train/             |          |
|    actor_loss      | 3.17     |
|    critic_loss     | 0.00575  |
|    ent_coef        | 0.00394  |
|    ent_coef_loss   | 3.45     |
|    learning_rate   | 0.0003   |
|    n_updates       | 237999   |
---------------------------------
---------------------------------
| rollout/           |          |
|    ep_len_mean     | 73       |
|    ep_rew_mean     | -19.6    |
|    success_rate    | 1        |
| time/              |          |
|    episodes        | 2764     |
|    fps             | 34       |
|    time_elapsed    | 6872     |
|    total_timesteps | 240243   |
| train/             |          |
|    actor_loss      | 1.81     |
|    critic_loss     | 0.0135   |
|    ent_coef        | 0.00392  |
|    ent_coef_loss   | 2.95     |
|    learning_rate   | 0.0003   |
|    n_updates       | 238242   |
---------------------------------
---------------------------------
| rollout/           |          |
|    ep_len_mean     | 72.6     |
|    ep_rew_mean     | -19.2    |
|    success_rate    | 1        |
| time/              |          |
|    episodes        | 2768     |
|    fps             | 34       |
|    time_elapsed    | 6876     |
|    total_timesteps | 240524   |
| train/             |          |
|    actor_loss      | 1.54     |
|    critic_loss     | 0.011    |
|    ent_coef        | 0.00399  |
|    ent_coef_loss   | 0.609    |
|    learning_rate   | 0.0003   |
|    n_updates       | 238523   |
---------------------------------
---------------------------------
| rollout/           |          |
|    ep_len_mean     | 73.1     |
|    ep_rew_mean     | -19.3    |
|    success_rate    | 1        |
| time/              |          |
|    episodes        | 2772     |
|    fps             | 34       |
|    time_elapsed    | 6881     |
|    total_timesteps | 240824   |
| train/             |          |
|    actor_loss      | 1.62     |
|    critic_loss     | 0.0109   |
|    ent_coef        | 0.004    |
|    ent_coef_loss   | -1.67    |
|    learning_rate   | 0.0003   |
|    n_updates       | 238823   |
---------------------------------
---------------------------------
| rollout/           |          |
|    ep_len_mean     | 72.5     |
|    ep_rew_mean     | -18.9    |
|    success_rate    | 1        |
| time/              |          |
|    episodes        | 2776     |
|    fps             | 35       |
|    time_elapsed    | 6885     |
|    total_timesteps | 241053   |
| train/             |          |
|    actor_loss      | 3.28     |
|    critic_loss     | 0.00802  |
|    ent_coef        | 0.00403  |
|    ent_coef_loss   | 2.72     |
|    learning_rate   | 0.0003   |
|    n_updates       | 239052   |
---------------------------------
---------------------------------
| rollout/           |          |
|    ep_len_mean     | 73.6     |
|    ep_rew_mean     | -18.9    |
|    success_rate    | 0.99     |
| time/              |          |
|    episodes        | 2780     |
|    fps             | 35       |
|    time_elapsed    | 6891     |
|    total_timesteps | 241457   |
| train/             |          |
|    actor_loss      | 1.31     |
|    critic_loss     | 0.0118   |
|    ent_coef        | 0.00398  |
|    ent_coef_loss   | 0.449    |
|    learning_rate   | 0.0003   |
|    n_updates       | 239456   |
---------------------------------
---------------------------------
| rollout/           |          |
|    ep_len_mean     | 73.4     |
|    ep_rew_mean     | -18.9    |
|    success_rate    | 0.98     |
| time/              |          |
|    episodes        | 2784     |
|    fps             | 35       |
|    time_elapsed    | 6895     |
|    total_timesteps | 241723   |
| train/             |          |
|    actor_loss      | 1.16     |
|    critic_loss     | 0.0115   |
|    ent_coef        | 0.00401  |
|    ent_coef_loss   | -0.922   |
|    learning_rate   | 0.0003   |
|    n_updates       | 239722   |
---------------------------------
---------------------------------
| rollout/           |          |
|    ep_len_mean     | 73.8     |
|    ep_rew_mean     | -19.1    |
|    success_rate    | 0.98     |
| time/              |          |
|    episodes        | 2788     |
|    fps             | 35       |
|    time_elapsed    | 6900     |
|    total_timesteps | 242030   |
| train/             |          |
|    actor_loss      | 0.752    |
|    critic_loss     | 0.00755  |
|    ent_coef        | 0.00399  |
|    ent_coef_loss   | -0.106   |
|    learning_rate   | 0.0003   |
|    n_updates       | 240029   |
---------------------------------
---------------------------------
| rollout/           |          |
|    ep_len_mean     | 74       |
|    ep_rew_mean     | -19.2    |
|    success_rate    | 0.98     |
| time/              |          |
|    episodes        | 2792     |
|    fps             | 35       |
|    time_elapsed    | 6905     |
|    total_timesteps | 242331   |
| train/             |          |
|    actor_loss      | 2.01     |
|    critic_loss     | 0.0158   |
|    ent_coef        | 0.00405  |
|    ent_coef_loss   | -0.489   |
|    learning_rate   | 0.0003   |
|    n_updates       | 240330   |
---------------------------------
---------------------------------
| rollout/           |          |
|    ep_len_mean     | 74.4     |
|    ep_rew_mean     | -19.5    |
|    success_rate    | 0.98     |
| time/              |          |
|    episodes        | 2796     |
|    fps             | 35       |
|    time_elapsed    | 6910     |
|    total_timesteps | 242625   |
| train/             |          |
|    actor_loss      | 1.93     |
|    critic_loss     | 0.00776  |
|    ent_coef        | 0.0041   |
|    ent_coef_loss   | -1.14    |
|    learning_rate   | 0.0003   |
|    n_updates       | 240624   |
---------------------------------
---------------------------------
| rollout/           |          |
|    ep_len_mean     | 73.8     |
|    ep_rew_mean     | -19.1    |
|    success_rate    | 0.98     |
| time/              |          |
|    episodes        | 2800     |
|    fps             | 35       |
|    time_elapsed    | 6914     |
|    total_timesteps | 242893   |
| train/             |          |
|    actor_loss      | 2.72     |
|    critic_loss     | 0.0115   |
|    ent_coef        | 0.0041   |
|    ent_coef_loss   | 2.33     |
|    learning_rate   | 0.0003   |
|    n_updates       | 240892   |
---------------------------------
---------------------------------
| rollout/           |          |
|    ep_len_mean     | 73.9     |
|    ep_rew_mean     | -19.4    |
|    success_rate    | 0.98     |
| time/              |          |
|    episodes        | 2804     |
|    fps             | 35       |
|    time_elapsed    | 6919     |
|    total_timesteps | 243217   |
| train/             |          |
|    actor_loss      | 1.13     |
|    critic_loss     | 0.00821  |
|    ent_coef        | 0.0041   |
|    ent_coef_loss   | -0.456   |
|    learning_rate   | 0.0003   |
|    n_updates       | 241216   |
---------------------------------
---------------------------------
| rollout/           |          |
|    ep_len_mean     | 73.9     |
|    ep_rew_mean     | -19.2    |
|    success_rate    | 0.98     |
| time/              |          |
|    episodes        | 2808     |
|    fps             | 35       |
|    time_elapsed    | 6924     |
|    total_timesteps | 243507   |
| train/             |          |
|    actor_loss      | 2.48     |
|    critic_loss     | 0.00901  |
|    ent_coef        | 0.00419  |
|    ent_coef_loss   | -0.101   |
|    learning_rate   | 0.0003   |
|    n_updates       | 241506   |
---------------------------------
---------------------------------
| rollout/           |          |
|    ep_len_mean     | 74.2     |
|    ep_rew_mean     | -19.4    |
|    success_rate    | 0.98     |
| time/              |          |
|    episodes        | 2812     |
|    fps             | 35       |
|    time_elapsed    | 6929     |
|    total_timesteps | 243833   |
| train/             |          |
|    actor_loss      | 2.57     |
|    critic_loss     | 0.00872  |
|    ent_coef        | 0.00414  |
|    ent_coef_loss   | 2.49     |
|    learning_rate   | 0.0003   |
|    n_updates       | 241832   |
---------------------------------
---------------------------------
| rollout/           |          |
|    ep_len_mean     | 75.2     |
|    ep_rew_mean     | -19.5    |
|    success_rate    | 0.97     |
| time/              |          |
|    episodes        | 2816     |
|    fps             | 35       |
|    time_elapsed    | 6936     |
|    total_timesteps | 244230   |
| train/             |          |
|    actor_loss      | 3.23     |
|    critic_loss     | 0.0116   |
|    ent_coef        | 0.0041   |
|    ent_coef_loss   | 2.68     |
|    learning_rate   | 0.0003   |
|    n_updates       | 242229   |
---------------------------------
---------------------------------
| rollout/           |          |
|    ep_len_mean     | 74.8     |
|    ep_rew_mean     | -19.1    |
|    success_rate    | 0.97     |
| time/              |          |
|    episodes        | 2820     |
|    fps             | 35       |
|    time_elapsed    | 6940     |
|    total_timesteps | 244484   |
| train/             |          |
|    actor_loss      | 1.65     |
|    critic_loss     | 0.00743  |
|    ent_coef        | 0.00416  |
|    ent_coef_loss   | 0.0494   |
|    learning_rate   | 0.0003   |
|    n_updates       | 242483   |
---------------------------------
---------------------------------
| rollout/           |          |
|    ep_len_mean     | 75.1     |
|    ep_rew_mean     | -19.4    |
|    success_rate    | 0.97     |
| time/              |          |
|    episodes        | 2824     |
|    fps             | 35       |
|    time_elapsed    | 6945     |
|    total_timesteps | 244807   |
| train/             |          |
|    actor_loss      | 1.62     |
|    critic_loss     | 0.00539  |
|    ent_coef        | 0.00416  |
|    ent_coef_loss   | -3.36    |
|    learning_rate   | 0.0003   |
|    n_updates       | 242806   |
---------------------------------
Eval num_timesteps=245000, episode_reward=-21.04 +/- 8.12
Episode length: 80.07 +/- 27.59
Success rate: 96.67%
---------------------------------
| eval/              |          |
|    mean_ep_length  | 80.1     |
|    mean_reward     | -21      |
|    success_rate    | 0.967    |
| time/              |          |
|    total_timesteps | 245000   |
| train/             |          |
|    actor_loss      | 1.06     |
|    critic_loss     | 0.0147   |
|    ent_coef        | 0.00411  |
|    ent_coef_loss   | -2.79    |
|    learning_rate   | 0.0003   |
|    n_updates       | 242999   |
---------------------------------
---------------------------------
| rollout/           |          |
|    ep_len_mean     | 75.4     |
|    ep_rew_mean     | -19.3    |
|    success_rate    | 0.97     |
| time/              |          |
|    episodes        | 2828     |
|    fps             | 35       |
|    time_elapsed    | 6951     |
|    total_timesteps | 245096   |
| train/             |          |
|    actor_loss      | 3.33     |
|    critic_loss     | 0.0142   |
|    ent_coef        | 0.0041   |
|    ent_coef_loss   | 2.6      |
|    learning_rate   | 0.0003   |
|    n_updates       | 243095   |
---------------------------------
---------------------------------
| rollout/           |          |
|    ep_len_mean     | 75.7     |
|    ep_rew_mean     | -19.3    |
|    success_rate    | 0.97     |
| time/              |          |
|    episodes        | 2832     |
|    fps             | 35       |
|    time_elapsed    | 6956     |
|    total_timesteps | 245425   |
| train/             |          |
|    actor_loss      | 1.24     |
|    critic_loss     | 0.00738  |
|    ent_coef        | 0.00413  |
|    ent_coef_loss   | -1.52    |
|    learning_rate   | 0.0003   |
|    n_updates       | 243424   |
---------------------------------
---------------------------------
| rollout/           |          |
|    ep_len_mean     | 75.3     |
|    ep_rew_mean     | -19.1    |
|    success_rate    | 0.97     |
| time/              |          |
|    episodes        | 2836     |
|    fps             | 35       |
|    time_elapsed    | 6961     |
|    total_timesteps | 245697   |
| train/             |          |
|    actor_loss      | 1.9      |
|    critic_loss     | 0.00803  |
|    ent_coef        | 0.00401  |
|    ent_coef_loss   | -0.203   |
|    learning_rate   | 0.0003   |
|    n_updates       | 243696   |
---------------------------------
---------------------------------
| rollout/           |          |
|    ep_len_mean     | 76.9     |
|    ep_rew_mean     | -19.3    |
|    success_rate    | 0.96     |
| time/              |          |
|    episodes        | 2840     |
|    fps             | 35       |
|    time_elapsed    | 6968     |
|    total_timesteps | 246146   |
| train/             |          |
|    actor_loss      | 1.25     |
|    critic_loss     | 0.0102   |
|    ent_coef        | 0.004    |
|    ent_coef_loss   | -0.989   |
|    learning_rate   | 0.0003   |
|    n_updates       | 244145   |
---------------------------------
---------------------------------
| rollout/           |          |
|    ep_len_mean     | 76.9     |
|    ep_rew_mean     | -19.3    |
|    success_rate    | 0.96     |
| time/              |          |
|    episodes        | 2844     |
|    fps             | 35       |
|    time_elapsed    | 6973     |
|    total_timesteps | 246471   |
| train/             |          |
|    actor_loss      | 1.89     |
|    critic_loss     | 0.00916  |
|    ent_coef        | 0.00399  |
|    ent_coef_loss   | -0.903   |
|    learning_rate   | 0.0003   |
|    n_updates       | 244470   |
---------------------------------
---------------------------------
| rollout/           |          |
|    ep_len_mean     | 76.9     |
|    ep_rew_mean     | -19.4    |
|    success_rate    | 0.96     |
| time/              |          |
|    episodes        | 2848     |
|    fps             | 35       |
|    time_elapsed    | 6978     |
|    total_timesteps | 246772   |
| train/             |          |
|    actor_loss      | 2.87     |
|    critic_loss     | 0.00931  |
|    ent_coef        | 0.00397  |
|    ent_coef_loss   | 1.53     |
|    learning_rate   | 0.0003   |
|    n_updates       | 244771   |
---------------------------------
---------------------------------
| rollout/           |          |
|    ep_len_mean     | 76.9     |
|    ep_rew_mean     | -19.3    |
|    success_rate    | 0.96     |
| time/              |          |
|    episodes        | 2852     |
|    fps             | 35       |
|    time_elapsed    | 6982     |
|    total_timesteps | 247058   |
| train/             |          |
|    actor_loss      | 1.29     |
|    critic_loss     | 0.0102   |
|    ent_coef        | 0.00397  |
|    ent_coef_loss   | -1.34    |
|    learning_rate   | 0.0003   |
|    n_updates       | 245057   |
---------------------------------
---------------------------------
| rollout/           |          |
|    ep_len_mean     | 76.8     |
|    ep_rew_mean     | -19.3    |
|    success_rate    | 0.96     |
| time/              |          |
|    episodes        | 2856     |
|    fps             | 35       |
|    time_elapsed    | 6987     |
|    total_timesteps | 247361   |
| train/             |          |
|    actor_loss      | 0.932    |
|    critic_loss     | 0.0096   |
|    ent_coef        | 0.00402  |
|    ent_coef_loss   | -2.28    |
|    learning_rate   | 0.0003   |
|    n_updates       | 245360   |
---------------------------------
---------------------------------
| rollout/           |          |
|    ep_len_mean     | 78       |
|    ep_rew_mean     | -19.5    |
|    success_rate    | 0.96     |
| time/              |          |
|    episodes        | 2860     |
|    fps             | 35       |
|    time_elapsed    | 6993     |
|    total_timesteps | 247752   |
| train/             |          |
|    actor_loss      | 1.65     |
|    critic_loss     | 0.00861  |
|    ent_coef        | 0.00394  |
|    ent_coef_loss   | 0.215    |
|    learning_rate   | 0.0003   |
|    n_updates       | 245751   |
---------------------------------
---------------------------------
| rollout/           |          |
|    ep_len_mean     | 77.8     |
|    ep_rew_mean     | -19.7    |
|    success_rate    | 0.96     |
| time/              |          |
|    episodes        | 2864     |
|    fps             | 35       |
|    time_elapsed    | 6998     |
|    total_timesteps | 248028   |
| train/             |          |
|    actor_loss      | 2.22     |
|    critic_loss     | 0.00677  |
|    ent_coef        | 0.00392  |
|    ent_coef_loss   | 0.4      |
|    learning_rate   | 0.0003   |
|    n_updates       | 246027   |
---------------------------------
---------------------------------
| rollout/           |          |
|    ep_len_mean     | 78       |
|    ep_rew_mean     | -19.8    |
|    success_rate    | 0.96     |
| time/              |          |
|    episodes        | 2868     |
|    fps             | 35       |
|    time_elapsed    | 7002     |
|    total_timesteps | 248322   |
| train/             |          |
|    actor_loss      | 1.53     |
|    critic_loss     | 0.00967  |
|    ent_coef        | 0.00398  |
|    ent_coef_loss   | 0.179    |
|    learning_rate   | 0.0003   |
|    n_updates       | 246321   |
---------------------------------
---------------------------------
| rollout/           |          |
|    ep_len_mean     | 78       |
|    ep_rew_mean     | -20      |
|    success_rate    | 0.96     |
| time/              |          |
|    episodes        | 2872     |
|    fps             | 35       |
|    time_elapsed    | 7007     |
|    total_timesteps | 248629   |
| train/             |          |
|    actor_loss      | 2.47     |
|    critic_loss     | 0.0173   |
|    ent_coef        | 0.00391  |
|    ent_coef_loss   | 2.26     |
|    learning_rate   | 0.0003   |
|    n_updates       | 246628   |
---------------------------------
---------------------------------
| rollout/           |          |
|    ep_len_mean     | 78.8     |
|    ep_rew_mean     | -20.4    |
|    success_rate    | 0.96     |
| time/              |          |
|    episodes        | 2876     |
|    fps             | 35       |
|    time_elapsed    | 7012     |
|    total_timesteps | 248936   |
| train/             |          |
|    actor_loss      | 2.3      |
|    critic_loss     | 0.00982  |
|    ent_coef        | 0.00395  |
|    ent_coef_loss   | 1.34     |
|    learning_rate   | 0.0003   |
|    n_updates       | 246935   |
---------------------------------
---------------------------------
| rollout/           |          |
|    ep_len_mean     | 78.5     |
|    ep_rew_mean     | -20.7    |
|    success_rate    | 0.97     |
| time/              |          |
|    episodes        | 2880     |
|    fps             | 35       |
|    time_elapsed    | 7018     |
|    total_timesteps | 249309   |
| train/             |          |
|    actor_loss      | 1.74     |
|    critic_loss     | 0.00637  |
|    ent_coef        | 0.00393  |
|    ent_coef_loss   | -1.75    |
|    learning_rate   | 0.0003   |
|    n_updates       | 247308   |
---------------------------------
---------------------------------
| rollout/           |          |
|    ep_len_mean     | 79.1     |
|    ep_rew_mean     | -20.8    |
|    success_rate    | 0.98     |
| time/              |          |
|    episodes        | 2884     |
|    fps             | 35       |
|    time_elapsed    | 7023     |
|    total_timesteps | 249629   |
| train/             |          |
|    actor_loss      | 2.85     |
|    critic_loss     | 0.0126   |
|    ent_coef        | 0.00391  |
|    ent_coef_loss   | 1.67     |
|    learning_rate   | 0.0003   |
|    n_updates       | 247628   |
---------------------------------
---------------------------------
| rollout/           |          |
|    ep_len_mean     | 78.6     |
|    ep_rew_mean     | -20.6    |
|    success_rate    | 0.98     |
| time/              |          |
|    episodes        | 2888     |
|    fps             | 35       |
|    time_elapsed    | 7028     |
|    total_timesteps | 249891   |
| train/             |          |
|    actor_loss      | 1.67     |
|    critic_loss     | 0.00639  |
|    ent_coef        | 0.00393  |
|    ent_coef_loss   | 0.385    |
|    learning_rate   | 0.0003   |
|    n_updates       | 247890   |
---------------------------------
Eval num_timesteps=250000, episode_reward=-20.08 +/- 7.51
Episode length: 79.07 +/- 33.90
Success rate: 93.33%
---------------------------------
| eval/              |          |
|    mean_ep_length  | 79.1     |
|    mean_reward     | -20.1    |
|    success_rate    | 0.933    |
| time/              |          |
|    total_timesteps | 250000   |
| train/             |          |
|    actor_loss      | 2.12     |
|    critic_loss     | 0.0106   |
|    ent_coef        | 0.00395  |
|    ent_coef_loss   | -0.785   |
|    learning_rate   | 0.0003   |
|    n_updates       | 247999   |
---------------------------------
---------------------------------
| rollout/           |          |
|    ep_len_mean     | 79       |
|    ep_rew_mean     | -20.4    |
|    success_rate    | 0.98     |
| time/              |          |
|    episodes        | 2892     |
|    fps             | 35       |
|    time_elapsed    | 7035     |
|    total_timesteps | 250227   |
| train/             |          |
|    actor_loss      | 2.25     |
|    critic_loss     | 0.0088   |
|    ent_coef        | 0.00398  |
|    ent_coef_loss   | 3.52     |
|    learning_rate   | 0.0003   |
|    n_updates       | 248226   |
---------------------------------
---------------------------------
| rollout/           |          |
|    ep_len_mean     | 78.7     |
|    ep_rew_mean     | -20.1    |
|    success_rate    | 0.98     |
| time/              |          |
|    episodes        | 2896     |
|    fps             | 35       |
|    time_elapsed    | 7039     |
|    total_timesteps | 250497   |
| train/             |          |
|    actor_loss      | 2.49     |
|    critic_loss     | 0.0139   |
|    ent_coef        | 0.0041   |
|    ent_coef_loss   | 0.0713   |
|    learning_rate   | 0.0003   |
|    n_updates       | 248496   |
---------------------------------
---------------------------------
| rollout/           |          |
|    ep_len_mean     | 78.5     |
|    ep_rew_mean     | -20      |
|    success_rate    | 0.98     |
| time/              |          |
|    episodes        | 2900     |
|    fps             | 35       |
|    time_elapsed    | 7043     |
|    total_timesteps | 250738   |
| train/             |          |
|    actor_loss      | 2.57     |
|    critic_loss     | 0.00929  |
|    ent_coef        | 0.00399  |
|    ent_coef_loss   | 0.5      |
|    learning_rate   | 0.0003   |
|    n_updates       | 248737   |
---------------------------------
---------------------------------
| rollout/           |          |
|    ep_len_mean     | 78       |
|    ep_rew_mean     | -19.8    |
|    success_rate    | 0.98     |
| time/              |          |
|    episodes        | 2904     |
|    fps             | 35       |
|    time_elapsed    | 7047     |
|    total_timesteps | 251022   |
| train/             |          |
|    actor_loss      | 2.21     |
|    critic_loss     | 0.00723  |
|    ent_coef        | 0.00403  |
|    ent_coef_loss   | 0.373    |
|    learning_rate   | 0.0003   |
|    n_updates       | 249021   |
---------------------------------
---------------------------------
| rollout/           |          |
|    ep_len_mean     | 78.3     |
|    ep_rew_mean     | -20      |
|    success_rate    | 0.98     |
| time/              |          |
|    episodes        | 2908     |
|    fps             | 35       |
|    time_elapsed    | 7052     |
|    total_timesteps | 251335   |
| train/             |          |
|    actor_loss      | 0.372    |
|    critic_loss     | 0.00834  |
|    ent_coef        | 0.00398  |
|    ent_coef_loss   | -2.27    |
|    learning_rate   | 0.0003   |
|    n_updates       | 249334   |
---------------------------------
---------------------------------
| rollout/           |          |
|    ep_len_mean     | 78.2     |
|    ep_rew_mean     | -20      |
|    success_rate    | 0.98     |
| time/              |          |
|    episodes        | 2912     |
|    fps             | 35       |
|    time_elapsed    | 7057     |
|    total_timesteps | 251652   |
| train/             |          |
|    actor_loss      | 2.67     |
|    critic_loss     | 0.00824  |
|    ent_coef        | 0.00401  |
|    ent_coef_loss   | 1.77     |
|    learning_rate   | 0.0003   |
|    n_updates       | 249651   |
---------------------------------
---------------------------------
| rollout/           |          |
|    ep_len_mean     | 76.8     |
|    ep_rew_mean     | -19.8    |
|    success_rate    | 0.99     |
| time/              |          |
|    episodes        | 2916     |
|    fps             | 35       |
|    time_elapsed    | 7062     |
|    total_timesteps | 251915   |
| train/             |          |
|    actor_loss      | 1.77     |
|    critic_loss     | 0.0061   |
|    ent_coef        | 0.00396  |
|    ent_coef_loss   | 0.775    |
|    learning_rate   | 0.0003   |
|    n_updates       | 249914   |
---------------------------------
---------------------------------
| rollout/           |          |
|    ep_len_mean     | 77.4     |
|    ep_rew_mean     | -20.2    |
|    success_rate    | 0.99     |
| time/              |          |
|    episodes        | 2920     |
|    fps             | 35       |
|    time_elapsed    | 7067     |
|    total_timesteps | 252222   |
| train/             |          |
|    actor_loss      | 2.03     |
|    critic_loss     | 0.00828  |
|    ent_coef        | 0.00388  |
|    ent_coef_loss   | 0.4      |
|    learning_rate   | 0.0003   |
|    n_updates       | 250221   |
---------------------------------
---------------------------------
| rollout/           |          |
|    ep_len_mean     | 77.3     |
|    ep_rew_mean     | -19.9    |
|    success_rate    | 0.99     |
| time/              |          |
|    episodes        | 2924     |
|    fps             | 35       |
|    time_elapsed    | 7072     |
|    total_timesteps | 252542   |
| train/             |          |
|    actor_loss      | 2.44     |
|    critic_loss     | 0.0212   |
|    ent_coef        | 0.00403  |
|    ent_coef_loss   | 1.92     |
|    learning_rate   | 0.0003   |
|    n_updates       | 250541   |
---------------------------------
---------------------------------
| rollout/           |          |
|    ep_len_mean     | 77.4     |
|    ep_rew_mean     | -19.9    |
|    success_rate    | 0.99     |
| time/              |          |
|    episodes        | 2928     |
|    fps             | 35       |
|    time_elapsed    | 7076     |
|    total_timesteps | 252832   |
| train/             |          |
|    actor_loss      | 0.808    |
|    critic_loss     | 0.0199   |
|    ent_coef        | 0.00399  |
|    ent_coef_loss   | -3.44    |
|    learning_rate   | 0.0003   |
|    n_updates       | 250831   |
---------------------------------
---------------------------------
| rollout/           |          |
|    ep_len_mean     | 76.8     |
|    ep_rew_mean     | -19.9    |
|    success_rate    | 0.99     |
| time/              |          |
|    episodes        | 2932     |
|    fps             | 35       |
|    time_elapsed    | 7080     |
|    total_timesteps | 253101   |
| train/             |          |
|    actor_loss      | 1.3      |
|    critic_loss     | 0.0109   |
|    ent_coef        | 0.00391  |
|    ent_coef_loss   | -2.62    |
|    learning_rate   | 0.0003   |
|    n_updates       | 251100   |
---------------------------------
---------------------------------
| rollout/           |          |
|    ep_len_mean     | 76.5     |
|    ep_rew_mean     | -19.8    |
|    success_rate    | 0.99     |
| time/              |          |
|    episodes        | 2936     |
|    fps             | 35       |
|    time_elapsed    | 7084     |
|    total_timesteps | 253342   |
| train/             |          |
|    actor_loss      | 1.44     |
|    critic_loss     | 0.0207   |
|    ent_coef        | 0.00386  |
|    ent_coef_loss   | -2.83    |
|    learning_rate   | 0.0003   |
|    n_updates       | 251341   |
---------------------------------
---------------------------------
| rollout/           |          |
|    ep_len_mean     | 74.9     |
|    ep_rew_mean     | -19.6    |
|    success_rate    | 1        |
| time/              |          |
|    episodes        | 2940     |
|    fps             | 35       |
|    time_elapsed    | 7089     |
|    total_timesteps | 253634   |
| train/             |          |
|    actor_loss      | 1.44     |
|    critic_loss     | 0.00762  |
|    ent_coef        | 0.00395  |
|    ent_coef_loss   | 0.283    |
|    learning_rate   | 0.0003   |
|    n_updates       | 251633   |
---------------------------------
---------------------------------
| rollout/           |          |
|    ep_len_mean     | 74.6     |
|    ep_rew_mean     | -19.4    |
|    success_rate    | 1        |
| time/              |          |
|    episodes        | 2944     |
|    fps             | 35       |
|    time_elapsed    | 7094     |
|    total_timesteps | 253930   |
| train/             |          |
|    actor_loss      | 2.03     |
|    critic_loss     | 0.0557   |
|    ent_coef        | 0.00394  |
|    ent_coef_loss   | -2.13    |
|    learning_rate   | 0.0003   |
|    n_updates       | 251929   |
---------------------------------
---------------------------------
| rollout/           |          |
|    ep_len_mean     | 74       |
|    ep_rew_mean     | -19.1    |
|    success_rate    | 1        |
| time/              |          |
|    episodes        | 2948     |
|    fps             | 35       |
|    time_elapsed    | 7097     |
|    total_timesteps | 254168   |
| train/             |          |
|    actor_loss      | 1.65     |
|    critic_loss     | 0.0142   |
|    ent_coef        | 0.00389  |
|    ent_coef_loss   | 0.0187   |
|    learning_rate   | 0.0003   |
|    n_updates       | 252167   |
---------------------------------
---------------------------------
| rollout/           |          |
|    ep_len_mean     | 74       |
|    ep_rew_mean     | -19.2    |
|    success_rate    | 1        |
| time/              |          |
|    episodes        | 2952     |
|    fps             | 35       |
|    time_elapsed    | 7102     |
|    total_timesteps | 254462   |
| train/             |          |
|    actor_loss      | 0.89     |
|    critic_loss     | 0.0073   |
|    ent_coef        | 0.00394  |
|    ent_coef_loss   | -1.16    |
|    learning_rate   | 0.0003   |
|    n_updates       | 252461   |
---------------------------------
---------------------------------
| rollout/           |          |
|    ep_len_mean     | 73.8     |
|    ep_rew_mean     | -19      |
|    success_rate    | 1        |
| time/              |          |
|    episodes        | 2956     |
|    fps             | 35       |
|    time_elapsed    | 7106     |
|    total_timesteps | 254741   |
| train/             |          |
|    actor_loss      | 1.89     |
|    critic_loss     | 0.0806   |
|    ent_coef        | 0.00392  |
|    ent_coef_loss   | -2.79    |
|    learning_rate   | 0.0003   |
|    n_updates       | 252740   |
---------------------------------
---------------------------------
| rollout/           |          |
|    ep_len_mean     | 72.4     |
|    ep_rew_mean     | -18.7    |
|    success_rate    | 1        |
| time/              |          |
|    episodes        | 2960     |
|    fps             | 35       |
|    time_elapsed    | 7111     |
|    total_timesteps | 254996   |
| train/             |          |
|    actor_loss      | 1.93     |
|    critic_loss     | 0.00789  |
|    ent_coef        | 0.00386  |
|    ent_coef_loss   | -0.623   |
|    learning_rate   | 0.0003   |
|    n_updates       | 252995   |
---------------------------------
Eval num_timesteps=255000, episode_reward=-19.15 +/- 4.89
Episode length: 70.17 +/- 10.43
Success rate: 100.00%
---------------------------------
| eval/              |          |
|    mean_ep_length  | 70.2     |
|    mean_reward     | -19.2    |
|    success_rate    | 1        |
| time/              |          |
|    total_timesteps | 255000   |
| train/             |          |
|    actor_loss      | 1.34     |
|    critic_loss     | 0.00671  |
|    ent_coef        | 0.00386  |
|    ent_coef_loss   | -2.64    |
|    learning_rate   | 0.0003   |
|    n_updates       | 252999   |
---------------------------------
---------------------------------
| rollout/           |          |
|    ep_len_mean     | 72.6     |
|    ep_rew_mean     | -18.4    |
|    success_rate    | 1        |
| time/              |          |
|    episodes        | 2964     |
|    fps             | 35       |
|    time_elapsed    | 7117     |
|    total_timesteps | 255287   |
| train/             |          |
|    actor_loss      | 2.27     |
|    critic_loss     | 0.0114   |
|    ent_coef        | 0.00389  |
|    ent_coef_loss   | 1.22     |
|    learning_rate   | 0.0003   |
|    n_updates       | 253286   |
---------------------------------
---------------------------------
| rollout/           |          |
|    ep_len_mean     | 72.5     |
|    ep_rew_mean     | -18.4    |
|    success_rate    | 1        |
| time/              |          |
|    episodes        | 2968     |
|    fps             | 35       |
|    time_elapsed    | 7121     |
|    total_timesteps | 255571   |
| train/             |          |
|    actor_loss      | 1.73     |
|    critic_loss     | 0.00982  |
|    ent_coef        | 0.00391  |
|    ent_coef_loss   | 0.318    |
|    learning_rate   | 0.0003   |
|    n_updates       | 253570   |
---------------------------------
---------------------------------
| rollout/           |          |
|    ep_len_mean     | 72.6     |
|    ep_rew_mean     | -18.2    |
|    success_rate    | 1        |
| time/              |          |
|    episodes        | 2972     |
|    fps             | 35       |
|    time_elapsed    | 7126     |
|    total_timesteps | 255885   |
| train/             |          |
|    actor_loss      | 2.81     |
|    critic_loss     | 0.0166   |
|    ent_coef        | 0.0039   |
|    ent_coef_loss   | 2.49     |
|    learning_rate   | 0.0003   |
|    n_updates       | 253884   |
---------------------------------
---------------------------------
| rollout/           |          |
|    ep_len_mean     | 73.5     |
|    ep_rew_mean     | -18.2    |
|    success_rate    | 0.99     |
| time/              |          |
|    episodes        | 2976     |
|    fps             | 35       |
|    time_elapsed    | 7132     |
|    total_timesteps | 256286   |
| train/             |          |
|    actor_loss      | 1.61     |
|    critic_loss     | 0.00942  |
|    ent_coef        | 0.00396  |
|    ent_coef_loss   | -0.68    |
|    learning_rate   | 0.0003   |
|    n_updates       | 254285   |
---------------------------------
---------------------------------
| rollout/           |          |
|    ep_len_mean     | 72.7     |
|    ep_rew_mean     | -17.8    |
|    success_rate    | 0.99     |
| time/              |          |
|    episodes        | 2980     |
|    fps             | 35       |
|    time_elapsed    | 7137     |
|    total_timesteps | 256578   |
| train/             |          |
|    actor_loss      | 2.02     |
|    critic_loss     | 0.00947  |
|    ent_coef        | 0.00394  |
|    ent_coef_loss   | -0.913   |
|    learning_rate   | 0.0003   |
|    n_updates       | 254577   |
---------------------------------
---------------------------------
| rollout/           |          |
|    ep_len_mean     | 72.1     |
|    ep_rew_mean     | -17.6    |
|    success_rate    | 0.99     |
| time/              |          |
|    episodes        | 2984     |
|    fps             | 35       |
|    time_elapsed    | 7141     |
|    total_timesteps | 256839   |
| train/             |          |
|    actor_loss      | 2.06     |
|    critic_loss     | 0.00681  |
|    ent_coef        | 0.00392  |
|    ent_coef_loss   | 0.345    |
|    learning_rate   | 0.0003   |
|    n_updates       | 254838   |
---------------------------------
---------------------------------
| rollout/           |          |
|    ep_len_mean     | 72.1     |
|    ep_rew_mean     | -17.5    |
|    success_rate    | 0.99     |
| time/              |          |
|    episodes        | 2988     |
|    fps             | 35       |
|    time_elapsed    | 7145     |
|    total_timesteps | 257101   |
| train/             |          |
|    actor_loss      | 2.26     |
|    critic_loss     | 0.0192   |
|    ent_coef        | 0.00384  |
|    ent_coef_loss   | 0.0428   |
|    learning_rate   | 0.0003   |
|    n_updates       | 255100   |
---------------------------------
---------------------------------
| rollout/           |          |
|    ep_len_mean     | 71.7     |
|    ep_rew_mean     | -17.5    |
|    success_rate    | 0.99     |
| time/              |          |
|    episodes        | 2992     |
|    fps             | 35       |
|    time_elapsed    | 7150     |
|    total_timesteps | 257395   |
| train/             |          |
|    actor_loss      | 1.35     |
|    critic_loss     | 0.0114   |
|    ent_coef        | 0.00385  |
|    ent_coef_loss   | 2.08     |
|    learning_rate   | 0.0003   |
|    n_updates       | 255394   |
---------------------------------
---------------------------------
| rollout/           |          |
|    ep_len_mean     | 72.1     |
|    ep_rew_mean     | -17.7    |
|    success_rate    | 0.99     |
| time/              |          |
|    episodes        | 2996     |
|    fps             | 36       |
|    time_elapsed    | 7155     |
|    total_timesteps | 257703   |
| train/             |          |
|    actor_loss      | 1.84     |
|    critic_loss     | 0.00875  |
|    ent_coef        | 0.00391  |
|    ent_coef_loss   | -0.484   |
|    learning_rate   | 0.0003   |
|    n_updates       | 255702   |
---------------------------------
---------------------------------
| rollout/           |          |
|    ep_len_mean     | 72.5     |
|    ep_rew_mean     | -17.9    |
|    success_rate    | 0.99     |
| time/              |          |
|    episodes        | 3000     |
|    fps             | 36       |
|    time_elapsed    | 7160     |
|    total_timesteps | 257991   |
| train/             |          |
|    actor_loss      | 1.08     |
|    critic_loss     | 0.0104   |
|    ent_coef        | 0.00389  |
|    ent_coef_loss   | -2.16    |
|    learning_rate   | 0.0003   |
|    n_updates       | 255990   |
---------------------------------
---------------------------------
| rollout/           |          |
|    ep_len_mean     | 72.7     |
|    ep_rew_mean     | -17.8    |
|    success_rate    | 0.99     |
| time/              |          |
|    episodes        | 3004     |
|    fps             | 36       |
|    time_elapsed    | 7164     |
|    total_timesteps | 258288   |
| train/             |          |
|    actor_loss      | 2.84     |
|    critic_loss     | 0.0092   |
|    ent_coef        | 0.00382  |
|    ent_coef_loss   | 0.648    |
|    learning_rate   | 0.0003   |
|    n_updates       | 256287   |
---------------------------------
---------------------------------
| rollout/           |          |
|    ep_len_mean     | 72.5     |
|    ep_rew_mean     | -17.7    |
|    success_rate    | 0.99     |
| time/              |          |
|    episodes        | 3008     |
|    fps             | 36       |
|    time_elapsed    | 7169     |
|    total_timesteps | 258588   |
| train/             |          |
|    actor_loss      | 2.18     |
|    critic_loss     | 0.00848  |
|    ent_coef        | 0.00389  |
|    ent_coef_loss   | 0.6      |
|    learning_rate   | 0.0003   |
|    n_updates       | 256587   |
---------------------------------
---------------------------------
| rollout/           |          |
|    ep_len_mean     | 72.5     |
|    ep_rew_mean     | -17.7    |
|    success_rate    | 0.99     |
| time/              |          |
|    episodes        | 3012     |
|    fps             | 36       |
|    time_elapsed    | 7174     |
|    total_timesteps | 258898   |
| train/             |          |
|    actor_loss      | 1.49     |
|    critic_loss     | 0.00872  |
|    ent_coef        | 0.00387  |
|    ent_coef_loss   | -2.89    |
|    learning_rate   | 0.0003   |
|    n_updates       | 256897   |
---------------------------------
---------------------------------
| rollout/           |          |
|    ep_len_mean     | 72.5     |
|    ep_rew_mean     | -17.8    |
|    success_rate    | 0.99     |
| time/              |          |
|    episodes        | 3016     |
|    fps             | 36       |
|    time_elapsed    | 7178     |
|    total_timesteps | 259160   |
| train/             |          |
|    actor_loss      | 1.5      |
|    critic_loss     | 0.0101   |
|    ent_coef        | 0.00383  |
|    ent_coef_loss   | -0.197   |
|    learning_rate   | 0.0003   |
|    n_updates       | 257159   |
---------------------------------
---------------------------------
| rollout/           |          |
|    ep_len_mean     | 72.4     |
|    ep_rew_mean     | -17.9    |
|    success_rate    | 0.99     |
| time/              |          |
|    episodes        | 3020     |
|    fps             | 36       |
|    time_elapsed    | 7183     |
|    total_timesteps | 259462   |
| train/             |          |
|    actor_loss      | 1.94     |
|    critic_loss     | 0.0188   |
|    ent_coef        | 0.0039   |
|    ent_coef_loss   | -0.278   |
|    learning_rate   | 0.0003   |
|    n_updates       | 257461   |
---------------------------------
---------------------------------
| rollout/           |          |
|    ep_len_mean     | 72.8     |
|    ep_rew_mean     | -18      |
|    success_rate    | 0.99     |
| time/              |          |
|    episodes        | 3024     |
|    fps             | 36       |
|    time_elapsed    | 7189     |
|    total_timesteps | 259818   |
| train/             |          |
|    actor_loss      | 1.82     |
|    critic_loss     | 0.0147   |
|    ent_coef        | 0.0039   |
|    ent_coef_loss   | 0.415    |
|    learning_rate   | 0.0003   |
|    n_updates       | 257817   |
---------------------------------
Eval num_timesteps=260000, episode_reward=-17.73 +/- 7.59
Episode length: 74.80 +/- 25.53
Success rate: 96.67%
---------------------------------
| eval/              |          |
|    mean_ep_length  | 74.8     |
|    mean_reward     | -17.7    |
|    success_rate    | 0.967    |
| time/              |          |
|    total_timesteps | 260000   |
| train/             |          |
|    actor_loss      | 2.64     |
|    critic_loss     | 0.00756  |
|    ent_coef        | 0.00393  |
|    ent_coef_loss   | -0.995   |
|    learning_rate   | 0.0003   |
|    n_updates       | 257999   |
---------------------------------
---------------------------------
| rollout/           |          |
|    ep_len_mean     | 72.5     |
|    ep_rew_mean     | -18      |
|    success_rate    | 0.99     |
| time/              |          |
|    episodes        | 3028     |
|    fps             | 36       |
|    time_elapsed    | 7194     |
|    total_timesteps | 260080   |
| train/             |          |
|    actor_loss      | 1.51     |
|    critic_loss     | 0.0153   |
|    ent_coef        | 0.00394  |
|    ent_coef_loss   | -2.2     |
|    learning_rate   | 0.0003   |
|    n_updates       | 258079   |
---------------------------------
---------------------------------
| rollout/           |          |
|    ep_len_mean     | 72.6     |
|    ep_rew_mean     | -18.1    |
|    success_rate    | 0.99     |
| time/              |          |
|    episodes        | 3032     |
|    fps             | 36       |
|    time_elapsed    | 7199     |
|    total_timesteps | 260364   |
| train/             |          |
|    actor_loss      | 0.803    |
|    critic_loss     | 0.011    |
|    ent_coef        | 0.00397  |
|    ent_coef_loss   | -2.96    |
|    learning_rate   | 0.0003   |
|    n_updates       | 258363   |
---------------------------------
---------------------------------
| rollout/           |          |
|    ep_len_mean     | 73.3     |
|    ep_rew_mean     | -18.4    |
|    success_rate    | 0.99     |
| time/              |          |
|    episodes        | 3036     |
|    fps             | 36       |
|    time_elapsed    | 7204     |
|    total_timesteps | 260671   |
| train/             |          |
|    actor_loss      | 1.51     |
|    critic_loss     | 0.00797  |
|    ent_coef        | 0.00395  |
|    ent_coef_loss   | -0.643   |
|    learning_rate   | 0.0003   |
|    n_updates       | 258670   |
---------------------------------
---------------------------------
| rollout/           |          |
|    ep_len_mean     | 73       |
|    ep_rew_mean     | -18.3    |
|    success_rate    | 0.99     |
| time/              |          |
|    episodes        | 3040     |
|    fps             | 36       |
|    time_elapsed    | 7208     |
|    total_timesteps | 260932   |
| train/             |          |
|    actor_loss      | 1.45     |
|    critic_loss     | 0.00813  |
|    ent_coef        | 0.00394  |
|    ent_coef_loss   | 2.49     |
|    learning_rate   | 0.0003   |
|    n_updates       | 258931   |
---------------------------------
---------------------------------
| rollout/           |          |
|    ep_len_mean     | 73.3     |
|    ep_rew_mean     | -18.4    |
|    success_rate    | 0.99     |
| time/              |          |
|    episodes        | 3044     |
|    fps             | 36       |
|    time_elapsed    | 7213     |
|    total_timesteps | 261256   |
| train/             |          |
|    actor_loss      | 2.13     |
|    critic_loss     | 0.00894  |
|    ent_coef        | 0.00391  |
|    ent_coef_loss   | 1.52     |
|    learning_rate   | 0.0003   |
|    n_updates       | 259255   |
---------------------------------
---------------------------------
| rollout/           |          |
|    ep_len_mean     | 73.7     |
|    ep_rew_mean     | -18.6    |
|    success_rate    | 0.99     |
| time/              |          |
|    episodes        | 3048     |
|    fps             | 36       |
|    time_elapsed    | 7218     |
|    total_timesteps | 261540   |
| train/             |          |
|    actor_loss      | 2.13     |
|    critic_loss     | 0.0109   |
|    ent_coef        | 0.00391  |
|    ent_coef_loss   | -0.565   |
|    learning_rate   | 0.0003   |
|    n_updates       | 259539   |
---------------------------------
---------------------------------
| rollout/           |          |
|    ep_len_mean     | 73.9     |
|    ep_rew_mean     | -18.9    |
|    success_rate    | 0.99     |
| time/              |          |
|    episodes        | 3052     |
|    fps             | 36       |
|    time_elapsed    | 7223     |
|    total_timesteps | 261855   |
| train/             |          |
|    actor_loss      | 1.01     |
|    critic_loss     | 0.00893  |
|    ent_coef        | 0.00405  |
|    ent_coef_loss   | -0.696   |
|    learning_rate   | 0.0003   |
|    n_updates       | 259854   |
---------------------------------
---------------------------------
| rollout/           |          |
|    ep_len_mean     | 73.8     |
|    ep_rew_mean     | -19.1    |
|    success_rate    | 0.99     |
| time/              |          |
|    episodes        | 3056     |
|    fps             | 36       |
|    time_elapsed    | 7227     |
|    total_timesteps | 262126   |
| train/             |          |
|    actor_loss      | 1.77     |
|    critic_loss     | 0.0104   |
|    ent_coef        | 0.00397  |
|    ent_coef_loss   | 0.62     |
|    learning_rate   | 0.0003   |
|    n_updates       | 260125   |
---------------------------------
---------------------------------
| rollout/           |          |
|    ep_len_mean     | 74.1     |
|    ep_rew_mean     | -19.2    |
|    success_rate    | 0.99     |
| time/              |          |
|    episodes        | 3060     |
|    fps             | 36       |
|    time_elapsed    | 7232     |
|    total_timesteps | 262402   |
| train/             |          |
|    actor_loss      | 2.23     |
|    critic_loss     | 0.00825  |
|    ent_coef        | 0.00396  |
|    ent_coef_loss   | 0.752    |
|    learning_rate   | 0.0003   |
|    n_updates       | 260401   |
---------------------------------
---------------------------------
| rollout/           |          |
|    ep_len_mean     | 74.4     |
|    ep_rew_mean     | -19.5    |
|    success_rate    | 0.99     |
| time/              |          |
|    episodes        | 3064     |
|    fps             | 36       |
|    time_elapsed    | 7237     |
|    total_timesteps | 262726   |
| train/             |          |
|    actor_loss      | 1.75     |
|    critic_loss     | 0.0074   |
|    ent_coef        | 0.00394  |
|    ent_coef_loss   | 0.792    |
|    learning_rate   | 0.0003   |
|    n_updates       | 260725   |
---------------------------------
---------------------------------
| rollout/           |          |
|    ep_len_mean     | 74.4     |
|    ep_rew_mean     | -19.5    |
|    success_rate    | 0.99     |
| time/              |          |
|    episodes        | 3068     |
|    fps             | 36       |
|    time_elapsed    | 7242     |
|    total_timesteps | 263007   |
| train/             |          |
|    actor_loss      | 1.52     |
|    critic_loss     | 0.0158   |
|    ent_coef        | 0.00399  |
|    ent_coef_loss   | -2.57    |
|    learning_rate   | 0.0003   |
|    n_updates       | 261006   |
---------------------------------
---------------------------------
| rollout/           |          |
|    ep_len_mean     | 74.1     |
|    ep_rew_mean     | -19.5    |
|    success_rate    | 0.99     |
| time/              |          |
|    episodes        | 3072     |
|    fps             | 36       |
|    time_elapsed    | 7246     |
|    total_timesteps | 263293   |
| train/             |          |
|    actor_loss      | 1.8      |
|    critic_loss     | 0.00745  |
|    ent_coef        | 0.00397  |
|    ent_coef_loss   | -0.871   |
|    learning_rate   | 0.0003   |
|    n_updates       | 261292   |
---------------------------------
---------------------------------
| rollout/           |          |
|    ep_len_mean     | 73       |
|    ep_rew_mean     | -19.2    |
|    success_rate    | 1        |
| time/              |          |
|    episodes        | 3076     |
|    fps             | 36       |
|    time_elapsed    | 7251     |
|    total_timesteps | 263587   |
| train/             |          |
|    actor_loss      | 0.711    |
|    critic_loss     | 0.0138   |
|    ent_coef        | 0.00394  |
|    ent_coef_loss   | -1.55    |
|    learning_rate   | 0.0003   |
|    n_updates       | 261586   |
---------------------------------
---------------------------------
| rollout/           |          |
|    ep_len_mean     | 72.8     |
|    ep_rew_mean     | -19.3    |
|    success_rate    | 1        |
| time/              |          |
|    episodes        | 3080     |
|    fps             | 36       |
|    time_elapsed    | 7255     |
|    total_timesteps | 263862   |
| train/             |          |
|    actor_loss      | 2.63     |
|    critic_loss     | 0.0118   |
|    ent_coef        | 0.00392  |
|    ent_coef_loss   | 0.62     |
|    learning_rate   | 0.0003   |
|    n_updates       | 261861   |
---------------------------------
---------------------------------
| rollout/           |          |
|    ep_len_mean     | 72.8     |
|    ep_rew_mean     | -19.1    |
|    success_rate    | 1        |
| time/              |          |
|    episodes        | 3084     |
|    fps             | 36       |
|    time_elapsed    | 7259     |
|    total_timesteps | 264120   |
| train/             |          |
|    actor_loss      | 2.06     |
|    critic_loss     | 0.0293   |
|    ent_coef        | 0.00394  |
|    ent_coef_loss   | -2.85    |
|    learning_rate   | 0.0003   |
|    n_updates       | 262119   |
---------------------------------
---------------------------------
| rollout/           |          |
|    ep_len_mean     | 73       |
|    ep_rew_mean     | -19.5    |
|    success_rate    | 0.99     |
| time/              |          |
|    episodes        | 3088     |
|    fps             | 36       |
|    time_elapsed    | 7264     |
|    total_timesteps | 264399   |
| train/             |          |
|    actor_loss      | 1.78     |
|    critic_loss     | 0.0124   |
|    ent_coef        | 0.004    |
|    ent_coef_loss   | 0.838    |
|    learning_rate   | 0.0003   |
|    n_updates       | 262398   |
---------------------------------
---------------------------------
| rollout/           |          |
|    ep_len_mean     | 73.1     |
|    ep_rew_mean     | -19.8    |
|    success_rate    | 0.98     |
| time/              |          |
|    episodes        | 3092     |
|    fps             | 36       |
|    time_elapsed    | 7269     |
|    total_timesteps | 264706   |
| train/             |          |
|    actor_loss      | 2.18     |
|    critic_loss     | 0.0148   |
|    ent_coef        | 0.00398  |
|    ent_coef_loss   | -0.663   |
|    learning_rate   | 0.0003   |
|    n_updates       | 262705   |
---------------------------------
Eval num_timesteps=265000, episode_reward=-17.49 +/- 5.43
Episode length: 68.80 +/- 10.01
Success rate: 100.00%
---------------------------------
| eval/              |          |
|    mean_ep_length  | 68.8     |
|    mean_reward     | -17.5    |
|    success_rate    | 1        |
| time/              |          |
|    total_timesteps | 265000   |
| train/             |          |
|    actor_loss      | 1.79     |
|    critic_loss     | 0.0107   |
|    ent_coef        | 0.00393  |
|    ent_coef_loss   | -1.67    |
|    learning_rate   | 0.0003   |
|    n_updates       | 262999   |
---------------------------------
---------------------------------
| rollout/           |          |
|    ep_len_mean     | 73       |
|    ep_rew_mean     | -19.7    |
|    success_rate    | 0.98     |
| time/              |          |
|    episodes        | 3096     |
|    fps             | 36       |
|    time_elapsed    | 7275     |
|    total_timesteps | 265007   |
| train/             |          |
|    actor_loss      | 2.83     |
|    critic_loss     | 0.00914  |
|    ent_coef        | 0.00393  |
|    ent_coef_loss   | 0.71     |
|    learning_rate   | 0.0003   |
|    n_updates       | 263006   |
---------------------------------
---------------------------------
| rollout/           |          |
|    ep_len_mean     | 72.7     |
|    ep_rew_mean     | -19.5    |
|    success_rate    | 0.98     |
| time/              |          |
|    episodes        | 3100     |
|    fps             | 36       |
|    time_elapsed    | 7279     |
|    total_timesteps | 265263   |
| train/             |          |
|    actor_loss      | 3.07     |
|    critic_loss     | 0.291    |
|    ent_coef        | 0.00387  |
|    ent_coef_loss   | 2.62     |
|    learning_rate   | 0.0003   |
|    n_updates       | 263262   |
---------------------------------
---------------------------------
| rollout/           |          |
|    ep_len_mean     | 72.1     |
|    ep_rew_mean     | -19.2    |
|    success_rate    | 0.98     |
| time/              |          |
|    episodes        | 3104     |
|    fps             | 36       |
|    time_elapsed    | 7283     |
|    total_timesteps | 265494   |
| train/             |          |
|    actor_loss      | 1.44     |
|    critic_loss     | 0.00677  |
|    ent_coef        | 0.00392  |
|    ent_coef_loss   | -3.88    |
|    learning_rate   | 0.0003   |
|    n_updates       | 263493   |
---------------------------------
---------------------------------
| rollout/           |          |
|    ep_len_mean     | 72.2     |
|    ep_rew_mean     | -19.3    |
|    success_rate    | 0.98     |
| time/              |          |
|    episodes        | 3108     |
|    fps             | 36       |
|    time_elapsed    | 7288     |
|    total_timesteps | 265803   |
| train/             |          |
|    actor_loss      | 2.11     |
|    critic_loss     | 0.0132   |
|    ent_coef        | 0.00393  |
|    ent_coef_loss   | 0.732    |
|    learning_rate   | 0.0003   |
|    n_updates       | 263802   |
---------------------------------
---------------------------------
| rollout/           |          |
|    ep_len_mean     | 71.8     |
|    ep_rew_mean     | -19.1    |
|    success_rate    | 0.98     |
| time/              |          |
|    episodes        | 3112     |
|    fps             | 36       |
|    time_elapsed    | 7292     |
|    total_timesteps | 266074   |
| train/             |          |
|    actor_loss      | 0.983    |
|    critic_loss     | 0.00938  |
|    ent_coef        | 0.00392  |
|    ent_coef_loss   | -1.67    |
|    learning_rate   | 0.0003   |
|    n_updates       | 264073   |
---------------------------------
---------------------------------
| rollout/           |          |
|    ep_len_mean     | 71.9     |
|    ep_rew_mean     | -19.2    |
|    success_rate    | 0.98     |
| time/              |          |
|    episodes        | 3116     |
|    fps             | 36       |
|    time_elapsed    | 7297     |
|    total_timesteps | 266348   |
| train/             |          |
|    actor_loss      | 1.12     |
|    critic_loss     | 0.0108   |
|    ent_coef        | 0.00389  |
|    ent_coef_loss   | -1.08    |
|    learning_rate   | 0.0003   |
|    n_updates       | 264347   |
---------------------------------
---------------------------------
| rollout/           |          |
|    ep_len_mean     | 72.1     |
|    ep_rew_mean     | -19.1    |
|    success_rate    | 0.98     |
| time/              |          |
|    episodes        | 3120     |
|    fps             | 36       |
|    time_elapsed    | 7302     |
|    total_timesteps | 266671   |
| train/             |          |
|    actor_loss      | 2.59     |
|    critic_loss     | 0.0163   |
|    ent_coef        | 0.00392  |
|    ent_coef_loss   | 2.28     |
|    learning_rate   | 0.0003   |
|    n_updates       | 264670   |
---------------------------------
---------------------------------
| rollout/           |          |
|    ep_len_mean     | 71.2     |
|    ep_rew_mean     | -18.9    |
|    success_rate    | 0.98     |
| time/              |          |
|    episodes        | 3124     |
|    fps             | 36       |
|    time_elapsed    | 7306     |
|    total_timesteps | 266935   |
| train/             |          |
|    actor_loss      | 1.72     |
|    critic_loss     | 0.0131   |
|    ent_coef        | 0.00397  |
|    ent_coef_loss   | 0.67     |
|    learning_rate   | 0.0003   |
|    n_updates       | 264934   |
---------------------------------
---------------------------------
| rollout/           |          |
|    ep_len_mean     | 71.5     |
|    ep_rew_mean     | -19      |
|    success_rate    | 0.98     |
| time/              |          |
|    episodes        | 3128     |
|    fps             | 36       |
|    time_elapsed    | 7311     |
|    total_timesteps | 267232   |
| train/             |          |
|    actor_loss      | 2.53     |
|    critic_loss     | 0.0102   |
|    ent_coef        | 0.00391  |
|    ent_coef_loss   | 1.23     |
|    learning_rate   | 0.0003   |
|    n_updates       | 265231   |
---------------------------------
---------------------------------
| rollout/           |          |
|    ep_len_mean     | 71.5     |
|    ep_rew_mean     | -18.9    |
|    success_rate    | 0.98     |
| time/              |          |
|    episodes        | 3132     |
|    fps             | 36       |
|    time_elapsed    | 7316     |
|    total_timesteps | 267511   |
| train/             |          |
|    actor_loss      | 2.45     |
|    critic_loss     | 0.00978  |
|    ent_coef        | 0.00394  |
|    ent_coef_loss   | 1.61     |
|    learning_rate   | 0.0003   |
|    n_updates       | 265510   |
---------------------------------
---------------------------------
| rollout/           |          |
|    ep_len_mean     | 71.2     |
|    ep_rew_mean     | -18.8    |
|    success_rate    | 0.98     |
| time/              |          |
|    episodes        | 3136     |
|    fps             | 36       |
|    time_elapsed    | 7320     |
|    total_timesteps | 267796   |
| train/             |          |
|    actor_loss      | 1.59     |
|    critic_loss     | 0.00539  |
|    ent_coef        | 0.00391  |
|    ent_coef_loss   | -2.32    |
|    learning_rate   | 0.0003   |
|    n_updates       | 265795   |
---------------------------------
---------------------------------
| rollout/           |          |
|    ep_len_mean     | 71.6     |
|    ep_rew_mean     | -18.8    |
|    success_rate    | 0.98     |
| time/              |          |
|    episodes        | 3140     |
|    fps             | 36       |
|    time_elapsed    | 7325     |
|    total_timesteps | 268088   |
| train/             |          |
|    actor_loss      | 1.81     |
|    critic_loss     | 0.00606  |
|    ent_coef        | 0.00391  |
|    ent_coef_loss   | 1.34     |
|    learning_rate   | 0.0003   |
|    n_updates       | 266087   |
---------------------------------
---------------------------------
| rollout/           |          |
|    ep_len_mean     | 71.3     |
|    ep_rew_mean     | -18.8    |
|    success_rate    | 0.98     |
| time/              |          |
|    episodes        | 3144     |
|    fps             | 36       |
|    time_elapsed    | 7329     |
|    total_timesteps | 268388   |
| train/             |          |
|    actor_loss      | 1.92     |
|    critic_loss     | 0.0111   |
|    ent_coef        | 0.00387  |
|    ent_coef_loss   | 1.64     |
|    learning_rate   | 0.0003   |
|    n_updates       | 266387   |
---------------------------------
---------------------------------
| rollout/           |          |
|    ep_len_mean     | 71.5     |
|    ep_rew_mean     | -18.8    |
|    success_rate    | 0.98     |
| time/              |          |
|    episodes        | 3148     |
|    fps             | 36       |
|    time_elapsed    | 7334     |
|    total_timesteps | 268687   |
| train/             |          |
|    actor_loss      | 1.57     |
|    critic_loss     | 0.0114   |
|    ent_coef        | 0.00392  |
|    ent_coef_loss   | -0.053   |
|    learning_rate   | 0.0003   |
|    n_updates       | 266686   |
---------------------------------
---------------------------------
| rollout/           |          |
|    ep_len_mean     | 71.3     |
|    ep_rew_mean     | -18.5    |
|    success_rate    | 0.98     |
| time/              |          |
|    episodes        | 3152     |
|    fps             | 36       |
|    time_elapsed    | 7339     |
|    total_timesteps | 268990   |
| train/             |          |
|    actor_loss      | 2.25     |
|    critic_loss     | 0.00744  |
|    ent_coef        | 0.00383  |
|    ent_coef_loss   | -0.728   |
|    learning_rate   | 0.0003   |
|    n_updates       | 266989   |
---------------------------------
---------------------------------
| rollout/           |          |
|    ep_len_mean     | 71.2     |
|    ep_rew_mean     | -18.4    |
|    success_rate    | 0.98     |
| time/              |          |
|    episodes        | 3156     |
|    fps             | 36       |
|    time_elapsed    | 7343     |
|    total_timesteps | 269248   |
| train/             |          |
|    actor_loss      | 2.27     |
|    critic_loss     | 0.0155   |
|    ent_coef        | 0.00377  |
|    ent_coef_loss   | -0.393   |
|    learning_rate   | 0.0003   |
|    n_updates       | 267247   |
---------------------------------
---------------------------------
| rollout/           |          |
|    ep_len_mean     | 71.6     |
|    ep_rew_mean     | -18.5    |
|    success_rate    | 0.98     |
| time/              |          |
|    episodes        | 3160     |
|    fps             | 36       |
|    time_elapsed    | 7348     |
|    total_timesteps | 269560   |
| train/             |          |
|    actor_loss      | 1.55     |
|    critic_loss     | 0.0182   |
|    ent_coef        | 0.00376  |
|    ent_coef_loss   | -0.795   |
|    learning_rate   | 0.0003   |
|    n_updates       | 267559   |
---------------------------------
---------------------------------
| rollout/           |          |
|    ep_len_mean     | 71.2     |
|    ep_rew_mean     | -18.5    |
|    success_rate    | 0.98     |
| time/              |          |
|    episodes        | 3164     |
|    fps             | 36       |
|    time_elapsed    | 7352     |
|    total_timesteps | 269843   |
| train/             |          |
|    actor_loss      | 2.02     |
|    critic_loss     | 0.0116   |
|    ent_coef        | 0.00381  |
|    ent_coef_loss   | 2.17     |
|    learning_rate   | 0.0003   |
|    n_updates       | 267842   |
---------------------------------
Eval num_timesteps=270000, episode_reward=-19.86 +/- 5.00
Episode length: 73.37 +/- 10.94
Success rate: 100.00%
---------------------------------
| eval/              |          |
|    mean_ep_length  | 73.4     |
|    mean_reward     | -19.9    |
|    success_rate    | 1        |
| time/              |          |
|    total_timesteps | 270000   |
| train/             |          |
|    actor_loss      | 2.21     |
|    critic_loss     | 0.0108   |
|    ent_coef        | 0.0038   |
|    ent_coef_loss   | 1.3      |
|    learning_rate   | 0.0003   |
|    n_updates       | 267999   |
---------------------------------
---------------------------------
| rollout/           |          |
|    ep_len_mean     | 71.2     |
|    ep_rew_mean     | -18.6    |
|    success_rate    | 0.98     |
| time/              |          |
|    episodes        | 3168     |
|    fps             | 36       |
|    time_elapsed    | 7358     |
|    total_timesteps | 270127   |
| train/             |          |
|    actor_loss      | 2.3      |
|    critic_loss     | 0.00996  |
|    ent_coef        | 0.00377  |
|    ent_coef_loss   | -1.76    |
|    learning_rate   | 0.0003   |
|    n_updates       | 268126   |
---------------------------------
---------------------------------
| rollout/           |          |
|    ep_len_mean     | 70.8     |
|    ep_rew_mean     | -18.4    |
|    success_rate    | 0.98     |
| time/              |          |
|    episodes        | 3172     |
|    fps             | 36       |
|    time_elapsed    | 7362     |
|    total_timesteps | 270369   |
| train/             |          |
|    actor_loss      | 1.84     |
|    critic_loss     | 0.0151   |
|    ent_coef        | 0.00378  |
|    ent_coef_loss   | -0.219   |
|    learning_rate   | 0.0003   |
|    n_updates       | 268368   |
---------------------------------
---------------------------------
| rollout/           |          |
|    ep_len_mean     | 70.6     |
|    ep_rew_mean     | -18.4    |
|    success_rate    | 0.98     |
| time/              |          |
|    episodes        | 3176     |
|    fps             | 36       |
|    time_elapsed    | 7367     |
|    total_timesteps | 270645   |
| train/             |          |
|    actor_loss      | 1.89     |
|    critic_loss     | 0.00752  |
|    ent_coef        | 0.00381  |
|    ent_coef_loss   | 0.855    |
|    learning_rate   | 0.0003   |
|    n_updates       | 268644   |
---------------------------------
---------------------------------
| rollout/           |          |
|    ep_len_mean     | 70.9     |
|    ep_rew_mean     | -18.6    |
|    success_rate    | 0.98     |
| time/              |          |
|    episodes        | 3180     |
|    fps             | 36       |
|    time_elapsed    | 7372     |
|    total_timesteps | 270949   |
| train/             |          |
|    actor_loss      | 1.89     |
|    critic_loss     | 0.00796  |
|    ent_coef        | 0.00375  |
|    ent_coef_loss   | 2.29     |
|    learning_rate   | 0.0003   |
|    n_updates       | 268948   |
---------------------------------
---------------------------------
| rollout/           |          |
|    ep_len_mean     | 71.1     |
|    ep_rew_mean     | -18.7    |
|    success_rate    | 0.98     |
| time/              |          |
|    episodes        | 3184     |
|    fps             | 36       |
|    time_elapsed    | 7376     |
|    total_timesteps | 271231   |
| train/             |          |
|    actor_loss      | 2.72     |
|    critic_loss     | 0.00778  |
|    ent_coef        | 0.00374  |
|    ent_coef_loss   | 2.18     |
|    learning_rate   | 0.0003   |
|    n_updates       | 269230   |
---------------------------------
---------------------------------
| rollout/           |          |
|    ep_len_mean     | 71.1     |
|    ep_rew_mean     | -18.5    |
|    success_rate    | 0.99     |
| time/              |          |
|    episodes        | 3188     |
|    fps             | 36       |
|    time_elapsed    | 7380     |
|    total_timesteps | 271513   |
| train/             |          |
|    actor_loss      | 1.37     |
|    critic_loss     | 0.00484  |
|    ent_coef        | 0.00378  |
|    ent_coef_loss   | -2.88    |
|    learning_rate   | 0.0003   |
|    n_updates       | 269512   |
---------------------------------
---------------------------------
| rollout/           |          |
|    ep_len_mean     | 70.8     |
|    ep_rew_mean     | -18.1    |
|    success_rate    | 1        |
| time/              |          |
|    episodes        | 3192     |
|    fps             | 36       |
|    time_elapsed    | 7385     |
|    total_timesteps | 271784   |
| train/             |          |
|    actor_loss      | 1.9      |
|    critic_loss     | 0.0161   |
|    ent_coef        | 0.00376  |
|    ent_coef_loss   | 1.02     |
|    learning_rate   | 0.0003   |
|    n_updates       | 269783   |
---------------------------------
---------------------------------
| rollout/           |          |
|    ep_len_mean     | 70.4     |
|    ep_rew_mean     | -18.2    |
|    success_rate    | 1        |
| time/              |          |
|    episodes        | 3196     |
|    fps             | 36       |
|    time_elapsed    | 7389     |
|    total_timesteps | 272047   |
| train/             |          |
|    actor_loss      | 2.52     |
|    critic_loss     | 0.0144   |
|    ent_coef        | 0.00374  |
|    ent_coef_loss   | 0.809    |
|    learning_rate   | 0.0003   |
|    n_updates       | 270046   |
---------------------------------
---------------------------------
| rollout/           |          |
|    ep_len_mean     | 70.6     |
|    ep_rew_mean     | -18.3    |
|    success_rate    | 1        |
| time/              |          |
|    episodes        | 3200     |
|    fps             | 36       |
|    time_elapsed    | 7393     |
|    total_timesteps | 272319   |
| train/             |          |
|    actor_loss      | 1.61     |
|    critic_loss     | 0.0073   |
|    ent_coef        | 0.00382  |
|    ent_coef_loss   | -0.694   |
|    learning_rate   | 0.0003   |
|    n_updates       | 270318   |
---------------------------------
---------------------------------
| rollout/           |          |
|    ep_len_mean     | 70.6     |
|    ep_rew_mean     | -18.4    |
|    success_rate    | 1        |
| time/              |          |
|    episodes        | 3204     |
|    fps             | 36       |
|    time_elapsed    | 7397     |
|    total_timesteps | 272552   |
| train/             |          |
|    actor_loss      | 1.68     |
|    critic_loss     | 0.0126   |
|    ent_coef        | 0.00381  |
|    ent_coef_loss   | -2.73    |
|    learning_rate   | 0.0003   |
|    n_updates       | 270551   |
---------------------------------
---------------------------------
| rollout/           |          |
|    ep_len_mean     | 70.8     |
|    ep_rew_mean     | -18.6    |
|    success_rate    | 1        |
| time/              |          |
|    episodes        | 3208     |
|    fps             | 36       |
|    time_elapsed    | 7402     |
|    total_timesteps | 272880   |
| train/             |          |
|    actor_loss      | 1.06     |
|    critic_loss     | 0.00551  |
|    ent_coef        | 0.00379  |
|    ent_coef_loss   | -0.774   |
|    learning_rate   | 0.0003   |
|    n_updates       | 270879   |
---------------------------------
---------------------------------
| rollout/           |          |
|    ep_len_mean     | 70.7     |
|    ep_rew_mean     | -18.5    |
|    success_rate    | 1        |
| time/              |          |
|    episodes        | 3212     |
|    fps             | 36       |
|    time_elapsed    | 7407     |
|    total_timesteps | 273144   |
| train/             |          |
|    actor_loss      | 1.87     |
|    critic_loss     | 0.0308   |
|    ent_coef        | 0.0038   |
|    ent_coef_loss   | 0.691    |
|    learning_rate   | 0.0003   |
|    n_updates       | 271143   |
---------------------------------
---------------------------------
| rollout/           |          |
|    ep_len_mean     | 71.2     |
|    ep_rew_mean     | -18.6    |
|    success_rate    | 1        |
| time/              |          |
|    episodes        | 3216     |
|    fps             | 36       |
|    time_elapsed    | 7412     |
|    total_timesteps | 273473   |
| train/             |          |
|    actor_loss      | 2.27     |
|    critic_loss     | 0.0063   |
|    ent_coef        | 0.00385  |
|    ent_coef_loss   | -2.5     |
|    learning_rate   | 0.0003   |
|    n_updates       | 271472   |
---------------------------------
---------------------------------
| rollout/           |          |
|    ep_len_mean     | 70.9     |
|    ep_rew_mean     | -18.5    |
|    success_rate    | 1        |
| time/              |          |
|    episodes        | 3220     |
|    fps             | 36       |
|    time_elapsed    | 7416     |
|    total_timesteps | 273762   |
| train/             |          |
|    actor_loss      | 2.08     |
|    critic_loss     | 0.00771  |
|    ent_coef        | 0.00376  |
|    ent_coef_loss   | -2.2     |
|    learning_rate   | 0.0003   |
|    n_updates       | 271761   |
---------------------------------
---------------------------------
| rollout/           |          |
|    ep_len_mean     | 71.2     |
|    ep_rew_mean     | -18.9    |
|    success_rate    | 1        |
| time/              |          |
|    episodes        | 3224     |
|    fps             | 36       |
|    time_elapsed    | 7421     |
|    total_timesteps | 274055   |
| train/             |          |
|    actor_loss      | 1.51     |
|    critic_loss     | 0.00865  |
|    ent_coef        | 0.00376  |
|    ent_coef_loss   | 0.862    |
|    learning_rate   | 0.0003   |
|    n_updates       | 272054   |
---------------------------------
---------------------------------
| rollout/           |          |
|    ep_len_mean     | 70.5     |
|    ep_rew_mean     | -18.6    |
|    success_rate    | 1        |
| time/              |          |
|    episodes        | 3228     |
|    fps             | 36       |
|    time_elapsed    | 7425     |
|    total_timesteps | 274283   |
| train/             |          |
|    actor_loss      | 1.9      |
|    critic_loss     | 0.00621  |
|    ent_coef        | 0.0037   |
|    ent_coef_loss   | 1.09     |
|    learning_rate   | 0.0003   |
|    n_updates       | 272282   |
---------------------------------
---------------------------------
| rollout/           |          |
|    ep_len_mean     | 70.7     |
|    ep_rew_mean     | -18.7    |
|    success_rate    | 1        |
| time/              |          |
|    episodes        | 3232     |
|    fps             | 36       |
|    time_elapsed    | 7429     |
|    total_timesteps | 274579   |
| train/             |          |
|    actor_loss      | 1.9      |
|    critic_loss     | 0.00734  |
|    ent_coef        | 0.00375  |
|    ent_coef_loss   | 1.52     |
|    learning_rate   | 0.0003   |
|    n_updates       | 272578   |
---------------------------------
---------------------------------
| rollout/           |          |
|    ep_len_mean     | 71       |
|    ep_rew_mean     | -18.9    |
|    success_rate    | 1        |
| time/              |          |
|    episodes        | 3236     |
|    fps             | 36       |
|    time_elapsed    | 7434     |
|    total_timesteps | 274897   |
| train/             |          |
|    actor_loss      | 2.23     |
|    critic_loss     | 0.0103   |
|    ent_coef        | 0.00378  |
|    ent_coef_loss   | -1.91    |
|    learning_rate   | 0.0003   |
|    n_updates       | 272896   |
---------------------------------
Eval num_timesteps=275000, episode_reward=-18.99 +/- 8.60
Episode length: 75.57 +/- 26.45
Success rate: 96.67%
---------------------------------
| eval/              |          |
|    mean_ep_length  | 75.6     |
|    mean_reward     | -19      |
|    success_rate    | 0.967    |
| time/              |          |
|    total_timesteps | 275000   |
| train/             |          |
|    actor_loss      | 1.54     |
|    critic_loss     | 0.398    |
|    ent_coef        | 0.00379  |
|    ent_coef_loss   | 2.07     |
|    learning_rate   | 0.0003   |
|    n_updates       | 272999   |
---------------------------------
---------------------------------
| rollout/           |          |
|    ep_len_mean     | 70.9     |
|    ep_rew_mean     | -18.8    |
|    success_rate    | 1        |
| time/              |          |
|    episodes        | 3240     |
|    fps             | 36       |
|    time_elapsed    | 7440     |
|    total_timesteps | 275180   |
| train/             |          |
|    actor_loss      | 0.754    |
|    critic_loss     | 0.00684  |
|    ent_coef        | 0.00383  |
|    ent_coef_loss   | -0.994   |
|    learning_rate   | 0.0003   |
|    n_updates       | 273179   |
---------------------------------
---------------------------------
| rollout/           |          |
|    ep_len_mean     | 70.6     |
|    ep_rew_mean     | -18.8    |
|    success_rate    | 0.99     |
| time/              |          |
|    episodes        | 3244     |
|    fps             | 36       |
|    time_elapsed    | 7445     |
|    total_timesteps | 275451   |
| train/             |          |
|    actor_loss      | 1.98     |
|    critic_loss     | 0.00867  |
|    ent_coef        | 0.00381  |
|    ent_coef_loss   | 1.73     |
|    learning_rate   | 0.0003   |
|    n_updates       | 273450   |
---------------------------------
---------------------------------
| rollout/           |          |
|    ep_len_mean     | 70.5     |
|    ep_rew_mean     | -18.7    |
|    success_rate    | 0.99     |
| time/              |          |
|    episodes        | 3248     |
|    fps             | 37       |
|    time_elapsed    | 7449     |
|    total_timesteps | 275733   |
| train/             |          |
|    actor_loss      | 1.74     |
|    critic_loss     | 0.0196   |
|    ent_coef        | 0.00384  |
|    ent_coef_loss   | 1.02     |
|    learning_rate   | 0.0003   |
|    n_updates       | 273732   |
---------------------------------
---------------------------------
| rollout/           |          |
|    ep_len_mean     | 70.2     |
|    ep_rew_mean     | -18.7    |
|    success_rate    | 0.99     |
| time/              |          |
|    episodes        | 3252     |
|    fps             | 37       |
|    time_elapsed    | 7453     |
|    total_timesteps | 276013   |
| train/             |          |
|    actor_loss      | 1.21     |
|    critic_loss     | 0.0104   |
|    ent_coef        | 0.00383  |
|    ent_coef_loss   | -1.11    |
|    learning_rate   | 0.0003   |
|    n_updates       | 274012   |
---------------------------------
---------------------------------
| rollout/           |          |
|    ep_len_mean     | 70.2     |
|    ep_rew_mean     | -18.8    |
|    success_rate    | 0.99     |
| time/              |          |
|    episodes        | 3256     |
|    fps             | 37       |
|    time_elapsed    | 7458     |
|    total_timesteps | 276272   |
| train/             |          |
|    actor_loss      | 0.667    |
|    critic_loss     | 0.00754  |
|    ent_coef        | 0.00382  |
|    ent_coef_loss   | -0.433   |
|    learning_rate   | 0.0003   |
|    n_updates       | 274271   |
---------------------------------
---------------------------------
| rollout/           |          |
|    ep_len_mean     | 70.1     |
|    ep_rew_mean     | -18.7    |
|    success_rate    | 0.99     |
| time/              |          |
|    episodes        | 3260     |
|    fps             | 37       |
|    time_elapsed    | 7462     |
|    total_timesteps | 276568   |
| train/             |          |
|    actor_loss      | 2.19     |
|    critic_loss     | 0.00779  |
|    ent_coef        | 0.00376  |
|    ent_coef_loss   | 0.491    |
|    learning_rate   | 0.0003   |
|    n_updates       | 274567   |
---------------------------------
---------------------------------
| rollout/           |          |
|    ep_len_mean     | 70.2     |
|    ep_rew_mean     | -18.7    |
|    success_rate    | 0.99     |
| time/              |          |
|    episodes        | 3264     |
|    fps             | 37       |
|    time_elapsed    | 7467     |
|    total_timesteps | 276860   |
| train/             |          |
|    actor_loss      | 0.787    |
|    critic_loss     | 0.00715  |
|    ent_coef        | 0.00375  |
|    ent_coef_loss   | -2.79    |
|    learning_rate   | 0.0003   |
|    n_updates       | 274859   |
---------------------------------
---------------------------------
| rollout/           |          |
|    ep_len_mean     | 70       |
|    ep_rew_mean     | -18.4    |
|    success_rate    | 0.99     |
| time/              |          |
|    episodes        | 3268     |
|    fps             | 37       |
|    time_elapsed    | 7471     |
|    total_timesteps | 277130   |
| train/             |          |
|    actor_loss      | 2.17     |
|    critic_loss     | 0.0111   |
|    ent_coef        | 0.00375  |
|    ent_coef_loss   | -0.00472 |
|    learning_rate   | 0.0003   |
|    n_updates       | 275129   |
---------------------------------
---------------------------------
| rollout/           |          |
|    ep_len_mean     | 70.3     |
|    ep_rew_mean     | -18.6    |
|    success_rate    | 0.99     |
| time/              |          |
|    episodes        | 3272     |
|    fps             | 37       |
|    time_elapsed    | 7476     |
|    total_timesteps | 277401   |
| train/             |          |
|    actor_loss      | 2.74     |
|    critic_loss     | 0.00829  |
|    ent_coef        | 0.00378  |
|    ent_coef_loss   | 1.6      |
|    learning_rate   | 0.0003   |
|    n_updates       | 275400   |
---------------------------------
---------------------------------
| rollout/           |          |
|    ep_len_mean     | 70.2     |
|    ep_rew_mean     | -18.5    |
|    success_rate    | 0.99     |
| time/              |          |
|    episodes        | 3276     |
|    fps             | 37       |
|    time_elapsed    | 7480     |
|    total_timesteps | 277662   |
| train/             |          |
|    actor_loss      | 2.24     |
|    critic_loss     | 0.016    |
|    ent_coef        | 0.0038   |
|    ent_coef_loss   | 0.749    |
|    learning_rate   | 0.0003   |
|    n_updates       | 275661   |
---------------------------------
---------------------------------
| rollout/           |          |
|    ep_len_mean     | 70       |
|    ep_rew_mean     | -18.4    |
|    success_rate    | 0.99     |
| time/              |          |
|    episodes        | 3280     |
|    fps             | 37       |
|    time_elapsed    | 7484     |
|    total_timesteps | 277944   |
| train/             |          |
|    actor_loss      | 1.4      |
|    critic_loss     | 0.303    |
|    ent_coef        | 0.00381  |
|    ent_coef_loss   | 0.266    |
|    learning_rate   | 0.0003   |
|    n_updates       | 275943   |
---------------------------------
---------------------------------
| rollout/           |          |
|    ep_len_mean     | 70.2     |
|    ep_rew_mean     | -18.7    |
|    success_rate    | 0.99     |
| time/              |          |
|    episodes        | 3284     |
|    fps             | 37       |
|    time_elapsed    | 7489     |
|    total_timesteps | 278249   |
| train/             |          |
|    actor_loss      | 2.44     |
|    critic_loss     | 0.0154   |
|    ent_coef        | 0.00379  |
|    ent_coef_loss   | -1.84    |
|    learning_rate   | 0.0003   |
|    n_updates       | 276248   |
---------------------------------
---------------------------------
| rollout/           |          |
|    ep_len_mean     | 70.4     |
|    ep_rew_mean     | -18.8    |
|    success_rate    | 0.99     |
| time/              |          |
|    episodes        | 3288     |
|    fps             | 37       |
|    time_elapsed    | 7494     |
|    total_timesteps | 278553   |
| train/             |          |
|    actor_loss      | 1.81     |
|    critic_loss     | 0.00655  |
|    ent_coef        | 0.0037   |
|    ent_coef_loss   | 0.742    |
|    learning_rate   | 0.0003   |
|    n_updates       | 276552   |
---------------------------------
---------------------------------
| rollout/           |          |
|    ep_len_mean     | 70.3     |
|    ep_rew_mean     | -18.7    |
|    success_rate    | 0.99     |
| time/              |          |
|    episodes        | 3292     |
|    fps             | 37       |
|    time_elapsed    | 7498     |
|    total_timesteps | 278811   |
| train/             |          |
|    actor_loss      | 1.85     |
|    critic_loss     | 0.0118   |
|    ent_coef        | 0.00372  |
|    ent_coef_loss   | -0.701   |
|    learning_rate   | 0.0003   |
|    n_updates       | 276810   |
---------------------------------
---------------------------------
| rollout/           |          |
|    ep_len_mean     | 70.3     |
|    ep_rew_mean     | -18.6    |
|    success_rate    | 0.99     |
| time/              |          |
|    episodes        | 3296     |
|    fps             | 37       |
|    time_elapsed    | 7502     |
|    total_timesteps | 279077   |
| train/             |          |
|    actor_loss      | 0.892    |
|    critic_loss     | 0.0111   |
|    ent_coef        | 0.00363  |
|    ent_coef_loss   | -1.89    |
|    learning_rate   | 0.0003   |
|    n_updates       | 277076   |
---------------------------------
---------------------------------
| rollout/           |          |
|    ep_len_mean     | 70.7     |
|    ep_rew_mean     | -18.7    |
|    success_rate    | 0.99     |
| time/              |          |
|    episodes        | 3300     |
|    fps             | 37       |
|    time_elapsed    | 7507     |
|    total_timesteps | 279392   |
| train/             |          |
|    actor_loss      | 2.06     |
|    critic_loss     | 0.0079   |
|    ent_coef        | 0.00373  |
|    ent_coef_loss   | -1.06    |
|    learning_rate   | 0.0003   |
|    n_updates       | 277391   |
---------------------------------
---------------------------------
| rollout/           |          |
|    ep_len_mean     | 71.4     |
|    ep_rew_mean     | -19      |
|    success_rate    | 0.99     |
| time/              |          |
|    episodes        | 3304     |
|    fps             | 37       |
|    time_elapsed    | 7512     |
|    total_timesteps | 279692   |
| train/             |          |
|    actor_loss      | 2.48     |
|    critic_loss     | 0.00915  |
|    ent_coef        | 0.00368  |
|    ent_coef_loss   | 0.583    |
|    learning_rate   | 0.0003   |
|    n_updates       | 277691   |
---------------------------------
Eval num_timesteps=280000, episode_reward=-20.37 +/- 7.58
Episode length: 77.00 +/- 25.56
Success rate: 96.67%
---------------------------------
| eval/              |          |
|    mean_ep_length  | 77       |
|    mean_reward     | -20.4    |
|    success_rate    | 0.967    |
| time/              |          |
|    total_timesteps | 280000   |
| train/             |          |
|    actor_loss      | 2        |
|    critic_loss     | 0.00858  |
|    ent_coef        | 0.00377  |
|    ent_coef_loss   | 0.299    |
|    learning_rate   | 0.0003   |
|    n_updates       | 277999   |
---------------------------------
---------------------------------
| rollout/           |          |
|    ep_len_mean     | 71.3     |
|    ep_rew_mean     | -18.7    |
|    success_rate    | 0.99     |
| time/              |          |
|    episodes        | 3308     |
|    fps             | 37       |
|    time_elapsed    | 7519     |
|    total_timesteps | 280012   |
| train/             |          |
|    actor_loss      | 3.15     |
|    critic_loss     | 0.0079   |
|    ent_coef        | 0.00377  |
|    ent_coef_loss   | 0.995    |
|    learning_rate   | 0.0003   |
|    n_updates       | 278011   |
---------------------------------
---------------------------------
| rollout/           |          |
|    ep_len_mean     | 71.6     |
|    ep_rew_mean     | -18.9    |
|    success_rate    | 0.99     |
| time/              |          |
|    episodes        | 3312     |
|    fps             | 37       |
|    time_elapsed    | 7523     |
|    total_timesteps | 280305   |
| train/             |          |
|    actor_loss      | 1.56     |
|    critic_loss     | 0.00687  |
|    ent_coef        | 0.00371  |
|    ent_coef_loss   | 2.11     |
|    learning_rate   | 0.0003   |
|    n_updates       | 278304   |
---------------------------------
---------------------------------
| rollout/           |          |
|    ep_len_mean     | 71.3     |
|    ep_rew_mean     | -18.7    |
|    success_rate    | 0.99     |
| time/              |          |
|    episodes        | 3316     |
|    fps             | 37       |
|    time_elapsed    | 7528     |
|    total_timesteps | 280605   |
| train/             |          |
|    actor_loss      | 1.49     |
|    critic_loss     | 0.0488   |
|    ent_coef        | 0.0037   |
|    ent_coef_loss   | -0.143   |
|    learning_rate   | 0.0003   |
|    n_updates       | 278604   |
---------------------------------
---------------------------------
| rollout/           |          |
|    ep_len_mean     | 71.6     |
|    ep_rew_mean     | -18.7    |
|    success_rate    | 0.99     |
| time/              |          |
|    episodes        | 3320     |
|    fps             | 37       |
|    time_elapsed    | 7533     |
|    total_timesteps | 280919   |
| train/             |          |
|    actor_loss      | 2.71     |
|    critic_loss     | 0.00819  |
|    ent_coef        | 0.00366  |
|    ent_coef_loss   | 0.977    |
|    learning_rate   | 0.0003   |
|    n_updates       | 278918   |
---------------------------------
---------------------------------
| rollout/           |          |
|    ep_len_mean     | 71.6     |
|    ep_rew_mean     | -18.5    |
|    success_rate    | 0.99     |
| time/              |          |
|    episodes        | 3324     |
|    fps             | 37       |
|    time_elapsed    | 7538     |
|    total_timesteps | 281214   |
| train/             |          |
|    actor_loss      | 1.94     |
|    critic_loss     | 0.02     |
|    ent_coef        | 0.00368  |
|    ent_coef_loss   | 0.474    |
|    learning_rate   | 0.0003   |
|    n_updates       | 279213   |
---------------------------------
---------------------------------
| rollout/           |          |
|    ep_len_mean     | 72       |
|    ep_rew_mean     | -18.8    |
|    success_rate    | 0.99     |
| time/              |          |
|    episodes        | 3328     |
|    fps             | 37       |
|    time_elapsed    | 7542     |
|    total_timesteps | 281486   |
| train/             |          |
|    actor_loss      | 1.76     |
|    critic_loss     | 0.0089   |
|    ent_coef        | 0.00374  |
|    ent_coef_loss   | 1.19     |
|    learning_rate   | 0.0003   |
|    n_updates       | 279485   |
---------------------------------
---------------------------------
| rollout/           |          |
|    ep_len_mean     | 72.2     |
|    ep_rew_mean     | -18.9    |
|    success_rate    | 0.99     |
| time/              |          |
|    episodes        | 3332     |
|    fps             | 37       |
|    time_elapsed    | 7547     |
|    total_timesteps | 281803   |
| train/             |          |
|    actor_loss      | 2.36     |
|    critic_loss     | 0.0121   |
|    ent_coef        | 0.00384  |
|    ent_coef_loss   | 0.443    |
|    learning_rate   | 0.0003   |
|    n_updates       | 279802   |
---------------------------------
---------------------------------
| rollout/           |          |
|    ep_len_mean     | 72.1     |
|    ep_rew_mean     | -19.1    |
|    success_rate    | 0.99     |
| time/              |          |
|    episodes        | 3336     |
|    fps             | 37       |
|    time_elapsed    | 7552     |
|    total_timesteps | 282110   |
| train/             |          |
|    actor_loss      | 0.987    |
|    critic_loss     | 0.0114   |
|    ent_coef        | 0.0038   |
|    ent_coef_loss   | -2.72    |
|    learning_rate   | 0.0003   |
|    n_updates       | 280109   |
---------------------------------
---------------------------------
| rollout/           |          |
|    ep_len_mean     | 72.1     |
|    ep_rew_mean     | -19      |
|    success_rate    | 0.99     |
| time/              |          |
|    episodes        | 3340     |
|    fps             | 37       |
|    time_elapsed    | 7557     |
|    total_timesteps | 282391   |
| train/             |          |
|    actor_loss      | 1.85     |
|    critic_loss     | 0.0124   |
|    ent_coef        | 0.00377  |
|    ent_coef_loss   | 1.64     |
|    learning_rate   | 0.0003   |
|    n_updates       | 280390   |
---------------------------------
---------------------------------
| rollout/           |          |
|    ep_len_mean     | 72.1     |
|    ep_rew_mean     | -18.9    |
|    success_rate    | 1        |
| time/              |          |
|    episodes        | 3344     |
|    fps             | 37       |
|    time_elapsed    | 7561     |
|    total_timesteps | 282663   |
| train/             |          |
|    actor_loss      | 1.78     |
|    critic_loss     | 0.0183   |
|    ent_coef        | 0.00379  |
|    ent_coef_loss   | -0.351   |
|    learning_rate   | 0.0003   |
|    n_updates       | 280662   |
---------------------------------
---------------------------------
| rollout/           |          |
|    ep_len_mean     | 72       |
|    ep_rew_mean     | -19      |
|    success_rate    | 1        |
| time/              |          |
|    episodes        | 3348     |
|    fps             | 37       |
|    time_elapsed    | 7565     |
|    total_timesteps | 282933   |
| train/             |          |
|    actor_loss      | 2.03     |
|    critic_loss     | 0.014    |
|    ent_coef        | 0.00371  |
|    ent_coef_loss   | -1.74    |
|    learning_rate   | 0.0003   |
|    n_updates       | 280932   |
---------------------------------
---------------------------------
| rollout/           |          |
|    ep_len_mean     | 72.2     |
|    ep_rew_mean     | -19.1    |
|    success_rate    | 1        |
| time/              |          |
|    episodes        | 3352     |
|    fps             | 37       |
|    time_elapsed    | 7570     |
|    total_timesteps | 283236   |
| train/             |          |
|    actor_loss      | 2.16     |
|    critic_loss     | 0.00758  |
|    ent_coef        | 0.00376  |
|    ent_coef_loss   | -3.02    |
|    learning_rate   | 0.0003   |
|    n_updates       | 281235   |
---------------------------------
---------------------------------
| rollout/           |          |
|    ep_len_mean     | 72.4     |
|    ep_rew_mean     | -19.1    |
|    success_rate    | 1        |
| time/              |          |
|    episodes        | 3356     |
|    fps             | 37       |
|    time_elapsed    | 7575     |
|    total_timesteps | 283511   |
| train/             |          |
|    actor_loss      | 1.28     |
|    critic_loss     | 0.0094   |
|    ent_coef        | 0.00377  |
|    ent_coef_loss   | -0.455   |
|    learning_rate   | 0.0003   |
|    n_updates       | 281510   |
---------------------------------
---------------------------------
| rollout/           |          |
|    ep_len_mean     | 72.5     |
|    ep_rew_mean     | -19.1    |
|    success_rate    | 1        |
| time/              |          |
|    episodes        | 3360     |
|    fps             | 37       |
|    time_elapsed    | 7579     |
|    total_timesteps | 283813   |
| train/             |          |
|    actor_loss      | 2.48     |
|    critic_loss     | 0.0124   |
|    ent_coef        | 0.00374  |
|    ent_coef_loss   | 0.389    |
|    learning_rate   | 0.0003   |
|    n_updates       | 281812   |
---------------------------------
---------------------------------
| rollout/           |          |
|    ep_len_mean     | 72.4     |
|    ep_rew_mean     | -19.1    |
|    success_rate    | 1        |
| time/              |          |
|    episodes        | 3364     |
|    fps             | 37       |
|    time_elapsed    | 7584     |
|    total_timesteps | 284104   |
| train/             |          |
|    actor_loss      | 1.59     |
|    critic_loss     | 0.0124   |
|    ent_coef        | 0.00377  |
|    ent_coef_loss   | 1.42     |
|    learning_rate   | 0.0003   |
|    n_updates       | 282103   |
---------------------------------
---------------------------------
| rollout/           |          |
|    ep_len_mean     | 72.3     |
|    ep_rew_mean     | -19      |
|    success_rate    | 1        |
| time/              |          |
|    episodes        | 3368     |
|    fps             | 37       |
|    time_elapsed    | 7588     |
|    total_timesteps | 284357   |
| train/             |          |
|    actor_loss      | 2.41     |
|    critic_loss     | 0.00698  |
|    ent_coef        | 0.00384  |
|    ent_coef_loss   | -0.531   |
|    learning_rate   | 0.0003   |
|    n_updates       | 282356   |
---------------------------------
---------------------------------
| rollout/           |          |
|    ep_len_mean     | 72.7     |
|    ep_rew_mean     | -19.2    |
|    success_rate    | 1        |
| time/              |          |
|    episodes        | 3372     |
|    fps             | 37       |
|    time_elapsed    | 7593     |
|    total_timesteps | 284670   |
| train/             |          |
|    actor_loss      | 1.29     |
|    critic_loss     | 0.00892  |
|    ent_coef        | 0.0038   |
|    ent_coef_loss   | -0.355   |
|    learning_rate   | 0.0003   |
|    n_updates       | 282669   |
---------------------------------
---------------------------------
| rollout/           |          |
|    ep_len_mean     | 72.8     |
|    ep_rew_mean     | -19.3    |
|    success_rate    | 1        |
| time/              |          |
|    episodes        | 3376     |
|    fps             | 37       |
|    time_elapsed    | 7597     |
|    total_timesteps | 284942   |
| train/             |          |
|    actor_loss      | 1.19     |
|    critic_loss     | 0.0329   |
|    ent_coef        | 0.00379  |
|    ent_coef_loss   | 0.946    |
|    learning_rate   | 0.0003   |
|    n_updates       | 282941   |
---------------------------------
Eval num_timesteps=285000, episode_reward=-19.02 +/- 6.75
Episode length: 73.00 +/- 11.41
Success rate: 100.00%
---------------------------------
| eval/              |          |
|    mean_ep_length  | 73       |
|    mean_reward     | -19      |
|    success_rate    | 1        |
| time/              |          |
|    total_timesteps | 285000   |
| train/             |          |
|    actor_loss      | 2.31     |
|    critic_loss     | 0.00784  |
|    ent_coef        | 0.00383  |
|    ent_coef_loss   | -1.33    |
|    learning_rate   | 0.0003   |
|    n_updates       | 282999   |
---------------------------------
---------------------------------
| rollout/           |          |
|    ep_len_mean     | 72.7     |
|    ep_rew_mean     | -19.1    |
|    success_rate    | 1        |
| time/              |          |
|    episodes        | 3380     |
|    fps             | 37       |
|    time_elapsed    | 7603     |
|    total_timesteps | 285214   |
| train/             |          |
|    actor_loss      | 0.342    |
|    critic_loss     | 0.0197   |
|    ent_coef        | 0.00381  |
|    ent_coef_loss   | -0.438   |
|    learning_rate   | 0.0003   |
|    n_updates       | 283213   |
---------------------------------
---------------------------------
| rollout/           |          |
|    ep_len_mean     | 72.4     |
|    ep_rew_mean     | -19      |
|    success_rate    | 1        |
| time/              |          |
|    episodes        | 3384     |
|    fps             | 37       |
|    time_elapsed    | 7608     |
|    total_timesteps | 285493   |
| train/             |          |
|    actor_loss      | 1.15     |
|    critic_loss     | 0.0197   |
|    ent_coef        | 0.00376  |
|    ent_coef_loss   | -2.88    |
|    learning_rate   | 0.0003   |
|    n_updates       | 283492   |
---------------------------------
---------------------------------
| rollout/           |          |
|    ep_len_mean     | 72       |
|    ep_rew_mean     | -18.9    |
|    success_rate    | 1        |
| time/              |          |
|    episodes        | 3388     |
|    fps             | 37       |
|    time_elapsed    | 7612     |
|    total_timesteps | 285755   |
| train/             |          |
|    actor_loss      | 1.57     |
|    critic_loss     | 0.00699  |
|    ent_coef        | 0.00371  |
|    ent_coef_loss   | -0.61    |
|    learning_rate   | 0.0003   |
|    n_updates       | 283754   |
---------------------------------
---------------------------------
| rollout/           |          |
|    ep_len_mean     | 72.6     |
|    ep_rew_mean     | -19.2    |
|    success_rate    | 1        |
| time/              |          |
|    episodes        | 3392     |
|    fps             | 37       |
|    time_elapsed    | 7617     |
|    total_timesteps | 286068   |
| train/             |          |
|    actor_loss      | 1.21     |
|    critic_loss     | 0.0129   |
|    ent_coef        | 0.00368  |
|    ent_coef_loss   | -0.0408  |
|    learning_rate   | 0.0003   |
|    n_updates       | 284067   |
---------------------------------
---------------------------------
| rollout/           |          |
|    ep_len_mean     | 73.1     |
|    ep_rew_mean     | -19.5    |
|    success_rate    | 1        |
| time/              |          |
|    episodes        | 3396     |
|    fps             | 37       |
|    time_elapsed    | 7622     |
|    total_timesteps | 286383   |
| train/             |          |
|    actor_loss      | 2.96     |
|    critic_loss     | 0.00855  |
|    ent_coef        | 0.00366  |
|    ent_coef_loss   | -0.224   |
|    learning_rate   | 0.0003   |
|    n_updates       | 284382   |
---------------------------------
---------------------------------
| rollout/           |          |
|    ep_len_mean     | 72.5     |
|    ep_rew_mean     | -19.4    |
|    success_rate    | 1        |
| time/              |          |
|    episodes        | 3400     |
|    fps             | 37       |
|    time_elapsed    | 7626     |
|    total_timesteps | 286645   |
| train/             |          |
|    actor_loss      | 1.36     |
|    critic_loss     | 0.0135   |
|    ent_coef        | 0.0037   |
|    ent_coef_loss   | -0.829   |
|    learning_rate   | 0.0003   |
|    n_updates       | 284644   |
---------------------------------
---------------------------------
| rollout/           |          |
|    ep_len_mean     | 72.4     |
|    ep_rew_mean     | -19.4    |
|    success_rate    | 0.99     |
| time/              |          |
|    episodes        | 3404     |
|    fps             | 37       |
|    time_elapsed    | 7631     |
|    total_timesteps | 286928   |
| train/             |          |
|    actor_loss      | 1.46     |
|    critic_loss     | 0.0126   |
|    ent_coef        | 0.00378  |
|    ent_coef_loss   | -3.49    |
|    learning_rate   | 0.0003   |
|    n_updates       | 284927   |
---------------------------------
---------------------------------
| rollout/           |          |
|    ep_len_mean     | 72.1     |
|    ep_rew_mean     | -19.4    |
|    success_rate    | 0.99     |
| time/              |          |
|    episodes        | 3408     |
|    fps             | 37       |
|    time_elapsed    | 7636     |
|    total_timesteps | 287223   |
| train/             |          |
|    actor_loss      | 1.59     |
|    critic_loss     | 0.0284   |
|    ent_coef        | 0.00374  |
|    ent_coef_loss   | -0.211   |
|    learning_rate   | 0.0003   |
|    n_updates       | 285222   |
---------------------------------
---------------------------------
| rollout/           |          |
|    ep_len_mean     | 71.8     |
|    ep_rew_mean     | -19.3    |
|    success_rate    | 0.99     |
| time/              |          |
|    episodes        | 3412     |
|    fps             | 37       |
|    time_elapsed    | 7640     |
|    total_timesteps | 287483   |
| train/             |          |
|    actor_loss      | 1.33     |
|    critic_loss     | 0.0165   |
|    ent_coef        | 0.00383  |
|    ent_coef_loss   | -3.5     |
|    learning_rate   | 0.0003   |
|    n_updates       | 285482   |
---------------------------------
---------------------------------
| rollout/           |          |
|    ep_len_mean     | 71.7     |
|    ep_rew_mean     | -19.2    |
|    success_rate    | 0.99     |
| time/              |          |
|    episodes        | 3416     |
|    fps             | 37       |
|    time_elapsed    | 7644     |
|    total_timesteps | 287773   |
| train/             |          |
|    actor_loss      | 0.623    |
|    critic_loss     | 0.00857  |
|    ent_coef        | 0.00378  |
|    ent_coef_loss   | -4.69    |
|    learning_rate   | 0.0003   |
|    n_updates       | 285772   |
---------------------------------
---------------------------------
| rollout/           |          |
|    ep_len_mean     | 71.2     |
|    ep_rew_mean     | -19.3    |
|    success_rate    | 0.99     |
| time/              |          |
|    episodes        | 3420     |
|    fps             | 37       |
|    time_elapsed    | 7649     |
|    total_timesteps | 288039   |
| train/             |          |
|    actor_loss      | 1.29     |
|    critic_loss     | 0.0183   |
|    ent_coef        | 0.00386  |
|    ent_coef_loss   | -0.378   |
|    learning_rate   | 0.0003   |
|    n_updates       | 286038   |
---------------------------------
---------------------------------
| rollout/           |          |
|    ep_len_mean     | 70.8     |
|    ep_rew_mean     | -19.1    |
|    success_rate    | 0.99     |
| time/              |          |
|    episodes        | 3424     |
|    fps             | 37       |
|    time_elapsed    | 7653     |
|    total_timesteps | 288295   |
| train/             |          |
|    actor_loss      | 1.28     |
|    critic_loss     | 0.00856  |
|    ent_coef        | 0.00383  |
|    ent_coef_loss   | -0.438   |
|    learning_rate   | 0.0003   |
|    n_updates       | 286294   |
---------------------------------
---------------------------------
| rollout/           |          |
|    ep_len_mean     | 70.7     |
|    ep_rew_mean     | -19      |
|    success_rate    | 0.99     |
| time/              |          |
|    episodes        | 3428     |
|    fps             | 37       |
|    time_elapsed    | 7657     |
|    total_timesteps | 288557   |
| train/             |          |
|    actor_loss      | 1.65     |
|    critic_loss     | 0.0128   |
|    ent_coef        | 0.00382  |
|    ent_coef_loss   | -2.36    |
|    learning_rate   | 0.0003   |
|    n_updates       | 286556   |
---------------------------------
---------------------------------
| rollout/           |          |
|    ep_len_mean     | 70.5     |
|    ep_rew_mean     | -18.7    |
|    success_rate    | 0.99     |
| time/              |          |
|    episodes        | 3432     |
|    fps             | 37       |
|    time_elapsed    | 7662     |
|    total_timesteps | 288848   |
| train/             |          |
|    actor_loss      | 2.1      |
|    critic_loss     | 0.00812  |
|    ent_coef        | 0.00379  |
|    ent_coef_loss   | -1.28    |
|    learning_rate   | 0.0003   |
|    n_updates       | 286847   |
---------------------------------
---------------------------------
| rollout/           |          |
|    ep_len_mean     | 70.1     |
|    ep_rew_mean     | -18.5    |
|    success_rate    | 0.99     |
| time/              |          |
|    episodes        | 3436     |
|    fps             | 37       |
|    time_elapsed    | 7666     |
|    total_timesteps | 289118   |
| train/             |          |
|    actor_loss      | 2.48     |
|    critic_loss     | 0.00651  |
|    ent_coef        | 0.0038   |
|    ent_coef_loss   | 0.389    |
|    learning_rate   | 0.0003   |
|    n_updates       | 287117   |
---------------------------------
---------------------------------
| rollout/           |          |
|    ep_len_mean     | 70.3     |
|    ep_rew_mean     | -18.7    |
|    success_rate    | 0.99     |
| time/              |          |
|    episodes        | 3440     |
|    fps             | 37       |
|    time_elapsed    | 7671     |
|    total_timesteps | 289419   |
| train/             |          |
|    actor_loss      | 2.45     |
|    critic_loss     | 0.00635  |
|    ent_coef        | 0.00384  |
|    ent_coef_loss   | 0.596    |
|    learning_rate   | 0.0003   |
|    n_updates       | 287418   |
---------------------------------
---------------------------------
| rollout/           |          |
|    ep_len_mean     | 70.8     |
|    ep_rew_mean     | -18.9    |
|    success_rate    | 0.99     |
| time/              |          |
|    episodes        | 3444     |
|    fps             | 37       |
|    time_elapsed    | 7676     |
|    total_timesteps | 289743   |
| train/             |          |
|    actor_loss      | 1.96     |
|    critic_loss     | 0.0109   |
|    ent_coef        | 0.00384  |
|    ent_coef_loss   | -0.964   |
|    learning_rate   | 0.0003   |
|    n_updates       | 287742   |
---------------------------------
Eval num_timesteps=290000, episode_reward=-19.85 +/- 5.76
Episode length: 74.03 +/- 9.45
Success rate: 100.00%
---------------------------------
| eval/              |          |
|    mean_ep_length  | 74       |
|    mean_reward     | -19.9    |
|    success_rate    | 1        |
| time/              |          |
|    total_timesteps | 290000   |
| train/             |          |
|    actor_loss      | 1.84     |
|    critic_loss     | 0.0242   |
|    ent_coef        | 0.00382  |
|    ent_coef_loss   | -0.985   |
|    learning_rate   | 0.0003   |
|    n_updates       | 287999   |
---------------------------------
---------------------------------
| rollout/           |          |
|    ep_len_mean     | 71.3     |
|    ep_rew_mean     | -19.2    |
|    success_rate    | 0.99     |
| time/              |          |
|    episodes        | 3448     |
|    fps             | 37       |
|    time_elapsed    | 7682     |
|    total_timesteps | 290065   |
| train/             |          |
|    actor_loss      | 2.56     |
|    critic_loss     | 0.00868  |
|    ent_coef        | 0.00382  |
|    ent_coef_loss   | 1.18     |
|    learning_rate   | 0.0003   |
|    n_updates       | 288064   |
---------------------------------
---------------------------------
| rollout/           |          |
|    ep_len_mean     | 71.3     |
|    ep_rew_mean     | -19.1    |
|    success_rate    | 0.99     |
| time/              |          |
|    episodes        | 3452     |
|    fps             | 37       |
|    time_elapsed    | 7687     |
|    total_timesteps | 290366   |
| train/             |          |
|    actor_loss      | 1.7      |
|    critic_loss     | 0.00584  |
|    ent_coef        | 0.00386  |
|    ent_coef_loss   | -0.146   |
|    learning_rate   | 0.0003   |
|    n_updates       | 288365   |
---------------------------------
---------------------------------
| rollout/           |          |
|    ep_len_mean     | 71.3     |
|    ep_rew_mean     | -19      |
|    success_rate    | 0.99     |
| time/              |          |
|    episodes        | 3456     |
|    fps             | 37       |
|    time_elapsed    | 7691     |
|    total_timesteps | 290644   |
| train/             |          |
|    actor_loss      | 2.26     |
|    critic_loss     | 0.0115   |
|    ent_coef        | 0.00387  |
|    ent_coef_loss   | 0.803    |
|    learning_rate   | 0.0003   |
|    n_updates       | 288643   |
---------------------------------
---------------------------------
| rollout/           |          |
|    ep_len_mean     | 71.5     |
|    ep_rew_mean     | -19.1    |
|    success_rate    | 0.99     |
| time/              |          |
|    episodes        | 3460     |
|    fps             | 37       |
|    time_elapsed    | 7696     |
|    total_timesteps | 290960   |
| train/             |          |
|    actor_loss      | 1.19     |
|    critic_loss     | 0.443    |
|    ent_coef        | 0.0038   |
|    ent_coef_loss   | -0.679   |
|    learning_rate   | 0.0003   |
|    n_updates       | 288959   |
---------------------------------
---------------------------------
| rollout/           |          |
|    ep_len_mean     | 71.1     |
|    ep_rew_mean     | -18.9    |
|    success_rate    | 0.99     |
| time/              |          |
|    episodes        | 3464     |
|    fps             | 37       |
|    time_elapsed    | 7700     |
|    total_timesteps | 291213   |
| train/             |          |
|    actor_loss      | 1.45     |
|    critic_loss     | 0.0072   |
|    ent_coef        | 0.00381  |
|    ent_coef_loss   | 0.83     |
|    learning_rate   | 0.0003   |
|    n_updates       | 289212   |
---------------------------------
---------------------------------
| rollout/           |          |
|    ep_len_mean     | 71.5     |
|    ep_rew_mean     | -19.2    |
|    success_rate    | 0.99     |
| time/              |          |
|    episodes        | 3468     |
|    fps             | 37       |
|    time_elapsed    | 7705     |
|    total_timesteps | 291509   |
| train/             |          |
|    actor_loss      | 2.79     |
|    critic_loss     | 0.0136   |
|    ent_coef        | 0.00394  |
|    ent_coef_loss   | 0.908    |
|    learning_rate   | 0.0003   |
|    n_updates       | 289508   |
---------------------------------
---------------------------------
| rollout/           |          |
|    ep_len_mean     | 71.2     |
|    ep_rew_mean     | -19.1    |
|    success_rate    | 0.99     |
| time/              |          |
|    episodes        | 3472     |
|    fps             | 37       |
|    time_elapsed    | 7710     |
|    total_timesteps | 291788   |
| train/             |          |
|    actor_loss      | 1.52     |
|    critic_loss     | 0.00822  |
|    ent_coef        | 0.00392  |
|    ent_coef_loss   | 0.464    |
|    learning_rate   | 0.0003   |
|    n_updates       | 289787   |
---------------------------------
---------------------------------
| rollout/           |          |
|    ep_len_mean     | 71.3     |
|    ep_rew_mean     | -19.2    |
|    success_rate    | 0.99     |
| time/              |          |
|    episodes        | 3476     |
|    fps             | 37       |
|    time_elapsed    | 7714     |
|    total_timesteps | 292075   |
| train/             |          |
|    actor_loss      | 1.71     |
|    critic_loss     | 0.00938  |
|    ent_coef        | 0.00386  |
|    ent_coef_loss   | 2.92     |
|    learning_rate   | 0.0003   |
|    n_updates       | 290074   |
---------------------------------
---------------------------------
| rollout/           |          |
|    ep_len_mean     | 71.7     |
|    ep_rew_mean     | -19.5    |
|    success_rate    | 0.99     |
| time/              |          |
|    episodes        | 3480     |
|    fps             | 37       |
|    time_elapsed    | 7719     |
|    total_timesteps | 292385   |
| train/             |          |
|    actor_loss      | 2.28     |
|    critic_loss     | 0.00701  |
|    ent_coef        | 0.00385  |
|    ent_coef_loss   | 0.377    |
|    learning_rate   | 0.0003   |
|    n_updates       | 290384   |
---------------------------------
---------------------------------
| rollout/           |          |
|    ep_len_mean     | 71.8     |
|    ep_rew_mean     | -19.3    |
|    success_rate    | 0.99     |
| time/              |          |
|    episodes        | 3484     |
|    fps             | 37       |
|    time_elapsed    | 7724     |
|    total_timesteps | 292678   |
| train/             |          |
|    actor_loss      | 2.46     |
|    critic_loss     | 0.00843  |
|    ent_coef        | 0.00387  |
|    ent_coef_loss   | -0.814   |
|    learning_rate   | 0.0003   |
|    n_updates       | 290677   |
---------------------------------
---------------------------------
| rollout/           |          |
|    ep_len_mean     | 72.2     |
|    ep_rew_mean     | -19.5    |
|    success_rate    | 0.99     |
| time/              |          |
|    episodes        | 3488     |
|    fps             | 37       |
|    time_elapsed    | 7728     |
|    total_timesteps | 292979   |
| train/             |          |
|    actor_loss      | 2.64     |
|    critic_loss     | 0.00624  |
|    ent_coef        | 0.00381  |
|    ent_coef_loss   | 2.33     |
|    learning_rate   | 0.0003   |
|    n_updates       | 290978   |
---------------------------------
---------------------------------
| rollout/           |          |
|    ep_len_mean     | 72.1     |
|    ep_rew_mean     | -19.3    |
|    success_rate    | 0.99     |
| time/              |          |
|    episodes        | 3492     |
|    fps             | 37       |
|    time_elapsed    | 7733     |
|    total_timesteps | 293274   |
| train/             |          |
|    actor_loss      | 1.99     |
|    critic_loss     | 0.0125   |
|    ent_coef        | 0.00383  |
|    ent_coef_loss   | -0.516   |
|    learning_rate   | 0.0003   |
|    n_updates       | 291273   |
---------------------------------
---------------------------------
| rollout/           |          |
|    ep_len_mean     | 71.8     |
|    ep_rew_mean     | -19.1    |
|    success_rate    | 0.99     |
| time/              |          |
|    episodes        | 3496     |
|    fps             | 37       |
|    time_elapsed    | 7738     |
|    total_timesteps | 293563   |
| train/             |          |
|    actor_loss      | 0.78     |
|    critic_loss     | 0.0297   |
|    ent_coef        | 0.00377  |
|    ent_coef_loss   | -2.22    |
|    learning_rate   | 0.0003   |
|    n_updates       | 291562   |
---------------------------------
---------------------------------
| rollout/           |          |
|    ep_len_mean     | 72.7     |
|    ep_rew_mean     | -19.4    |
|    success_rate    | 0.99     |
| time/              |          |
|    episodes        | 3500     |
|    fps             | 37       |
|    time_elapsed    | 7743     |
|    total_timesteps | 293911   |
| train/             |          |
|    actor_loss      | 1.85     |
|    critic_loss     | 0.0085   |
|    ent_coef        | 0.0039   |
|    ent_coef_loss   | -1.73    |
|    learning_rate   | 0.0003   |
|    n_updates       | 291910   |
---------------------------------
---------------------------------
| rollout/           |          |
|    ep_len_mean     | 73.1     |
|    ep_rew_mean     | -19.4    |
|    success_rate    | 1        |
| time/              |          |
|    episodes        | 3504     |
|    fps             | 37       |
|    time_elapsed    | 7748     |
|    total_timesteps | 294234   |
| train/             |          |
|    actor_loss      | 1.74     |
|    critic_loss     | 0.00749  |
|    ent_coef        | 0.00388  |
|    ent_coef_loss   | 0.333    |
|    learning_rate   | 0.0003   |
|    n_updates       | 292233   |
---------------------------------
---------------------------------
| rollout/           |          |
|    ep_len_mean     | 72.7     |
|    ep_rew_mean     | -19.4    |
|    success_rate    | 1        |
| time/              |          |
|    episodes        | 3508     |
|    fps             | 37       |
|    time_elapsed    | 7752     |
|    total_timesteps | 294496   |
| train/             |          |
|    actor_loss      | 1.95     |
|    critic_loss     | 0.0073   |
|    ent_coef        | 0.00387  |
|    ent_coef_loss   | -0.222   |
|    learning_rate   | 0.0003   |
|    n_updates       | 292495   |
---------------------------------
---------------------------------
| rollout/           |          |
|    ep_len_mean     | 73.1     |
|    ep_rew_mean     | -19.6    |
|    success_rate    | 1        |
| time/              |          |
|    episodes        | 3512     |
|    fps             | 38       |
|    time_elapsed    | 7757     |
|    total_timesteps | 294789   |
| train/             |          |
|    actor_loss      | 1.42     |
|    critic_loss     | 0.00783  |
|    ent_coef        | 0.00377  |
|    ent_coef_loss   | -1.16    |
|    learning_rate   | 0.0003   |
|    n_updates       | 292788   |
---------------------------------
Eval num_timesteps=295000, episode_reward=-17.92 +/- 7.60
Episode length: 68.77 +/- 15.57
Success rate: 100.00%
---------------------------------
| eval/              |          |
|    mean_ep_length  | 68.8     |
|    mean_reward     | -17.9    |
|    success_rate    | 1        |
| time/              |          |
|    total_timesteps | 295000   |
| train/             |          |
|    actor_loss      | 2.17     |
|    critic_loss     | 0.0281   |
|    ent_coef        | 0.00384  |
|    ent_coef_loss   | 0.0545   |
|    learning_rate   | 0.0003   |
|    n_updates       | 292999   |
---------------------------------
---------------------------------
| rollout/           |          |
|    ep_len_mean     | 72.7     |
|    ep_rew_mean     | -19.4    |
|    success_rate    | 1        |
| time/              |          |
|    episodes        | 3516     |
|    fps             | 38       |
|    time_elapsed    | 7762     |
|    total_timesteps | 295040   |
| train/             |          |
|    actor_loss      | 1.61     |
|    critic_loss     | 0.0079   |
|    ent_coef        | 0.00383  |
|    ent_coef_loss   | -0.539   |
|    learning_rate   | 0.0003   |
|    n_updates       | 293039   |
---------------------------------
---------------------------------
| rollout/           |          |
|    ep_len_mean     | 73       |
|    ep_rew_mean     | -19.4    |
|    success_rate    | 1        |
| time/              |          |
|    episodes        | 3520     |
|    fps             | 38       |
|    time_elapsed    | 7767     |
|    total_timesteps | 295343   |
| train/             |          |
|    actor_loss      | 2.08     |
|    critic_loss     | 0.551    |
|    ent_coef        | 0.00387  |
|    ent_coef_loss   | 3.07     |
|    learning_rate   | 0.0003   |
|    n_updates       | 293342   |
---------------------------------
---------------------------------
| rollout/           |          |
|    ep_len_mean     | 73.2     |
|    ep_rew_mean     | -19.6    |
|    success_rate    | 1        |
| time/              |          |
|    episodes        | 3524     |
|    fps             | 38       |
|    time_elapsed    | 7771     |
|    total_timesteps | 295615   |
| train/             |          |
|    actor_loss      | 1.39     |
|    critic_loss     | 0.00915  |
|    ent_coef        | 0.00393  |
|    ent_coef_loss   | 0.273    |
|    learning_rate   | 0.0003   |
|    n_updates       | 293614   |
---------------------------------
---------------------------------
| rollout/           |          |
|    ep_len_mean     | 73.6     |
|    ep_rew_mean     | -19.8    |
|    success_rate    | 1        |
| time/              |          |
|    episodes        | 3528     |
|    fps             | 38       |
|    time_elapsed    | 7776     |
|    total_timesteps | 295916   |
| train/             |          |
|    actor_loss      | 2.07     |
|    critic_loss     | 0.00523  |
|    ent_coef        | 0.00387  |
|    ent_coef_loss   | 1.77     |
|    learning_rate   | 0.0003   |
|    n_updates       | 293915   |
---------------------------------
---------------------------------
| rollout/           |          |
|    ep_len_mean     | 73.7     |
|    ep_rew_mean     | -19.9    |
|    success_rate    | 1        |
| time/              |          |
|    episodes        | 3532     |
|    fps             | 38       |
|    time_elapsed    | 7781     |
|    total_timesteps | 296219   |
| train/             |          |
|    actor_loss      | 0.573    |
|    critic_loss     | 0.01     |
|    ent_coef        | 0.00395  |
|    ent_coef_loss   | -1.36    |
|    learning_rate   | 0.0003   |
|    n_updates       | 294218   |
---------------------------------
---------------------------------
| rollout/           |          |
|    ep_len_mean     | 74       |
|    ep_rew_mean     | -19.8    |
|    success_rate    | 1        |
| time/              |          |
|    episodes        | 3536     |
|    fps             | 38       |
|    time_elapsed    | 7786     |
|    total_timesteps | 296517   |
| train/             |          |
|    actor_loss      | 2.44     |
|    critic_loss     | 0.00656  |
|    ent_coef        | 0.00394  |
|    ent_coef_loss   | 1.13     |
|    learning_rate   | 0.0003   |
|    n_updates       | 294516   |
---------------------------------
---------------------------------
| rollout/           |          |
|    ep_len_mean     | 73.8     |
|    ep_rew_mean     | -19.6    |
|    success_rate    | 1        |
| time/              |          |
|    episodes        | 3540     |
|    fps             | 38       |
|    time_elapsed    | 7790     |
|    total_timesteps | 296799   |
| train/             |          |
|    actor_loss      | 1.85     |
|    critic_loss     | 0.00608  |
|    ent_coef        | 0.00395  |
|    ent_coef_loss   | -0.1     |
|    learning_rate   | 0.0003   |
|    n_updates       | 294798   |
---------------------------------
---------------------------------
| rollout/           |          |
|    ep_len_mean     | 73.5     |
|    ep_rew_mean     | -19.4    |
|    success_rate    | 1        |
| time/              |          |
|    episodes        | 3544     |
|    fps             | 38       |
|    time_elapsed    | 7795     |
|    total_timesteps | 297092   |
| train/             |          |
|    actor_loss      | 2.17     |
|    critic_loss     | 0.00662  |
|    ent_coef        | 0.00397  |
|    ent_coef_loss   | 0.515    |
|    learning_rate   | 0.0003   |
|    n_updates       | 295091   |
---------------------------------
---------------------------------
| rollout/           |          |
|    ep_len_mean     | 73       |
|    ep_rew_mean     | -19.2    |
|    success_rate    | 1        |
| time/              |          |
|    episodes        | 3548     |
|    fps             | 38       |
|    time_elapsed    | 7799     |
|    total_timesteps | 297369   |
| train/             |          |
|    actor_loss      | 1.62     |
|    critic_loss     | 0.0203   |
|    ent_coef        | 0.00397  |
|    ent_coef_loss   | -0.842   |
|    learning_rate   | 0.0003   |
|    n_updates       | 295368   |
---------------------------------
---------------------------------
| rollout/           |          |
|    ep_len_mean     | 72.9     |
|    ep_rew_mean     | -19.2    |
|    success_rate    | 1        |
| time/              |          |
|    episodes        | 3552     |
|    fps             | 38       |
|    time_elapsed    | 7804     |
|    total_timesteps | 297659   |
| train/             |          |
|    actor_loss      | 1.3      |
|    critic_loss     | 0.0101   |
|    ent_coef        | 0.00382  |
|    ent_coef_loss   | 0.929    |
|    learning_rate   | 0.0003   |
|    n_updates       | 295658   |
---------------------------------
---------------------------------
| rollout/           |          |
|    ep_len_mean     | 72.9     |
|    ep_rew_mean     | -19.2    |
|    success_rate    | 1        |
| time/              |          |
|    episodes        | 3556     |
|    fps             | 38       |
|    time_elapsed    | 7808     |
|    total_timesteps | 297938   |
| train/             |          |
|    actor_loss      | 1.98     |
|    critic_loss     | 0.0178   |
|    ent_coef        | 0.00386  |
|    ent_coef_loss   | 0.595    |
|    learning_rate   | 0.0003   |
|    n_updates       | 295937   |
---------------------------------
---------------------------------
| rollout/           |          |
|    ep_len_mean     | 73       |
|    ep_rew_mean     | -19.2    |
|    success_rate    | 1        |
| time/              |          |
|    episodes        | 3560     |
|    fps             | 38       |
|    time_elapsed    | 7813     |
|    total_timesteps | 298260   |
| train/             |          |
|    actor_loss      | 1.22     |
|    critic_loss     | 0.0206   |
|    ent_coef        | 0.00386  |
|    ent_coef_loss   | 0.913    |
|    learning_rate   | 0.0003   |
|    n_updates       | 296259   |
---------------------------------
---------------------------------
| rollout/           |          |
|    ep_len_mean     | 73.3     |
|    ep_rew_mean     | -19.2    |
|    success_rate    | 1        |
| time/              |          |
|    episodes        | 3564     |
|    fps             | 38       |
|    time_elapsed    | 7818     |
|    total_timesteps | 298541   |
| train/             |          |
|    actor_loss      | 1.84     |
|    critic_loss     | 0.0129   |
|    ent_coef        | 0.00381  |
|    ent_coef_loss   | 0.05     |
|    learning_rate   | 0.0003   |
|    n_updates       | 296540   |
---------------------------------
---------------------------------
| rollout/           |          |
|    ep_len_mean     | 73.2     |
|    ep_rew_mean     | -19.1    |
|    success_rate    | 1        |
| time/              |          |
|    episodes        | 3568     |
|    fps             | 38       |
|    time_elapsed    | 7822     |
|    total_timesteps | 298827   |
| train/             |          |
|    actor_loss      | 2.36     |
|    critic_loss     | 0.00961  |
|    ent_coef        | 0.00382  |
|    ent_coef_loss   | 3.17     |
|    learning_rate   | 0.0003   |
|    n_updates       | 296826   |
---------------------------------
---------------------------------
| rollout/           |          |
|    ep_len_mean     | 73.2     |
|    ep_rew_mean     | -19      |
|    success_rate    | 1        |
| time/              |          |
|    episodes        | 3572     |
|    fps             | 38       |
|    time_elapsed    | 7827     |
|    total_timesteps | 299106   |
| train/             |          |
|    actor_loss      | 2.01     |
|    critic_loss     | 0.0171   |
|    ent_coef        | 0.00385  |
|    ent_coef_loss   | 3.81     |
|    learning_rate   | 0.0003   |
|    n_updates       | 297105   |
---------------------------------
---------------------------------
| rollout/           |          |
|    ep_len_mean     | 73.6     |
|    ep_rew_mean     | -19      |
|    success_rate    | 1        |
| time/              |          |
|    episodes        | 3576     |
|    fps             | 38       |
|    time_elapsed    | 7832     |
|    total_timesteps | 299431   |
| train/             |          |
|    actor_loss      | 0.472    |
|    critic_loss     | 0.00918  |
|    ent_coef        | 0.00389  |
|    ent_coef_loss   | -1.49    |
|    learning_rate   | 0.0003   |
|    n_updates       | 297430   |
---------------------------------
---------------------------------
| rollout/           |          |
|    ep_len_mean     | 73.6     |
|    ep_rew_mean     | -18.9    |
|    success_rate    | 1        |
| time/              |          |
|    episodes        | 3580     |
|    fps             | 38       |
|    time_elapsed    | 7837     |
|    total_timesteps | 299742   |
| train/             |          |
|    actor_loss      | 2.21     |
|    critic_loss     | 0.00722  |
|    ent_coef        | 0.00385  |
|    ent_coef_loss   | 2.22     |
|    learning_rate   | 0.0003   |
|    n_updates       | 297741   |
---------------------------------
Eval num_timesteps=300000, episode_reward=-17.38 +/- 6.42
Episode length: 66.93 +/- 12.32
Success rate: 100.00%
---------------------------------
| eval/              |          |
|    mean_ep_length  | 66.9     |
|    mean_reward     | -17.4    |
|    success_rate    | 1        |
| time/              |          |
|    total_timesteps | 300000   |
| train/             |          |
|    actor_loss      | 2.32     |
|    critic_loss     | 0.00725  |
|    ent_coef        | 0.00382  |
|    ent_coef_loss   | 2.74     |
|    learning_rate   | 0.0003   |
|    n_updates       | 297999   |
---------------------------------
Training complete. Best model: models\runs\avoid_sac_relvec_s0/best_model.zip
