Using cpu device
Run avoid_relvec_s0: 500000 steps
---------------------------------
| rollout/           |          |
|    ep_len_mean     | 200      |
|    ep_rew_mean     | -194     |
|    success_rate    | 0        |
| time/              |          |
|    fps             | 1891     |
|    iterations      | 1        |
|    time_elapsed    | 1        |
|    total_timesteps | 2048     |
---------------------------------
-----------------------------------------
| rollout/                |             |
|    ep_len_mean          | 200         |
|    ep_rew_mean          | -180        |
|    success_rate         | 0           |
| time/                   |             |
|    fps                  | 1631        |
|    iterations           | 2           |
|    time_elapsed         | 2           |
|    total_timesteps      | 4096        |
| train/                  |             |
|    approx_kl            | 0.011458825 |
|    clip_fraction        | 0.0867      |
|    clip_range           | 0.2         |
|    entropy_loss         | -9.91       |
|    explained_variance   | 0.00555     |
|    learning_rate        | 0.0003      |
|    loss                 | 12.8        |
|    n_updates            | 10          |
|    policy_gradient_loss | -0.0143     |
|    std                  | 0.995       |
|    value_loss           | 95.6        |
-----------------------------------------
Eval num_timesteps=5000, episode_reward=-166.20 +/- 19.36
Episode length: 200.00 +/- 0.00
Success rate: 0.00%
------------------------------------------
| eval/                   |              |
|    mean_ep_length       | 200          |
|    mean_reward          | -166         |
|    success_rate         | 0            |
| time/                   |              |
|    total_timesteps      | 5000         |
| train/                  |              |
|    approx_kl            | 0.0092718145 |
|    clip_fraction        | 0.052        |
|    clip_range           | 0.2          |
|    entropy_loss         | -9.9         |
|    explained_variance   | 0.0233       |
|    learning_rate        | 0.0003       |
|    loss                 | 9.41         |
|    n_updates            | 20           |
|    policy_gradient_loss | -0.0107      |
|    std                  | 0.996        |
|    value_loss           | 69           |
------------------------------------------
New best mean reward!
---------------------------------
| rollout/           |          |
|    ep_len_mean     | 200      |
|    ep_rew_mean     | -185     |
|    success_rate    | 0        |
| time/              |          |
|    fps             | 969      |
|    iterations      | 3        |
|    time_elapsed    | 6        |
|    total_timesteps | 6144     |
---------------------------------
----------------------------------------
| rollout/                |            |
|    ep_len_mean          | 200        |
|    ep_rew_mean          | -182       |
|    success_rate         | 0          |
| time/                   |            |
|    fps                  | 1057       |
|    iterations           | 4          |
|    time_elapsed         | 7          |
|    total_timesteps      | 8192       |
| train/                  |            |
|    approx_kl            | 0.00971266 |
|    clip_fraction        | 0.0562     |
|    clip_range           | 0.2        |
|    entropy_loss         | -9.88      |
|    explained_variance   | 0.00507    |
|    learning_rate        | 0.0003     |
|    loss                 | 19.2       |
|    n_updates            | 30         |
|    policy_gradient_loss | -0.0127    |
|    std                  | 0.99       |
|    value_loss           | 83         |
----------------------------------------
Eval num_timesteps=10000, episode_reward=-170.39 +/- 26.15
Episode length: 200.00 +/- 0.00
Success rate: 0.00%
-----------------------------------------
| eval/                   |             |
|    mean_ep_length       | 200         |
|    mean_reward          | -170        |
|    success_rate         | 0           |
| time/                   |             |
|    total_timesteps      | 10000       |
| train/                  |             |
|    approx_kl            | 0.010594529 |
|    clip_fraction        | 0.0904      |
|    clip_range           | 0.2         |
|    entropy_loss         | -9.86       |
|    explained_variance   | 0.00466     |
|    learning_rate        | 0.0003      |
|    loss                 | 10.7        |
|    n_updates            | 40          |
|    policy_gradient_loss | -0.015      |
|    std                  | 0.988       |
|    value_loss           | 54.5        |
-----------------------------------------
---------------------------------
| rollout/           |          |
|    ep_len_mean     | 200      |
|    ep_rew_mean     | -181     |
|    success_rate    | 0        |
| time/              |          |
|    fps             | 867      |
|    iterations      | 5        |
|    time_elapsed    | 11       |
|    total_timesteps | 10240    |
---------------------------------
-----------------------------------------
| rollout/                |             |
|    ep_len_mean          | 200         |
|    ep_rew_mean          | -179        |
|    success_rate         | 0           |
| time/                   |             |
|    fps                  | 927         |
|    iterations           | 6           |
|    time_elapsed         | 13          |
|    total_timesteps      | 12288       |
| train/                  |             |
|    approx_kl            | 0.011629833 |
|    clip_fraction        | 0.108       |
|    clip_range           | 0.2         |
|    entropy_loss         | -9.84       |
|    explained_variance   | 0.00224     |
|    learning_rate        | 0.0003      |
|    loss                 | 7.01        |
|    n_updates            | 50          |
|    policy_gradient_loss | -0.0145     |
|    std                  | 0.986       |
|    value_loss           | 41.1        |
-----------------------------------------
-----------------------------------------
| rollout/                |             |
|    ep_len_mean          | 200         |
|    ep_rew_mean          | -176        |
|    success_rate         | 0           |
| time/                   |             |
|    fps                  | 973         |
|    iterations           | 7           |
|    time_elapsed         | 14          |
|    total_timesteps      | 14336       |
| train/                  |             |
|    approx_kl            | 0.012811546 |
|    clip_fraction        | 0.13        |
|    clip_range           | 0.2         |
|    entropy_loss         | -9.82       |
|    explained_variance   | 0.00332     |
|    learning_rate        | 0.0003      |
|    loss                 | 2.69        |
|    n_updates            | 60          |
|    policy_gradient_loss | -0.0149     |
|    std                  | 0.983       |
|    value_loss           | 24.8        |
-----------------------------------------
Eval num_timesteps=15000, episode_reward=-143.12 +/- 26.56
Episode length: 200.00 +/- 0.00
Success rate: 0.00%
-----------------------------------------
| eval/                   |             |
|    mean_ep_length       | 200         |
|    mean_reward          | -143        |
|    success_rate         | 0           |
| time/                   |             |
|    total_timesteps      | 15000       |
| train/                  |             |
|    approx_kl            | 0.015771128 |
|    clip_fraction        | 0.148       |
|    clip_range           | 0.2         |
|    entropy_loss         | -9.82       |
|    explained_variance   | 0.00157     |
|    learning_rate        | 0.0003      |
|    loss                 | 3.29        |
|    n_updates            | 70          |
|    policy_gradient_loss | -0.0141     |
|    std                  | 0.986       |
|    value_loss           | 12.9        |
-----------------------------------------
New best mean reward!
---------------------------------
| rollout/           |          |
|    ep_len_mean     | 200      |
|    ep_rew_mean     | -173     |
|    success_rate    | 0        |
| time/              |          |
|    fps             | 864      |
|    iterations      | 8        |
|    time_elapsed    | 18       |
|    total_timesteps | 16384    |
---------------------------------
-----------------------------------------
| rollout/                |             |
|    ep_len_mean          | 200         |
|    ep_rew_mean          | -173        |
|    success_rate         | 0           |
| time/                   |             |
|    fps                  | 901         |
|    iterations           | 9           |
|    time_elapsed         | 20          |
|    total_timesteps      | 18432       |
| train/                  |             |
|    approx_kl            | 0.011421634 |
|    clip_fraction        | 0.0832      |
|    clip_range           | 0.2         |
|    entropy_loss         | -9.81       |
|    explained_variance   | 0.0398      |
|    learning_rate        | 0.0003      |
|    loss                 | 1.43        |
|    n_updates            | 80          |
|    policy_gradient_loss | -0.00908    |
|    std                  | 0.979       |
|    value_loss           | 9.48        |
-----------------------------------------
Eval num_timesteps=20000, episode_reward=-141.21 +/- 23.60
Episode length: 200.00 +/- 0.00
Success rate: 0.00%
-----------------------------------------
| eval/                   |             |
|    mean_ep_length       | 200         |
|    mean_reward          | -141        |
|    success_rate         | 0           |
| time/                   |             |
|    total_timesteps      | 20000       |
| train/                  |             |
|    approx_kl            | 0.012905434 |
|    clip_fraction        | 0.0996      |
|    clip_range           | 0.2         |
|    entropy_loss         | -9.78       |
|    explained_variance   | 0.617       |
|    learning_rate        | 0.0003      |
|    loss                 | 0.471       |
|    n_updates            | 90          |
|    policy_gradient_loss | -0.0122     |
|    std                  | 0.978       |
|    value_loss           | 6.12        |
-----------------------------------------
New best mean reward!
---------------------------------
| rollout/           |          |
|    ep_len_mean     | 200      |
|    ep_rew_mean     | -170     |
|    success_rate    | 0        |
| time/              |          |
|    fps             | 831      |
|    iterations      | 10       |
|    time_elapsed    | 24       |
|    total_timesteps | 20480    |
---------------------------------
-----------------------------------------
| rollout/                |             |
|    ep_len_mean          | 200         |
|    ep_rew_mean          | -166        |
|    success_rate         | 0           |
| time/                   |             |
|    fps                  | 862         |
|    iterations           | 11          |
|    time_elapsed         | 26          |
|    total_timesteps      | 22528       |
| train/                  |             |
|    approx_kl            | 0.012053467 |
|    clip_fraction        | 0.139       |
|    clip_range           | 0.2         |
|    entropy_loss         | -9.76       |
|    explained_variance   | 0.807       |
|    learning_rate        | 0.0003      |
|    loss                 | 0.671       |
|    n_updates            | 100         |
|    policy_gradient_loss | -0.0151     |
|    std                  | 0.974       |
|    value_loss           | 4.12        |
-----------------------------------------
-----------------------------------------
| rollout/                |             |
|    ep_len_mean          | 200         |
|    ep_rew_mean          | -162        |
|    success_rate         | 0           |
| time/                   |             |
|    fps                  | 889         |
|    iterations           | 12          |
|    time_elapsed         | 27          |
|    total_timesteps      | 24576       |
| train/                  |             |
|    approx_kl            | 0.013654392 |
|    clip_fraction        | 0.157       |
|    clip_range           | 0.2         |
|    entropy_loss         | -9.74       |
|    explained_variance   | 0.91        |
|    learning_rate        | 0.0003      |
|    loss                 | 0.457       |
|    n_updates            | 110         |
|    policy_gradient_loss | -0.0207     |
|    std                  | 0.973       |
|    value_loss           | 4.31        |
-----------------------------------------
Eval num_timesteps=25000, episode_reward=-117.74 +/- 12.46
Episode length: 200.00 +/- 0.00
Success rate: 0.00%
-----------------------------------------
| eval/                   |             |
|    mean_ep_length       | 200         |
|    mean_reward          | -118        |
|    success_rate         | 0           |
| time/                   |             |
|    total_timesteps      | 25000       |
| train/                  |             |
|    approx_kl            | 0.015540726 |
|    clip_fraction        | 0.177       |
|    clip_range           | 0.2         |
|    entropy_loss         | -9.73       |
|    explained_variance   | 0.958       |
|    learning_rate        | 0.0003      |
|    loss                 | 0.551       |
|    n_updates            | 120         |
|    policy_gradient_loss | -0.0227     |
|    std                  | 0.97        |
|    value_loss           | 1.95        |
-----------------------------------------
New best mean reward!
---------------------------------
| rollout/           |          |
|    ep_len_mean     | 200      |
|    ep_rew_mean     | -154     |
|    success_rate    | 0        |
| time/              |          |
|    fps             | 843      |
|    iterations      | 13       |
|    time_elapsed    | 31       |
|    total_timesteps | 26624    |
---------------------------------
-----------------------------------------
| rollout/                |             |
|    ep_len_mean          | 200         |
|    ep_rew_mean          | -148        |
|    success_rate         | 0           |
| time/                   |             |
|    fps                  | 868         |
|    iterations           | 14          |
|    time_elapsed         | 33          |
|    total_timesteps      | 28672       |
| train/                  |             |
|    approx_kl            | 0.016231505 |
|    clip_fraction        | 0.229       |
|    clip_range           | 0.2         |
|    entropy_loss         | -9.71       |
|    explained_variance   | 0.976       |
|    learning_rate        | 0.0003      |
|    loss                 | 0.637       |
|    n_updates            | 130         |
|    policy_gradient_loss | -0.0278     |
|    std                  | 0.968       |
|    value_loss           | 1.85        |
-----------------------------------------
Eval num_timesteps=30000, episode_reward=-123.69 +/- 10.71
Episode length: 200.00 +/- 0.00
Success rate: 0.00%
-----------------------------------------
| eval/                   |             |
|    mean_ep_length       | 200         |
|    mean_reward          | -124        |
|    success_rate         | 0           |
| time/                   |             |
|    total_timesteps      | 30000       |
| train/                  |             |
|    approx_kl            | 0.015833018 |
|    clip_fraction        | 0.186       |
|    clip_range           | 0.2         |
|    entropy_loss         | -9.71       |
|    explained_variance   | 0.98        |
|    learning_rate        | 0.0003      |
|    loss                 | 0.689       |
|    n_updates            | 140         |
|    policy_gradient_loss | -0.0225     |
|    std                  | 0.969       |
|    value_loss           | 1.82        |
-----------------------------------------
---------------------------------
| rollout/           |          |
|    ep_len_mean     | 200      |
|    ep_rew_mean     | -142     |
|    success_rate    | 0        |
| time/              |          |
|    fps             | 826      |
|    iterations      | 15       |
|    time_elapsed    | 37       |
|    total_timesteps | 30720    |
---------------------------------
------------------------------------------
| rollout/                |              |
|    ep_len_mean          | 200          |
|    ep_rew_mean          | -137         |
|    success_rate         | 0            |
| time/                   |              |
|    fps                  | 848          |
|    iterations           | 16           |
|    time_elapsed         | 38           |
|    total_timesteps      | 32768        |
| train/                  |              |
|    approx_kl            | 0.0138560925 |
|    clip_fraction        | 0.173        |
|    clip_range           | 0.2          |
|    entropy_loss         | -9.69        |
|    explained_variance   | 0.989        |
|    learning_rate        | 0.0003       |
|    loss                 | 0.68         |
|    n_updates            | 150          |
|    policy_gradient_loss | -0.0222      |
|    std                  | 0.964        |
|    value_loss           | 1.98         |
------------------------------------------
----------------------------------------
| rollout/                |            |
|    ep_len_mean          | 200        |
|    ep_rew_mean          | -132       |
|    success_rate         | 0          |
| time/                   |            |
|    fps                  | 868        |
|    iterations           | 17         |
|    time_elapsed         | 40         |
|    total_timesteps      | 34816      |
| train/                  |            |
|    approx_kl            | 0.01377634 |
|    clip_fraction        | 0.161      |
|    clip_range           | 0.2        |
|    entropy_loss         | -9.66      |
|    explained_variance   | 0.982      |
|    learning_rate        | 0.0003     |
|    loss                 | 0.608      |
|    n_updates            | 160        |
|    policy_gradient_loss | -0.0192    |
|    std                  | 0.961      |
|    value_loss           | 1.62       |
----------------------------------------
Eval num_timesteps=35000, episode_reward=-136.73 +/- 13.88
Episode length: 200.00 +/- 0.00
Success rate: 0.00%
-----------------------------------------
| eval/                   |             |
|    mean_ep_length       | 200         |
|    mean_reward          | -137        |
|    success_rate         | 0           |
| time/                   |             |
|    total_timesteps      | 35000       |
| train/                  |             |
|    approx_kl            | 0.015339414 |
|    clip_fraction        | 0.183       |
|    clip_range           | 0.2         |
|    entropy_loss         | -9.64       |
|    explained_variance   | 0.99        |
|    learning_rate        | 0.0003      |
|    loss                 | 0.592       |
|    n_updates            | 170         |
|    policy_gradient_loss | -0.0241     |
|    std                  | 0.958       |
|    value_loss           | 1.72        |
-----------------------------------------
---------------------------------
| rollout/           |          |
|    ep_len_mean     | 200      |
|    ep_rew_mean     | -127     |
|    success_rate    | 0        |
| time/              |          |
|    fps             | 835      |
|    iterations      | 18       |
|    time_elapsed    | 44       |
|    total_timesteps | 36864    |
---------------------------------
-----------------------------------------
| rollout/                |             |
|    ep_len_mean          | 200         |
|    ep_rew_mean          | -121        |
|    success_rate         | 0           |
| time/                   |             |
|    fps                  | 854         |
|    iterations           | 19          |
|    time_elapsed         | 45          |
|    total_timesteps      | 38912       |
| train/                  |             |
|    approx_kl            | 0.012447456 |
|    clip_fraction        | 0.146       |
|    clip_range           | 0.2         |
|    entropy_loss         | -9.6        |
|    explained_variance   | 0.98        |
|    learning_rate        | 0.0003      |
|    loss                 | 0.571       |
|    n_updates            | 180         |
|    policy_gradient_loss | -0.0194     |
|    std                  | 0.951       |
|    value_loss           | 2.55        |
-----------------------------------------
Eval num_timesteps=40000, episode_reward=-148.37 +/- 8.96
Episode length: 200.00 +/- 0.00
Success rate: 0.00%
-----------------------------------------
| eval/                   |             |
|    mean_ep_length       | 200         |
|    mean_reward          | -148        |
|    success_rate         | 0           |
| time/                   |             |
|    total_timesteps      | 40000       |
| train/                  |             |
|    approx_kl            | 0.011705729 |
|    clip_fraction        | 0.143       |
|    clip_range           | 0.2         |
|    entropy_loss         | -9.57       |
|    explained_variance   | 0.986       |
|    learning_rate        | 0.0003      |
|    loss                 | 0.964       |
|    n_updates            | 190         |
|    policy_gradient_loss | -0.0182     |
|    std                  | 0.949       |
|    value_loss           | 2.33        |
-----------------------------------------
---------------------------------
| rollout/           |          |
|    ep_len_mean     | 200      |
|    ep_rew_mean     | -116     |
|    success_rate    | 0        |
| time/              |          |
|    fps             | 825      |
|    iterations      | 20       |
|    time_elapsed    | 49       |
|    total_timesteps | 40960    |
---------------------------------
-----------------------------------------
| rollout/                |             |
|    ep_len_mean          | 200         |
|    ep_rew_mean          | -114        |
|    success_rate         | 0           |
| time/                   |             |
|    fps                  | 841         |
|    iterations           | 21          |
|    time_elapsed         | 51          |
|    total_timesteps      | 43008       |
| train/                  |             |
|    approx_kl            | 0.012492584 |
|    clip_fraction        | 0.146       |
|    clip_range           | 0.2         |
|    entropy_loss         | -9.54       |
|    explained_variance   | 0.979       |
|    learning_rate        | 0.0003      |
|    loss                 | 1.86        |
|    n_updates            | 200         |
|    policy_gradient_loss | -0.0172     |
|    std                  | 0.944       |
|    value_loss           | 3.12        |
-----------------------------------------
Eval num_timesteps=45000, episode_reward=-156.62 +/- 13.06
Episode length: 200.00 +/- 0.00
Success rate: 0.00%
-----------------------------------------
| eval/                   |             |
|    mean_ep_length       | 200         |
|    mean_reward          | -157        |
|    success_rate         | 0           |
| time/                   |             |
|    total_timesteps      | 45000       |
| train/                  |             |
|    approx_kl            | 0.012866899 |
|    clip_fraction        | 0.142       |
|    clip_range           | 0.2         |
|    entropy_loss         | -9.52       |
|    explained_variance   | 0.98        |
|    learning_rate        | 0.0003      |
|    loss                 | 0.975       |
|    n_updates            | 210         |
|    policy_gradient_loss | -0.0164     |
|    std                  | 0.943       |
|    value_loss           | 2.74        |
-----------------------------------------
---------------------------------
| rollout/           |          |
|    ep_len_mean     | 200      |
|    ep_rew_mean     | -113     |
|    success_rate    | 0        |
| time/              |          |
|    fps             | 811      |
|    iterations      | 22       |
|    time_elapsed    | 55       |
|    total_timesteps | 45056    |
---------------------------------
-----------------------------------------
| rollout/                |             |
|    ep_len_mean          | 200         |
|    ep_rew_mean          | -113        |
|    success_rate         | 0           |
| time/                   |             |
|    fps                  | 825         |
|    iterations           | 23          |
|    time_elapsed         | 57          |
|    total_timesteps      | 47104       |
| train/                  |             |
|    approx_kl            | 0.010665305 |
|    clip_fraction        | 0.14        |
|    clip_range           | 0.2         |
|    entropy_loss         | -9.5        |
|    explained_variance   | 0.975       |
|    learning_rate        | 0.0003      |
|    loss                 | 0.792       |
|    n_updates            | 220         |
|    policy_gradient_loss | -0.0145     |
|    std                  | 0.938       |
|    value_loss           | 2.81        |
-----------------------------------------
----------------------------------------
| rollout/                |            |
|    ep_len_mean          | 200        |
|    ep_rew_mean          | -112       |
|    success_rate         | 0          |
| time/                   |            |
|    fps                  | 840        |
|    iterations           | 24         |
|    time_elapsed         | 58         |
|    total_timesteps      | 49152      |
| train/                  |            |
|    approx_kl            | 0.01417302 |
|    clip_fraction        | 0.172      |
|    clip_range           | 0.2        |
|    entropy_loss         | -9.47      |
|    explained_variance   | 0.98       |
|    learning_rate        | 0.0003     |
|    loss                 | 0.647      |
|    n_updates            | 230        |
|    policy_gradient_loss | -0.0195    |
|    std                  | 0.934      |
|    value_loss           | 1.8        |
----------------------------------------
Eval num_timesteps=50000, episode_reward=-138.43 +/- 7.01
Episode length: 200.00 +/- 0.00
Success rate: 0.00%
-----------------------------------------
| eval/                   |             |
|    mean_ep_length       | 200         |
|    mean_reward          | -138        |
|    success_rate         | 0           |
| time/                   |             |
|    total_timesteps      | 50000       |
| train/                  |             |
|    approx_kl            | 0.013626855 |
|    clip_fraction        | 0.155       |
|    clip_range           | 0.2         |
|    entropy_loss         | -9.44       |
|    explained_variance   | 0.988       |
|    learning_rate        | 0.0003      |
|    loss                 | 0.652       |
|    n_updates            | 240         |
|    policy_gradient_loss | -0.0165     |
|    std                  | 0.931       |
|    value_loss           | 1.9         |
-----------------------------------------
---------------------------------
| rollout/           |          |
|    ep_len_mean     | 200      |
|    ep_rew_mean     | -111     |
|    success_rate    | 0        |
| time/              |          |
|    fps             | 819      |
|    iterations      | 25       |
|    time_elapsed    | 62       |
|    total_timesteps | 51200    |
---------------------------------
-----------------------------------------
| rollout/                |             |
|    ep_len_mean          | 200         |
|    ep_rew_mean          | -109        |
|    success_rate         | 0           |
| time/                   |             |
|    fps                  | 832         |
|    iterations           | 26          |
|    time_elapsed         | 63          |
|    total_timesteps      | 53248       |
| train/                  |             |
|    approx_kl            | 0.013763519 |
|    clip_fraction        | 0.133       |
|    clip_range           | 0.2         |
|    entropy_loss         | -9.41       |
|    explained_variance   | 0.977       |
|    learning_rate        | 0.0003      |
|    loss                 | 0.475       |
|    n_updates            | 250         |
|    policy_gradient_loss | -0.0155     |
|    std                  | 0.926       |
|    value_loss           | 1.9         |
-----------------------------------------
Eval num_timesteps=55000, episode_reward=-111.36 +/- 7.05
Episode length: 200.00 +/- 0.00
Success rate: 0.00%
-----------------------------------------
| eval/                   |             |
|    mean_ep_length       | 200         |
|    mean_reward          | -111        |
|    success_rate         | 0           |
| time/                   |             |
|    total_timesteps      | 55000       |
| train/                  |             |
|    approx_kl            | 0.017226676 |
|    clip_fraction        | 0.184       |
|    clip_range           | 0.2         |
|    entropy_loss         | -9.37       |
|    explained_variance   | 0.987       |
|    learning_rate        | 0.0003      |
|    loss                 | 0.345       |
|    n_updates            | 260         |
|    policy_gradient_loss | -0.0191     |
|    std                  | 0.922       |
|    value_loss           | 1.32        |
-----------------------------------------
New best mean reward!
---------------------------------
| rollout/           |          |
|    ep_len_mean     | 200      |
|    ep_rew_mean     | -107     |
|    success_rate    | 0        |
| time/              |          |
|    fps             | 812      |
|    iterations      | 27       |
|    time_elapsed    | 68       |
|    total_timesteps | 55296    |
---------------------------------
-----------------------------------------
| rollout/                |             |
|    ep_len_mean          | 200         |
|    ep_rew_mean          | -104        |
|    success_rate         | 0           |
| time/                   |             |
|    fps                  | 824         |
|    iterations           | 28          |
|    time_elapsed         | 69          |
|    total_timesteps      | 57344       |
| train/                  |             |
|    approx_kl            | 0.016827501 |
|    clip_fraction        | 0.145       |
|    clip_range           | 0.2         |
|    entropy_loss         | -9.35       |
|    explained_variance   | 0.981       |
|    learning_rate        | 0.0003      |
|    loss                 | 0.278       |
|    n_updates            | 270         |
|    policy_gradient_loss | -0.0141     |
|    std                  | 0.92        |
|    value_loss           | 1.41        |
-----------------------------------------
-----------------------------------------
| rollout/                |             |
|    ep_len_mean          | 199         |
|    ep_rew_mean          | -101        |
|    success_rate         | 0.03        |
| time/                   |             |
|    fps                  | 836         |
|    iterations           | 29          |
|    time_elapsed         | 70          |
|    total_timesteps      | 59392       |
| train/                  |             |
|    approx_kl            | 0.013406562 |
|    clip_fraction        | 0.16        |
|    clip_range           | 0.2         |
|    entropy_loss         | -9.34       |
|    explained_variance   | 0.982       |
|    learning_rate        | 0.0003      |
|    loss                 | 0.25        |
|    n_updates            | 280         |
|    policy_gradient_loss | -0.0154     |
|    std                  | 0.918       |
|    value_loss           | 1.08        |
-----------------------------------------
Eval num_timesteps=60000, episode_reward=-91.78 +/- 16.85
Episode length: 193.13 +/- 26.91
Success rate: 3.33%
-----------------------------------------
| eval/                   |             |
|    mean_ep_length       | 193         |
|    mean_reward          | -91.8       |
|    success_rate         | 0.0333      |
| time/                   |             |
|    total_timesteps      | 60000       |
| train/                  |             |
|    approx_kl            | 0.015116658 |
|    clip_fraction        | 0.184       |
|    clip_range           | 0.2         |
|    entropy_loss         | -9.3        |
|    explained_variance   | 0.989       |
|    learning_rate        | 0.0003      |
|    loss                 | 0.36        |
|    n_updates            | 290         |
|    policy_gradient_loss | -0.0198     |
|    std                  | 0.912       |
|    value_loss           | 0.935       |
-----------------------------------------
New best mean reward!
---------------------------------
| rollout/           |          |
|    ep_len_mean     | 198      |
|    ep_rew_mean     | -96.8    |
|    success_rate    | 0.04     |
| time/              |          |
|    fps             | 820      |
|    iterations      | 30       |
|    time_elapsed    | 74       |
|    total_timesteps | 61440    |
---------------------------------
-----------------------------------------
| rollout/                |             |
|    ep_len_mean          | 198         |
|    ep_rew_mean          | -92.8       |
|    success_rate         | 0.04        |
| time/                   |             |
|    fps                  | 832         |
|    iterations           | 31          |
|    time_elapsed         | 76          |
|    total_timesteps      | 63488       |
| train/                  |             |
|    approx_kl            | 0.013681913 |
|    clip_fraction        | 0.162       |
|    clip_range           | 0.2         |
|    entropy_loss         | -9.27       |
|    explained_variance   | 0.974       |
|    learning_rate        | 0.0003      |
|    loss                 | 0.68        |
|    n_updates            | 300         |
|    policy_gradient_loss | -0.0135     |
|    std                  | 0.909       |
|    value_loss           | 1.73        |
-----------------------------------------
Eval num_timesteps=65000, episode_reward=-67.01 +/- 9.72
Episode length: 196.20 +/- 18.69
Success rate: 3.33%
-----------------------------------------
| eval/                   |             |
|    mean_ep_length       | 196         |
|    mean_reward          | -67         |
|    success_rate         | 0.0333      |
| time/                   |             |
|    total_timesteps      | 65000       |
| train/                  |             |
|    approx_kl            | 0.016405903 |
|    clip_fraction        | 0.213       |
|    clip_range           | 0.2         |
|    entropy_loss         | -9.25       |
|    explained_variance   | 0.991       |
|    learning_rate        | 0.0003      |
|    loss                 | 0.222       |
|    n_updates            | 310         |
|    policy_gradient_loss | -0.0208     |
|    std                  | 0.907       |
|    value_loss           | 0.563       |
-----------------------------------------
New best mean reward!
---------------------------------
| rollout/           |          |
|    ep_len_mean     | 198      |
|    ep_rew_mean     | -87.5    |
|    success_rate    | 0.04     |
| time/              |          |
|    fps             | 817      |
|    iterations      | 32       |
|    time_elapsed    | 80       |
|    total_timesteps | 65536    |
---------------------------------
-----------------------------------------
| rollout/                |             |
|    ep_len_mean          | 197         |
|    ep_rew_mean          | -82.1       |
|    success_rate         | 0.06        |
| time/                   |             |
|    fps                  | 828         |
|    iterations           | 33          |
|    time_elapsed         | 81          |
|    total_timesteps      | 67584       |
| train/                  |             |
|    approx_kl            | 0.014020692 |
|    clip_fraction        | 0.16        |
|    clip_range           | 0.2         |
|    entropy_loss         | -9.2        |
|    explained_variance   | 0.988       |
|    learning_rate        | 0.0003      |
|    loss                 | 0.101       |
|    n_updates            | 320         |
|    policy_gradient_loss | -0.015      |
|    std                  | 0.897       |
|    value_loss           | 0.451       |
-----------------------------------------
----------------------------------------
| rollout/                |            |
|    ep_len_mean          | 196        |
|    ep_rew_mean          | -77.5      |
|    success_rate         | 0.08       |
| time/                   |            |
|    fps                  | 838        |
|    iterations           | 34         |
|    time_elapsed         | 83         |
|    total_timesteps      | 69632      |
| train/                  |            |
|    approx_kl            | 0.01469059 |
|    clip_fraction        | 0.18       |
|    clip_range           | 0.2        |
|    entropy_loss         | -9.12      |
|    explained_variance   | 0.989      |
|    learning_rate        | 0.0003     |
|    loss                 | 0.231      |
|    n_updates            | 330        |
|    policy_gradient_loss | -0.0166    |
|    std                  | 0.887      |
|    value_loss           | 0.897      |
----------------------------------------
Eval num_timesteps=70000, episode_reward=-72.61 +/- 18.99
Episode length: 190.43 +/- 28.64
Success rate: 6.67%
-----------------------------------------
| eval/                   |             |
|    mean_ep_length       | 190         |
|    mean_reward          | -72.6       |
|    success_rate         | 0.0667      |
| time/                   |             |
|    total_timesteps      | 70000       |
| train/                  |             |
|    approx_kl            | 0.015000171 |
|    clip_fraction        | 0.171       |
|    clip_range           | 0.2         |
|    entropy_loss         | -9.06       |
|    explained_variance   | 0.986       |
|    learning_rate        | 0.0003      |
|    loss                 | 0.196       |
|    n_updates            | 340         |
|    policy_gradient_loss | -0.0203     |
|    std                  | 0.881       |
|    value_loss           | 0.593       |
-----------------------------------------
---------------------------------
| rollout/           |          |
|    ep_len_mean     | 196      |
|    ep_rew_mean     | -74.7    |
|    success_rate    | 0.08     |
| time/              |          |
|    fps             | 824      |
|    iterations      | 35       |
|    time_elapsed    | 86       |
|    total_timesteps | 71680    |
---------------------------------
-----------------------------------------
| rollout/                |             |
|    ep_len_mean          | 195         |
|    ep_rew_mean          | -71.1       |
|    success_rate         | 0.08        |
| time/                   |             |
|    fps                  | 834         |
|    iterations           | 36          |
|    time_elapsed         | 88          |
|    total_timesteps      | 73728       |
| train/                  |             |
|    approx_kl            | 0.012159759 |
|    clip_fraction        | 0.152       |
|    clip_range           | 0.2         |
|    entropy_loss         | -8.99       |
|    explained_variance   | 0.991       |
|    learning_rate        | 0.0003      |
|    loss                 | 0.171       |
|    n_updates            | 350         |
|    policy_gradient_loss | -0.0145     |
|    std                  | 0.872       |
|    value_loss           | 0.427       |
-----------------------------------------
Eval num_timesteps=75000, episode_reward=-56.52 +/- 24.88
Episode length: 169.80 +/- 50.88
Success rate: 23.33%
-----------------------------------------
| eval/                   |             |
|    mean_ep_length       | 170         |
|    mean_reward          | -56.5       |
|    success_rate         | 0.233       |
| time/                   |             |
|    total_timesteps      | 75000       |
| train/                  |             |
|    approx_kl            | 0.012113355 |
|    clip_fraction        | 0.153       |
|    clip_range           | 0.2         |
|    entropy_loss         | -8.96       |
|    explained_variance   | 0.973       |
|    learning_rate        | 0.0003      |
|    loss                 | 0.293       |
|    n_updates            | 360         |
|    policy_gradient_loss | -0.0112     |
|    std                  | 0.871       |
|    value_loss           | 0.999       |
-----------------------------------------
New best mean reward!
---------------------------------
| rollout/           |          |
|    ep_len_mean     | 194      |
|    ep_rew_mean     | -68.9    |
|    success_rate    | 0.09     |
| time/              |          |
|    fps             | 822      |
|    iterations      | 37       |
|    time_elapsed    | 92       |
|    total_timesteps | 75776    |
---------------------------------
-----------------------------------------
| rollout/                |             |
|    ep_len_mean          | 193         |
|    ep_rew_mean          | -66.3       |
|    success_rate         | 0.09        |
| time/                   |             |
|    fps                  | 831         |
|    iterations           | 38          |
|    time_elapsed         | 93          |
|    total_timesteps      | 77824       |
| train/                  |             |
|    approx_kl            | 0.012333984 |
|    clip_fraction        | 0.155       |
|    clip_range           | 0.2         |
|    entropy_loss         | -8.93       |
|    explained_variance   | 0.963       |
|    learning_rate        | 0.0003      |
|    loss                 | 0.223       |
|    n_updates            | 370         |
|    policy_gradient_loss | -0.0173     |
|    std                  | 0.867       |
|    value_loss           | 0.994       |
-----------------------------------------
-----------------------------------------
| rollout/                |             |
|    ep_len_mean          | 192         |
|    ep_rew_mean          | -65.1       |
|    success_rate         | 0.09        |
| time/                   |             |
|    fps                  | 840         |
|    iterations           | 39          |
|    time_elapsed         | 94          |
|    total_timesteps      | 79872       |
| train/                  |             |
|    approx_kl            | 0.013305992 |
|    clip_fraction        | 0.129       |
|    clip_range           | 0.2         |
|    entropy_loss         | -8.88       |
|    explained_variance   | 0.977       |
|    learning_rate        | 0.0003      |
|    loss                 | 0.824       |
|    n_updates            | 380         |
|    policy_gradient_loss | -0.0115     |
|    std                  | 0.858       |
|    value_loss           | 1.28        |
-----------------------------------------
Eval num_timesteps=80000, episode_reward=-73.56 +/- 26.04
Episode length: 182.33 +/- 41.61
Success rate: 10.00%
-----------------------------------------
| eval/                   |             |
|    mean_ep_length       | 182         |
|    mean_reward          | -73.6       |
|    success_rate         | 0.1         |
| time/                   |             |
|    total_timesteps      | 80000       |
| train/                  |             |
|    approx_kl            | 0.014317561 |
|    clip_fraction        | 0.151       |
|    clip_range           | 0.2         |
|    entropy_loss         | -8.81       |
|    explained_variance   | 0.981       |
|    learning_rate        | 0.0003      |
|    loss                 | 0.115       |
|    n_updates            | 390         |
|    policy_gradient_loss | -0.0146     |
|    std                  | 0.851       |
|    value_loss           | 0.845       |
-----------------------------------------
---------------------------------
| rollout/           |          |
|    ep_len_mean     | 190      |
|    ep_rew_mean     | -63.7    |
|    success_rate    | 0.11     |
| time/              |          |
|    fps             | 829      |
|    iterations      | 40       |
|    time_elapsed    | 98       |
|    total_timesteps | 81920    |
---------------------------------
-----------------------------------------
| rollout/                |             |
|    ep_len_mean          | 187         |
|    ep_rew_mean          | -61.2       |
|    success_rate         | 0.15        |
| time/                   |             |
|    fps                  | 837         |
|    iterations           | 41          |
|    time_elapsed         | 100         |
|    total_timesteps      | 83968       |
| train/                  |             |
|    approx_kl            | 0.011932271 |
|    clip_fraction        | 0.153       |
|    clip_range           | 0.2         |
|    entropy_loss         | -8.78       |
|    explained_variance   | 0.962       |
|    learning_rate        | 0.0003      |
|    loss                 | 0.798       |
|    n_updates            | 400         |
|    policy_gradient_loss | -0.0138     |
|    std                  | 0.85        |
|    value_loss           | 1.78        |
-----------------------------------------
Eval num_timesteps=85000, episode_reward=-65.06 +/- 23.11
Episode length: 179.13 +/- 46.91
Success rate: 13.33%
-----------------------------------------
| eval/                   |             |
|    mean_ep_length       | 179         |
|    mean_reward          | -65.1       |
|    success_rate         | 0.133       |
| time/                   |             |
|    total_timesteps      | 85000       |
| train/                  |             |
|    approx_kl            | 0.011795025 |
|    clip_fraction        | 0.144       |
|    clip_range           | 0.2         |
|    entropy_loss         | -8.77       |
|    explained_variance   | 0.944       |
|    learning_rate        | 0.0003      |
|    loss                 | 0.899       |
|    n_updates            | 410         |
|    policy_gradient_loss | -0.0116     |
|    std                  | 0.846       |
|    value_loss           | 2.26        |
-----------------------------------------
---------------------------------
| rollout/           |          |
|    ep_len_mean     | 187      |
|    ep_rew_mean     | -60.5    |
|    success_rate    | 0.14     |
| time/              |          |
|    fps             | 827      |
|    iterations      | 42       |
|    time_elapsed    | 104      |
|    total_timesteps | 86016    |
---------------------------------
-----------------------------------------
| rollout/                |             |
|    ep_len_mean          | 187         |
|    ep_rew_mean          | -59.7       |
|    success_rate         | 0.12        |
| time/                   |             |
|    fps                  | 835         |
|    iterations           | 43          |
|    time_elapsed         | 105         |
|    total_timesteps      | 88064       |
| train/                  |             |
|    approx_kl            | 0.018515397 |
|    clip_fraction        | 0.188       |
|    clip_range           | 0.2         |
|    entropy_loss         | -8.73       |
|    explained_variance   | 0.982       |
|    learning_rate        | 0.0003      |
|    loss                 | 0.0623      |
|    n_updates            | 420         |
|    policy_gradient_loss | -0.015      |
|    std                  | 0.842       |
|    value_loss           | 0.422       |
-----------------------------------------
Eval num_timesteps=90000, episode_reward=-63.14 +/- 16.54
Episode length: 181.53 +/- 42.45
Success rate: 6.67%
----------------------------------------
| eval/                   |            |
|    mean_ep_length       | 182        |
|    mean_reward          | -63.1      |
|    success_rate         | 0.0667     |
| time/                   |            |
|    total_timesteps      | 90000      |
| train/                  |            |
|    approx_kl            | 0.01458773 |
|    clip_fraction        | 0.169      |
|    clip_range           | 0.2        |
|    entropy_loss         | -8.71      |
|    explained_variance   | 0.967      |
|    learning_rate        | 0.0003     |
|    loss                 | 0.336      |
|    n_updates            | 430        |
|    policy_gradient_loss | -0.0132    |
|    std                  | 0.841      |
|    value_loss           | 0.942      |
----------------------------------------
---------------------------------
| rollout/           |          |
|    ep_len_mean     | 186      |
|    ep_rew_mean     | -58.3    |
|    success_rate    | 0.13     |
| time/              |          |
|    fps             | 824      |
|    iterations      | 44       |
|    time_elapsed    | 109      |
|    total_timesteps | 90112    |
---------------------------------
-----------------------------------------
| rollout/                |             |
|    ep_len_mean          | 182         |
|    ep_rew_mean          | -55.1       |
|    success_rate         | 0.19        |
| time/                   |             |
|    fps                  | 832         |
|    iterations           | 45          |
|    time_elapsed         | 110         |
|    total_timesteps      | 92160       |
| train/                  |             |
|    approx_kl            | 0.013384088 |
|    clip_fraction        | 0.181       |
|    clip_range           | 0.2         |
|    entropy_loss         | -8.71       |
|    explained_variance   | 0.977       |
|    learning_rate        | 0.0003      |
|    loss                 | 0.259       |
|    n_updates            | 440         |
|    policy_gradient_loss | -0.016      |
|    std                  | 0.841       |
|    value_loss           | 0.876       |
-----------------------------------------
----------------------------------------
| rollout/                |            |
|    ep_len_mean          | 181        |
|    ep_rew_mean          | -53.8      |
|    success_rate         | 0.21       |
| time/                   |            |
|    fps                  | 839        |
|    iterations           | 46         |
|    time_elapsed         | 112        |
|    total_timesteps      | 94208      |
| train/                  |            |
|    approx_kl            | 0.00971902 |
|    clip_fraction        | 0.116      |
|    clip_range           | 0.2        |
|    entropy_loss         | -8.69      |
|    explained_variance   | 0.948      |
|    learning_rate        | 0.0003     |
|    loss                 | 1.64       |
|    n_updates            | 450        |
|    policy_gradient_loss | -0.0101    |
|    std                  | 0.838      |
|    value_loss           | 2.67       |
----------------------------------------
Eval num_timesteps=95000, episode_reward=-46.83 +/- 13.14
Episode length: 183.13 +/- 43.20
Success rate: 13.33%
-----------------------------------------
| eval/                   |             |
|    mean_ep_length       | 183         |
|    mean_reward          | -46.8       |
|    success_rate         | 0.133       |
| time/                   |             |
|    total_timesteps      | 95000       |
| train/                  |             |
|    approx_kl            | 0.015926268 |
|    clip_fraction        | 0.172       |
|    clip_range           | 0.2         |
|    entropy_loss         | -8.65       |
|    explained_variance   | 0.955       |
|    learning_rate        | 0.0003      |
|    loss                 | 0.157       |
|    n_updates            | 460         |
|    policy_gradient_loss | -0.0121     |
|    std                  | 0.833       |
|    value_loss           | 2.15        |
-----------------------------------------
New best mean reward!
---------------------------------
| rollout/           |          |
|    ep_len_mean     | 174      |
|    ep_rew_mean     | -50.4    |
|    success_rate    | 0.29     |
| time/              |          |
|    fps             | 829      |
|    iterations      | 47       |
|    time_elapsed    | 116      |
|    total_timesteps | 96256    |
---------------------------------
-----------------------------------------
| rollout/                |             |
|    ep_len_mean          | 173         |
|    ep_rew_mean          | -48         |
|    success_rate         | 0.31        |
| time/                   |             |
|    fps                  | 836         |
|    iterations           | 48          |
|    time_elapsed         | 117         |
|    total_timesteps      | 98304       |
| train/                  |             |
|    approx_kl            | 0.012199001 |
|    clip_fraction        | 0.155       |
|    clip_range           | 0.2         |
|    entropy_loss         | -8.62       |
|    explained_variance   | 0.934       |
|    learning_rate        | 0.0003      |
|    loss                 | 0.785       |
|    n_updates            | 470         |
|    policy_gradient_loss | -0.0154     |
|    std                  | 0.832       |
|    value_loss           | 3.51        |
-----------------------------------------
Eval num_timesteps=100000, episode_reward=-47.81 +/- 15.09
Episode length: 171.30 +/- 52.46
Success rate: 16.67%
-----------------------------------------
| eval/                   |             |
|    mean_ep_length       | 171         |
|    mean_reward          | -47.8       |
|    success_rate         | 0.167       |
| time/                   |             |
|    total_timesteps      | 100000      |
| train/                  |             |
|    approx_kl            | 0.016554821 |
|    clip_fraction        | 0.216       |
|    clip_range           | 0.2         |
|    entropy_loss         | -8.58       |
|    explained_variance   | 0.98        |
|    learning_rate        | 0.0003      |
|    loss                 | 0.11        |
|    n_updates            | 480         |
|    policy_gradient_loss | -0.0177     |
|    std                  | 0.824       |
|    value_loss           | 0.853       |
-----------------------------------------
---------------------------------
| rollout/           |          |
|    ep_len_mean     | 170      |
|    ep_rew_mean     | -46.4    |
|    success_rate    | 0.34     |
| time/              |          |
|    fps             | 827      |
|    iterations      | 49       |
|    time_elapsed    | 121      |
|    total_timesteps | 100352   |
---------------------------------
-----------------------------------------
| rollout/                |             |
|    ep_len_mean          | 166         |
|    ep_rew_mean          | -44.2       |
|    success_rate         | 0.39        |
| time/                   |             |
|    fps                  | 834         |
|    iterations           | 50          |
|    time_elapsed         | 122         |
|    total_timesteps      | 102400      |
| train/                  |             |
|    approx_kl            | 0.014743023 |
|    clip_fraction        | 0.176       |
|    clip_range           | 0.2         |
|    entropy_loss         | -8.54       |
|    explained_variance   | 0.958       |
|    learning_rate        | 0.0003      |
|    loss                 | 0.488       |
|    n_updates            | 490         |
|    policy_gradient_loss | -0.0168     |
|    std                  | 0.82        |
|    value_loss           | 2.01        |
-----------------------------------------
-----------------------------------------
| rollout/                |             |
|    ep_len_mean          | 157         |
|    ep_rew_mean          | -41.6       |
|    success_rate         | 0.48        |
| time/                   |             |
|    fps                  | 840         |
|    iterations           | 51          |
|    time_elapsed         | 124         |
|    total_timesteps      | 104448      |
| train/                  |             |
|    approx_kl            | 0.014869614 |
|    clip_fraction        | 0.172       |
|    clip_range           | 0.2         |
|    entropy_loss         | -8.52       |
|    explained_variance   | 0.959       |
|    learning_rate        | 0.0003      |
|    loss                 | 0.205       |
|    n_updates            | 500         |
|    policy_gradient_loss | -0.0117     |
|    std                  | 0.819       |
|    value_loss           | 1.59        |
-----------------------------------------
Eval num_timesteps=105000, episode_reward=-46.79 +/- 25.82
Episode length: 152.77 +/- 62.48
Success rate: 36.67%
-----------------------------------------
| eval/                   |             |
|    mean_ep_length       | 153         |
|    mean_reward          | -46.8       |
|    success_rate         | 0.367       |
| time/                   |             |
|    total_timesteps      | 105000      |
| train/                  |             |
|    approx_kl            | 0.017903915 |
|    clip_fraction        | 0.171       |
|    clip_range           | 0.2         |
|    entropy_loss         | -8.49       |
|    explained_variance   | 0.974       |
|    learning_rate        | 0.0003      |
|    loss                 | 0.406       |
|    n_updates            | 510         |
|    policy_gradient_loss | -0.014      |
|    std                  | 0.814       |
|    value_loss           | 1.27        |
-----------------------------------------
New best mean reward!
---------------------------------
| rollout/           |          |
|    ep_len_mean     | 153      |
|    ep_rew_mean     | -40.4    |
|    success_rate    | 0.5      |
| time/              |          |
|    fps             | 833      |
|    iterations      | 52       |
|    time_elapsed    | 127      |
|    total_timesteps | 106496   |
---------------------------------
-----------------------------------------
| rollout/                |             |
|    ep_len_mean          | 151         |
|    ep_rew_mean          | -39.8       |
|    success_rate         | 0.52        |
| time/                   |             |
|    fps                  | 839         |
|    iterations           | 53          |
|    time_elapsed         | 129         |
|    total_timesteps      | 108544      |
| train/                  |             |
|    approx_kl            | 0.014698475 |
|    clip_fraction        | 0.173       |
|    clip_range           | 0.2         |
|    entropy_loss         | -8.47       |
|    explained_variance   | 0.952       |
|    learning_rate        | 0.0003      |
|    loss                 | 0.349       |
|    n_updates            | 520         |
|    policy_gradient_loss | -0.0163     |
|    std                  | 0.814       |
|    value_loss           | 1.48        |
-----------------------------------------
Eval num_timesteps=110000, episode_reward=-54.88 +/- 20.84
Episode length: 171.40 +/- 49.00
Success rate: 16.67%
-----------------------------------------
| eval/                   |             |
|    mean_ep_length       | 171         |
|    mean_reward          | -54.9       |
|    success_rate         | 0.167       |
| time/                   |             |
|    total_timesteps      | 110000      |
| train/                  |             |
|    approx_kl            | 0.014462138 |
|    clip_fraction        | 0.192       |
|    clip_range           | 0.2         |
|    entropy_loss         | -8.45       |
|    explained_variance   | 0.977       |
|    learning_rate        | 0.0003      |
|    loss                 | 0.22        |
|    n_updates            | 530         |
|    policy_gradient_loss | -0.0135     |
|    std                  | 0.813       |
|    value_loss           | 0.947       |
-----------------------------------------
---------------------------------
| rollout/           |          |
|    ep_len_mean     | 150      |
|    ep_rew_mean     | -40      |
|    success_rate    | 0.52     |
| time/              |          |
|    fps             | 831      |
|    iterations      | 54       |
|    time_elapsed    | 133      |
|    total_timesteps | 110592   |
---------------------------------
-----------------------------------------
| rollout/                |             |
|    ep_len_mean          | 151         |
|    ep_rew_mean          | -39.8       |
|    success_rate         | 0.52        |
| time/                   |             |
|    fps                  | 837         |
|    iterations           | 55          |
|    time_elapsed         | 134         |
|    total_timesteps      | 112640      |
| train/                  |             |
|    approx_kl            | 0.017918024 |
|    clip_fraction        | 0.189       |
|    clip_range           | 0.2         |
|    entropy_loss         | -8.43       |
|    explained_variance   | 0.974       |
|    learning_rate        | 0.0003      |
|    loss                 | 0.299       |
|    n_updates            | 540         |
|    policy_gradient_loss | -0.0158     |
|    std                  | 0.809       |
|    value_loss           | 0.98        |
-----------------------------------------
-----------------------------------------
| rollout/                |             |
|    ep_len_mean          | 147         |
|    ep_rew_mean          | -39.4       |
|    success_rate         | 0.54        |
| time/                   |             |
|    fps                  | 842         |
|    iterations           | 56          |
|    time_elapsed         | 136         |
|    total_timesteps      | 114688      |
| train/                  |             |
|    approx_kl            | 0.012910561 |
|    clip_fraction        | 0.168       |
|    clip_range           | 0.2         |
|    entropy_loss         | -8.39       |
|    explained_variance   | 0.944       |
|    learning_rate        | 0.0003      |
|    loss                 | 0.559       |
|    n_updates            | 550         |
|    policy_gradient_loss | -0.0151     |
|    std                  | 0.805       |
|    value_loss           | 2.23        |
-----------------------------------------
Eval num_timesteps=115000, episode_reward=-39.51 +/- 19.59
Episode length: 150.20 +/- 61.80
Success rate: 36.67%
-----------------------------------------
| eval/                   |             |
|    mean_ep_length       | 150         |
|    mean_reward          | -39.5       |
|    success_rate         | 0.367       |
| time/                   |             |
|    total_timesteps      | 115000      |
| train/                  |             |
|    approx_kl            | 0.013573153 |
|    clip_fraction        | 0.168       |
|    clip_range           | 0.2         |
|    entropy_loss         | -8.36       |
|    explained_variance   | 0.956       |
|    learning_rate        | 0.0003      |
|    loss                 | 0.953       |
|    n_updates            | 560         |
|    policy_gradient_loss | -0.0135     |
|    std                  | 0.802       |
|    value_loss           | 2.69        |
-----------------------------------------
New best mean reward!
---------------------------------
| rollout/           |          |
|    ep_len_mean     | 147      |
|    ep_rew_mean     | -39.8    |
|    success_rate    | 0.52     |
| time/              |          |
|    fps             | 836      |
|    iterations      | 57       |
|    time_elapsed    | 139      |
|    total_timesteps | 116736   |
---------------------------------
-----------------------------------------
| rollout/                |             |
|    ep_len_mean          | 145         |
|    ep_rew_mean          | -38.2       |
|    success_rate         | 0.56        |
| time/                   |             |
|    fps                  | 841         |
|    iterations           | 58          |
|    time_elapsed         | 141         |
|    total_timesteps      | 118784      |
| train/                  |             |
|    approx_kl            | 0.014624747 |
|    clip_fraction        | 0.198       |
|    clip_range           | 0.2         |
|    entropy_loss         | -8.34       |
|    explained_variance   | 0.966       |
|    learning_rate        | 0.0003      |
|    loss                 | 0.382       |
|    n_updates            | 570         |
|    policy_gradient_loss | -0.0147     |
|    std                  | 0.8         |
|    value_loss           | 1.19        |
-----------------------------------------
Eval num_timesteps=120000, episode_reward=-40.51 +/- 20.56
Episode length: 156.10 +/- 62.23
Success rate: 33.33%
-----------------------------------------
| eval/                   |             |
|    mean_ep_length       | 156         |
|    mean_reward          | -40.5       |
|    success_rate         | 0.333       |
| time/                   |             |
|    total_timesteps      | 120000      |
| train/                  |             |
|    approx_kl            | 0.018196583 |
|    clip_fraction        | 0.208       |
|    clip_range           | 0.2         |
|    entropy_loss         | -8.32       |
|    explained_variance   | 0.943       |
|    learning_rate        | 0.0003      |
|    loss                 | 1.76        |
|    n_updates            | 580         |
|    policy_gradient_loss | -0.016      |
|    std                  | 0.798       |
|    value_loss           | 2.47        |
-----------------------------------------
---------------------------------
| rollout/           |          |
|    ep_len_mean     | 144      |
|    ep_rew_mean     | -38      |
|    success_rate    | 0.56     |
| time/              |          |
|    fps             | 834      |
|    iterations      | 59       |
|    time_elapsed    | 144      |
|    total_timesteps | 120832   |
---------------------------------
-----------------------------------------
| rollout/                |             |
|    ep_len_mean          | 142         |
|    ep_rew_mean          | -37.3       |
|    success_rate         | 0.57        |
| time/                   |             |
|    fps                  | 839         |
|    iterations           | 60          |
|    time_elapsed         | 146         |
|    total_timesteps      | 122880      |
| train/                  |             |
|    approx_kl            | 0.013265631 |
|    clip_fraction        | 0.176       |
|    clip_range           | 0.2         |
|    entropy_loss         | -8.31       |
|    explained_variance   | 0.972       |
|    learning_rate        | 0.0003      |
|    loss                 | 0.205       |
|    n_updates            | 590         |
|    policy_gradient_loss | -0.00891    |
|    std                  | 0.798       |
|    value_loss           | 1.01        |
-----------------------------------------
-----------------------------------------
| rollout/                |             |
|    ep_len_mean          | 139         |
|    ep_rew_mean          | -36.4       |
|    success_rate         | 0.57        |
| time/                   |             |
|    fps                  | 844         |
|    iterations           | 61          |
|    time_elapsed         | 147         |
|    total_timesteps      | 124928      |
| train/                  |             |
|    approx_kl            | 0.013376901 |
|    clip_fraction        | 0.172       |
|    clip_range           | 0.2         |
|    entropy_loss         | -8.28       |
|    explained_variance   | 0.938       |
|    learning_rate        | 0.0003      |
|    loss                 | 0.276       |
|    n_updates            | 600         |
|    policy_gradient_loss | -0.0145     |
|    std                  | 0.792       |
|    value_loss           | 1.09        |
-----------------------------------------
Eval num_timesteps=125000, episode_reward=-44.91 +/- 16.72
Episode length: 166.43 +/- 55.88
Success rate: 23.33%
-----------------------------------------
| eval/                   |             |
|    mean_ep_length       | 166         |
|    mean_reward          | -44.9       |
|    success_rate         | 0.233       |
| time/                   |             |
|    total_timesteps      | 125000      |
| train/                  |             |
|    approx_kl            | 0.015705653 |
|    clip_fraction        | 0.192       |
|    clip_range           | 0.2         |
|    entropy_loss         | -8.25       |
|    explained_variance   | 0.956       |
|    learning_rate        | 0.0003      |
|    loss                 | 0.786       |
|    n_updates            | 610         |
|    policy_gradient_loss | -0.0159     |
|    std                  | 0.792       |
|    value_loss           | 1.36        |
-----------------------------------------
---------------------------------
| rollout/           |          |
|    ep_len_mean     | 138      |
|    ep_rew_mean     | -35.6    |
|    success_rate    | 0.57     |
| time/              |          |
|    fps             | 837      |
|    iterations      | 62       |
|    time_elapsed    | 151      |
|    total_timesteps | 126976   |
---------------------------------
-----------------------------------------
| rollout/                |             |
|    ep_len_mean          | 136         |
|    ep_rew_mean          | -34.7       |
|    success_rate         | 0.6         |
| time/                   |             |
|    fps                  | 842         |
|    iterations           | 63          |
|    time_elapsed         | 153         |
|    total_timesteps      | 129024      |
| train/                  |             |
|    approx_kl            | 0.018164534 |
|    clip_fraction        | 0.213       |
|    clip_range           | 0.2         |
|    entropy_loss         | -8.27       |
|    explained_variance   | 0.968       |
|    learning_rate        | 0.0003      |
|    loss                 | 0.32        |
|    n_updates            | 620         |
|    policy_gradient_loss | -0.0156     |
|    std                  | 0.794       |
|    value_loss           | 1.48        |
-----------------------------------------
Eval num_timesteps=130000, episode_reward=-50.00 +/- 18.19
Episode length: 176.80 +/- 50.72
Success rate: 16.67%
-----------------------------------------
| eval/                   |             |
|    mean_ep_length       | 177         |
|    mean_reward          | -50         |
|    success_rate         | 0.167       |
| time/                   |             |
|    total_timesteps      | 130000      |
| train/                  |             |
|    approx_kl            | 0.016342111 |
|    clip_fraction        | 0.188       |
|    clip_range           | 0.2         |
|    entropy_loss         | -8.26       |
|    explained_variance   | 0.969       |
|    learning_rate        | 0.0003      |
|    loss                 | 0.539       |
|    n_updates            | 630         |
|    policy_gradient_loss | -0.0163     |
|    std                  | 0.79        |
|    value_loss           | 2.01        |
-----------------------------------------
---------------------------------
| rollout/           |          |
|    ep_len_mean     | 136      |
|    ep_rew_mean     | -34.1    |
|    success_rate    | 0.6      |
| time/              |          |
|    fps             | 834      |
|    iterations      | 64       |
|    time_elapsed    | 157      |
|    total_timesteps | 131072   |
---------------------------------
-----------------------------------------
| rollout/                |             |
|    ep_len_mean          | 134         |
|    ep_rew_mean          | -34.2       |
|    success_rate         | 0.59        |
| time/                   |             |
|    fps                  | 839         |
|    iterations           | 65          |
|    time_elapsed         | 158         |
|    total_timesteps      | 133120      |
| train/                  |             |
|    approx_kl            | 0.017822184 |
|    clip_fraction        | 0.227       |
|    clip_range           | 0.2         |
|    entropy_loss         | -8.23       |
|    explained_variance   | 0.978       |
|    learning_rate        | 0.0003      |
|    loss                 | 0.233       |
|    n_updates            | 640         |
|    policy_gradient_loss | -0.018      |
|    std                  | 0.789       |
|    value_loss           | 1.15        |
-----------------------------------------
Eval num_timesteps=135000, episode_reward=-39.02 +/- 21.96
Episode length: 145.90 +/- 66.40
Success rate: 40.00%
-----------------------------------------
| eval/                   |             |
|    mean_ep_length       | 146         |
|    mean_reward          | -39         |
|    success_rate         | 0.4         |
| time/                   |             |
|    total_timesteps      | 135000      |
| train/                  |             |
|    approx_kl            | 0.018707521 |
|    clip_fraction        | 0.216       |
|    clip_range           | 0.2         |
|    entropy_loss         | -8.2        |
|    explained_variance   | 0.977       |
|    learning_rate        | 0.0003      |
|    loss                 | 0.603       |
|    n_updates            | 650         |
|    policy_gradient_loss | -0.0198     |
|    std                  | 0.783       |
|    value_loss           | 1.36        |
-----------------------------------------
New best mean reward!
---------------------------------
| rollout/           |          |
|    ep_len_mean     | 128      |
|    ep_rew_mean     | -32.6    |
|    success_rate    | 0.63     |
| time/              |          |
|    fps             | 833      |
|    iterations      | 66       |
|    time_elapsed    | 162      |
|    total_timesteps | 135168   |
---------------------------------
-----------------------------------------
| rollout/                |             |
|    ep_len_mean          | 132         |
|    ep_rew_mean          | -33.8       |
|    success_rate         | 0.61        |
| time/                   |             |
|    fps                  | 838         |
|    iterations           | 67          |
|    time_elapsed         | 163         |
|    total_timesteps      | 137216      |
| train/                  |             |
|    approx_kl            | 0.015348741 |
|    clip_fraction        | 0.18        |
|    clip_range           | 0.2         |
|    entropy_loss         | -8.16       |
|    explained_variance   | 0.969       |
|    learning_rate        | 0.0003      |
|    loss                 | 0.313       |
|    n_updates            | 660         |
|    policy_gradient_loss | -0.0146     |
|    std                  | 0.783       |
|    value_loss           | 1.21        |
-----------------------------------------
-----------------------------------------
| rollout/                |             |
|    ep_len_mean          | 124         |
|    ep_rew_mean          | -32.1       |
|    success_rate         | 0.68        |
| time/                   |             |
|    fps                  | 842         |
|    iterations           | 68          |
|    time_elapsed         | 165         |
|    total_timesteps      | 139264      |
| train/                  |             |
|    approx_kl            | 0.016981587 |
|    clip_fraction        | 0.189       |
|    clip_range           | 0.2         |
|    entropy_loss         | -8.14       |
|    explained_variance   | 0.975       |
|    learning_rate        | 0.0003      |
|    loss                 | 0.404       |
|    n_updates            | 670         |
|    policy_gradient_loss | -0.0148     |
|    std                  | 0.777       |
|    value_loss           | 1.41        |
-----------------------------------------
Eval num_timesteps=140000, episode_reward=-30.47 +/- 13.58
Episode length: 134.97 +/- 56.35
Success rate: 63.33%
-----------------------------------------
| eval/                   |             |
|    mean_ep_length       | 135         |
|    mean_reward          | -30.5       |
|    success_rate         | 0.633       |
| time/                   |             |
|    total_timesteps      | 140000      |
| train/                  |             |
|    approx_kl            | 0.012382872 |
|    clip_fraction        | 0.18        |
|    clip_range           | 0.2         |
|    entropy_loss         | -8.13       |
|    explained_variance   | 0.967       |
|    learning_rate        | 0.0003      |
|    loss                 | 0.444       |
|    n_updates            | 680         |
|    policy_gradient_loss | -0.0143     |
|    std                  | 0.778       |
|    value_loss           | 1.53        |
-----------------------------------------
New best mean reward!
---------------------------------
| rollout/           |          |
|    ep_len_mean     | 119      |
|    ep_rew_mean     | -30.6    |
|    success_rate    | 0.71     |
| time/              |          |
|    fps             | 837      |
|    iterations      | 69       |
|    time_elapsed    | 168      |
|    total_timesteps | 141312   |
---------------------------------
-----------------------------------------
| rollout/                |             |
|    ep_len_mean          | 116         |
|    ep_rew_mean          | -29.9       |
|    success_rate         | 0.74        |
| time/                   |             |
|    fps                  | 841         |
|    iterations           | 70          |
|    time_elapsed         | 170         |
|    total_timesteps      | 143360      |
| train/                  |             |
|    approx_kl            | 0.022395324 |
|    clip_fraction        | 0.228       |
|    clip_range           | 0.2         |
|    entropy_loss         | -8.1        |
|    explained_variance   | 0.979       |
|    learning_rate        | 0.0003      |
|    loss                 | 0.176       |
|    n_updates            | 690         |
|    policy_gradient_loss | -0.0139     |
|    std                  | 0.774       |
|    value_loss           | 0.716       |
-----------------------------------------
Eval num_timesteps=145000, episode_reward=-28.81 +/- 17.80
Episode length: 119.80 +/- 63.68
Success rate: 63.33%
-----------------------------------------
| eval/                   |             |
|    mean_ep_length       | 120         |
|    mean_reward          | -28.8       |
|    success_rate         | 0.633       |
| time/                   |             |
|    total_timesteps      | 145000      |
| train/                  |             |
|    approx_kl            | 0.018855384 |
|    clip_fraction        | 0.196       |
|    clip_range           | 0.2         |
|    entropy_loss         | -8.09       |
|    explained_variance   | 0.984       |
|    learning_rate        | 0.0003      |
|    loss                 | 0.192       |
|    n_updates            | 700         |
|    policy_gradient_loss | -0.0126     |
|    std                  | 0.776       |
|    value_loss           | 0.786       |
-----------------------------------------
New best mean reward!
---------------------------------
| rollout/           |          |
|    ep_len_mean     | 118      |
|    ep_rew_mean     | -30      |
|    success_rate    | 0.74     |
| time/              |          |
|    fps             | 837      |
|    iterations      | 71       |
|    time_elapsed    | 173      |
|    total_timesteps | 145408   |
---------------------------------
-----------------------------------------
| rollout/                |             |
|    ep_len_mean          | 114         |
|    ep_rew_mean          | -29.8       |
|    success_rate         | 0.78        |
| time/                   |             |
|    fps                  | 840         |
|    iterations           | 72          |
|    time_elapsed         | 175         |
|    total_timesteps      | 147456      |
| train/                  |             |
|    approx_kl            | 0.013660883 |
|    clip_fraction        | 0.173       |
|    clip_range           | 0.2         |
|    entropy_loss         | -8.08       |
|    explained_variance   | 0.976       |
|    learning_rate        | 0.0003      |
|    loss                 | 0.291       |
|    n_updates            | 710         |
|    policy_gradient_loss | -0.0131     |
|    std                  | 0.773       |
|    value_loss           | 0.994       |
-----------------------------------------
-----------------------------------------
| rollout/                |             |
|    ep_len_mean          | 110         |
|    ep_rew_mean          | -28.1       |
|    success_rate         | 0.82        |
| time/                   |             |
|    fps                  | 844         |
|    iterations           | 73          |
|    time_elapsed         | 176         |
|    total_timesteps      | 149504      |
| train/                  |             |
|    approx_kl            | 0.014858114 |
|    clip_fraction        | 0.179       |
|    clip_range           | 0.2         |
|    entropy_loss         | -8.06       |
|    explained_variance   | 0.973       |
|    learning_rate        | 0.0003      |
|    loss                 | 0.348       |
|    n_updates            | 720         |
|    policy_gradient_loss | -0.0165     |
|    std                  | 0.771       |
|    value_loss           | 1.18        |
-----------------------------------------
Eval num_timesteps=150000, episode_reward=-39.20 +/- 14.42
Episode length: 157.40 +/- 62.08
Success rate: 33.33%
-----------------------------------------
| eval/                   |             |
|    mean_ep_length       | 157         |
|    mean_reward          | -39.2       |
|    success_rate         | 0.333       |
| time/                   |             |
|    total_timesteps      | 150000      |
| train/                  |             |
|    approx_kl            | 0.016920323 |
|    clip_fraction        | 0.183       |
|    clip_range           | 0.2         |
|    entropy_loss         | -8.02       |
|    explained_variance   | 0.978       |
|    learning_rate        | 0.0003      |
|    loss                 | 0.341       |
|    n_updates            | 730         |
|    policy_gradient_loss | -0.0154     |
|    std                  | 0.765       |
|    value_loss           | 0.827       |
-----------------------------------------
---------------------------------
| rollout/           |          |
|    ep_len_mean     | 112      |
|    ep_rew_mean     | -28.9    |
|    success_rate    | 0.8      |
| time/              |          |
|    fps             | 839      |
|    iterations      | 74       |
|    time_elapsed    | 180      |
|    total_timesteps | 151552   |
---------------------------------
----------------------------------------
| rollout/                |            |
|    ep_len_mean          | 112        |
|    ep_rew_mean          | -29.1      |
|    success_rate         | 0.81       |
| time/                   |            |
|    fps                  | 842        |
|    iterations           | 75         |
|    time_elapsed         | 182        |
|    total_timesteps      | 153600     |
| train/                  |            |
|    approx_kl            | 0.01587057 |
|    clip_fraction        | 0.185      |
|    clip_range           | 0.2        |
|    entropy_loss         | -7.98      |
|    explained_variance   | 0.976      |
|    learning_rate        | 0.0003     |
|    loss                 | 0.142      |
|    n_updates            | 740        |
|    policy_gradient_loss | -0.016     |
|    std                  | 0.762      |
|    value_loss           | 0.715      |
----------------------------------------
Eval num_timesteps=155000, episode_reward=-38.27 +/- 15.02
Episode length: 153.43 +/- 51.87
Success rate: 50.00%
----------------------------------------
| eval/                   |            |
|    mean_ep_length       | 153        |
|    mean_reward          | -38.3      |
|    success_rate         | 0.5        |
| time/                   |            |
|    total_timesteps      | 155000     |
| train/                  |            |
|    approx_kl            | 0.01856179 |
|    clip_fraction        | 0.19       |
|    clip_range           | 0.2        |
|    entropy_loss         | -7.95      |
|    explained_variance   | 0.977      |
|    learning_rate        | 0.0003     |
|    loss                 | 0.229      |
|    n_updates            | 750        |
|    policy_gradient_loss | -0.0122    |
|    std                  | 0.761      |
|    value_loss           | 0.916      |
----------------------------------------
---------------------------------
| rollout/           |          |
|    ep_len_mean     | 107      |
|    ep_rew_mean     | -28.1    |
|    success_rate    | 0.84     |
| time/              |          |
|    fps             | 836      |
|    iterations      | 76       |
|    time_elapsed    | 185      |
|    total_timesteps | 155648   |
---------------------------------
-----------------------------------------
| rollout/                |             |
|    ep_len_mean          | 104         |
|    ep_rew_mean          | -26.7       |
|    success_rate         | 0.86        |
| time/                   |             |
|    fps                  | 840         |
|    iterations           | 77          |
|    time_elapsed         | 187         |
|    total_timesteps      | 157696      |
| train/                  |             |
|    approx_kl            | 0.019103698 |
|    clip_fraction        | 0.231       |
|    clip_range           | 0.2         |
|    entropy_loss         | -7.94       |
|    explained_variance   | 0.976       |
|    learning_rate        | 0.0003      |
|    loss                 | 0.232       |
|    n_updates            | 760         |
|    policy_gradient_loss | -0.0176     |
|    std                  | 0.758       |
|    value_loss           | 0.714       |
-----------------------------------------
----------------------------------------
| rollout/                |            |
|    ep_len_mean          | 105        |
|    ep_rew_mean          | -27        |
|    success_rate         | 0.84       |
| time/                   |            |
|    fps                  | 843        |
|    iterations           | 78         |
|    time_elapsed         | 189        |
|    total_timesteps      | 159744     |
| train/                  |            |
|    approx_kl            | 0.01573003 |
|    clip_fraction        | 0.193      |
|    clip_range           | 0.2        |
|    entropy_loss         | -7.93      |
|    explained_variance   | 0.967      |
|    learning_rate        | 0.0003     |
|    loss                 | 0.225      |
|    n_updates            | 770        |
|    policy_gradient_loss | -0.0117    |
|    std                  | 0.76       |
|    value_loss           | 0.52       |
----------------------------------------
Eval num_timesteps=160000, episode_reward=-33.90 +/- 15.09
Episode length: 135.77 +/- 50.28
Success rate: 73.33%
-----------------------------------------
| eval/                   |             |
|    mean_ep_length       | 136         |
|    mean_reward          | -33.9       |
|    success_rate         | 0.733       |
| time/                   |             |
|    total_timesteps      | 160000      |
| train/                  |             |
|    approx_kl            | 0.015801582 |
|    clip_fraction        | 0.177       |
|    clip_range           | 0.2         |
|    entropy_loss         | -7.9        |
|    explained_variance   | 0.975       |
|    learning_rate        | 0.0003      |
|    loss                 | 0.349       |
|    n_updates            | 780         |
|    policy_gradient_loss | -0.0137     |
|    std                  | 0.753       |
|    value_loss           | 0.787       |
-----------------------------------------
---------------------------------
| rollout/           |          |
|    ep_len_mean     | 105      |
|    ep_rew_mean     | -27.3    |
|    success_rate    | 0.85     |
| time/              |          |
|    fps             | 839      |
|    iterations      | 79       |
|    time_elapsed    | 192      |
|    total_timesteps | 161792   |
---------------------------------
-----------------------------------------
| rollout/                |             |
|    ep_len_mean          | 103         |
|    ep_rew_mean          | -27         |
|    success_rate         | 0.86        |
| time/                   |             |
|    fps                  | 843         |
|    iterations           | 80          |
|    time_elapsed         | 194         |
|    total_timesteps      | 163840      |
| train/                  |             |
|    approx_kl            | 0.014570264 |
|    clip_fraction        | 0.18        |
|    clip_range           | 0.2         |
|    entropy_loss         | -7.85       |
|    explained_variance   | 0.968       |
|    learning_rate        | 0.0003      |
|    loss                 | 0.44        |
|    n_updates            | 790         |
|    policy_gradient_loss | -0.0177     |
|    std                  | 0.75        |
|    value_loss           | 0.829       |
-----------------------------------------
Eval num_timesteps=165000, episode_reward=-40.31 +/- 16.20
Episode length: 161.07 +/- 55.76
Success rate: 33.33%
-----------------------------------------
| eval/                   |             |
|    mean_ep_length       | 161         |
|    mean_reward          | -40.3       |
|    success_rate         | 0.333       |
| time/                   |             |
|    total_timesteps      | 165000      |
| train/                  |             |
|    approx_kl            | 0.014881905 |
|    clip_fraction        | 0.164       |
|    clip_range           | 0.2         |
|    entropy_loss         | -7.83       |
|    explained_variance   | 0.975       |
|    learning_rate        | 0.0003      |
|    loss                 | 0.472       |
|    n_updates            | 800         |
|    policy_gradient_loss | -0.0104     |
|    std                  | 0.75        |
|    value_loss           | 0.915       |
-----------------------------------------
---------------------------------
| rollout/           |          |
|    ep_len_mean     | 102      |
|    ep_rew_mean     | -26.4    |
|    success_rate    | 0.86     |
| time/              |          |
|    fps             | 837      |
|    iterations      | 81       |
|    time_elapsed    | 198      |
|    total_timesteps | 165888   |
---------------------------------
-----------------------------------------
| rollout/                |             |
|    ep_len_mean          | 103         |
|    ep_rew_mean          | -26.7       |
|    success_rate         | 0.86        |
| time/                   |             |
|    fps                  | 841         |
|    iterations           | 82          |
|    time_elapsed         | 199         |
|    total_timesteps      | 167936      |
| train/                  |             |
|    approx_kl            | 0.014884029 |
|    clip_fraction        | 0.184       |
|    clip_range           | 0.2         |
|    entropy_loss         | -7.81       |
|    explained_variance   | 0.964       |
|    learning_rate        | 0.0003      |
|    loss                 | 0.96        |
|    n_updates            | 810         |
|    policy_gradient_loss | -0.0136     |
|    std                  | 0.748       |
|    value_loss           | 1.49        |
-----------------------------------------
-----------------------------------------
| rollout/                |             |
|    ep_len_mean          | 104         |
|    ep_rew_mean          | -26.6       |
|    success_rate         | 0.86        |
| time/                   |             |
|    fps                  | 844         |
|    iterations           | 83          |
|    time_elapsed         | 201         |
|    total_timesteps      | 169984      |
| train/                  |             |
|    approx_kl            | 0.011691718 |
|    clip_fraction        | 0.142       |
|    clip_range           | 0.2         |
|    entropy_loss         | -7.78       |
|    explained_variance   | 0.971       |
|    learning_rate        | 0.0003      |
|    loss                 | 0.25        |
|    n_updates            | 820         |
|    policy_gradient_loss | -0.0135     |
|    std                  | 0.743       |
|    value_loss           | 1.13        |
-----------------------------------------
Eval num_timesteps=170000, episode_reward=-29.53 +/- 13.04
Episode length: 121.63 +/- 52.74
Success rate: 73.33%
-----------------------------------------
| eval/                   |             |
|    mean_ep_length       | 122         |
|    mean_reward          | -29.5       |
|    success_rate         | 0.733       |
| time/                   |             |
|    total_timesteps      | 170000      |
| train/                  |             |
|    approx_kl            | 0.017116569 |
|    clip_fraction        | 0.179       |
|    clip_range           | 0.2         |
|    entropy_loss         | -7.76       |
|    explained_variance   | 0.97        |
|    learning_rate        | 0.0003      |
|    loss                 | 0.321       |
|    n_updates            | 830         |
|    policy_gradient_loss | -0.0117     |
|    std                  | 0.744       |
|    value_loss           | 1.08        |
-----------------------------------------
---------------------------------
| rollout/           |          |
|    ep_len_mean     | 101      |
|    ep_rew_mean     | -25.7    |
|    success_rate    | 0.88     |
| time/              |          |
|    fps             | 841      |
|    iterations      | 84       |
|    time_elapsed    | 204      |
|    total_timesteps | 172032   |
---------------------------------
-----------------------------------------
| rollout/                |             |
|    ep_len_mean          | 101         |
|    ep_rew_mean          | -25.7       |
|    success_rate         | 0.86        |
| time/                   |             |
|    fps                  | 844         |
|    iterations           | 85          |
|    time_elapsed         | 206         |
|    total_timesteps      | 174080      |
| train/                  |             |
|    approx_kl            | 0.015990991 |
|    clip_fraction        | 0.216       |
|    clip_range           | 0.2         |
|    entropy_loss         | -7.74       |
|    explained_variance   | 0.969       |
|    learning_rate        | 0.0003      |
|    loss                 | 0.757       |
|    n_updates            | 840         |
|    policy_gradient_loss | -0.0176     |
|    std                  | 0.74        |
|    value_loss           | 1.19        |
-----------------------------------------
Eval num_timesteps=175000, episode_reward=-28.79 +/- 13.66
Episode length: 123.90 +/- 57.79
Success rate: 66.67%
-----------------------------------------
| eval/                   |             |
|    mean_ep_length       | 124         |
|    mean_reward          | -28.8       |
|    success_rate         | 0.667       |
| time/                   |             |
|    total_timesteps      | 175000      |
| train/                  |             |
|    approx_kl            | 0.018575078 |
|    clip_fraction        | 0.197       |
|    clip_range           | 0.2         |
|    entropy_loss         | -7.73       |
|    explained_variance   | 0.95        |
|    learning_rate        | 0.0003      |
|    loss                 | 0.218       |
|    n_updates            | 850         |
|    policy_gradient_loss | -0.0154     |
|    std                  | 0.74        |
|    value_loss           | 1.4         |
-----------------------------------------
New best mean reward!
---------------------------------
| rollout/           |          |
|    ep_len_mean     | 100      |
|    ep_rew_mean     | -25.3    |
|    success_rate    | 0.88     |
| time/              |          |
|    fps             | 840      |
|    iterations      | 86       |
|    time_elapsed    | 209      |
|    total_timesteps | 176128   |
---------------------------------
-----------------------------------------
| rollout/                |             |
|    ep_len_mean          | 99.9        |
|    ep_rew_mean          | -25.3       |
|    success_rate         | 0.87        |
| time/                   |             |
|    fps                  | 844         |
|    iterations           | 87          |
|    time_elapsed         | 211         |
|    total_timesteps      | 178176      |
| train/                  |             |
|    approx_kl            | 0.016390739 |
|    clip_fraction        | 0.217       |
|    clip_range           | 0.2         |
|    entropy_loss         | -7.72       |
|    explained_variance   | 0.964       |
|    learning_rate        | 0.0003      |
|    loss                 | 0.546       |
|    n_updates            | 860         |
|    policy_gradient_loss | -0.0165     |
|    std                  | 0.736       |
|    value_loss           | 1.26        |
-----------------------------------------
Eval num_timesteps=180000, episode_reward=-34.61 +/- 13.93
Episode length: 133.50 +/- 63.26
Success rate: 53.33%
--------------------------------------
| eval/                   |          |
|    mean_ep_length       | 134      |
|    mean_reward          | -34.6    |
|    success_rate         | 0.533    |
| time/                   |          |
|    total_timesteps      | 180000   |
| train/                  |          |
|    approx_kl            | 0.019103 |
|    clip_fraction        | 0.186    |
|    clip_range           | 0.2      |
|    entropy_loss         | -7.68    |
|    explained_variance   | 0.968    |
|    learning_rate        | 0.0003   |
|    loss                 | 0.395    |
|    n_updates            | 870      |
|    policy_gradient_loss | -0.015   |
|    std                  | 0.733    |
|    value_loss           | 1        |
--------------------------------------
---------------------------------
| rollout/           |          |
|    ep_len_mean     | 98.9     |
|    ep_rew_mean     | -24.9    |
|    success_rate    | 0.88     |
| time/              |          |
|    fps             | 840      |
|    iterations      | 88       |
|    time_elapsed    | 214      |
|    total_timesteps | 180224   |
---------------------------------
-----------------------------------------
| rollout/                |             |
|    ep_len_mean          | 96.6        |
|    ep_rew_mean          | -24.8       |
|    success_rate         | 0.89        |
| time/                   |             |
|    fps                  | 843         |
|    iterations           | 89          |
|    time_elapsed         | 216         |
|    total_timesteps      | 182272      |
| train/                  |             |
|    approx_kl            | 0.013957234 |
|    clip_fraction        | 0.192       |
|    clip_range           | 0.2         |
|    entropy_loss         | -7.65       |
|    explained_variance   | 0.956       |
|    learning_rate        | 0.0003      |
|    loss                 | 0.328       |
|    n_updates            | 880         |
|    policy_gradient_loss | -0.0132     |
|    std                  | 0.73        |
|    value_loss           | 1.08        |
-----------------------------------------
-----------------------------------------
| rollout/                |             |
|    ep_len_mean          | 95.2        |
|    ep_rew_mean          | -24.5       |
|    success_rate         | 0.9         |
| time/                   |             |
|    fps                  | 846         |
|    iterations           | 90          |
|    time_elapsed         | 217         |
|    total_timesteps      | 184320      |
| train/                  |             |
|    approx_kl            | 0.020951737 |
|    clip_fraction        | 0.198       |
|    clip_range           | 0.2         |
|    entropy_loss         | -7.62       |
|    explained_variance   | 0.968       |
|    learning_rate        | 0.0003      |
|    loss                 | 0.14        |
|    n_updates            | 890         |
|    policy_gradient_loss | -0.00813    |
|    std                  | 0.727       |
|    value_loss           | 0.751       |
-----------------------------------------
Eval num_timesteps=185000, episode_reward=-21.87 +/- 9.92
Episode length: 89.23 +/- 37.83
Success rate: 93.33%
-----------------------------------------
| eval/                   |             |
|    mean_ep_length       | 89.2        |
|    mean_reward          | -21.9       |
|    success_rate         | 0.933       |
| time/                   |             |
|    total_timesteps      | 185000      |
| train/                  |             |
|    approx_kl            | 0.021423131 |
|    clip_fraction        | 0.241       |
|    clip_range           | 0.2         |
|    entropy_loss         | -7.61       |
|    explained_variance   | 0.964       |
|    learning_rate        | 0.0003      |
|    loss                 | 0.25        |
|    n_updates            | 900         |
|    policy_gradient_loss | -0.0169     |
|    std                  | 0.727       |
|    value_loss           | 1.34        |
-----------------------------------------
New best mean reward!
---------------------------------
| rollout/           |          |
|    ep_len_mean     | 99       |
|    ep_rew_mean     | -25      |
|    success_rate    | 0.88     |
| time/              |          |
|    fps             | 844      |
|    iterations      | 91       |
|    time_elapsed    | 220      |
|    total_timesteps | 186368   |
---------------------------------
-----------------------------------------
| rollout/                |             |
|    ep_len_mean          | 95.1        |
|    ep_rew_mean          | -24.3       |
|    success_rate         | 0.91        |
| time/                   |             |
|    fps                  | 847         |
|    iterations           | 92          |
|    time_elapsed         | 222         |
|    total_timesteps      | 188416      |
| train/                  |             |
|    approx_kl            | 0.020693162 |
|    clip_fraction        | 0.197       |
|    clip_range           | 0.2         |
|    entropy_loss         | -7.6        |
|    explained_variance   | 0.963       |
|    learning_rate        | 0.0003      |
|    loss                 | 0.18        |
|    n_updates            | 910         |
|    policy_gradient_loss | -0.0142     |
|    std                  | 0.726       |
|    value_loss           | 0.982       |
-----------------------------------------
Eval num_timesteps=190000, episode_reward=-27.58 +/- 13.96
Episode length: 110.20 +/- 57.87
Success rate: 73.33%
-----------------------------------------
| eval/                   |             |
|    mean_ep_length       | 110         |
|    mean_reward          | -27.6       |
|    success_rate         | 0.733       |
| time/                   |             |
|    total_timesteps      | 190000      |
| train/                  |             |
|    approx_kl            | 0.015776005 |
|    clip_fraction        | 0.205       |
|    clip_range           | 0.2         |
|    entropy_loss         | -7.57       |
|    explained_variance   | 0.984       |
|    learning_rate        | 0.0003      |
|    loss                 | 0.312       |
|    n_updates            | 920         |
|    policy_gradient_loss | -0.0144     |
|    std                  | 0.723       |
|    value_loss           | 0.581       |
-----------------------------------------
---------------------------------
| rollout/           |          |
|    ep_len_mean     | 90.3     |
|    ep_rew_mean     | -23      |
|    success_rate    | 0.93     |
| time/              |          |
|    fps             | 843      |
|    iterations      | 93       |
|    time_elapsed    | 225      |
|    total_timesteps | 190464   |
---------------------------------
-----------------------------------------
| rollout/                |             |
|    ep_len_mean          | 86.9        |
|    ep_rew_mean          | -22.6       |
|    success_rate         | 0.95        |
| time/                   |             |
|    fps                  | 845         |
|    iterations           | 94          |
|    time_elapsed         | 227         |
|    total_timesteps      | 192512      |
| train/                  |             |
|    approx_kl            | 0.016166668 |
|    clip_fraction        | 0.213       |
|    clip_range           | 0.2         |
|    entropy_loss         | -7.55       |
|    explained_variance   | 0.97        |
|    learning_rate        | 0.0003      |
|    loss                 | 0.228       |
|    n_updates            | 930         |
|    policy_gradient_loss | -0.0168     |
|    std                  | 0.721       |
|    value_loss           | 0.663       |
-----------------------------------------
----------------------------------------
| rollout/                |            |
|    ep_len_mean          | 83.8       |
|    ep_rew_mean          | -21.9      |
|    success_rate         | 0.97       |
| time/                   |            |
|    fps                  | 848        |
|    iterations           | 95         |
|    time_elapsed         | 229        |
|    total_timesteps      | 194560     |
| train/                  |            |
|    approx_kl            | 0.01682622 |
|    clip_fraction        | 0.225      |
|    clip_range           | 0.2        |
|    entropy_loss         | -7.51      |
|    explained_variance   | 0.994      |
|    learning_rate        | 0.0003     |
|    loss                 | 0.0862     |
|    n_updates            | 940        |
|    policy_gradient_loss | -0.0171    |
|    std                  | 0.715      |
|    value_loss           | 0.241      |
----------------------------------------
Eval num_timesteps=195000, episode_reward=-21.59 +/- 10.97
Episode length: 82.57 +/- 36.64
Success rate: 90.00%
-----------------------------------------
| eval/                   |             |
|    mean_ep_length       | 82.6        |
|    mean_reward          | -21.6       |
|    success_rate         | 0.9         |
| time/                   |             |
|    total_timesteps      | 195000      |
| train/                  |             |
|    approx_kl            | 0.017262641 |
|    clip_fraction        | 0.198       |
|    clip_range           | 0.2         |
|    entropy_loss         | -7.48       |
|    explained_variance   | 0.975       |
|    learning_rate        | 0.0003      |
|    loss                 | 0.184       |
|    n_updates            | 950         |
|    policy_gradient_loss | -0.0152     |
|    std                  | 0.715       |
|    value_loss           | 0.557       |
-----------------------------------------
New best mean reward!
---------------------------------
| rollout/           |          |
|    ep_len_mean     | 81.7     |
|    ep_rew_mean     | -20.8    |
|    success_rate    | 0.97     |
| time/              |          |
|    fps             | 846      |
|    iterations      | 96       |
|    time_elapsed    | 232      |
|    total_timesteps | 196608   |
---------------------------------
----------------------------------------
| rollout/                |            |
|    ep_len_mean          | 81.5       |
|    ep_rew_mean          | -20.8      |
|    success_rate         | 0.97       |
| time/                   |            |
|    fps                  | 848        |
|    iterations           | 97         |
|    time_elapsed         | 234        |
|    total_timesteps      | 198656     |
| train/                  |            |
|    approx_kl            | 0.02022456 |
|    clip_fraction        | 0.248      |
|    clip_range           | 0.2        |
|    entropy_loss         | -7.48      |
|    explained_variance   | 0.992      |
|    learning_rate        | 0.0003     |
|    loss                 | 0.0726     |
|    n_updates            | 960        |
|    policy_gradient_loss | -0.0194    |
|    std                  | 0.714      |
|    value_loss           | 0.304      |
----------------------------------------
Eval num_timesteps=200000, episode_reward=-32.60 +/- 15.45
Episode length: 128.50 +/- 63.65
Success rate: 56.67%
----------------------------------------
| eval/                   |            |
|    mean_ep_length       | 128        |
|    mean_reward          | -32.6      |
|    success_rate         | 0.567      |
| time/                   |            |
|    total_timesteps      | 200000     |
| train/                  |            |
|    approx_kl            | 0.02076836 |
|    clip_fraction        | 0.237      |
|    clip_range           | 0.2        |
|    entropy_loss         | -7.48      |
|    explained_variance   | 0.991      |
|    learning_rate        | 0.0003     |
|    loss                 | 0.0173     |
|    n_updates            | 970        |
|    policy_gradient_loss | -0.0178    |
|    std                  | 0.716      |
|    value_loss           | 0.155      |
----------------------------------------
---------------------------------
| rollout/           |          |
|    ep_len_mean     | 84.5     |
|    ep_rew_mean     | -21      |
|    success_rate    | 0.95     |
| time/              |          |
|    fps             | 845      |
|    iterations      | 98       |
|    time_elapsed    | 237      |
|    total_timesteps | 200704   |
---------------------------------
-----------------------------------------
| rollout/                |             |
|    ep_len_mean          | 81.4        |
|    ep_rew_mean          | -20.3       |
|    success_rate         | 0.96        |
| time/                   |             |
|    fps                  | 847         |
|    iterations           | 99          |
|    time_elapsed         | 239         |
|    total_timesteps      | 202752      |
| train/                  |             |
|    approx_kl            | 0.016753208 |
|    clip_fraction        | 0.184       |
|    clip_range           | 0.2         |
|    entropy_loss         | -7.48       |
|    explained_variance   | 0.967       |
|    learning_rate        | 0.0003      |
|    loss                 | 0.0775      |
|    n_updates            | 980         |
|    policy_gradient_loss | -0.0142     |
|    std                  | 0.714       |
|    value_loss           | 0.424       |
-----------------------------------------
-----------------------------------------
| rollout/                |             |
|    ep_len_mean          | 83.6        |
|    ep_rew_mean          | -21         |
|    success_rate         | 0.95        |
| time/                   |             |
|    fps                  | 850         |
|    iterations           | 100         |
|    time_elapsed         | 240         |
|    total_timesteps      | 204800      |
| train/                  |             |
|    approx_kl            | 0.017688107 |
|    clip_fraction        | 0.212       |
|    clip_range           | 0.2         |
|    entropy_loss         | -7.46       |
|    explained_variance   | 0.986       |
|    learning_rate        | 0.0003      |
|    loss                 | 0.115       |
|    n_updates            | 990         |
|    policy_gradient_loss | -0.0175     |
|    std                  | 0.712       |
|    value_loss           | 0.558       |
-----------------------------------------
Eval num_timesteps=205000, episode_reward=-26.55 +/- 14.40
Episode length: 93.67 +/- 48.24
Success rate: 83.33%
----------------------------------------
| eval/                   |            |
|    mean_ep_length       | 93.7       |
|    mean_reward          | -26.6      |
|    success_rate         | 0.833      |
| time/                   |            |
|    total_timesteps      | 205000     |
| train/                  |            |
|    approx_kl            | 0.02237437 |
|    clip_fraction        | 0.225      |
|    clip_range           | 0.2        |
|    entropy_loss         | -7.45      |
|    explained_variance   | 0.986      |
|    learning_rate        | 0.0003     |
|    loss                 | 0.102      |
|    n_updates            | 1000       |
|    policy_gradient_loss | -0.0165    |
|    std                  | 0.713      |
|    value_loss           | 0.347      |
----------------------------------------
---------------------------------
| rollout/           |          |
|    ep_len_mean     | 84.6     |
|    ep_rew_mean     | -21.9    |
|    success_rate    | 0.95     |
| time/              |          |
|    fps             | 847      |
|    iterations      | 101      |
|    time_elapsed    | 243      |
|    total_timesteps | 206848   |
---------------------------------
----------------------------------------
| rollout/                |            |
|    ep_len_mean          | 80.9       |
|    ep_rew_mean          | -21.4      |
|    success_rate         | 0.97       |
| time/                   |            |
|    fps                  | 850        |
|    iterations           | 102        |
|    time_elapsed         | 245        |
|    total_timesteps      | 208896     |
| train/                  |            |
|    approx_kl            | 0.02216968 |
|    clip_fraction        | 0.246      |
|    clip_range           | 0.2        |
|    entropy_loss         | -7.44      |
|    explained_variance   | 0.985      |
|    learning_rate        | 0.0003     |
|    loss                 | 0.134      |
|    n_updates            | 1010       |
|    policy_gradient_loss | -0.0166    |
|    std                  | 0.711      |
|    value_loss           | 0.418      |
----------------------------------------
Eval num_timesteps=210000, episode_reward=-23.06 +/- 12.96
Episode length: 85.23 +/- 40.06
Success rate: 90.00%
-----------------------------------------
| eval/                   |             |
|    mean_ep_length       | 85.2        |
|    mean_reward          | -23.1       |
|    success_rate         | 0.9         |
| time/                   |             |
|    total_timesteps      | 210000      |
| train/                  |             |
|    approx_kl            | 0.022344377 |
|    clip_fraction        | 0.244       |
|    clip_range           | 0.2         |
|    entropy_loss         | -7.42       |
|    explained_variance   | 0.996       |
|    learning_rate        | 0.0003      |
|    loss                 | -0.000748   |
|    n_updates            | 1020        |
|    policy_gradient_loss | -0.0155     |
|    std                  | 0.709       |
|    value_loss           | 0.155       |
-----------------------------------------
---------------------------------
| rollout/           |          |
|    ep_len_mean     | 82.2     |
|    ep_rew_mean     | -22.2    |
|    success_rate    | 0.96     |
| time/              |          |
|    fps             | 848      |
|    iterations      | 103      |
|    time_elapsed    | 248      |
|    total_timesteps | 210944   |
---------------------------------
-----------------------------------------
| rollout/                |             |
|    ep_len_mean          | 83.6        |
|    ep_rew_mean          | -22.5       |
|    success_rate         | 0.95        |
| time/                   |             |
|    fps                  | 850         |
|    iterations           | 104         |
|    time_elapsed         | 250         |
|    total_timesteps      | 212992      |
| train/                  |             |
|    approx_kl            | 0.015998304 |
|    clip_fraction        | 0.2         |
|    clip_range           | 0.2         |
|    entropy_loss         | -7.4        |
|    explained_variance   | 0.978       |
|    learning_rate        | 0.0003      |
|    loss                 | 0.0581      |
|    n_updates            | 1030        |
|    policy_gradient_loss | -0.0105     |
|    std                  | 0.707       |
|    value_loss           | 0.22        |
-----------------------------------------
Eval num_timesteps=215000, episode_reward=-27.98 +/- 15.98
Episode length: 102.43 +/- 54.70
Success rate: 76.67%
-----------------------------------------
| eval/                   |             |
|    mean_ep_length       | 102         |
|    mean_reward          | -28         |
|    success_rate         | 0.767       |
| time/                   |             |
|    total_timesteps      | 215000      |
| train/                  |             |
|    approx_kl            | 0.016677514 |
|    clip_fraction        | 0.184       |
|    clip_range           | 0.2         |
|    entropy_loss         | -7.39       |
|    explained_variance   | 0.976       |
|    learning_rate        | 0.0003      |
|    loss                 | 0.163       |
|    n_updates            | 1040        |
|    policy_gradient_loss | -0.0164     |
|    std                  | 0.705       |
|    value_loss           | 0.411       |
-----------------------------------------
---------------------------------
| rollout/           |          |
|    ep_len_mean     | 85       |
|    ep_rew_mean     | -23      |
|    success_rate    | 0.93     |
| time/              |          |
|    fps             | 847      |
|    iterations      | 105      |
|    time_elapsed    | 253      |
|    total_timesteps | 215040   |
---------------------------------
-----------------------------------------
| rollout/                |             |
|    ep_len_mean          | 85.3        |
|    ep_rew_mean          | -22.6       |
|    success_rate         | 0.94        |
| time/                   |             |
|    fps                  | 850         |
|    iterations           | 106         |
|    time_elapsed         | 255         |
|    total_timesteps      | 217088      |
| train/                  |             |
|    approx_kl            | 0.017459273 |
|    clip_fraction        | 0.193       |
|    clip_range           | 0.2         |
|    entropy_loss         | -7.4        |
|    explained_variance   | 0.987       |
|    learning_rate        | 0.0003      |
|    loss                 | 0.0919      |
|    n_updates            | 1050        |
|    policy_gradient_loss | -0.0117     |
|    std                  | 0.709       |
|    value_loss           | 0.337       |
-----------------------------------------
-----------------------------------------
| rollout/                |             |
|    ep_len_mean          | 82.2        |
|    ep_rew_mean          | -21.5       |
|    success_rate         | 0.96        |
| time/                   |             |
|    fps                  | 852         |
|    iterations           | 107         |
|    time_elapsed         | 257         |
|    total_timesteps      | 219136      |
| train/                  |             |
|    approx_kl            | 0.021960843 |
|    clip_fraction        | 0.26        |
|    clip_range           | 0.2         |
|    entropy_loss         | -7.4        |
|    explained_variance   | 0.989       |
|    learning_rate        | 0.0003      |
|    loss                 | 0.0135      |
|    n_updates            | 1060        |
|    policy_gradient_loss | -0.0199     |
|    std                  | 0.706       |
|    value_loss           | 0.262       |
-----------------------------------------
Eval num_timesteps=220000, episode_reward=-25.21 +/- 10.96
Episode length: 94.23 +/- 48.58
Success rate: 83.33%
-----------------------------------------
| eval/                   |             |
|    mean_ep_length       | 94.2        |
|    mean_reward          | -25.2       |
|    success_rate         | 0.833       |
| time/                   |             |
|    total_timesteps      | 220000      |
| train/                  |             |
|    approx_kl            | 0.019918142 |
|    clip_fraction        | 0.235       |
|    clip_range           | 0.2         |
|    entropy_loss         | -7.37       |
|    explained_variance   | 0.994       |
|    learning_rate        | 0.0003      |
|    loss                 | 0.0661      |
|    n_updates            | 1070        |
|    policy_gradient_loss | -0.0124     |
|    std                  | 0.703       |
|    value_loss           | 0.174       |
-----------------------------------------
---------------------------------
| rollout/           |          |
|    ep_len_mean     | 80.9     |
|    ep_rew_mean     | -21.4    |
|    success_rate    | 0.97     |
| time/              |          |
|    fps             | 849      |
|    iterations      | 108      |
|    time_elapsed    | 260      |
|    total_timesteps | 221184   |
---------------------------------
-----------------------------------------
| rollout/                |             |
|    ep_len_mean          | 85.2        |
|    ep_rew_mean          | -22.4       |
|    success_rate         | 0.93        |
| time/                   |             |
|    fps                  | 852         |
|    iterations           | 109         |
|    time_elapsed         | 261         |
|    total_timesteps      | 223232      |
| train/                  |             |
|    approx_kl            | 0.016585939 |
|    clip_fraction        | 0.189       |
|    clip_range           | 0.2         |
|    entropy_loss         | -7.35       |
|    explained_variance   | 0.986       |
|    learning_rate        | 0.0003      |
|    loss                 | 0.143       |
|    n_updates            | 1080        |
|    policy_gradient_loss | -0.01       |
|    std                  | 0.703       |
|    value_loss           | 0.253       |
-----------------------------------------
Eval num_timesteps=225000, episode_reward=-21.28 +/- 12.80
Episode length: 81.87 +/- 40.45
Success rate: 90.00%
-----------------------------------------
| eval/                   |             |
|    mean_ep_length       | 81.9        |
|    mean_reward          | -21.3       |
|    success_rate         | 0.9         |
| time/                   |             |
|    total_timesteps      | 225000      |
| train/                  |             |
|    approx_kl            | 0.015907928 |
|    clip_fraction        | 0.195       |
|    clip_range           | 0.2         |
|    entropy_loss         | -7.36       |
|    explained_variance   | 0.966       |
|    learning_rate        | 0.0003      |
|    loss                 | 0.133       |
|    n_updates            | 1090        |
|    policy_gradient_loss | -0.0191     |
|    std                  | 0.704       |
|    value_loss           | 0.501       |
-----------------------------------------
New best mean reward!
---------------------------------
| rollout/           |          |
|    ep_len_mean     | 86.3     |
|    ep_rew_mean     | -22.9    |
|    success_rate    | 0.93     |
| time/              |          |
|    fps             | 850      |
|    iterations      | 110      |
|    time_elapsed    | 264      |
|    total_timesteps | 225280   |
---------------------------------
-----------------------------------------
| rollout/                |             |
|    ep_len_mean          | 88.3        |
|    ep_rew_mean          | -23.2       |
|    success_rate         | 0.91        |
| time/                   |             |
|    fps                  | 852         |
|    iterations           | 111         |
|    time_elapsed         | 266         |
|    total_timesteps      | 227328      |
| train/                  |             |
|    approx_kl            | 0.021613263 |
|    clip_fraction        | 0.215       |
|    clip_range           | 0.2         |
|    entropy_loss         | -7.34       |
|    explained_variance   | 0.984       |
|    learning_rate        | 0.0003      |
|    loss                 | 0.166       |
|    n_updates            | 1100        |
|    policy_gradient_loss | -0.017      |
|    std                  | 0.699       |
|    value_loss           | 0.491       |
-----------------------------------------
-----------------------------------------
| rollout/                |             |
|    ep_len_mean          | 90.3        |
|    ep_rew_mean          | -23.7       |
|    success_rate         | 0.9         |
| time/                   |             |
|    fps                  | 855         |
|    iterations           | 112         |
|    time_elapsed         | 268         |
|    total_timesteps      | 229376      |
| train/                  |             |
|    approx_kl            | 0.018644243 |
|    clip_fraction        | 0.203       |
|    clip_range           | 0.2         |
|    entropy_loss         | -7.29       |
|    explained_variance   | 0.987       |
|    learning_rate        | 0.0003      |
|    loss                 | 0.026       |
|    n_updates            | 1110        |
|    policy_gradient_loss | -0.0157     |
|    std                  | 0.695       |
|    value_loss           | 0.212       |
-----------------------------------------
Eval num_timesteps=230000, episode_reward=-18.62 +/- 10.33
Episode length: 73.90 +/- 28.22
Success rate: 96.67%
-----------------------------------------
| eval/                   |             |
|    mean_ep_length       | 73.9        |
|    mean_reward          | -18.6       |
|    success_rate         | 0.967       |
| time/                   |             |
|    total_timesteps      | 230000      |
| train/                  |             |
|    approx_kl            | 0.016833767 |
|    clip_fraction        | 0.182       |
|    clip_range           | 0.2         |
|    entropy_loss         | -7.26       |
|    explained_variance   | 0.967       |
|    learning_rate        | 0.0003      |
|    loss                 | 0.0637      |
|    n_updates            | 1120        |
|    policy_gradient_loss | -0.0163     |
|    std                  | 0.693       |
|    value_loss           | 0.517       |
-----------------------------------------
New best mean reward!
---------------------------------
| rollout/           |          |
|    ep_len_mean     | 86.4     |
|    ep_rew_mean     | -22.7    |
|    success_rate    | 0.94     |
| time/              |          |
|    fps             | 853      |
|    iterations      | 113      |
|    time_elapsed    | 271      |
|    total_timesteps | 231424   |
---------------------------------
-----------------------------------------
| rollout/                |             |
|    ep_len_mean          | 85.2        |
|    ep_rew_mean          | -22.2       |
|    success_rate         | 0.94        |
| time/                   |             |
|    fps                  | 855         |
|    iterations           | 114         |
|    time_elapsed         | 272         |
|    total_timesteps      | 233472      |
| train/                  |             |
|    approx_kl            | 0.020218603 |
|    clip_fraction        | 0.208       |
|    clip_range           | 0.2         |
|    entropy_loss         | -7.25       |
|    explained_variance   | 0.982       |
|    learning_rate        | 0.0003      |
|    loss                 | 0.186       |
|    n_updates            | 1130        |
|    policy_gradient_loss | -0.0166     |
|    std                  | 0.692       |
|    value_loss           | 0.504       |
-----------------------------------------
Eval num_timesteps=235000, episode_reward=-16.81 +/- 5.45
Episode length: 67.87 +/- 9.62
Success rate: 100.00%
-----------------------------------------
| eval/                   |             |
|    mean_ep_length       | 67.9        |
|    mean_reward          | -16.8       |
|    success_rate         | 1           |
| time/                   |             |
|    total_timesteps      | 235000      |
| train/                  |             |
|    approx_kl            | 0.018822875 |
|    clip_fraction        | 0.186       |
|    clip_range           | 0.2         |
|    entropy_loss         | -7.22       |
|    explained_variance   | 0.972       |
|    learning_rate        | 0.0003      |
|    loss                 | 0.0723      |
|    n_updates            | 1140        |
|    policy_gradient_loss | -0.0138     |
|    std                  | 0.688       |
|    value_loss           | 0.769       |
-----------------------------------------
New best mean reward!
---------------------------------
| rollout/           |          |
|    ep_len_mean     | 85.7     |
|    ep_rew_mean     | -22.3    |
|    success_rate    | 0.93     |
| time/              |          |
|    fps             | 854      |
|    iterations      | 115      |
|    time_elapsed    | 275      |
|    total_timesteps | 235520   |
---------------------------------
-----------------------------------------
| rollout/                |             |
|    ep_len_mean          | 80.4        |
|    ep_rew_mean          | -21.3       |
|    success_rate         | 0.96        |
| time/                   |             |
|    fps                  | 856         |
|    iterations           | 116         |
|    time_elapsed         | 277         |
|    total_timesteps      | 237568      |
| train/                  |             |
|    approx_kl            | 0.021366736 |
|    clip_fraction        | 0.219       |
|    clip_range           | 0.2         |
|    entropy_loss         | -7.18       |
|    explained_variance   | 0.988       |
|    learning_rate        | 0.0003      |
|    loss                 | 0.0231      |
|    n_updates            | 1150        |
|    policy_gradient_loss | -0.0142     |
|    std                  | 0.685       |
|    value_loss           | 0.373       |
-----------------------------------------
-----------------------------------------
| rollout/                |             |
|    ep_len_mean          | 77.6        |
|    ep_rew_mean          | -20.5       |
|    success_rate         | 0.97        |
| time/                   |             |
|    fps                  | 858         |
|    iterations           | 117         |
|    time_elapsed         | 279         |
|    total_timesteps      | 239616      |
| train/                  |             |
|    approx_kl            | 0.019635523 |
|    clip_fraction        | 0.224       |
|    clip_range           | 0.2         |
|    entropy_loss         | -7.13       |
|    explained_variance   | 0.996       |
|    learning_rate        | 0.0003      |
|    loss                 | 0.0291      |
|    n_updates            | 1160        |
|    policy_gradient_loss | -0.0136     |
|    std                  | 0.679       |
|    value_loss           | 0.103       |
-----------------------------------------
Eval num_timesteps=240000, episode_reward=-20.76 +/- 12.45
Episode length: 78.60 +/- 35.32
Success rate: 93.33%
-----------------------------------------
| eval/                   |             |
|    mean_ep_length       | 78.6        |
|    mean_reward          | -20.8       |
|    success_rate         | 0.933       |
| time/                   |             |
|    total_timesteps      | 240000      |
| train/                  |             |
|    approx_kl            | 0.018305538 |
|    clip_fraction        | 0.222       |
|    clip_range           | 0.2         |
|    entropy_loss         | -7.09       |
|    explained_variance   | 0.993       |
|    learning_rate        | 0.0003      |
|    loss                 | 0.0132      |
|    n_updates            | 1170        |
|    policy_gradient_loss | -0.0161     |
|    std                  | 0.678       |
|    value_loss           | 0.114       |
-----------------------------------------
---------------------------------
| rollout/           |          |
|    ep_len_mean     | 75.3     |
|    ep_rew_mean     | -19.9    |
|    success_rate    | 0.97     |
| time/              |          |
|    fps             | 856      |
|    iterations      | 118      |
|    time_elapsed    | 282      |
|    total_timesteps | 241664   |
---------------------------------
----------------------------------------
| rollout/                |            |
|    ep_len_mean          | 74.3       |
|    ep_rew_mean          | -19.4      |
|    success_rate         | 0.97       |
| time/                   |            |
|    fps                  | 858        |
|    iterations           | 119        |
|    time_elapsed         | 284        |
|    total_timesteps      | 243712     |
| train/                  |            |
|    approx_kl            | 0.01645075 |
|    clip_fraction        | 0.195      |
|    clip_range           | 0.2        |
|    entropy_loss         | -7.06      |
|    explained_variance   | 0.974      |
|    learning_rate        | 0.0003     |
|    loss                 | 0.0949     |
|    n_updates            | 1180       |
|    policy_gradient_loss | -0.0136    |
|    std                  | 0.674      |
|    value_loss           | 0.623      |
----------------------------------------
Eval num_timesteps=245000, episode_reward=-27.49 +/- 16.35
Episode length: 101.37 +/- 55.92
Success rate: 76.67%
-----------------------------------------
| eval/                   |             |
|    mean_ep_length       | 101         |
|    mean_reward          | -27.5       |
|    success_rate         | 0.767       |
| time/                   |             |
|    total_timesteps      | 245000      |
| train/                  |             |
|    approx_kl            | 0.020689622 |
|    clip_fraction        | 0.226       |
|    clip_range           | 0.2         |
|    entropy_loss         | -7.03       |
|    explained_variance   | 0.99        |
|    learning_rate        | 0.0003      |
|    loss                 | -0.00337    |
|    n_updates            | 1190        |
|    policy_gradient_loss | -0.0164     |
|    std                  | 0.672       |
|    value_loss           | 0.174       |
-----------------------------------------
---------------------------------
| rollout/           |          |
|    ep_len_mean     | 77.3     |
|    ep_rew_mean     | -19.4    |
|    success_rate    | 0.95     |
| time/              |          |
|    fps             | 855      |
|    iterations      | 120      |
|    time_elapsed    | 287      |
|    total_timesteps | 245760   |
---------------------------------
-----------------------------------------
| rollout/                |             |
|    ep_len_mean          | 76.5        |
|    ep_rew_mean          | -19.2       |
|    success_rate         | 0.95        |
| time/                   |             |
|    fps                  | 857         |
|    iterations           | 121         |
|    time_elapsed         | 288         |
|    total_timesteps      | 247808      |
| train/                  |             |
|    approx_kl            | 0.020977464 |
|    clip_fraction        | 0.209       |
|    clip_range           | 0.2         |
|    entropy_loss         | -7          |
|    explained_variance   | 0.974       |
|    learning_rate        | 0.0003      |
|    loss                 | 0.0192      |
|    n_updates            | 1200        |
|    policy_gradient_loss | -0.016      |
|    std                  | 0.669       |
|    value_loss           | 0.358       |
-----------------------------------------
-----------------------------------------
| rollout/                |             |
|    ep_len_mean          | 77.5        |
|    ep_rew_mean          | -19.2       |
|    success_rate         | 0.95        |
| time/                   |             |
|    fps                  | 859         |
|    iterations           | 122         |
|    time_elapsed         | 290         |
|    total_timesteps      | 249856      |
| train/                  |             |
|    approx_kl            | 0.021552574 |
|    clip_fraction        | 0.218       |
|    clip_range           | 0.2         |
|    entropy_loss         | -6.97       |
|    explained_variance   | 0.985       |
|    learning_rate        | 0.0003      |
|    loss                 | 0.00574     |
|    n_updates            | 1210        |
|    policy_gradient_loss | -0.018      |
|    std                  | 0.668       |
|    value_loss           | 0.294       |
-----------------------------------------
Eval num_timesteps=250000, episode_reward=-19.49 +/- 8.37
Episode length: 73.13 +/- 25.96
Success rate: 96.67%
-----------------------------------------
| eval/                   |             |
|    mean_ep_length       | 73.1        |
|    mean_reward          | -19.5       |
|    success_rate         | 0.967       |
| time/                   |             |
|    total_timesteps      | 250000      |
| train/                  |             |
|    approx_kl            | 0.020140722 |
|    clip_fraction        | 0.228       |
|    clip_range           | 0.2         |
|    entropy_loss         | -6.98       |
|    explained_variance   | 0.988       |
|    learning_rate        | 0.0003      |
|    loss                 | 0.0327      |
|    n_updates            | 1220        |
|    policy_gradient_loss | -0.0168     |
|    std                  | 0.671       |
|    value_loss           | 0.175       |
-----------------------------------------
---------------------------------
| rollout/           |          |
|    ep_len_mean     | 79       |
|    ep_rew_mean     | -19.9    |
|    success_rate    | 0.96     |
| time/              |          |
|    fps             | 858      |
|    iterations      | 123      |
|    time_elapsed    | 293      |
|    total_timesteps | 251904   |
---------------------------------
-----------------------------------------
| rollout/                |             |
|    ep_len_mean          | 80.6        |
|    ep_rew_mean          | -20.3       |
|    success_rate         | 0.95        |
| time/                   |             |
|    fps                  | 860         |
|    iterations           | 124         |
|    time_elapsed         | 295         |
|    total_timesteps      | 253952      |
| train/                  |             |
|    approx_kl            | 0.021830818 |
|    clip_fraction        | 0.199       |
|    clip_range           | 0.2         |
|    entropy_loss         | -7          |
|    explained_variance   | 0.976       |
|    learning_rate        | 0.0003      |
|    loss                 | 0.107       |
|    n_updates            | 1230        |
|    policy_gradient_loss | -0.0169     |
|    std                  | 0.672       |
|    value_loss           | 0.456       |
-----------------------------------------
Eval num_timesteps=255000, episode_reward=-22.15 +/- 11.57
Episode length: 81.33 +/- 40.46
Success rate: 90.00%
-----------------------------------------
| eval/                   |             |
|    mean_ep_length       | 81.3        |
|    mean_reward          | -22.1       |
|    success_rate         | 0.9         |
| time/                   |             |
|    total_timesteps      | 255000      |
| train/                  |             |
|    approx_kl            | 0.014653264 |
|    clip_fraction        | 0.172       |
|    clip_range           | 0.2         |
|    entropy_loss         | -6.99       |
|    explained_variance   | 0.962       |
|    learning_rate        | 0.0003      |
|    loss                 | 0.286       |
|    n_updates            | 1240        |
|    policy_gradient_loss | -0.013      |
|    std                  | 0.673       |
|    value_loss           | 0.684       |
-----------------------------------------
---------------------------------
| rollout/           |          |
|    ep_len_mean     | 81       |
|    ep_rew_mean     | -20.4    |
|    success_rate    | 0.95     |
| time/              |          |
|    fps             | 858      |
|    iterations      | 125      |
|    time_elapsed    | 298      |
|    total_timesteps | 256000   |
---------------------------------
-----------------------------------------
| rollout/                |             |
|    ep_len_mean          | 83.1        |
|    ep_rew_mean          | -20.9       |
|    success_rate         | 0.93        |
| time/                   |             |
|    fps                  | 860         |
|    iterations           | 126         |
|    time_elapsed         | 299         |
|    total_timesteps      | 258048      |
| train/                  |             |
|    approx_kl            | 0.016956229 |
|    clip_fraction        | 0.216       |
|    clip_range           | 0.2         |
|    entropy_loss         | -7          |
|    explained_variance   | 0.979       |
|    learning_rate        | 0.0003      |
|    loss                 | 0.111       |
|    n_updates            | 1250        |
|    policy_gradient_loss | -0.0112     |
|    std                  | 0.675       |
|    value_loss           | 0.616       |
-----------------------------------------
Eval num_timesteps=260000, episode_reward=-16.71 +/- 6.02
Episode length: 67.70 +/- 10.28
Success rate: 100.00%
-----------------------------------------
| eval/                   |             |
|    mean_ep_length       | 67.7        |
|    mean_reward          | -16.7       |
|    success_rate         | 1           |
| time/                   |             |
|    total_timesteps      | 260000      |
| train/                  |             |
|    approx_kl            | 0.018883424 |
|    clip_fraction        | 0.2         |
|    clip_range           | 0.2         |
|    entropy_loss         | -7.04       |
|    explained_variance   | 0.968       |
|    learning_rate        | 0.0003      |
|    loss                 | 0.0511      |
|    n_updates            | 1260        |
|    policy_gradient_loss | -0.0185     |
|    std                  | 0.68        |
|    value_loss           | 0.944       |
-----------------------------------------
New best mean reward!
---------------------------------
| rollout/           |          |
|    ep_len_mean     | 79.8     |
|    ep_rew_mean     | -20.6    |
|    success_rate    | 0.94     |
| time/              |          |
|    fps             | 858      |
|    iterations      | 127      |
|    time_elapsed    | 302      |
|    total_timesteps | 260096   |
---------------------------------
-----------------------------------------
| rollout/                |             |
|    ep_len_mean          | 76.1        |
|    ep_rew_mean          | -19.8       |
|    success_rate         | 0.96        |
| time/                   |             |
|    fps                  | 860         |
|    iterations           | 128         |
|    time_elapsed         | 304         |
|    total_timesteps      | 262144      |
| train/                  |             |
|    approx_kl            | 0.017588783 |
|    clip_fraction        | 0.223       |
|    clip_range           | 0.2         |
|    entropy_loss         | -7.06       |
|    explained_variance   | 0.991       |
|    learning_rate        | 0.0003      |
|    loss                 | 0.0193      |
|    n_updates            | 1270        |
|    policy_gradient_loss | -0.0127     |
|    std                  | 0.68        |
|    value_loss           | 0.288       |
-----------------------------------------
-----------------------------------------
| rollout/                |             |
|    ep_len_mean          | 76.2        |
|    ep_rew_mean          | -20         |
|    success_rate         | 0.96        |
| time/                   |             |
|    fps                  | 862         |
|    iterations           | 129         |
|    time_elapsed         | 306         |
|    total_timesteps      | 264192      |
| train/                  |             |
|    approx_kl            | 0.018188119 |
|    clip_fraction        | 0.202       |
|    clip_range           | 0.2         |
|    entropy_loss         | -7.04       |
|    explained_variance   | 0.997       |
|    learning_rate        | 0.0003      |
|    loss                 | 0.0504      |
|    n_updates            | 1280        |
|    policy_gradient_loss | -0.0118     |
|    std                  | 0.678       |
|    value_loss           | 0.0871      |
-----------------------------------------
Eval num_timesteps=265000, episode_reward=-18.44 +/- 7.81
Episode length: 73.43 +/- 27.29
Success rate: 96.67%
-----------------------------------------
| eval/                   |             |
|    mean_ep_length       | 73.4        |
|    mean_reward          | -18.4       |
|    success_rate         | 0.967       |
| time/                   |             |
|    total_timesteps      | 265000      |
| train/                  |             |
|    approx_kl            | 0.018158415 |
|    clip_fraction        | 0.192       |
|    clip_range           | 0.2         |
|    entropy_loss         | -7.03       |
|    explained_variance   | 0.969       |
|    learning_rate        | 0.0003      |
|    loss                 | 0.0583      |
|    n_updates            | 1290        |
|    policy_gradient_loss | -0.0161     |
|    std                  | 0.678       |
|    value_loss           | 0.595       |
-----------------------------------------
---------------------------------
| rollout/           |          |
|    ep_len_mean     | 74       |
|    ep_rew_mean     | -18.9    |
|    success_rate    | 0.98     |
| time/              |          |
|    fps             | 860      |
|    iterations      | 130      |
|    time_elapsed    | 309      |
|    total_timesteps | 266240   |
---------------------------------
----------------------------------------
| rollout/                |            |
|    ep_len_mean          | 74.6       |
|    ep_rew_mean          | -18.9      |
|    success_rate         | 0.98       |
| time/                   |            |
|    fps                  | 861        |
|    iterations           | 131        |
|    time_elapsed         | 311        |
|    total_timesteps      | 268288     |
| train/                  |            |
|    approx_kl            | 0.02053426 |
|    clip_fraction        | 0.238      |
|    clip_range           | 0.2        |
|    entropy_loss         | -7         |
|    explained_variance   | 0.991      |
|    learning_rate        | 0.0003     |
|    loss                 | -0.00372   |
|    n_updates            | 1300       |
|    policy_gradient_loss | -0.011     |
|    std                  | 0.676      |
|    value_loss           | 0.133      |
----------------------------------------
Eval num_timesteps=270000, episode_reward=-20.24 +/- 5.95
Episode length: 71.57 +/- 10.49
Success rate: 96.67%
-----------------------------------------
| eval/                   |             |
|    mean_ep_length       | 71.6        |
|    mean_reward          | -20.2       |
|    success_rate         | 0.967       |
| time/                   |             |
|    total_timesteps      | 270000      |
| train/                  |             |
|    approx_kl            | 0.021159675 |
|    clip_fraction        | 0.25        |
|    clip_range           | 0.2         |
|    entropy_loss         | -6.99       |
|    explained_variance   | 0.996       |
|    learning_rate        | 0.0003      |
|    loss                 | -0.0116     |
|    n_updates            | 1310        |
|    policy_gradient_loss | -0.0154     |
|    std                  | 0.677       |
|    value_loss           | 0.0659      |
-----------------------------------------
---------------------------------
| rollout/           |          |
|    ep_len_mean     | 77.7     |
|    ep_rew_mean     | -20.4    |
|    success_rate    | 0.97     |
| time/              |          |
|    fps             | 860      |
|    iterations      | 132      |
|    time_elapsed    | 314      |
|    total_timesteps | 270336   |
---------------------------------
----------------------------------------
| rollout/                |            |
|    ep_len_mean          | 74.6       |
|    ep_rew_mean          | -19.5      |
|    success_rate         | 0.99       |
| time/                   |            |
|    fps                  | 862        |
|    iterations           | 133        |
|    time_elapsed         | 315        |
|    total_timesteps      | 272384     |
| train/                  |            |
|    approx_kl            | 0.01550921 |
|    clip_fraction        | 0.179      |
|    clip_range           | 0.2        |
|    entropy_loss         | -6.97      |
|    explained_variance   | 0.973      |
|    learning_rate        | 0.0003     |
|    loss                 | 0.0115     |
|    n_updates            | 1320       |
|    policy_gradient_loss | -0.0121    |
|    std                  | 0.674      |
|    value_loss           | 0.22       |
----------------------------------------
-----------------------------------------
| rollout/                |             |
|    ep_len_mean          | 77.5        |
|    ep_rew_mean          | -20.5       |
|    success_rate         | 0.98        |
| time/                   |             |
|    fps                  | 864         |
|    iterations           | 134         |
|    time_elapsed         | 317         |
|    total_timesteps      | 274432      |
| train/                  |             |
|    approx_kl            | 0.022007253 |
|    clip_fraction        | 0.265       |
|    clip_range           | 0.2         |
|    entropy_loss         | -6.91       |
|    explained_variance   | 0.997       |
|    learning_rate        | 0.0003      |
|    loss                 | -0.0261     |
|    n_updates            | 1330        |
|    policy_gradient_loss | -0.0194     |
|    std                  | 0.667       |
|    value_loss           | 0.0676      |
-----------------------------------------
Eval num_timesteps=275000, episode_reward=-21.66 +/- 10.51
Episode length: 91.87 +/- 42.51
Success rate: 90.00%
-----------------------------------------
| eval/                   |             |
|    mean_ep_length       | 91.9        |
|    mean_reward          | -21.7       |
|    success_rate         | 0.9         |
| time/                   |             |
|    total_timesteps      | 275000      |
| train/                  |             |
|    approx_kl            | 0.015660007 |
|    clip_fraction        | 0.204       |
|    clip_range           | 0.2         |
|    entropy_loss         | -6.88       |
|    explained_variance   | 0.992       |
|    learning_rate        | 0.0003      |
|    loss                 | 0.014       |
|    n_updates            | 1340        |
|    policy_gradient_loss | -0.0191     |
|    std                  | 0.667       |
|    value_loss           | 0.133       |
-----------------------------------------
---------------------------------
| rollout/           |          |
|    ep_len_mean     | 78       |
|    ep_rew_mean     | -20.4    |
|    success_rate    | 0.98     |
| time/              |          |
|    fps             | 861      |
|    iterations      | 135      |
|    time_elapsed    | 320      |
|    total_timesteps | 276480   |
---------------------------------
----------------------------------------
| rollout/                |            |
|    ep_len_mean          | 76.4       |
|    ep_rew_mean          | -19.3      |
|    success_rate         | 0.98       |
| time/                   |            |
|    fps                  | 863        |
|    iterations           | 136        |
|    time_elapsed         | 322        |
|    total_timesteps      | 278528     |
| train/                  |            |
|    approx_kl            | 0.02017019 |
|    clip_fraction        | 0.212      |
|    clip_range           | 0.2        |
|    entropy_loss         | -6.9       |
|    explained_variance   | 0.969      |
|    learning_rate        | 0.0003     |
|    loss                 | 0.0595     |
|    n_updates            | 1350       |
|    policy_gradient_loss | -0.012     |
|    std                  | 0.67       |
|    value_loss           | 0.36       |
----------------------------------------
Eval num_timesteps=280000, episode_reward=-26.19 +/- 9.22
Episode length: 117.50 +/- 44.99
Success rate: 83.33%
-----------------------------------------
| eval/                   |             |
|    mean_ep_length       | 118         |
|    mean_reward          | -26.2       |
|    success_rate         | 0.833       |
| time/                   |             |
|    total_timesteps      | 280000      |
| train/                  |             |
|    approx_kl            | 0.023736581 |
|    clip_fraction        | 0.244       |
|    clip_range           | 0.2         |
|    entropy_loss         | -6.93       |
|    explained_variance   | 0.99        |
|    learning_rate        | 0.0003      |
|    loss                 | 0.0477      |
|    n_updates            | 1360        |
|    policy_gradient_loss | -0.0177     |
|    std                  | 0.671       |
|    value_loss           | 0.207       |
-----------------------------------------
---------------------------------
| rollout/           |          |
|    ep_len_mean     | 75       |
|    ep_rew_mean     | -18.8    |
|    success_rate    | 0.98     |
| time/              |          |
|    fps             | 860      |
|    iterations      | 137      |
|    time_elapsed    | 325      |
|    total_timesteps | 280576   |
---------------------------------
-----------------------------------------
| rollout/                |             |
|    ep_len_mean          | 76.5        |
|    ep_rew_mean          | -19.5       |
|    success_rate         | 0.97        |
| time/                   |             |
|    fps                  | 862         |
|    iterations           | 138         |
|    time_elapsed         | 327         |
|    total_timesteps      | 282624      |
| train/                  |             |
|    approx_kl            | 0.018981228 |
|    clip_fraction        | 0.232       |
|    clip_range           | 0.2         |
|    entropy_loss         | -6.89       |
|    explained_variance   | 0.999       |
|    learning_rate        | 0.0003      |
|    loss                 | -0.00195    |
|    n_updates            | 1370        |
|    policy_gradient_loss | -0.0174     |
|    std                  | 0.663       |
|    value_loss           | 0.0601      |
-----------------------------------------
-----------------------------------------
| rollout/                |             |
|    ep_len_mean          | 78.1        |
|    ep_rew_mean          | -20.3       |
|    success_rate         | 0.96        |
| time/                   |             |
|    fps                  | 864         |
|    iterations           | 139         |
|    time_elapsed         | 329         |
|    total_timesteps      | 284672      |
| train/                  |             |
|    approx_kl            | 0.020005222 |
|    clip_fraction        | 0.216       |
|    clip_range           | 0.2         |
|    entropy_loss         | -6.87       |
|    explained_variance   | 0.989       |
|    learning_rate        | 0.0003      |
|    loss                 | 0.0603      |
|    n_updates            | 1380        |
|    policy_gradient_loss | -0.0109     |
|    std                  | 0.666       |
|    value_loss           | 0.116       |
-----------------------------------------
Eval num_timesteps=285000, episode_reward=-26.46 +/- 10.25
Episode length: 124.53 +/- 47.46
Success rate: 86.67%
-----------------------------------------
| eval/                   |             |
|    mean_ep_length       | 125         |
|    mean_reward          | -26.5       |
|    success_rate         | 0.867       |
| time/                   |             |
|    total_timesteps      | 285000      |
| train/                  |             |
|    approx_kl            | 0.016362514 |
|    clip_fraction        | 0.17        |
|    clip_range           | 0.2         |
|    entropy_loss         | -6.9        |
|    explained_variance   | 0.978       |
|    learning_rate        | 0.0003      |
|    loss                 | 0.146       |
|    n_updates            | 1390        |
|    policy_gradient_loss | -0.0115     |
|    std                  | 0.668       |
|    value_loss           | 0.303       |
-----------------------------------------
---------------------------------
| rollout/           |          |
|    ep_len_mean     | 79.7     |
|    ep_rew_mean     | -21.3    |
|    success_rate    | 0.95     |
| time/              |          |
|    fps             | 861      |
|    iterations      | 140      |
|    time_elapsed    | 332      |
|    total_timesteps | 286720   |
---------------------------------
-----------------------------------------
| rollout/                |             |
|    ep_len_mean          | 82.3        |
|    ep_rew_mean          | -22.1       |
|    success_rate         | 0.93        |
| time/                   |             |
|    fps                  | 863         |
|    iterations           | 141         |
|    time_elapsed         | 334         |
|    total_timesteps      | 288768      |
| train/                  |             |
|    approx_kl            | 0.017822705 |
|    clip_fraction        | 0.206       |
|    clip_range           | 0.2         |
|    entropy_loss         | -6.89       |
|    explained_variance   | 0.978       |
|    learning_rate        | 0.0003      |
|    loss                 | 0.085       |
|    n_updates            | 1400        |
|    policy_gradient_loss | -0.0121     |
|    std                  | 0.666       |
|    value_loss           | 0.266       |
-----------------------------------------
Eval num_timesteps=290000, episode_reward=-28.56 +/- 13.37
Episode length: 123.17 +/- 60.09
Success rate: 66.67%
-----------------------------------------
| eval/                   |             |
|    mean_ep_length       | 123         |
|    mean_reward          | -28.6       |
|    success_rate         | 0.667       |
| time/                   |             |
|    total_timesteps      | 290000      |
| train/                  |             |
|    approx_kl            | 0.020997554 |
|    clip_fraction        | 0.211       |
|    clip_range           | 0.2         |
|    entropy_loss         | -6.91       |
|    explained_variance   | 0.989       |
|    learning_rate        | 0.0003      |
|    loss                 | 0.0396      |
|    n_updates            | 1410        |
|    policy_gradient_loss | -0.011      |
|    std                  | 0.671       |
|    value_loss           | 0.231       |
-----------------------------------------
---------------------------------
| rollout/           |          |
|    ep_len_mean     | 81.5     |
|    ep_rew_mean     | -21.6    |
|    success_rate    | 0.95     |
| time/              |          |
|    fps             | 860      |
|    iterations      | 142      |
|    time_elapsed    | 337      |
|    total_timesteps | 290816   |
---------------------------------
-----------------------------------------
| rollout/                |             |
|    ep_len_mean          | 81.5        |
|    ep_rew_mean          | -21.6       |
|    success_rate         | 0.96        |
| time/                   |             |
|    fps                  | 862         |
|    iterations           | 143         |
|    time_elapsed         | 339         |
|    total_timesteps      | 292864      |
| train/                  |             |
|    approx_kl            | 0.020502254 |
|    clip_fraction        | 0.214       |
|    clip_range           | 0.2         |
|    entropy_loss         | -6.93       |
|    explained_variance   | 0.985       |
|    learning_rate        | 0.0003      |
|    loss                 | 0.0179      |
|    n_updates            | 1420        |
|    policy_gradient_loss | -0.0122     |
|    std                  | 0.671       |
|    value_loss           | 0.331       |
-----------------------------------------
-----------------------------------------
| rollout/                |             |
|    ep_len_mean          | 77.8        |
|    ep_rew_mean          | -20.5       |
|    success_rate         | 0.98        |
| time/                   |             |
|    fps                  | 864         |
|    iterations           | 144         |
|    time_elapsed         | 341         |
|    total_timesteps      | 294912      |
| train/                  |             |
|    approx_kl            | 0.016100727 |
|    clip_fraction        | 0.194       |
|    clip_range           | 0.2         |
|    entropy_loss         | -6.93       |
|    explained_variance   | 0.982       |
|    learning_rate        | 0.0003      |
|    loss                 | 0.091       |
|    n_updates            | 1430        |
|    policy_gradient_loss | -0.0147     |
|    std                  | 0.67        |
|    value_loss           | 0.266       |
-----------------------------------------
Eval num_timesteps=295000, episode_reward=-30.55 +/- 11.15
Episode length: 129.53 +/- 58.86
Success rate: 63.33%
-----------------------------------------
| eval/                   |             |
|    mean_ep_length       | 130         |
|    mean_reward          | -30.6       |
|    success_rate         | 0.633       |
| time/                   |             |
|    total_timesteps      | 295000      |
| train/                  |             |
|    approx_kl            | 0.030492509 |
|    clip_fraction        | 0.293       |
|    clip_range           | 0.2         |
|    entropy_loss         | -6.93       |
|    explained_variance   | 0.998       |
|    learning_rate        | 0.0003      |
|    loss                 | 0.00795     |
|    n_updates            | 1440        |
|    policy_gradient_loss | -0.0238     |
|    std                  | 0.671       |
|    value_loss           | 0.0739      |
-----------------------------------------
---------------------------------
| rollout/           |          |
|    ep_len_mean     | 77.5     |
|    ep_rew_mean     | -20.7    |
|    success_rate    | 0.97     |
| time/              |          |
|    fps             | 861      |
|    iterations      | 145      |
|    time_elapsed    | 344      |
|    total_timesteps | 296960   |
---------------------------------
-----------------------------------------
| rollout/                |             |
|    ep_len_mean          | 79.3        |
|    ep_rew_mean          | -21.6       |
|    success_rate         | 0.95        |
| time/                   |             |
|    fps                  | 863         |
|    iterations           | 146         |
|    time_elapsed         | 346         |
|    total_timesteps      | 299008      |
| train/                  |             |
|    approx_kl            | 0.017139502 |
|    clip_fraction        | 0.194       |
|    clip_range           | 0.2         |
|    entropy_loss         | -6.95       |
|    explained_variance   | 0.968       |
|    learning_rate        | 0.0003      |
|    loss                 | 0.0225      |
|    n_updates            | 1450        |
|    policy_gradient_loss | -0.0182     |
|    std                  | 0.674       |
|    value_loss           | 0.418       |
-----------------------------------------
Eval num_timesteps=300000, episode_reward=-22.08 +/- 10.20
Episode length: 88.30 +/- 46.69
Success rate: 86.67%
-----------------------------------------
| eval/                   |             |
|    mean_ep_length       | 88.3        |
|    mean_reward          | -22.1       |
|    success_rate         | 0.867       |
| time/                   |             |
|    total_timesteps      | 300000      |
| train/                  |             |
|    approx_kl            | 0.015517398 |
|    clip_fraction        | 0.193       |
|    clip_range           | 0.2         |
|    entropy_loss         | -6.97       |
|    explained_variance   | 0.987       |
|    learning_rate        | 0.0003      |
|    loss                 | 0.0849      |
|    n_updates            | 1460        |
|    policy_gradient_loss | -0.0152     |
|    std                  | 0.675       |
|    value_loss           | 0.384       |
-----------------------------------------
---------------------------------
| rollout/           |          |
|    ep_len_mean     | 75.7     |
|    ep_rew_mean     | -20.9    |
|    success_rate    | 0.96     |
| time/              |          |
|    fps             | 861      |
|    iterations      | 147      |
|    time_elapsed    | 349      |
|    total_timesteps | 301056   |
---------------------------------
-----------------------------------------
| rollout/                |             |
|    ep_len_mean          | 77.3        |
|    ep_rew_mean          | -21.3       |
|    success_rate         | 0.96        |
| time/                   |             |
|    fps                  | 862         |
|    iterations           | 148         |
|    time_elapsed         | 351         |
|    total_timesteps      | 303104      |
| train/                  |             |
|    approx_kl            | 0.015801493 |
|    clip_fraction        | 0.221       |
|    clip_range           | 0.2         |
|    entropy_loss         | -6.92       |
|    explained_variance   | 0.998       |
|    learning_rate        | 0.0003      |
|    loss                 | -0.0235     |
|    n_updates            | 1470        |
|    policy_gradient_loss | -0.0172     |
|    std                  | 0.665       |
|    value_loss           | 0.0802      |
-----------------------------------------
Eval num_timesteps=305000, episode_reward=-24.29 +/- 13.32
Episode length: 93.83 +/- 48.35
Success rate: 83.33%
-----------------------------------------
| eval/                   |             |
|    mean_ep_length       | 93.8        |
|    mean_reward          | -24.3       |
|    success_rate         | 0.833       |
| time/                   |             |
|    total_timesteps      | 305000      |
| train/                  |             |
|    approx_kl            | 0.016199447 |
|    clip_fraction        | 0.243       |
|    clip_range           | 0.2         |
|    entropy_loss         | -6.85       |
|    explained_variance   | 0.991       |
|    learning_rate        | 0.0003      |
|    loss                 | 0.00937     |
|    n_updates            | 1480        |
|    policy_gradient_loss | -0.0171     |
|    std                  | 0.66        |
|    value_loss           | 0.131       |
-----------------------------------------
---------------------------------
| rollout/           |          |
|    ep_len_mean     | 77.1     |
|    ep_rew_mean     | -21.1    |
|    success_rate    | 0.97     |
| time/              |          |
|    fps             | 861      |
|    iterations      | 149      |
|    time_elapsed    | 354      |
|    total_timesteps | 305152   |
---------------------------------
-----------------------------------------
| rollout/                |             |
|    ep_len_mean          | 74.5        |
|    ep_rew_mean          | -19.6       |
|    success_rate         | 0.99        |
| time/                   |             |
|    fps                  | 862         |
|    iterations           | 150         |
|    time_elapsed         | 356         |
|    total_timesteps      | 307200      |
| train/                  |             |
|    approx_kl            | 0.018947482 |
|    clip_fraction        | 0.24        |
|    clip_range           | 0.2         |
|    entropy_loss         | -6.84       |
|    explained_variance   | 0.991       |
|    learning_rate        | 0.0003      |
|    loss                 | 0.0237      |
|    n_updates            | 1490        |
|    policy_gradient_loss | -0.0156     |
|    std                  | 0.663       |
|    value_loss           | 0.158       |
-----------------------------------------
-----------------------------------------
| rollout/                |             |
|    ep_len_mean          | 75.4        |
|    ep_rew_mean          | -19.7       |
|    success_rate         | 0.97        |
| time/                   |             |
|    fps                  | 863         |
|    iterations           | 151         |
|    time_elapsed         | 357         |
|    total_timesteps      | 309248      |
| train/                  |             |
|    approx_kl            | 0.020983692 |
|    clip_fraction        | 0.241       |
|    clip_range           | 0.2         |
|    entropy_loss         | -6.85       |
|    explained_variance   | 0.999       |
|    learning_rate        | 0.0003      |
|    loss                 | -0.00818    |
|    n_updates            | 1500        |
|    policy_gradient_loss | -0.0199     |
|    std                  | 0.664       |
|    value_loss           | 0.0409      |
-----------------------------------------
Eval num_timesteps=310000, episode_reward=-17.99 +/- 7.59
Episode length: 69.67 +/- 26.13
Success rate: 96.67%
----------------------------------------
| eval/                   |            |
|    mean_ep_length       | 69.7       |
|    mean_reward          | -18        |
|    success_rate         | 0.967      |
| time/                   |            |
|    total_timesteps      | 310000     |
| train/                  |            |
|    approx_kl            | 0.02072068 |
|    clip_fraction        | 0.218      |
|    clip_range           | 0.2        |
|    entropy_loss         | -6.84      |
|    explained_variance   | 0.977      |
|    learning_rate        | 0.0003     |
|    loss                 | 0.124      |
|    n_updates            | 1510       |
|    policy_gradient_loss | -0.0164    |
|    std                  | 0.662      |
|    value_loss           | 0.544      |
----------------------------------------
---------------------------------
| rollout/           |          |
|    ep_len_mean     | 76.1     |
|    ep_rew_mean     | -19.8    |
|    success_rate    | 0.96     |
| time/              |          |
|    fps             | 862      |
|    iterations      | 152      |
|    time_elapsed    | 360      |
|    total_timesteps | 311296   |
---------------------------------
-----------------------------------------
| rollout/                |             |
|    ep_len_mean          | 77          |
|    ep_rew_mean          | -19.8       |
|    success_rate         | 0.95        |
| time/                   |             |
|    fps                  | 864         |
|    iterations           | 153         |
|    time_elapsed         | 362         |
|    total_timesteps      | 313344      |
| train/                  |             |
|    approx_kl            | 0.022462927 |
|    clip_fraction        | 0.212       |
|    clip_range           | 0.2         |
|    entropy_loss         | -6.85       |
|    explained_variance   | 0.989       |
|    learning_rate        | 0.0003      |
|    loss                 | 0.00267     |
|    n_updates            | 1520        |
|    policy_gradient_loss | -0.0158     |
|    std                  | 0.664       |
|    value_loss           | 0.209       |
-----------------------------------------
Eval num_timesteps=315000, episode_reward=-16.27 +/- 4.89
Episode length: 65.73 +/- 8.77
Success rate: 100.00%
-----------------------------------------
| eval/                   |             |
|    mean_ep_length       | 65.7        |
|    mean_reward          | -16.3       |
|    success_rate         | 1           |
| time/                   |             |
|    total_timesteps      | 315000      |
| train/                  |             |
|    approx_kl            | 0.018847574 |
|    clip_fraction        | 0.211       |
|    clip_range           | 0.2         |
|    entropy_loss         | -6.84       |
|    explained_variance   | 0.981       |
|    learning_rate        | 0.0003      |
|    loss                 | 0.145       |
|    n_updates            | 1530        |
|    policy_gradient_loss | -0.016      |
|    std                  | 0.662       |
|    value_loss           | 0.611       |
-----------------------------------------
New best mean reward!
---------------------------------
| rollout/           |          |
|    ep_len_mean     | 80.3     |
|    ep_rew_mean     | -21.4    |
|    success_rate    | 0.93     |
| time/              |          |
|    fps             | 862      |
|    iterations      | 154      |
|    time_elapsed    | 365      |
|    total_timesteps | 315392   |
---------------------------------
-----------------------------------------
| rollout/                |             |
|    ep_len_mean          | 82.4        |
|    ep_rew_mean          | -21.2       |
|    success_rate         | 0.94        |
| time/                   |             |
|    fps                  | 864         |
|    iterations           | 155         |
|    time_elapsed         | 367         |
|    total_timesteps      | 317440      |
| train/                  |             |
|    approx_kl            | 0.018947396 |
|    clip_fraction        | 0.225       |
|    clip_range           | 0.2         |
|    entropy_loss         | -6.83       |
|    explained_variance   | 0.99        |
|    learning_rate        | 0.0003      |
|    loss                 | 0.264       |
|    n_updates            | 1540        |
|    policy_gradient_loss | -0.0174     |
|    std                  | 0.661       |
|    value_loss           | 0.515       |
-----------------------------------------
-----------------------------------------
| rollout/                |             |
|    ep_len_mean          | 80.9        |
|    ep_rew_mean          | -20.9       |
|    success_rate         | 0.95        |
| time/                   |             |
|    fps                  | 865         |
|    iterations           | 156         |
|    time_elapsed         | 368         |
|    total_timesteps      | 319488      |
| train/                  |             |
|    approx_kl            | 0.017992545 |
|    clip_fraction        | 0.214       |
|    clip_range           | 0.2         |
|    entropy_loss         | -6.83       |
|    explained_variance   | 0.986       |
|    learning_rate        | 0.0003      |
|    loss                 | 0.189       |
|    n_updates            | 1550        |
|    policy_gradient_loss | -0.015      |
|    std                  | 0.662       |
|    value_loss           | 0.544       |
-----------------------------------------
Eval num_timesteps=320000, episode_reward=-21.16 +/- 14.95
Episode length: 83.90 +/- 46.22
Success rate: 86.67%
-----------------------------------------
| eval/                   |             |
|    mean_ep_length       | 83.9        |
|    mean_reward          | -21.2       |
|    success_rate         | 0.867       |
| time/                   |             |
|    total_timesteps      | 320000      |
| train/                  |             |
|    approx_kl            | 0.021165414 |
|    clip_fraction        | 0.268       |
|    clip_range           | 0.2         |
|    entropy_loss         | -6.82       |
|    explained_variance   | 0.996       |
|    learning_rate        | 0.0003      |
|    loss                 | 0.0109      |
|    n_updates            | 1560        |
|    policy_gradient_loss | -0.0162     |
|    std                  | 0.66        |
|    value_loss           | 0.116       |
-----------------------------------------
---------------------------------
| rollout/           |          |
|    ep_len_mean     | 80       |
|    ep_rew_mean     | -20.2    |
|    success_rate    | 0.96     |
| time/              |          |
|    fps             | 864      |
|    iterations      | 157      |
|    time_elapsed    | 372      |
|    total_timesteps | 321536   |
---------------------------------
-----------------------------------------
| rollout/                |             |
|    ep_len_mean          | 75.3        |
|    ep_rew_mean          | -18         |
|    success_rate         | 0.98        |
| time/                   |             |
|    fps                  | 865         |
|    iterations           | 158         |
|    time_elapsed         | 373         |
|    total_timesteps      | 323584      |
| train/                  |             |
|    approx_kl            | 0.018986305 |
|    clip_fraction        | 0.203       |
|    clip_range           | 0.2         |
|    entropy_loss         | -6.79       |
|    explained_variance   | 0.983       |
|    learning_rate        | 0.0003      |
|    loss                 | 0.139       |
|    n_updates            | 1570        |
|    policy_gradient_loss | -0.0132     |
|    std                  | 0.657       |
|    value_loss           | 0.448       |
-----------------------------------------
Eval num_timesteps=325000, episode_reward=-20.78 +/- 11.93
Episode length: 80.50 +/- 41.23
Success rate: 90.00%
-----------------------------------------
| eval/                   |             |
|    mean_ep_length       | 80.5        |
|    mean_reward          | -20.8       |
|    success_rate         | 0.9         |
| time/                   |             |
|    total_timesteps      | 325000      |
| train/                  |             |
|    approx_kl            | 0.020483514 |
|    clip_fraction        | 0.253       |
|    clip_range           | 0.2         |
|    entropy_loss         | -6.73       |
|    explained_variance   | 0.995       |
|    learning_rate        | 0.0003      |
|    loss                 | -0.0106     |
|    n_updates            | 1580        |
|    policy_gradient_loss | -0.0141     |
|    std                  | 0.651       |
|    value_loss           | 0.0992      |
-----------------------------------------
---------------------------------
| rollout/           |          |
|    ep_len_mean     | 74.5     |
|    ep_rew_mean     | -17.8    |
|    success_rate    | 0.99     |
| time/              |          |
|    fps             | 863      |
|    iterations      | 159      |
|    time_elapsed    | 376      |
|    total_timesteps | 325632   |
---------------------------------
-----------------------------------------
| rollout/                |             |
|    ep_len_mean          | 73.2        |
|    ep_rew_mean          | -18.2       |
|    success_rate         | 0.99        |
| time/                   |             |
|    fps                  | 865         |
|    iterations           | 160         |
|    time_elapsed         | 378         |
|    total_timesteps      | 327680      |
| train/                  |             |
|    approx_kl            | 0.016538322 |
|    clip_fraction        | 0.223       |
|    clip_range           | 0.2         |
|    entropy_loss         | -6.7        |
|    explained_variance   | 0.995       |
|    learning_rate        | 0.0003      |
|    loss                 | -0.0147     |
|    n_updates            | 1590        |
|    policy_gradient_loss | -0.0179     |
|    std                  | 0.651       |
|    value_loss           | 0.136       |
-----------------------------------------
-----------------------------------------
| rollout/                |             |
|    ep_len_mean          | 72.7        |
|    ep_rew_mean          | -19.2       |
|    success_rate         | 0.99        |
| time/                   |             |
|    fps                  | 866         |
|    iterations           | 161         |
|    time_elapsed         | 380         |
|    total_timesteps      | 329728      |
| train/                  |             |
|    approx_kl            | 0.018369788 |
|    clip_fraction        | 0.24        |
|    clip_range           | 0.2         |
|    entropy_loss         | -6.67       |
|    explained_variance   | 0.997       |
|    learning_rate        | 0.0003      |
|    loss                 | -0.029      |
|    n_updates            | 1600        |
|    policy_gradient_loss | -0.0134     |
|    std                  | 0.647       |
|    value_loss           | 0.0624      |
-----------------------------------------
Eval num_timesteps=330000, episode_reward=-39.01 +/- 21.29
Episode length: 137.40 +/- 64.01
Success rate: 50.00%
-----------------------------------------
| eval/                   |             |
|    mean_ep_length       | 137         |
|    mean_reward          | -39         |
|    success_rate         | 0.5         |
| time/                   |             |
|    total_timesteps      | 330000      |
| train/                  |             |
|    approx_kl            | 0.020220697 |
|    clip_fraction        | 0.197       |
|    clip_range           | 0.2         |
|    entropy_loss         | -6.65       |
|    explained_variance   | 0.983       |
|    learning_rate        | 0.0003      |
|    loss                 | 0.0676      |
|    n_updates            | 1610        |
|    policy_gradient_loss | -0.0109     |
|    std                  | 0.646       |
|    value_loss           | 0.399       |
-----------------------------------------
---------------------------------
| rollout/           |          |
|    ep_len_mean     | 72.1     |
|    ep_rew_mean     | -19.4    |
|    success_rate    | 0.98     |
| time/              |          |
|    fps             | 863      |
|    iterations      | 162      |
|    time_elapsed    | 384      |
|    total_timesteps | 331776   |
---------------------------------
-----------------------------------------
| rollout/                |             |
|    ep_len_mean          | 71.6        |
|    ep_rew_mean          | -19         |
|    success_rate         | 0.98        |
| time/                   |             |
|    fps                  | 865         |
|    iterations           | 163         |
|    time_elapsed         | 385         |
|    total_timesteps      | 333824      |
| train/                  |             |
|    approx_kl            | 0.016947277 |
|    clip_fraction        | 0.19        |
|    clip_range           | 0.2         |
|    entropy_loss         | -6.64       |
|    explained_variance   | 0.975       |
|    learning_rate        | 0.0003      |
|    loss                 | 0.0206      |
|    n_updates            | 1620        |
|    policy_gradient_loss | -0.011      |
|    std                  | 0.647       |
|    value_loss           | 0.631       |
-----------------------------------------
Eval num_timesteps=335000, episode_reward=-47.16 +/- 19.45
Episode length: 157.63 +/- 57.63
Success rate: 36.67%
----------------------------------------
| eval/                   |            |
|    mean_ep_length       | 158        |
|    mean_reward          | -47.2      |
|    success_rate         | 0.367      |
| time/                   |            |
|    total_timesteps      | 335000     |
| train/                  |            |
|    approx_kl            | 0.02397592 |
|    clip_fraction        | 0.256      |
|    clip_range           | 0.2        |
|    entropy_loss         | -6.63      |
|    explained_variance   | 0.997      |
|    learning_rate        | 0.0003     |
|    loss                 | -0.00925   |
|    n_updates            | 1630       |
|    policy_gradient_loss | -0.014     |
|    std                  | 0.643      |
|    value_loss           | 0.0665     |
----------------------------------------
---------------------------------
| rollout/           |          |
|    ep_len_mean     | 72       |
|    ep_rew_mean     | -18.6    |
|    success_rate    | 0.98     |
| time/              |          |
|    fps             | 862      |
|    iterations      | 164      |
|    time_elapsed    | 389      |
|    total_timesteps | 335872   |
---------------------------------
-----------------------------------------
| rollout/                |             |
|    ep_len_mean          | 73          |
|    ep_rew_mean          | -18.9       |
|    success_rate         | 0.98        |
| time/                   |             |
|    fps                  | 863         |
|    iterations           | 165         |
|    time_elapsed         | 391         |
|    total_timesteps      | 337920      |
| train/                  |             |
|    approx_kl            | 0.029428069 |
|    clip_fraction        | 0.289       |
|    clip_range           | 0.2         |
|    entropy_loss         | -6.57       |
|    explained_variance   | 0.987       |
|    learning_rate        | 0.0003      |
|    loss                 | 0.0405      |
|    n_updates            | 1640        |
|    policy_gradient_loss | -0.017      |
|    std                  | 0.636       |
|    value_loss           | 0.151       |
-----------------------------------------
-----------------------------------------
| rollout/                |             |
|    ep_len_mean          | 73.4        |
|    ep_rew_mean          | -19.2       |
|    success_rate         | 0.98        |
| time/                   |             |
|    fps                  | 864         |
|    iterations           | 166         |
|    time_elapsed         | 393         |
|    total_timesteps      | 339968      |
| train/                  |             |
|    approx_kl            | 0.020211417 |
|    clip_fraction        | 0.237       |
|    clip_range           | 0.2         |
|    entropy_loss         | -6.58       |
|    explained_variance   | 0.989       |
|    learning_rate        | 0.0003      |
|    loss                 | 0.0106      |
|    n_updates            | 1650        |
|    policy_gradient_loss | -0.0173     |
|    std                  | 0.642       |
|    value_loss           | 0.145       |
-----------------------------------------
Eval num_timesteps=340000, episode_reward=-17.38 +/- 6.50
Episode length: 71.10 +/- 19.80
Success rate: 100.00%
-----------------------------------------
| eval/                   |             |
|    mean_ep_length       | 71.1        |
|    mean_reward          | -17.4       |
|    success_rate         | 1           |
| time/                   |             |
|    total_timesteps      | 340000      |
| train/                  |             |
|    approx_kl            | 0.014379609 |
|    clip_fraction        | 0.179       |
|    clip_range           | 0.2         |
|    entropy_loss         | -6.62       |
|    explained_variance   | 0.982       |
|    learning_rate        | 0.0003      |
|    loss                 | 0.0655      |
|    n_updates            | 1660        |
|    policy_gradient_loss | -0.00518    |
|    std                  | 0.644       |
|    value_loss           | 0.185       |
-----------------------------------------
---------------------------------
| rollout/           |          |
|    ep_len_mean     | 76.2     |
|    ep_rew_mean     | -20      |
|    success_rate    | 0.96     |
| time/              |          |
|    fps             | 863      |
|    iterations      | 167      |
|    time_elapsed    | 396      |
|    total_timesteps | 342016   |
---------------------------------
-----------------------------------------
| rollout/                |             |
|    ep_len_mean          | 75.2        |
|    ep_rew_mean          | -19.7       |
|    success_rate         | 0.95        |
| time/                   |             |
|    fps                  | 864         |
|    iterations           | 168         |
|    time_elapsed         | 397         |
|    total_timesteps      | 344064      |
| train/                  |             |
|    approx_kl            | 0.019255174 |
|    clip_fraction        | 0.205       |
|    clip_range           | 0.2         |
|    entropy_loss         | -6.63       |
|    explained_variance   | 0.98        |
|    learning_rate        | 0.0003      |
|    loss                 | 0.0836      |
|    n_updates            | 1670        |
|    policy_gradient_loss | -0.0163     |
|    std                  | 0.645       |
|    value_loss           | 0.376       |
-----------------------------------------
Eval num_timesteps=345000, episode_reward=-23.77 +/- 13.35
Episode length: 80.93 +/- 34.41
Success rate: 93.33%
-----------------------------------------
| eval/                   |             |
|    mean_ep_length       | 80.9        |
|    mean_reward          | -23.8       |
|    success_rate         | 0.933       |
| time/                   |             |
|    total_timesteps      | 345000      |
| train/                  |             |
|    approx_kl            | 0.020190416 |
|    clip_fraction        | 0.208       |
|    clip_range           | 0.2         |
|    entropy_loss         | -6.64       |
|    explained_variance   | 0.99        |
|    learning_rate        | 0.0003      |
|    loss                 | 0.0197      |
|    n_updates            | 1680        |
|    policy_gradient_loss | -0.0133     |
|    std                  | 0.644       |
|    value_loss           | 0.372       |
-----------------------------------------
---------------------------------
| rollout/           |          |
|    ep_len_mean     | 72.9     |
|    ep_rew_mean     | -19.2    |
|    success_rate    | 0.97     |
| time/              |          |
|    fps             | 863      |
|    iterations      | 169      |
|    time_elapsed    | 401      |
|    total_timesteps | 346112   |
---------------------------------
-----------------------------------------
| rollout/                |             |
|    ep_len_mean          | 75.2        |
|    ep_rew_mean          | -19.5       |
|    success_rate         | 0.96        |
| time/                   |             |
|    fps                  | 864         |
|    iterations           | 170         |
|    time_elapsed         | 402         |
|    total_timesteps      | 348160      |
| train/                  |             |
|    approx_kl            | 0.022595454 |
|    clip_fraction        | 0.266       |
|    clip_range           | 0.2         |
|    entropy_loss         | -6.64       |
|    explained_variance   | 0.997       |
|    learning_rate        | 0.0003      |
|    loss                 | 0.0155      |
|    n_updates            | 1690        |
|    policy_gradient_loss | -0.0173     |
|    std                  | 0.645       |
|    value_loss           | 0.0861      |
-----------------------------------------
Eval num_timesteps=350000, episode_reward=-20.20 +/- 12.74
Episode length: 76.67 +/- 35.16
Success rate: 93.33%
-----------------------------------------
| eval/                   |             |
|    mean_ep_length       | 76.7        |
|    mean_reward          | -20.2       |
|    success_rate         | 0.933       |
| time/                   |             |
|    total_timesteps      | 350000      |
| train/                  |             |
|    approx_kl            | 0.019701952 |
|    clip_fraction        | 0.233       |
|    clip_range           | 0.2         |
|    entropy_loss         | -6.64       |
|    explained_variance   | 0.993       |
|    learning_rate        | 0.0003      |
|    loss                 | -0.0124     |
|    n_updates            | 1700        |
|    policy_gradient_loss | -0.0105     |
|    std                  | 0.646       |
|    value_loss           | 0.109       |
-----------------------------------------
---------------------------------
| rollout/           |          |
|    ep_len_mean     | 74.4     |
|    ep_rew_mean     | -19.4    |
|    success_rate    | 0.98     |
| time/              |          |
|    fps             | 862      |
|    iterations      | 171      |
|    time_elapsed    | 405      |
|    total_timesteps | 350208   |
---------------------------------
----------------------------------------
| rollout/                |            |
|    ep_len_mean          | 74.4       |
|    ep_rew_mean          | -19.7      |
|    success_rate         | 0.98       |
| time/                   |            |
|    fps                  | 864        |
|    iterations           | 172        |
|    time_elapsed         | 407        |
|    total_timesteps      | 352256     |
| train/                  |            |
|    approx_kl            | 0.01970262 |
|    clip_fraction        | 0.219      |
|    clip_range           | 0.2        |
|    entropy_loss         | -6.65      |
|    explained_variance   | 0.988      |
|    learning_rate        | 0.0003     |
|    loss                 | 0.0872     |
|    n_updates            | 1710       |
|    policy_gradient_loss | -0.0131    |
|    std                  | 0.646      |
|    value_loss           | 0.156      |
----------------------------------------
-----------------------------------------
| rollout/                |             |
|    ep_len_mean          | 75.2        |
|    ep_rew_mean          | -20.1       |
|    success_rate         | 0.97        |
| time/                   |             |
|    fps                  | 865         |
|    iterations           | 173         |
|    time_elapsed         | 409         |
|    total_timesteps      | 354304      |
| train/                  |             |
|    approx_kl            | 0.021610677 |
|    clip_fraction        | 0.226       |
|    clip_range           | 0.2         |
|    entropy_loss         | -6.63       |
|    explained_variance   | 0.998       |
|    learning_rate        | 0.0003      |
|    loss                 | 0.0263      |
|    n_updates            | 1720        |
|    policy_gradient_loss | -0.0128     |
|    std                  | 0.643       |
|    value_loss           | 0.0647      |
-----------------------------------------
Eval num_timesteps=355000, episode_reward=-22.43 +/- 14.62
Episode length: 82.33 +/- 40.04
Success rate: 90.00%
----------------------------------------
| eval/                   |            |
|    mean_ep_length       | 82.3       |
|    mean_reward          | -22.4      |
|    success_rate         | 0.9        |
| time/                   |            |
|    total_timesteps      | 355000     |
| train/                  |            |
|    approx_kl            | 0.01782599 |
|    clip_fraction        | 0.205      |
|    clip_range           | 0.2        |
|    entropy_loss         | -6.64      |
|    explained_variance   | 0.987      |
|    learning_rate        | 0.0003     |
|    loss                 | 0.0783     |
|    n_updates            | 1730       |
|    policy_gradient_loss | -0.011     |
|    std                  | 0.646      |
|    value_loss           | 0.228      |
----------------------------------------
---------------------------------
| rollout/           |          |
|    ep_len_mean     | 72.2     |
|    ep_rew_mean     | -19      |
|    success_rate    | 0.98     |
| time/              |          |
|    fps             | 863      |
|    iterations      | 174      |
|    time_elapsed    | 412      |
|    total_timesteps | 356352   |
---------------------------------
-----------------------------------------
| rollout/                |             |
|    ep_len_mean          | 72.8        |
|    ep_rew_mean          | -19.2       |
|    success_rate         | 0.98        |
| time/                   |             |
|    fps                  | 865         |
|    iterations           | 175         |
|    time_elapsed         | 414         |
|    total_timesteps      | 358400      |
| train/                  |             |
|    approx_kl            | 0.019650135 |
|    clip_fraction        | 0.259       |
|    clip_range           | 0.2         |
|    entropy_loss         | -6.64       |
|    explained_variance   | 0.998       |
|    learning_rate        | 0.0003      |
|    loss                 | 0.00898     |
|    n_updates            | 1740        |
|    policy_gradient_loss | -0.0137     |
|    std                  | 0.648       |
|    value_loss           | 0.0413      |
-----------------------------------------
Eval num_timesteps=360000, episode_reward=-18.01 +/- 5.57
Episode length: 70.10 +/- 10.56
Success rate: 100.00%
-----------------------------------------
| eval/                   |             |
|    mean_ep_length       | 70.1        |
|    mean_reward          | -18         |
|    success_rate         | 1           |
| time/                   |             |
|    total_timesteps      | 360000      |
| train/                  |             |
|    approx_kl            | 0.017234273 |
|    clip_fraction        | 0.194       |
|    clip_range           | 0.2         |
|    entropy_loss         | -6.64       |
|    explained_variance   | 0.987       |
|    learning_rate        | 0.0003      |
|    loss                 | 0.0481      |
|    n_updates            | 1750        |
|    policy_gradient_loss | -0.0125     |
|    std                  | 0.647       |
|    value_loss           | 0.213       |
-----------------------------------------
---------------------------------
| rollout/           |          |
|    ep_len_mean     | 73.3     |
|    ep_rew_mean     | -19.3    |
|    success_rate    | 0.99     |
| time/              |          |
|    fps             | 863      |
|    iterations      | 176      |
|    time_elapsed    | 417      |
|    total_timesteps | 360448   |
---------------------------------
-----------------------------------------
| rollout/                |             |
|    ep_len_mean          | 74.5        |
|    ep_rew_mean          | -19.6       |
|    success_rate         | 0.99        |
| time/                   |             |
|    fps                  | 865         |
|    iterations           | 177         |
|    time_elapsed         | 419         |
|    total_timesteps      | 362496      |
| train/                  |             |
|    approx_kl            | 0.022619165 |
|    clip_fraction        | 0.212       |
|    clip_range           | 0.2         |
|    entropy_loss         | -6.64       |
|    explained_variance   | 0.989       |
|    learning_rate        | 0.0003      |
|    loss                 | 0.0457      |
|    n_updates            | 1760        |
|    policy_gradient_loss | -0.0104     |
|    std                  | 0.645       |
|    value_loss           | 0.205       |
-----------------------------------------
-----------------------------------------
| rollout/                |             |
|    ep_len_mean          | 75.2        |
|    ep_rew_mean          | -19.6       |
|    success_rate         | 0.99        |
| time/                   |             |
|    fps                  | 866         |
|    iterations           | 178         |
|    time_elapsed         | 420         |
|    total_timesteps      | 364544      |
| train/                  |             |
|    approx_kl            | 0.021120992 |
|    clip_fraction        | 0.268       |
|    clip_range           | 0.2         |
|    entropy_loss         | -6.59       |
|    explained_variance   | 0.999       |
|    learning_rate        | 0.0003      |
|    loss                 | -0.0126     |
|    n_updates            | 1770        |
|    policy_gradient_loss | -0.0155     |
|    std                  | 0.638       |
|    value_loss           | 0.0338      |
-----------------------------------------
Eval num_timesteps=365000, episode_reward=-29.52 +/- 15.14
Episode length: 121.57 +/- 61.26
Success rate: 63.33%
-----------------------------------------
| eval/                   |             |
|    mean_ep_length       | 122         |
|    mean_reward          | -29.5       |
|    success_rate         | 0.633       |
| time/                   |             |
|    total_timesteps      | 365000      |
| train/                  |             |
|    approx_kl            | 0.019164693 |
|    clip_fraction        | 0.226       |
|    clip_range           | 0.2         |
|    entropy_loss         | -6.52       |
|    explained_variance   | 0.998       |
|    learning_rate        | 0.0003      |
|    loss                 | -0.00748    |
|    n_updates            | 1780        |
|    policy_gradient_loss | -0.0113     |
|    std                  | 0.632       |
|    value_loss           | 0.0336      |
-----------------------------------------
---------------------------------
| rollout/           |          |
|    ep_len_mean     | 74.1     |
|    ep_rew_mean     | -19.1    |
|    success_rate    | 0.99     |
| time/              |          |
|    fps             | 864      |
|    iterations      | 179      |
|    time_elapsed    | 424      |
|    total_timesteps | 366592   |
---------------------------------
-----------------------------------------
| rollout/                |             |
|    ep_len_mean          | 74.4        |
|    ep_rew_mean          | -19.3       |
|    success_rate         | 0.98        |
| time/                   |             |
|    fps                  | 865         |
|    iterations           | 180         |
|    time_elapsed         | 426         |
|    total_timesteps      | 368640      |
| train/                  |             |
|    approx_kl            | 0.021816954 |
|    clip_fraction        | 0.223       |
|    clip_range           | 0.2         |
|    entropy_loss         | -6.49       |
|    explained_variance   | 0.988       |
|    learning_rate        | 0.0003      |
|    loss                 | 0.104       |
|    n_updates            | 1790        |
|    policy_gradient_loss | -0.00835    |
|    std                  | 0.633       |
|    value_loss           | 0.146       |
-----------------------------------------
Eval num_timesteps=370000, episode_reward=-25.55 +/- 13.81
Episode length: 94.13 +/- 44.89
Success rate: 86.67%
----------------------------------------
| eval/                   |            |
|    mean_ep_length       | 94.1       |
|    mean_reward          | -25.5      |
|    success_rate         | 0.867      |
| time/                   |            |
|    total_timesteps      | 370000     |
| train/                  |            |
|    approx_kl            | 0.01790388 |
|    clip_fraction        | 0.205      |
|    clip_range           | 0.2        |
|    entropy_loss         | -6.5       |
|    explained_variance   | 0.991      |
|    learning_rate        | 0.0003     |
|    loss                 | 0.0319     |
|    n_updates            | 1800       |
|    policy_gradient_loss | -0.0123    |
|    std                  | 0.634      |
|    value_loss           | 0.294      |
----------------------------------------
---------------------------------
| rollout/           |          |
|    ep_len_mean     | 77.7     |
|    ep_rew_mean     | -20.7    |
|    success_rate    | 0.95     |
| time/              |          |
|    fps             | 863      |
|    iterations      | 181      |
|    time_elapsed    | 429      |
|    total_timesteps | 370688   |
---------------------------------
-----------------------------------------
| rollout/                |             |
|    ep_len_mean          | 79.5        |
|    ep_rew_mean          | -21.7       |
|    success_rate         | 0.93        |
| time/                   |             |
|    fps                  | 864         |
|    iterations           | 182         |
|    time_elapsed         | 430         |
|    total_timesteps      | 372736      |
| train/                  |             |
|    approx_kl            | 0.013699003 |
|    clip_fraction        | 0.161       |
|    clip_range           | 0.2         |
|    entropy_loss         | -6.48       |
|    explained_variance   | 0.963       |
|    learning_rate        | 0.0003      |
|    loss                 | 0.393       |
|    n_updates            | 1810        |
|    policy_gradient_loss | -0.00838    |
|    std                  | 0.63        |
|    value_loss           | 0.591       |
-----------------------------------------
-----------------------------------------
| rollout/                |             |
|    ep_len_mean          | 79.2        |
|    ep_rew_mean          | -21.8       |
|    success_rate         | 0.93        |
| time/                   |             |
|    fps                  | 866         |
|    iterations           | 183         |
|    time_elapsed         | 432         |
|    total_timesteps      | 374784      |
| train/                  |             |
|    approx_kl            | 0.016479764 |
|    clip_fraction        | 0.163       |
|    clip_range           | 0.2         |
|    entropy_loss         | -6.48       |
|    explained_variance   | 0.969       |
|    learning_rate        | 0.0003      |
|    loss                 | 0.05        |
|    n_updates            | 1820        |
|    policy_gradient_loss | -0.00893    |
|    std                  | 0.634       |
|    value_loss           | 0.871       |
-----------------------------------------
Eval num_timesteps=375000, episode_reward=-25.68 +/- 15.36
Episode length: 96.27 +/- 52.79
Success rate: 80.00%
-----------------------------------------
| eval/                   |             |
|    mean_ep_length       | 96.3        |
|    mean_reward          | -25.7       |
|    success_rate         | 0.8         |
| time/                   |             |
|    total_timesteps      | 375000      |
| train/                  |             |
|    approx_kl            | 0.021606341 |
|    clip_fraction        | 0.231       |
|    clip_range           | 0.2         |
|    entropy_loss         | -6.49       |
|    explained_variance   | 0.989       |
|    learning_rate        | 0.0003      |
|    loss                 | 0.0086      |
|    n_updates            | 1830        |
|    policy_gradient_loss | -0.0141     |
|    std                  | 0.634       |
|    value_loss           | 0.253       |
-----------------------------------------
---------------------------------
| rollout/           |          |
|    ep_len_mean     | 77.4     |
|    ep_rew_mean     | -20.8    |
|    success_rate    | 0.93     |
| time/              |          |
|    fps             | 864      |
|    iterations      | 184      |
|    time_elapsed    | 436      |
|    total_timesteps | 376832   |
---------------------------------
----------------------------------------
| rollout/                |            |
|    ep_len_mean          | 74.8       |
|    ep_rew_mean          | -20.1      |
|    success_rate         | 0.94       |
| time/                   |            |
|    fps                  | 865        |
|    iterations           | 185        |
|    time_elapsed         | 437        |
|    total_timesteps      | 378880     |
| train/                  |            |
|    approx_kl            | 0.01734607 |
|    clip_fraction        | 0.204      |
|    clip_range           | 0.2        |
|    entropy_loss         | -6.52      |
|    explained_variance   | 0.968      |
|    learning_rate        | 0.0003     |
|    loss                 | 0.217      |
|    n_updates            | 1840       |
|    policy_gradient_loss | -0.0149    |
|    std                  | 0.637      |
|    value_loss           | 0.658      |
----------------------------------------
Eval num_timesteps=380000, episode_reward=-19.20 +/- 7.25
Episode length: 71.80 +/- 13.30
Success rate: 100.00%
-----------------------------------------
| eval/                   |             |
|    mean_ep_length       | 71.8        |
|    mean_reward          | -19.2       |
|    success_rate         | 1           |
| time/                   |             |
|    total_timesteps      | 380000      |
| train/                  |             |
|    approx_kl            | 0.020669907 |
|    clip_fraction        | 0.205       |
|    clip_range           | 0.2         |
|    entropy_loss         | -6.53       |
|    explained_variance   | 0.976       |
|    learning_rate        | 0.0003      |
|    loss                 | 0.048       |
|    n_updates            | 1850        |
|    policy_gradient_loss | -0.0159     |
|    std                  | 0.635       |
|    value_loss           | 0.744       |
-----------------------------------------
---------------------------------
| rollout/           |          |
|    ep_len_mean     | 75.7     |
|    ep_rew_mean     | -19.8    |
|    success_rate    | 0.95     |
| time/              |          |
|    fps             | 864      |
|    iterations      | 186      |
|    time_elapsed    | 440      |
|    total_timesteps | 380928   |
---------------------------------
-----------------------------------------
| rollout/                |             |
|    ep_len_mean          | 75.3        |
|    ep_rew_mean          | -19.8       |
|    success_rate         | 0.97        |
| time/                   |             |
|    fps                  | 865         |
|    iterations           | 187         |
|    time_elapsed         | 442         |
|    total_timesteps      | 382976      |
| train/                  |             |
|    approx_kl            | 0.020399265 |
|    clip_fraction        | 0.238       |
|    clip_range           | 0.2         |
|    entropy_loss         | -6.51       |
|    explained_variance   | 0.978       |
|    learning_rate        | 0.0003      |
|    loss                 | 0.133       |
|    n_updates            | 1860        |
|    policy_gradient_loss | -0.0147     |
|    std                  | 0.633       |
|    value_loss           | 0.545       |
-----------------------------------------
Eval num_timesteps=385000, episode_reward=-23.02 +/- 17.39
Episode length: 87.33 +/- 45.37
Success rate: 86.67%
-----------------------------------------
| eval/                   |             |
|    mean_ep_length       | 87.3        |
|    mean_reward          | -23         |
|    success_rate         | 0.867       |
| time/                   |             |
|    total_timesteps      | 385000      |
| train/                  |             |
|    approx_kl            | 0.027395878 |
|    clip_fraction        | 0.304       |
|    clip_range           | 0.2         |
|    entropy_loss         | -6.48       |
|    explained_variance   | 0.996       |
|    learning_rate        | 0.0003      |
|    loss                 | -0.00389    |
|    n_updates            | 1870        |
|    policy_gradient_loss | -0.0174     |
|    std                  | 0.631       |
|    value_loss           | 0.111       |
-----------------------------------------
---------------------------------
| rollout/           |          |
|    ep_len_mean     | 74.4     |
|    ep_rew_mean     | -20.2    |
|    success_rate    | 0.99     |
| time/              |          |
|    fps             | 863      |
|    iterations      | 188      |
|    time_elapsed    | 445      |
|    total_timesteps | 385024   |
---------------------------------
-----------------------------------------
| rollout/                |             |
|    ep_len_mean          | 73.1        |
|    ep_rew_mean          | -19.1       |
|    success_rate         | 1           |
| time/                   |             |
|    fps                  | 864         |
|    iterations           | 189         |
|    time_elapsed         | 447         |
|    total_timesteps      | 387072      |
| train/                  |             |
|    approx_kl            | 0.023067027 |
|    clip_fraction        | 0.266       |
|    clip_range           | 0.2         |
|    entropy_loss         | -6.47       |
|    explained_variance   | 0.998       |
|    learning_rate        | 0.0003      |
|    loss                 | 0.0218      |
|    n_updates            | 1880        |
|    policy_gradient_loss | -0.0179     |
|    std                  | 0.632       |
|    value_loss           | 0.0718      |
-----------------------------------------
-----------------------------------------
| rollout/                |             |
|    ep_len_mean          | 74.2        |
|    ep_rew_mean          | -19.3       |
|    success_rate         | 0.99        |
| time/                   |             |
|    fps                  | 866         |
|    iterations           | 190         |
|    time_elapsed         | 449         |
|    total_timesteps      | 389120      |
| train/                  |             |
|    approx_kl            | 0.026512709 |
|    clip_fraction        | 0.252       |
|    clip_range           | 0.2         |
|    entropy_loss         | -6.48       |
|    explained_variance   | 0.991       |
|    learning_rate        | 0.0003      |
|    loss                 | 0.0494      |
|    n_updates            | 1890        |
|    policy_gradient_loss | -0.0118     |
|    std                  | 0.631       |
|    value_loss           | 0.123       |
-----------------------------------------
Eval num_timesteps=390000, episode_reward=-27.26 +/- 16.33
Episode length: 96.67 +/- 52.59
Success rate: 80.00%
----------------------------------------
| eval/                   |            |
|    mean_ep_length       | 96.7       |
|    mean_reward          | -27.3      |
|    success_rate         | 0.8        |
| time/                   |            |
|    total_timesteps      | 390000     |
| train/                  |            |
|    approx_kl            | 0.02241112 |
|    clip_fraction        | 0.218      |
|    clip_range           | 0.2        |
|    entropy_loss         | -6.48      |
|    explained_variance   | 0.986      |
|    learning_rate        | 0.0003     |
|    loss                 | -0.00609   |
|    n_updates            | 1900       |
|    policy_gradient_loss | -0.0139    |
|    std                  | 0.631      |
|    value_loss           | 0.207      |
----------------------------------------
---------------------------------
| rollout/           |          |
|    ep_len_mean     | 76.3     |
|    ep_rew_mean     | -19.7    |
|    success_rate    | 0.98     |
| time/              |          |
|    fps             | 864      |
|    iterations      | 191      |
|    time_elapsed    | 452      |
|    total_timesteps | 391168   |
---------------------------------
-----------------------------------------
| rollout/                |             |
|    ep_len_mean          | 77.4        |
|    ep_rew_mean          | -19.8       |
|    success_rate         | 0.97        |
| time/                   |             |
|    fps                  | 865         |
|    iterations           | 192         |
|    time_elapsed         | 454         |
|    total_timesteps      | 393216      |
| train/                  |             |
|    approx_kl            | 0.017041467 |
|    clip_fraction        | 0.194       |
|    clip_range           | 0.2         |
|    entropy_loss         | -6.49       |
|    explained_variance   | 0.993       |
|    learning_rate        | 0.0003      |
|    loss                 | -0.0108     |
|    n_updates            | 1910        |
|    policy_gradient_loss | -0.0113     |
|    std                  | 0.633       |
|    value_loss           | 0.117       |
-----------------------------------------
Eval num_timesteps=395000, episode_reward=-26.82 +/- 13.23
Episode length: 98.40 +/- 51.82
Success rate: 80.00%
-----------------------------------------
| eval/                   |             |
|    mean_ep_length       | 98.4        |
|    mean_reward          | -26.8       |
|    success_rate         | 0.8         |
| time/                   |             |
|    total_timesteps      | 395000      |
| train/                  |             |
|    approx_kl            | 0.037783653 |
|    clip_fraction        | 0.202       |
|    clip_range           | 0.2         |
|    entropy_loss         | -6.49       |
|    explained_variance   | 0.986       |
|    learning_rate        | 0.0003      |
|    loss                 | -0.0237     |
|    n_updates            | 1920        |
|    policy_gradient_loss | -0.011      |
|    std                  | 0.632       |
|    value_loss           | 0.114       |
-----------------------------------------
---------------------------------
| rollout/           |          |
|    ep_len_mean     | 78.7     |
|    ep_rew_mean     | -21.3    |
|    success_rate    | 0.95     |
| time/              |          |
|    fps             | 864      |
|    iterations      | 193      |
|    time_elapsed    | 457      |
|    total_timesteps | 395264   |
---------------------------------
-----------------------------------------
| rollout/                |             |
|    ep_len_mean          | 79.9        |
|    ep_rew_mean          | -21.9       |
|    success_rate         | 0.94        |
| time/                   |             |
|    fps                  | 865         |
|    iterations           | 194         |
|    time_elapsed         | 459         |
|    total_timesteps      | 397312      |
| train/                  |             |
|    approx_kl            | 0.021446805 |
|    clip_fraction        | 0.201       |
|    clip_range           | 0.2         |
|    entropy_loss         | -6.48       |
|    explained_variance   | 0.984       |
|    learning_rate        | 0.0003      |
|    loss                 | 0.321       |
|    n_updates            | 1930        |
|    policy_gradient_loss | -0.0173     |
|    std                  | 0.631       |
|    value_loss           | 0.661       |
-----------------------------------------
-----------------------------------------
| rollout/                |             |
|    ep_len_mean          | 76.8        |
|    ep_rew_mean          | -20.7       |
|    success_rate         | 0.95        |
| time/                   |             |
|    fps                  | 866         |
|    iterations           | 195         |
|    time_elapsed         | 460         |
|    total_timesteps      | 399360      |
| train/                  |             |
|    approx_kl            | 0.018220786 |
|    clip_fraction        | 0.229       |
|    clip_range           | 0.2         |
|    entropy_loss         | -6.49       |
|    explained_variance   | 0.982       |
|    learning_rate        | 0.0003      |
|    loss                 | 0.0395      |
|    n_updates            | 1940        |
|    policy_gradient_loss | -0.0162     |
|    std                  | 0.634       |
|    value_loss           | 0.188       |
-----------------------------------------
Eval num_timesteps=400000, episode_reward=-24.86 +/- 17.28
Episode length: 88.07 +/- 44.91
Success rate: 86.67%
-----------------------------------------
| eval/                   |             |
|    mean_ep_length       | 88.1        |
|    mean_reward          | -24.9       |
|    success_rate         | 0.867       |
| time/                   |             |
|    total_timesteps      | 400000      |
| train/                  |             |
|    approx_kl            | 0.023434794 |
|    clip_fraction        | 0.256       |
|    clip_range           | 0.2         |
|    entropy_loss         | -6.53       |
|    explained_variance   | 0.991       |
|    learning_rate        | 0.0003      |
|    loss                 | -0.0169     |
|    n_updates            | 1950        |
|    policy_gradient_loss | -0.0133     |
|    std                  | 0.639       |
|    value_loss           | 0.138       |
-----------------------------------------
---------------------------------
| rollout/           |          |
|    ep_len_mean     | 73.9     |
|    ep_rew_mean     | -19.7    |
|    success_rate    | 0.96     |
| time/              |          |
|    fps             | 864      |
|    iterations      | 196      |
|    time_elapsed    | 464      |
|    total_timesteps | 401408   |
---------------------------------
-----------------------------------------
| rollout/                |             |
|    ep_len_mean          | 71.8        |
|    ep_rew_mean          | -19.1       |
|    success_rate         | 0.98        |
| time/                   |             |
|    fps                  | 865         |
|    iterations           | 197         |
|    time_elapsed         | 466         |
|    total_timesteps      | 403456      |
| train/                  |             |
|    approx_kl            | 0.019228054 |
|    clip_fraction        | 0.223       |
|    clip_range           | 0.2         |
|    entropy_loss         | -6.51       |
|    explained_variance   | 0.995       |
|    learning_rate        | 0.0003      |
|    loss                 | 0.019       |
|    n_updates            | 1960        |
|    policy_gradient_loss | -0.0128     |
|    std                  | 0.634       |
|    value_loss           | 0.0829      |
-----------------------------------------
Eval num_timesteps=405000, episode_reward=-21.10 +/- 11.62
Episode length: 74.43 +/- 26.56
Success rate: 96.67%
-----------------------------------------
| eval/                   |             |
|    mean_ep_length       | 74.4        |
|    mean_reward          | -21.1       |
|    success_rate         | 0.967       |
| time/                   |             |
|    total_timesteps      | 405000      |
| train/                  |             |
|    approx_kl            | 0.015769593 |
|    clip_fraction        | 0.234       |
|    clip_range           | 0.2         |
|    entropy_loss         | -6.48       |
|    explained_variance   | 0.999       |
|    learning_rate        | 0.0003      |
|    loss                 | 0.0158      |
|    n_updates            | 1970        |
|    policy_gradient_loss | -0.0107     |
|    std                  | 0.634       |
|    value_loss           | 0.0403      |
-----------------------------------------
---------------------------------
| rollout/           |          |
|    ep_len_mean     | 69       |
|    ep_rew_mean     | -18.6    |
|    success_rate    | 1        |
| time/              |          |
|    fps             | 863      |
|    iterations      | 198      |
|    time_elapsed    | 469      |
|    total_timesteps | 405504   |
---------------------------------
-----------------------------------------
| rollout/                |             |
|    ep_len_mean          | 69.2        |
|    ep_rew_mean          | -18.2       |
|    success_rate         | 1           |
| time/                   |             |
|    fps                  | 864         |
|    iterations           | 199         |
|    time_elapsed         | 471         |
|    total_timesteps      | 407552      |
| train/                  |             |
|    approx_kl            | 0.025348295 |
|    clip_fraction        | 0.293       |
|    clip_range           | 0.2         |
|    entropy_loss         | -6.45       |
|    explained_variance   | 0.998       |
|    learning_rate        | 0.0003      |
|    loss                 | -0.0246     |
|    n_updates            | 1980        |
|    policy_gradient_loss | -0.0181     |
|    std                  | 0.63        |
|    value_loss           | 0.0496      |
-----------------------------------------
-----------------------------------------
| rollout/                |             |
|    ep_len_mean          | 71.4        |
|    ep_rew_mean          | -18.6       |
|    success_rate         | 0.99        |
| time/                   |             |
|    fps                  | 865         |
|    iterations           | 200         |
|    time_elapsed         | 473         |
|    total_timesteps      | 409600      |
| train/                  |             |
|    approx_kl            | 0.020785473 |
|    clip_fraction        | 0.264       |
|    clip_range           | 0.2         |
|    entropy_loss         | -6.39       |
|    explained_variance   | 0.999       |
|    learning_rate        | 0.0003      |
|    loss                 | -0.00912    |
|    n_updates            | 1990        |
|    policy_gradient_loss | -0.021      |
|    std                  | 0.624       |
|    value_loss           | 0.0335      |
-----------------------------------------
Eval num_timesteps=410000, episode_reward=-23.04 +/- 15.77
Episode length: 80.00 +/- 33.76
Success rate: 93.33%
----------------------------------------
| eval/                   |            |
|    mean_ep_length       | 80         |
|    mean_reward          | -23        |
|    success_rate         | 0.933      |
| time/                   |            |
|    total_timesteps      | 410000     |
| train/                  |            |
|    approx_kl            | 0.01931538 |
|    clip_fraction        | 0.185      |
|    clip_range           | 0.2        |
|    entropy_loss         | -6.39      |
|    explained_variance   | 0.986      |
|    learning_rate        | 0.0003     |
|    loss                 | 0.0171     |
|    n_updates            | 2000       |
|    policy_gradient_loss | -0.0095    |
|    std                  | 0.627      |
|    value_loss           | 0.0886     |
----------------------------------------
---------------------------------
| rollout/           |          |
|    ep_len_mean     | 74.9     |
|    ep_rew_mean     | -20.2    |
|    success_rate    | 0.96     |
| time/              |          |
|    fps             | 864      |
|    iterations      | 201      |
|    time_elapsed    | 476      |
|    total_timesteps | 411648   |
---------------------------------
-----------------------------------------
| rollout/                |             |
|    ep_len_mean          | 79.2        |
|    ep_rew_mean          | -22.1       |
|    success_rate         | 0.94        |
| time/                   |             |
|    fps                  | 865         |
|    iterations           | 202         |
|    time_elapsed         | 478         |
|    total_timesteps      | 413696      |
| train/                  |             |
|    approx_kl            | 0.017511379 |
|    clip_fraction        | 0.178       |
|    clip_range           | 0.2         |
|    entropy_loss         | -6.4        |
|    explained_variance   | 0.954       |
|    learning_rate        | 0.0003      |
|    loss                 | 0.0515      |
|    n_updates            | 2010        |
|    policy_gradient_loss | -0.0128     |
|    std                  | 0.626       |
|    value_loss           | 0.456       |
-----------------------------------------
Eval num_timesteps=415000, episode_reward=-19.19 +/- 5.04
Episode length: 71.17 +/- 9.73
Success rate: 100.00%
-----------------------------------------
| eval/                   |             |
|    mean_ep_length       | 71.2        |
|    mean_reward          | -19.2       |
|    success_rate         | 1           |
| time/                   |             |
|    total_timesteps      | 415000      |
| train/                  |             |
|    approx_kl            | 0.016678585 |
|    clip_fraction        | 0.187       |
|    clip_range           | 0.2         |
|    entropy_loss         | -6.41       |
|    explained_variance   | 0.967       |
|    learning_rate        | 0.0003      |
|    loss                 | 0.263       |
|    n_updates            | 2020        |
|    policy_gradient_loss | -0.0163     |
|    std                  | 0.628       |
|    value_loss           | 0.66        |
-----------------------------------------
---------------------------------
| rollout/           |          |
|    ep_len_mean     | 81.1     |
|    ep_rew_mean     | -22.4    |
|    success_rate    | 0.92     |
| time/              |          |
|    fps             | 863      |
|    iterations      | 203      |
|    time_elapsed    | 481      |
|    total_timesteps | 415744   |
---------------------------------
-----------------------------------------
| rollout/                |             |
|    ep_len_mean          | 79          |
|    ep_rew_mean          | -21.7       |
|    success_rate         | 0.94        |
| time/                   |             |
|    fps                  | 864         |
|    iterations           | 204         |
|    time_elapsed         | 483         |
|    total_timesteps      | 417792      |
| train/                  |             |
|    approx_kl            | 0.016484246 |
|    clip_fraction        | 0.197       |
|    clip_range           | 0.2         |
|    entropy_loss         | -6.42       |
|    explained_variance   | 0.969       |
|    learning_rate        | 0.0003      |
|    loss                 | -0.011      |
|    n_updates            | 2030        |
|    policy_gradient_loss | -0.0171     |
|    std                  | 0.628       |
|    value_loss           | 0.247       |
-----------------------------------------
-----------------------------------------
| rollout/                |             |
|    ep_len_mean          | 76.6        |
|    ep_rew_mean          | -20.5       |
|    success_rate         | 0.96        |
| time/                   |             |
|    fps                  | 865         |
|    iterations           | 205         |
|    time_elapsed         | 484         |
|    total_timesteps      | 419840      |
| train/                  |             |
|    approx_kl            | 0.019393565 |
|    clip_fraction        | 0.234       |
|    clip_range           | 0.2         |
|    entropy_loss         | -6.41       |
|    explained_variance   | 0.997       |
|    learning_rate        | 0.0003      |
|    loss                 | 0.012       |
|    n_updates            | 2040        |
|    policy_gradient_loss | -0.0149     |
|    std                  | 0.627       |
|    value_loss           | 0.0574      |
-----------------------------------------
Eval num_timesteps=420000, episode_reward=-22.42 +/- 17.08
Episode length: 77.83 +/- 34.36
Success rate: 93.33%
-----------------------------------------
| eval/                   |             |
|    mean_ep_length       | 77.8        |
|    mean_reward          | -22.4       |
|    success_rate         | 0.933       |
| time/                   |             |
|    total_timesteps      | 420000      |
| train/                  |             |
|    approx_kl            | 0.015774231 |
|    clip_fraction        | 0.238       |
|    clip_range           | 0.2         |
|    entropy_loss         | -6.4        |
|    explained_variance   | 0.999       |
|    learning_rate        | 0.0003      |
|    loss                 | -0.0281     |
|    n_updates            | 2050        |
|    policy_gradient_loss | -0.0153     |
|    std                  | 0.626       |
|    value_loss           | 0.0303      |
-----------------------------------------
---------------------------------
| rollout/           |          |
|    ep_len_mean     | 73       |
|    ep_rew_mean     | -19.6    |
|    success_rate    | 0.99     |
| time/              |          |
|    fps             | 864      |
|    iterations      | 206      |
|    time_elapsed    | 488      |
|    total_timesteps | 421888   |
---------------------------------
-----------------------------------------
| rollout/                |             |
|    ep_len_mean          | 74.2        |
|    ep_rew_mean          | -20.3       |
|    success_rate         | 0.99        |
| time/                   |             |
|    fps                  | 865         |
|    iterations           | 207         |
|    time_elapsed         | 489         |
|    total_timesteps      | 423936      |
| train/                  |             |
|    approx_kl            | 0.019305425 |
|    clip_fraction        | 0.226       |
|    clip_range           | 0.2         |
|    entropy_loss         | -6.39       |
|    explained_variance   | 0.999       |
|    learning_rate        | 0.0003      |
|    loss                 | -0.0125     |
|    n_updates            | 2060        |
|    policy_gradient_loss | -0.0142     |
|    std                  | 0.626       |
|    value_loss           | 0.0275      |
-----------------------------------------
Eval num_timesteps=425000, episode_reward=-19.25 +/- 13.47
Episode length: 71.10 +/- 25.87
Success rate: 96.67%
----------------------------------------
| eval/                   |            |
|    mean_ep_length       | 71.1       |
|    mean_reward          | -19.3      |
|    success_rate         | 0.967      |
| time/                   |            |
|    total_timesteps      | 425000     |
| train/                  |            |
|    approx_kl            | 0.02003694 |
|    clip_fraction        | 0.187      |
|    clip_range           | 0.2        |
|    entropy_loss         | -6.43      |
|    explained_variance   | 0.972      |
|    learning_rate        | 0.0003     |
|    loss                 | -0.00948   |
|    n_updates            | 2070       |
|    policy_gradient_loss | -0.0107    |
|    std                  | 0.632      |
|    value_loss           | 0.15       |
----------------------------------------
---------------------------------
| rollout/           |          |
|    ep_len_mean     | 76.3     |
|    ep_rew_mean     | -21.3    |
|    success_rate    | 0.97     |
| time/              |          |
|    fps             | 864      |
|    iterations      | 208      |
|    time_elapsed    | 492      |
|    total_timesteps | 425984   |
---------------------------------
-----------------------------------------
| rollout/                |             |
|    ep_len_mean          | 76.1        |
|    ep_rew_mean          | -21.2       |
|    success_rate         | 0.96        |
| time/                   |             |
|    fps                  | 865         |
|    iterations           | 209         |
|    time_elapsed         | 494         |
|    total_timesteps      | 428032      |
| train/                  |             |
|    approx_kl            | 0.019150186 |
|    clip_fraction        | 0.203       |
|    clip_range           | 0.2         |
|    entropy_loss         | -6.46       |
|    explained_variance   | 0.964       |
|    learning_rate        | 0.0003      |
|    loss                 | 0.402       |
|    n_updates            | 2080        |
|    policy_gradient_loss | -0.0173     |
|    std                  | 0.632       |
|    value_loss           | 1.4         |
-----------------------------------------
Eval num_timesteps=430000, episode_reward=-20.15 +/- 5.38
Episode length: 71.07 +/- 10.42
Success rate: 100.00%
----------------------------------------
| eval/                   |            |
|    mean_ep_length       | 71.1       |
|    mean_reward          | -20.2      |
|    success_rate         | 1          |
| time/                   |            |
|    total_timesteps      | 430000     |
| train/                  |            |
|    approx_kl            | 0.01848298 |
|    clip_fraction        | 0.181      |
|    clip_range           | 0.2        |
|    entropy_loss         | -6.47      |
|    explained_variance   | 0.965      |
|    learning_rate        | 0.0003     |
|    loss                 | 0.00753    |
|    n_updates            | 2090       |
|    policy_gradient_loss | -0.0103    |
|    std                  | 0.634      |
|    value_loss           | 0.626      |
----------------------------------------
---------------------------------
| rollout/           |          |
|    ep_len_mean     | 75.4     |
|    ep_rew_mean     | -21.3    |
|    success_rate    | 0.96     |
| time/              |          |
|    fps             | 863      |
|    iterations      | 210      |
|    time_elapsed    | 497      |
|    total_timesteps | 430080   |
---------------------------------
----------------------------------------
| rollout/                |            |
|    ep_len_mean          | 74.6       |
|    ep_rew_mean          | -20.7      |
|    success_rate         | 0.97       |
| time/                   |            |
|    fps                  | 864        |
|    iterations           | 211        |
|    time_elapsed         | 499        |
|    total_timesteps      | 432128     |
| train/                  |            |
|    approx_kl            | 0.01644074 |
|    clip_fraction        | 0.212      |
|    clip_range           | 0.2        |
|    entropy_loss         | -6.47      |
|    explained_variance   | 0.998      |
|    learning_rate        | 0.0003     |
|    loss                 | 0.0156     |
|    n_updates            | 2100       |
|    policy_gradient_loss | -0.0143    |
|    std                  | 0.631      |
|    value_loss           | 0.0592     |
----------------------------------------
-----------------------------------------
| rollout/                |             |
|    ep_len_mean          | 74.7        |
|    ep_rew_mean          | -20.5       |
|    success_rate         | 0.97        |
| time/                   |             |
|    fps                  | 865         |
|    iterations           | 212         |
|    time_elapsed         | 501         |
|    total_timesteps      | 434176      |
| train/                  |             |
|    approx_kl            | 0.021439455 |
|    clip_fraction        | 0.272       |
|    clip_range           | 0.2         |
|    entropy_loss         | -6.45       |
|    explained_variance   | 0.999       |
|    learning_rate        | 0.0003      |
|    loss                 | -0.0231     |
|    n_updates            | 2110        |
|    policy_gradient_loss | -0.0179     |
|    std                  | 0.632       |
|    value_loss           | 0.0364      |
-----------------------------------------
Eval num_timesteps=435000, episode_reward=-18.13 +/- 5.59
Episode length: 67.07 +/- 11.78
Success rate: 100.00%
-----------------------------------------
| eval/                   |             |
|    mean_ep_length       | 67.1        |
|    mean_reward          | -18.1       |
|    success_rate         | 1           |
| time/                   |             |
|    total_timesteps      | 435000      |
| train/                  |             |
|    approx_kl            | 0.016278796 |
|    clip_fraction        | 0.193       |
|    clip_range           | 0.2         |
|    entropy_loss         | -6.47       |
|    explained_variance   | 0.968       |
|    learning_rate        | 0.0003      |
|    loss                 | 0.0352      |
|    n_updates            | 2120        |
|    policy_gradient_loss | -0.0145     |
|    std                  | 0.635       |
|    value_loss           | 0.434       |
-----------------------------------------
---------------------------------
| rollout/           |          |
|    ep_len_mean     | 75.6     |
|    ep_rew_mean     | -20.2    |
|    success_rate    | 0.97     |
| time/              |          |
|    fps             | 864      |
|    iterations      | 213      |
|    time_elapsed    | 504      |
|    total_timesteps | 436224   |
---------------------------------
-----------------------------------------
| rollout/                |             |
|    ep_len_mean          | 76          |
|    ep_rew_mean          | -20.1       |
|    success_rate         | 0.96        |
| time/                   |             |
|    fps                  | 865         |
|    iterations           | 214         |
|    time_elapsed         | 506         |
|    total_timesteps      | 438272      |
| train/                  |             |
|    approx_kl            | 0.017347306 |
|    clip_fraction        | 0.181       |
|    clip_range           | 0.2         |
|    entropy_loss         | -6.49       |
|    explained_variance   | 0.975       |
|    learning_rate        | 0.0003      |
|    loss                 | 0.0823      |
|    n_updates            | 2130        |
|    policy_gradient_loss | -0.0129     |
|    std                  | 0.635       |
|    value_loss           | 0.615       |
-----------------------------------------
Eval num_timesteps=440000, episode_reward=-19.35 +/- 6.96
Episode length: 72.97 +/- 12.54
Success rate: 100.00%
-----------------------------------------
| eval/                   |             |
|    mean_ep_length       | 73          |
|    mean_reward          | -19.4       |
|    success_rate         | 1           |
| time/                   |             |
|    total_timesteps      | 440000      |
| train/                  |             |
|    approx_kl            | 0.018426249 |
|    clip_fraction        | 0.196       |
|    clip_range           | 0.2         |
|    entropy_loss         | -6.5        |
|    explained_variance   | 0.97        |
|    learning_rate        | 0.0003      |
|    loss                 | 0.0972      |
|    n_updates            | 2140        |
|    policy_gradient_loss | -0.00942    |
|    std                  | 0.636       |
|    value_loss           | 0.933       |
-----------------------------------------
---------------------------------
| rollout/           |          |
|    ep_len_mean     | 77.6     |
|    ep_rew_mean     | -21.3    |
|    success_rate    | 0.94     |
| time/              |          |
|    fps             | 863      |
|    iterations      | 215      |
|    time_elapsed    | 509      |
|    total_timesteps | 440320   |
---------------------------------
-----------------------------------------
| rollout/                |             |
|    ep_len_mean          | 74.5        |
|    ep_rew_mean          | -20.1       |
|    success_rate         | 0.96        |
| time/                   |             |
|    fps                  | 864         |
|    iterations           | 216         |
|    time_elapsed         | 511         |
|    total_timesteps      | 442368      |
| train/                  |             |
|    approx_kl            | 0.017026545 |
|    clip_fraction        | 0.192       |
|    clip_range           | 0.2         |
|    entropy_loss         | -6.52       |
|    explained_variance   | 0.96        |
|    learning_rate        | 0.0003      |
|    loss                 | 0.312       |
|    n_updates            | 2150        |
|    policy_gradient_loss | -0.0147     |
|    std                  | 0.638       |
|    value_loss           | 1.17        |
-----------------------------------------
-----------------------------------------
| rollout/                |             |
|    ep_len_mean          | 72.4        |
|    ep_rew_mean          | -19.5       |
|    success_rate         | 0.98        |
| time/                   |             |
|    fps                  | 865         |
|    iterations           | 217         |
|    time_elapsed         | 513         |
|    total_timesteps      | 444416      |
| train/                  |             |
|    approx_kl            | 0.021837523 |
|    clip_fraction        | 0.276       |
|    clip_range           | 0.2         |
|    entropy_loss         | -6.52       |
|    explained_variance   | 0.986       |
|    learning_rate        | 0.0003      |
|    loss                 | 0.0855      |
|    n_updates            | 2160        |
|    policy_gradient_loss | -0.014      |
|    std                  | 0.636       |
|    value_loss           | 0.177       |
-----------------------------------------
Eval num_timesteps=445000, episode_reward=-18.24 +/- 6.15
Episode length: 69.50 +/- 10.48
Success rate: 100.00%
-----------------------------------------
| eval/                   |             |
|    mean_ep_length       | 69.5        |
|    mean_reward          | -18.2       |
|    success_rate         | 1           |
| time/                   |             |
|    total_timesteps      | 445000      |
| train/                  |             |
|    approx_kl            | 0.020230103 |
|    clip_fraction        | 0.266       |
|    clip_range           | 0.2         |
|    entropy_loss         | -6.51       |
|    explained_variance   | 0.998       |
|    learning_rate        | 0.0003      |
|    loss                 | -0.00136    |
|    n_updates            | 2170        |
|    policy_gradient_loss | -0.0094     |
|    std                  | 0.635       |
|    value_loss           | 0.0391      |
-----------------------------------------
---------------------------------
| rollout/           |          |
|    ep_len_mean     | 73.9     |
|    ep_rew_mean     | -20      |
|    success_rate    | 0.97     |
| time/              |          |
|    fps             | 864      |
|    iterations      | 218      |
|    time_elapsed    | 516      |
|    total_timesteps | 446464   |
---------------------------------
-----------------------------------------
| rollout/                |             |
|    ep_len_mean          | 72.6        |
|    ep_rew_mean          | -19.6       |
|    success_rate         | 0.98        |
| time/                   |             |
|    fps                  | 864         |
|    iterations           | 219         |
|    time_elapsed         | 518         |
|    total_timesteps      | 448512      |
| train/                  |             |
|    approx_kl            | 0.018062994 |
|    clip_fraction        | 0.24        |
|    clip_range           | 0.2         |
|    entropy_loss         | -6.51       |
|    explained_variance   | 0.982       |
|    learning_rate        | 0.0003      |
|    loss                 | 0.0206      |
|    n_updates            | 2180        |
|    policy_gradient_loss | -0.0125     |
|    std                  | 0.638       |
|    value_loss           | 0.167       |
-----------------------------------------
Eval num_timesteps=450000, episode_reward=-19.88 +/- 4.95
Episode length: 72.97 +/- 10.69
Success rate: 100.00%
----------------------------------------
| eval/                   |            |
|    mean_ep_length       | 73         |
|    mean_reward          | -19.9      |
|    success_rate         | 1          |
| time/                   |            |
|    total_timesteps      | 450000     |
| train/                  |            |
|    approx_kl            | 0.02783803 |
|    clip_fraction        | 0.223      |
|    clip_range           | 0.2        |
|    entropy_loss         | -6.51      |
|    explained_variance   | 0.979      |
|    learning_rate        | 0.0003     |
|    loss                 | 0.099      |
|    n_updates            | 2190       |
|    policy_gradient_loss | -0.0164    |
|    std                  | 0.635      |
|    value_loss           | 0.217      |
----------------------------------------
---------------------------------
| rollout/           |          |
|    ep_len_mean     | 73.7     |
|    ep_rew_mean     | -19.7    |
|    success_rate    | 0.97     |
| time/              |          |
|    fps             | 863      |
|    iterations      | 220      |
|    time_elapsed    | 521      |
|    total_timesteps | 450560   |
---------------------------------
-----------------------------------------
| rollout/                |             |
|    ep_len_mean          | 76.7        |
|    ep_rew_mean          | -21.3       |
|    success_rate         | 0.94        |
| time/                   |             |
|    fps                  | 864         |
|    iterations           | 221         |
|    time_elapsed         | 523         |
|    total_timesteps      | 452608      |
| train/                  |             |
|    approx_kl            | 0.019530047 |
|    clip_fraction        | 0.213       |
|    clip_range           | 0.2         |
|    entropy_loss         | -6.5        |
|    explained_variance   | 0.975       |
|    learning_rate        | 0.0003      |
|    loss                 | 0.259       |
|    n_updates            | 2200        |
|    policy_gradient_loss | -0.0145     |
|    std                  | 0.635       |
|    value_loss           | 0.577       |
-----------------------------------------
-----------------------------------------
| rollout/                |             |
|    ep_len_mean          | 75.6        |
|    ep_rew_mean          | -20.9       |
|    success_rate         | 0.95        |
| time/                   |             |
|    fps                  | 865         |
|    iterations           | 222         |
|    time_elapsed         | 525         |
|    total_timesteps      | 454656      |
| train/                  |             |
|    approx_kl            | 0.013475524 |
|    clip_fraction        | 0.17        |
|    clip_range           | 0.2         |
|    entropy_loss         | -6.51       |
|    explained_variance   | 0.949       |
|    learning_rate        | 0.0003      |
|    loss                 | 0.14        |
|    n_updates            | 2210        |
|    policy_gradient_loss | -0.0152     |
|    std                  | 0.64        |
|    value_loss           | 1.84        |
-----------------------------------------
Eval num_timesteps=455000, episode_reward=-24.52 +/- 15.67
Episode length: 85.77 +/- 39.77
Success rate: 86.67%
-----------------------------------------
| eval/                   |             |
|    mean_ep_length       | 85.8        |
|    mean_reward          | -24.5       |
|    success_rate         | 0.867       |
| time/                   |             |
|    total_timesteps      | 455000      |
| train/                  |             |
|    approx_kl            | 0.029066913 |
|    clip_fraction        | 0.288       |
|    clip_range           | 0.2         |
|    entropy_loss         | -6.49       |
|    explained_variance   | 0.988       |
|    learning_rate        | 0.0003      |
|    loss                 | 0.0277      |
|    n_updates            | 2220        |
|    policy_gradient_loss | -0.0141     |
|    std                  | 0.631       |
|    value_loss           | 0.117       |
-----------------------------------------
---------------------------------
| rollout/           |          |
|    ep_len_mean     | 74.6     |
|    ep_rew_mean     | -20.7    |
|    success_rate    | 0.96     |
| time/              |          |
|    fps             | 863      |
|    iterations      | 223      |
|    time_elapsed    | 528      |
|    total_timesteps | 456704   |
---------------------------------
-----------------------------------------
| rollout/                |             |
|    ep_len_mean          | 71.5        |
|    ep_rew_mean          | -19.3       |
|    success_rate         | 0.99        |
| time/                   |             |
|    fps                  | 864         |
|    iterations           | 224         |
|    time_elapsed         | 530         |
|    total_timesteps      | 458752      |
| train/                  |             |
|    approx_kl            | 0.019578332 |
|    clip_fraction        | 0.257       |
|    clip_range           | 0.2         |
|    entropy_loss         | -6.44       |
|    explained_variance   | 0.999       |
|    learning_rate        | 0.0003      |
|    loss                 | -0.0343     |
|    n_updates            | 2230        |
|    policy_gradient_loss | -0.0172     |
|    std                  | 0.629       |
|    value_loss           | 0.0359      |
-----------------------------------------
Eval num_timesteps=460000, episode_reward=-22.18 +/- 9.95
Episode length: 77.47 +/- 25.34
Success rate: 96.67%
-----------------------------------------
| eval/                   |             |
|    mean_ep_length       | 77.5        |
|    mean_reward          | -22.2       |
|    success_rate         | 0.967       |
| time/                   |             |
|    total_timesteps      | 460000      |
| train/                  |             |
|    approx_kl            | 0.023735303 |
|    clip_fraction        | 0.281       |
|    clip_range           | 0.2         |
|    entropy_loss         | -6.44       |
|    explained_variance   | 0.999       |
|    learning_rate        | 0.0003      |
|    loss                 | -0.0211     |
|    n_updates            | 2240        |
|    policy_gradient_loss | -0.0211     |
|    std                  | 0.631       |
|    value_loss           | 0.0258      |
-----------------------------------------
---------------------------------
| rollout/           |          |
|    ep_len_mean     | 70.8     |
|    ep_rew_mean     | -18.7    |
|    success_rate    | 0.99     |
| time/              |          |
|    fps             | 862      |
|    iterations      | 225      |
|    time_elapsed    | 534      |
|    total_timesteps | 460800   |
---------------------------------
-----------------------------------------
| rollout/                |             |
|    ep_len_mean          | 75.2        |
|    ep_rew_mean          | -19.9       |
|    success_rate         | 0.97        |
| time/                   |             |
|    fps                  | 863         |
|    iterations           | 226         |
|    time_elapsed         | 535         |
|    total_timesteps      | 462848      |
| train/                  |             |
|    approx_kl            | 0.017920038 |
|    clip_fraction        | 0.198       |
|    clip_range           | 0.2         |
|    entropy_loss         | -6.45       |
|    explained_variance   | 0.973       |
|    learning_rate        | 0.0003      |
|    loss                 | 0.00922     |
|    n_updates            | 2250        |
|    policy_gradient_loss | -0.0142     |
|    std                  | 0.632       |
|    value_loss           | 0.238       |
-----------------------------------------
-----------------------------------------
| rollout/                |             |
|    ep_len_mean          | 77.9        |
|    ep_rew_mean          | -21         |
|    success_rate         | 0.94        |
| time/                   |             |
|    fps                  | 864         |
|    iterations           | 227         |
|    time_elapsed         | 537         |
|    total_timesteps      | 464896      |
| train/                  |             |
|    approx_kl            | 0.016038967 |
|    clip_fraction        | 0.196       |
|    clip_range           | 0.2         |
|    entropy_loss         | -6.47       |
|    explained_variance   | 0.972       |
|    learning_rate        | 0.0003      |
|    loss                 | 0.178       |
|    n_updates            | 2260        |
|    policy_gradient_loss | -0.0148     |
|    std                  | 0.635       |
|    value_loss           | 0.384       |
-----------------------------------------
Eval num_timesteps=465000, episode_reward=-21.79 +/- 13.75
Episode length: 79.23 +/- 34.17
Success rate: 93.33%
----------------------------------------
| eval/                   |            |
|    mean_ep_length       | 79.2       |
|    mean_reward          | -21.8      |
|    success_rate         | 0.933      |
| time/                   |            |
|    total_timesteps      | 465000     |
| train/                  |            |
|    approx_kl            | 0.01939124 |
|    clip_fraction        | 0.2        |
|    clip_range           | 0.2        |
|    entropy_loss         | -6.47      |
|    explained_variance   | 0.963      |
|    learning_rate        | 0.0003     |
|    loss                 | 0.0335     |
|    n_updates            | 2270       |
|    policy_gradient_loss | -0.0185    |
|    std                  | 0.632      |
|    value_loss           | 0.697      |
----------------------------------------
---------------------------------
| rollout/           |          |
|    ep_len_mean     | 78.9     |
|    ep_rew_mean     | -21.4    |
|    success_rate    | 0.94     |
| time/              |          |
|    fps             | 863      |
|    iterations      | 228      |
|    time_elapsed    | 540      |
|    total_timesteps | 466944   |
---------------------------------
-----------------------------------------
| rollout/                |             |
|    ep_len_mean          | 77.5        |
|    ep_rew_mean          | -21.2       |
|    success_rate         | 0.95        |
| time/                   |             |
|    fps                  | 864         |
|    iterations           | 229         |
|    time_elapsed         | 542         |
|    total_timesteps      | 468992      |
| train/                  |             |
|    approx_kl            | 0.020841721 |
|    clip_fraction        | 0.248       |
|    clip_range           | 0.2         |
|    entropy_loss         | -6.42       |
|    explained_variance   | 0.993       |
|    learning_rate        | 0.0003      |
|    loss                 | 0.0301      |
|    n_updates            | 2280        |
|    policy_gradient_loss | -0.0117     |
|    std                  | 0.628       |
|    value_loss           | 0.112       |
-----------------------------------------
Eval num_timesteps=470000, episode_reward=-23.06 +/- 14.21
Episode length: 82.10 +/- 33.08
Success rate: 93.33%
-----------------------------------------
| eval/                   |             |
|    mean_ep_length       | 82.1        |
|    mean_reward          | -23.1       |
|    success_rate         | 0.933       |
| time/                   |             |
|    total_timesteps      | 470000      |
| train/                  |             |
|    approx_kl            | 0.020475287 |
|    clip_fraction        | 0.221       |
|    clip_range           | 0.2         |
|    entropy_loss         | -6.41       |
|    explained_variance   | 0.981       |
|    learning_rate        | 0.0003      |
|    loss                 | 0.339       |
|    n_updates            | 2290        |
|    policy_gradient_loss | -0.0128     |
|    std                  | 0.628       |
|    value_loss           | 0.447       |
-----------------------------------------
---------------------------------
| rollout/           |          |
|    ep_len_mean     | 75.8     |
|    ep_rew_mean     | -20.8    |
|    success_rate    | 0.96     |
| time/              |          |
|    fps             | 862      |
|    iterations      | 230      |
|    time_elapsed    | 546      |
|    total_timesteps | 471040   |
---------------------------------
-----------------------------------------
| rollout/                |             |
|    ep_len_mean          | 71.8        |
|    ep_rew_mean          | -19.1       |
|    success_rate         | 0.99        |
| time/                   |             |
|    fps                  | 863         |
|    iterations           | 231         |
|    time_elapsed         | 547         |
|    total_timesteps      | 473088      |
| train/                  |             |
|    approx_kl            | 0.022776455 |
|    clip_fraction        | 0.263       |
|    clip_range           | 0.2         |
|    entropy_loss         | -6.41       |
|    explained_variance   | 0.998       |
|    learning_rate        | 0.0003      |
|    loss                 | 0.00297     |
|    n_updates            | 2300        |
|    policy_gradient_loss | -0.0181     |
|    std                  | 0.628       |
|    value_loss           | 0.0511      |
-----------------------------------------
Eval num_timesteps=475000, episode_reward=-18.34 +/- 4.87
Episode length: 70.27 +/- 10.30
Success rate: 100.00%
-----------------------------------------
| eval/                   |             |
|    mean_ep_length       | 70.3        |
|    mean_reward          | -18.3       |
|    success_rate         | 1           |
| time/                   |             |
|    total_timesteps      | 475000      |
| train/                  |             |
|    approx_kl            | 0.015306555 |
|    clip_fraction        | 0.213       |
|    clip_range           | 0.2         |
|    entropy_loss         | -6.39       |
|    explained_variance   | 0.999       |
|    learning_rate        | 0.0003      |
|    loss                 | -0.033      |
|    n_updates            | 2310        |
|    policy_gradient_loss | -0.0117     |
|    std                  | 0.626       |
|    value_loss           | 0.0263      |
-----------------------------------------
---------------------------------
| rollout/           |          |
|    ep_len_mean     | 74.4     |
|    ep_rew_mean     | -20.3    |
|    success_rate    | 0.97     |
| time/              |          |
|    fps             | 862      |
|    iterations      | 232      |
|    time_elapsed    | 551      |
|    total_timesteps | 475136   |
---------------------------------
-----------------------------------------
| rollout/                |             |
|    ep_len_mean          | 73.8        |
|    ep_rew_mean          | -19.9       |
|    success_rate         | 0.98        |
| time/                   |             |
|    fps                  | 863         |
|    iterations           | 233         |
|    time_elapsed         | 552         |
|    total_timesteps      | 477184      |
| train/                  |             |
|    approx_kl            | 0.017226174 |
|    clip_fraction        | 0.192       |
|    clip_range           | 0.2         |
|    entropy_loss         | -6.36       |
|    explained_variance   | 0.971       |
|    learning_rate        | 0.0003      |
|    loss                 | 0.0596      |
|    n_updates            | 2320        |
|    policy_gradient_loss | -0.0146     |
|    std                  | 0.623       |
|    value_loss           | 0.58        |
-----------------------------------------
-----------------------------------------
| rollout/                |             |
|    ep_len_mean          | 72.4        |
|    ep_rew_mean          | -19.3       |
|    success_rate         | 0.98        |
| time/                   |             |
|    fps                  | 863         |
|    iterations           | 234         |
|    time_elapsed         | 554         |
|    total_timesteps      | 479232      |
| train/                  |             |
|    approx_kl            | 0.018012237 |
|    clip_fraction        | 0.211       |
|    clip_range           | 0.2         |
|    entropy_loss         | -6.35       |
|    explained_variance   | 0.997       |
|    learning_rate        | 0.0003      |
|    loss                 | 0.024       |
|    n_updates            | 2330        |
|    policy_gradient_loss | -0.0105     |
|    std                  | 0.623       |
|    value_loss           | 0.0653      |
-----------------------------------------
Eval num_timesteps=480000, episode_reward=-22.25 +/- 13.72
Episode length: 80.30 +/- 34.15
Success rate: 93.33%
-----------------------------------------
| eval/                   |             |
|    mean_ep_length       | 80.3        |
|    mean_reward          | -22.3       |
|    success_rate         | 0.933       |
| time/                   |             |
|    total_timesteps      | 480000      |
| train/                  |             |
|    approx_kl            | 0.018386181 |
|    clip_fraction        | 0.243       |
|    clip_range           | 0.2         |
|    entropy_loss         | -6.36       |
|    explained_variance   | 0.999       |
|    learning_rate        | 0.0003      |
|    loss                 | 0.00117     |
|    n_updates            | 2340        |
|    policy_gradient_loss | -0.015      |
|    std                  | 0.625       |
|    value_loss           | 0.0285      |
-----------------------------------------
---------------------------------
| rollout/           |          |
|    ep_len_mean     | 69.3     |
|    ep_rew_mean     | -17.7    |
|    success_rate    | 1        |
| time/              |          |
|    fps             | 862      |
|    iterations      | 235      |
|    time_elapsed    | 558      |
|    total_timesteps | 481280   |
---------------------------------
----------------------------------------
| rollout/                |            |
|    ep_len_mean          | 69.5       |
|    ep_rew_mean          | -17.9      |
|    success_rate         | 1          |
| time/                   |            |
|    fps                  | 862        |
|    iterations           | 236        |
|    time_elapsed         | 560        |
|    total_timesteps      | 483328     |
| train/                  |            |
|    approx_kl            | 0.02135438 |
|    clip_fraction        | 0.229      |
|    clip_range           | 0.2        |
|    entropy_loss         | -6.32      |
|    explained_variance   | 0.999      |
|    learning_rate        | 0.0003     |
|    loss                 | -0.023     |
|    n_updates            | 2350       |
|    policy_gradient_loss | -0.0196    |
|    std                  | 0.619      |
|    value_loss           | 0.0286     |
----------------------------------------
Eval num_timesteps=485000, episode_reward=-23.28 +/- 13.16
Episode length: 82.50 +/- 40.74
Success rate: 90.00%
-----------------------------------------
| eval/                   |             |
|    mean_ep_length       | 82.5        |
|    mean_reward          | -23.3       |
|    success_rate         | 0.9         |
| time/                   |             |
|    total_timesteps      | 485000      |
| train/                  |             |
|    approx_kl            | 0.018881734 |
|    clip_fraction        | 0.246       |
|    clip_range           | 0.2         |
|    entropy_loss         | -6.27       |
|    explained_variance   | 1           |
|    learning_rate        | 0.0003      |
|    loss                 | -0.00568    |
|    n_updates            | 2360        |
|    policy_gradient_loss | -0.0186     |
|    std                  | 0.616       |
|    value_loss           | 0.0226      |
-----------------------------------------
---------------------------------
| rollout/           |          |
|    ep_len_mean     | 71.1     |
|    ep_rew_mean     | -18      |
|    success_rate    | 0.99     |
| time/              |          |
|    fps             | 861      |
|    iterations      | 237      |
|    time_elapsed    | 563      |
|    total_timesteps | 485376   |
---------------------------------
-----------------------------------------
| rollout/                |             |
|    ep_len_mean          | 70.8        |
|    ep_rew_mean          | -18.3       |
|    success_rate         | 0.99        |
| time/                   |             |
|    fps                  | 861         |
|    iterations           | 238         |
|    time_elapsed         | 565         |
|    total_timesteps      | 487424      |
| train/                  |             |
|    approx_kl            | 0.025518253 |
|    clip_fraction        | 0.221       |
|    clip_range           | 0.2         |
|    entropy_loss         | -6.24       |
|    explained_variance   | 0.982       |
|    learning_rate        | 0.0003      |
|    loss                 | -0.00925    |
|    n_updates            | 2370        |
|    policy_gradient_loss | -0.0129     |
|    std                  | 0.612       |
|    value_loss           | 0.144       |
-----------------------------------------
-----------------------------------------
| rollout/                |             |
|    ep_len_mean          | 71.4        |
|    ep_rew_mean          | -18.8       |
|    success_rate         | 0.99        |
| time/                   |             |
|    fps                  | 862         |
|    iterations           | 239         |
|    time_elapsed         | 567         |
|    total_timesteps      | 489472      |
| train/                  |             |
|    approx_kl            | 0.023324769 |
|    clip_fraction        | 0.256       |
|    clip_range           | 0.2         |
|    entropy_loss         | -6.21       |
|    explained_variance   | 0.998       |
|    learning_rate        | 0.0003      |
|    loss                 | -0.00753    |
|    n_updates            | 2380        |
|    policy_gradient_loss | -0.014      |
|    std                  | 0.613       |
|    value_loss           | 0.0399      |
-----------------------------------------
Eval num_timesteps=490000, episode_reward=-18.74 +/- 4.68
Episode length: 70.27 +/- 9.08
Success rate: 100.00%
-----------------------------------------
| eval/                   |             |
|    mean_ep_length       | 70.3        |
|    mean_reward          | -18.7       |
|    success_rate         | 1           |
| time/                   |             |
|    total_timesteps      | 490000      |
| train/                  |             |
|    approx_kl            | 0.019567512 |
|    clip_fraction        | 0.273       |
|    clip_range           | 0.2         |
|    entropy_loss         | -6.2        |
|    explained_variance   | 1           |
|    learning_rate        | 0.0003      |
|    loss                 | -0.022      |
|    n_updates            | 2390        |
|    policy_gradient_loss | -0.0197     |
|    std                  | 0.61        |
|    value_loss           | 0.0174      |
-----------------------------------------
---------------------------------
| rollout/           |          |
|    ep_len_mean     | 70.7     |
|    ep_rew_mean     | -18.6    |
|    success_rate    | 0.99     |
| time/              |          |
|    fps             | 861      |
|    iterations      | 240      |
|    time_elapsed    | 570      |
|    total_timesteps | 491520   |
---------------------------------
-----------------------------------------
| rollout/                |             |
|    ep_len_mean          | 71          |
|    ep_rew_mean          | -18.8       |
|    success_rate         | 0.99        |
| time/                   |             |
|    fps                  | 861         |
|    iterations           | 241         |
|    time_elapsed         | 572         |
|    total_timesteps      | 493568      |
| train/                  |             |
|    approx_kl            | 0.016518466 |
|    clip_fraction        | 0.223       |
|    clip_range           | 0.2         |
|    entropy_loss         | -6.16       |
|    explained_variance   | 1           |
|    learning_rate        | 0.0003      |
|    loss                 | -0.0408     |
|    n_updates            | 2400        |
|    policy_gradient_loss | -0.0121     |
|    std                  | 0.607       |
|    value_loss           | 0.0169      |
-----------------------------------------
Eval num_timesteps=495000, episode_reward=-20.08 +/- 6.52
Episode length: 72.37 +/- 12.62
Success rate: 100.00%
-----------------------------------------
| eval/                   |             |
|    mean_ep_length       | 72.4        |
|    mean_reward          | -20.1       |
|    success_rate         | 1           |
| time/                   |             |
|    total_timesteps      | 495000      |
| train/                  |             |
|    approx_kl            | 0.050508387 |
|    clip_fraction        | 0.248       |
|    clip_range           | 0.2         |
|    entropy_loss         | -6.15       |
|    explained_variance   | 0.983       |
|    learning_rate        | 0.0003      |
|    loss                 | 0.00742     |
|    n_updates            | 2410        |
|    policy_gradient_loss | -0.0189     |
|    std                  | 0.605       |
|    value_loss           | 0.195       |
-----------------------------------------
---------------------------------
| rollout/           |          |
|    ep_len_mean     | 73       |
|    ep_rew_mean     | -19.3    |
|    success_rate    | 0.98     |
| time/              |          |
|    fps             | 860      |
|    iterations      | 242      |
|    time_elapsed    | 576      |
|    total_timesteps | 495616   |
---------------------------------
-----------------------------------------
| rollout/                |             |
|    ep_len_mean          | 72.9        |
|    ep_rew_mean          | -19.5       |
|    success_rate         | 0.98        |
| time/                   |             |
|    fps                  | 860         |
|    iterations           | 243         |
|    time_elapsed         | 578         |
|    total_timesteps      | 497664      |
| train/                  |             |
|    approx_kl            | 0.024272043 |
|    clip_fraction        | 0.241       |
|    clip_range           | 0.2         |
|    entropy_loss         | -6.15       |
|    explained_variance   | 0.983       |
|    learning_rate        | 0.0003      |
|    loss                 | 0.0368      |
|    n_updates            | 2420        |
|    policy_gradient_loss | -0.00969    |
|    std                  | 0.608       |
|    value_loss           | 0.215       |
-----------------------------------------
-----------------------------------------
| rollout/                |             |
|    ep_len_mean          | 75.4        |
|    ep_rew_mean          | -20.6       |
|    success_rate         | 0.97        |
| time/                   |             |
|    fps                  | 861         |
|    iterations           | 244         |
|    time_elapsed         | 580         |
|    total_timesteps      | 499712      |
| train/                  |             |
|    approx_kl            | 0.018765464 |
|    clip_fraction        | 0.218       |
|    clip_range           | 0.2         |
|    entropy_loss         | -6.14       |
|    explained_variance   | 0.993       |
|    learning_rate        | 0.0003      |
|    loss                 | 0.0248      |
|    n_updates            | 2430        |
|    policy_gradient_loss | -0.011      |
|    std                  | 0.606       |
|    value_loss           | 0.104       |
-----------------------------------------
Eval num_timesteps=500000, episode_reward=-23.84 +/- 14.73
Episode length: 83.07 +/- 40.36
Success rate: 90.00%
-----------------------------------------
| eval/                   |             |
|    mean_ep_length       | 83.1        |
|    mean_reward          | -23.8       |
|    success_rate         | 0.9         |
| time/                   |             |
|    total_timesteps      | 500000      |
| train/                  |             |
|    approx_kl            | 0.019503823 |
|    clip_fraction        | 0.21        |
|    clip_range           | 0.2         |
|    entropy_loss         | -6.15       |
|    explained_variance   | 0.972       |
|    learning_rate        | 0.0003      |
|    loss                 | 0.0959      |
|    n_updates            | 2440        |
|    policy_gradient_loss | -0.011      |
|    std                  | 0.607       |
|    value_loss           | 0.23        |
-----------------------------------------
---------------------------------
| rollout/           |          |
|    ep_len_mean     | 74.6     |
|    ep_rew_mean     | -20.2    |
|    success_rate    | 0.97     |
| time/              |          |
|    fps             | 859      |
|    iterations      | 245      |
|    time_elapsed    | 583      |
|    total_timesteps | 501760   |
---------------------------------
Training complete. Best model: models\runs\avoid_relvec_s0/best_model.zip
