Using cpu device
Run avoid_relvec_s2: 500000 steps
---------------------------------
| rollout/           |          |
|    ep_len_mean     | 200      |
|    ep_rew_mean     | -181     |
|    success_rate    | 0        |
| time/              |          |
|    fps             | 1998     |
|    iterations      | 1        |
|    time_elapsed    | 1        |
|    total_timesteps | 2048     |
---------------------------------
-----------------------------------------
| rollout/                |             |
|    ep_len_mean          | 200         |
|    ep_rew_mean          | -181        |
|    success_rate         | 0           |
| time/                   |             |
|    fps                  | 1688        |
|    iterations           | 2           |
|    time_elapsed         | 2           |
|    total_timesteps      | 4096        |
| train/                  |             |
|    approx_kl            | 0.010819981 |
|    clip_fraction        | 0.0815      |
|    clip_range           | 0.2         |
|    entropy_loss         | -9.88       |
|    explained_variance   | -0.00487    |
|    learning_rate        | 0.0003      |
|    loss                 | 7.03        |
|    n_updates            | 10          |
|    policy_gradient_loss | -0.013      |
|    std                  | 0.986       |
|    value_loss           | 77.8        |
-----------------------------------------
Eval num_timesteps=5000, episode_reward=-174.91 +/- 21.73
Episode length: 200.00 +/- 0.00
Success rate: 0.00%
-----------------------------------------
| eval/                   |             |
|    mean_ep_length       | 200         |
|    mean_reward          | -175        |
|    success_rate         | 0           |
| time/                   |             |
|    total_timesteps      | 5000        |
| train/                  |             |
|    approx_kl            | 0.007871639 |
|    clip_fraction        | 0.0487      |
|    clip_range           | 0.2         |
|    entropy_loss         | -9.83       |
|    explained_variance   | 0.025       |
|    learning_rate        | 0.0003      |
|    loss                 | 19.7        |
|    n_updates            | 20          |
|    policy_gradient_loss | -0.0087     |
|    std                  | 0.987       |
|    value_loss           | 84.1        |
-----------------------------------------
New best mean reward!
---------------------------------
| rollout/           |          |
|    ep_len_mean     | 200      |
|    ep_rew_mean     | -184     |
|    success_rate    | 0        |
| time/              |          |
|    fps             | 972      |
|    iterations      | 3        |
|    time_elapsed    | 6        |
|    total_timesteps | 6144     |
---------------------------------
-----------------------------------------
| rollout/                |             |
|    ep_len_mean          | 200         |
|    ep_rew_mean          | -182        |
|    success_rate         | 0           |
| time/                   |             |
|    fps                  | 1037        |
|    iterations           | 4           |
|    time_elapsed         | 7           |
|    total_timesteps      | 8192        |
| train/                  |             |
|    approx_kl            | 0.009347639 |
|    clip_fraction        | 0.0624      |
|    clip_range           | 0.2         |
|    entropy_loss         | -9.84       |
|    explained_variance   | 0.00815     |
|    learning_rate        | 0.0003      |
|    loss                 | 21.2        |
|    n_updates            | 30          |
|    policy_gradient_loss | -0.0128     |
|    std                  | 0.986       |
|    value_loss           | 84.7        |
-----------------------------------------
Eval num_timesteps=10000, episode_reward=-153.59 +/- 22.23
Episode length: 200.00 +/- 0.00
Success rate: 0.00%
-----------------------------------------
| eval/                   |             |
|    mean_ep_length       | 200         |
|    mean_reward          | -154        |
|    success_rate         | 0           |
| time/                   |             |
|    total_timesteps      | 10000       |
| train/                  |             |
|    approx_kl            | 0.014030446 |
|    clip_fraction        | 0.125       |
|    clip_range           | 0.2         |
|    entropy_loss         | -9.82       |
|    explained_variance   | 0.0052      |
|    learning_rate        | 0.0003      |
|    loss                 | 9.56        |
|    n_updates            | 40          |
|    policy_gradient_loss | -0.0175     |
|    std                  | 0.984       |
|    value_loss           | 51.1        |
-----------------------------------------
New best mean reward!
---------------------------------
| rollout/           |          |
|    ep_len_mean     | 200      |
|    ep_rew_mean     | -179     |
|    success_rate    | 0        |
| time/              |          |
|    fps             | 854      |
|    iterations      | 5        |
|    time_elapsed    | 11       |
|    total_timesteps | 10240    |
---------------------------------
-----------------------------------------
| rollout/                |             |
|    ep_len_mean          | 200         |
|    ep_rew_mean          | -177        |
|    success_rate         | 0           |
| time/                   |             |
|    fps                  | 906         |
|    iterations           | 6           |
|    time_elapsed         | 13          |
|    total_timesteps      | 12288       |
| train/                  |             |
|    approx_kl            | 0.012415065 |
|    clip_fraction        | 0.11        |
|    clip_range           | 0.2         |
|    entropy_loss         | -9.78       |
|    explained_variance   | 0.00408     |
|    learning_rate        | 0.0003      |
|    loss                 | 3.92        |
|    n_updates            | 50          |
|    policy_gradient_loss | -0.0149     |
|    std                  | 0.974       |
|    value_loss           | 31.6        |
-----------------------------------------
-----------------------------------------
| rollout/                |             |
|    ep_len_mean          | 200         |
|    ep_rew_mean          | -176        |
|    success_rate         | 0           |
| time/                   |             |
|    fps                  | 959         |
|    iterations           | 7           |
|    time_elapsed         | 14          |
|    total_timesteps      | 14336       |
| train/                  |             |
|    approx_kl            | 0.011007992 |
|    clip_fraction        | 0.0858      |
|    clip_range           | 0.2         |
|    entropy_loss         | -9.75       |
|    explained_variance   | 0.0013      |
|    learning_rate        | 0.0003      |
|    loss                 | 2.75        |
|    n_updates            | 60          |
|    policy_gradient_loss | -0.0087     |
|    std                  | 0.973       |
|    value_loss           | 23.3        |
-----------------------------------------
Eval num_timesteps=15000, episode_reward=-162.92 +/- 26.69
Episode length: 200.00 +/- 0.00
Success rate: 0.00%
-----------------------------------------
| eval/                   |             |
|    mean_ep_length       | 200         |
|    mean_reward          | -163        |
|    success_rate         | 0           |
| time/                   |             |
|    total_timesteps      | 15000       |
| train/                  |             |
|    approx_kl            | 0.019261435 |
|    clip_fraction        | 0.11        |
|    clip_range           | 0.2         |
|    entropy_loss         | -9.73       |
|    explained_variance   | 0.00154     |
|    learning_rate        | 0.0003      |
|    loss                 | 3.28        |
|    n_updates            | 70          |
|    policy_gradient_loss | -0.0156     |
|    std                  | 0.97        |
|    value_loss           | 19.2        |
-----------------------------------------
---------------------------------
| rollout/           |          |
|    ep_len_mean     | 200      |
|    ep_rew_mean     | -176     |
|    success_rate    | 0        |
| time/              |          |
|    fps             | 863      |
|    iterations      | 8        |
|    time_elapsed    | 18       |
|    total_timesteps | 16384    |
---------------------------------
----------------------------------------
| rollout/                |            |
|    ep_len_mean          | 200        |
|    ep_rew_mean          | -172       |
|    success_rate         | 0          |
| time/                   |            |
|    fps                  | 901        |
|    iterations           | 9          |
|    time_elapsed         | 20         |
|    total_timesteps      | 18432      |
| train/                  |            |
|    approx_kl            | 0.01782034 |
|    clip_fraction        | 0.107      |
|    clip_range           | 0.2        |
|    entropy_loss         | -9.7       |
|    explained_variance   | 0.00176    |
|    learning_rate        | 0.0003     |
|    loss                 | 3.09       |
|    n_updates            | 80         |
|    policy_gradient_loss | -0.0127    |
|    std                  | 0.965      |
|    value_loss           | 16.6       |
----------------------------------------
Eval num_timesteps=20000, episode_reward=-142.50 +/- 22.67
Episode length: 200.00 +/- 0.00
Success rate: 0.00%
-----------------------------------------
| eval/                   |             |
|    mean_ep_length       | 200         |
|    mean_reward          | -142        |
|    success_rate         | 0           |
| time/                   |             |
|    total_timesteps      | 20000       |
| train/                  |             |
|    approx_kl            | 0.012374565 |
|    clip_fraction        | 0.0883      |
|    clip_range           | 0.2         |
|    entropy_loss         | -9.67       |
|    explained_variance   | 0.252       |
|    learning_rate        | 0.0003      |
|    loss                 | 0.809       |
|    n_updates            | 90          |
|    policy_gradient_loss | -0.0114     |
|    std                  | 0.96        |
|    value_loss           | 5.65        |
-----------------------------------------
New best mean reward!
---------------------------------
| rollout/           |          |
|    ep_len_mean     | 200      |
|    ep_rew_mean     | -171     |
|    success_rate    | 0        |
| time/              |          |
|    fps             | 840      |
|    iterations      | 10       |
|    time_elapsed    | 24       |
|    total_timesteps | 20480    |
---------------------------------
-----------------------------------------
| rollout/                |             |
|    ep_len_mean          | 200         |
|    ep_rew_mean          | -169        |
|    success_rate         | 0           |
| time/                   |             |
|    fps                  | 872         |
|    iterations           | 11          |
|    time_elapsed         | 25          |
|    total_timesteps      | 22528       |
| train/                  |             |
|    approx_kl            | 0.012959047 |
|    clip_fraction        | 0.113       |
|    clip_range           | 0.2         |
|    entropy_loss         | -9.63       |
|    explained_variance   | 0.651       |
|    learning_rate        | 0.0003      |
|    loss                 | 0.789       |
|    n_updates            | 100         |
|    policy_gradient_loss | -0.0137     |
|    std                  | 0.956       |
|    value_loss           | 5.33        |
-----------------------------------------
-----------------------------------------
| rollout/                |             |
|    ep_len_mean          | 200         |
|    ep_rew_mean          | -165        |
|    success_rate         | 0           |
| time/                   |             |
|    fps                  | 901         |
|    iterations           | 12          |
|    time_elapsed         | 27          |
|    total_timesteps      | 24576       |
| train/                  |             |
|    approx_kl            | 0.019779524 |
|    clip_fraction        | 0.226       |
|    clip_range           | 0.2         |
|    entropy_loss         | -9.59       |
|    explained_variance   | 0.901       |
|    learning_rate        | 0.0003      |
|    loss                 | 0.423       |
|    n_updates            | 110         |
|    policy_gradient_loss | -0.0258     |
|    std                  | 0.952       |
|    value_loss           | 2.15        |
-----------------------------------------
Eval num_timesteps=25000, episode_reward=-121.81 +/- 21.24
Episode length: 200.00 +/- 0.00
Success rate: 0.00%
-----------------------------------------
| eval/                   |             |
|    mean_ep_length       | 200         |
|    mean_reward          | -122        |
|    success_rate         | 0           |
| time/                   |             |
|    total_timesteps      | 25000       |
| train/                  |             |
|    approx_kl            | 0.016310275 |
|    clip_fraction        | 0.203       |
|    clip_range           | 0.2         |
|    entropy_loss         | -9.56       |
|    explained_variance   | 0.955       |
|    learning_rate        | 0.0003      |
|    loss                 | 1.26        |
|    n_updates            | 120         |
|    policy_gradient_loss | -0.0233     |
|    std                  | 0.946       |
|    value_loss           | 1.93        |
-----------------------------------------
New best mean reward!
---------------------------------
| rollout/           |          |
|    ep_len_mean     | 200      |
|    ep_rew_mean     | -159     |
|    success_rate    | 0        |
| time/              |          |
|    fps             | 851      |
|    iterations      | 13       |
|    time_elapsed    | 31       |
|    total_timesteps | 26624    |
---------------------------------
-----------------------------------------
| rollout/                |             |
|    ep_len_mean          | 200         |
|    ep_rew_mean          | -154        |
|    success_rate         | 0           |
| time/                   |             |
|    fps                  | 875         |
|    iterations           | 14          |
|    time_elapsed         | 32          |
|    total_timesteps      | 28672       |
| train/                  |             |
|    approx_kl            | 0.013804751 |
|    clip_fraction        | 0.182       |
|    clip_range           | 0.2         |
|    entropy_loss         | -9.52       |
|    explained_variance   | 0.963       |
|    learning_rate        | 0.0003      |
|    loss                 | 0.882       |
|    n_updates            | 130         |
|    policy_gradient_loss | -0.0254     |
|    std                  | 0.94        |
|    value_loss           | 3.07        |
-----------------------------------------
Eval num_timesteps=30000, episode_reward=-114.23 +/- 11.71
Episode length: 200.00 +/- 0.00
Success rate: 0.00%
-----------------------------------------
| eval/                   |             |
|    mean_ep_length       | 200         |
|    mean_reward          | -114        |
|    success_rate         | 0           |
| time/                   |             |
|    total_timesteps      | 30000       |
| train/                  |             |
|    approx_kl            | 0.015940826 |
|    clip_fraction        | 0.189       |
|    clip_range           | 0.2         |
|    entropy_loss         | -9.49       |
|    explained_variance   | 0.967       |
|    learning_rate        | 0.0003      |
|    loss                 | 0.582       |
|    n_updates            | 140         |
|    policy_gradient_loss | -0.0261     |
|    std                  | 0.938       |
|    value_loss           | 2.16        |
-----------------------------------------
New best mean reward!
---------------------------------
| rollout/           |          |
|    ep_len_mean     | 200      |
|    ep_rew_mean     | -148     |
|    success_rate    | 0        |
| time/              |          |
|    fps             | 831      |
|    iterations      | 15       |
|    time_elapsed    | 36       |
|    total_timesteps | 30720    |
---------------------------------
-----------------------------------------
| rollout/                |             |
|    ep_len_mean          | 200         |
|    ep_rew_mean          | -143        |
|    success_rate         | 0           |
| time/                   |             |
|    fps                  | 853         |
|    iterations           | 16          |
|    time_elapsed         | 38          |
|    total_timesteps      | 32768       |
| train/                  |             |
|    approx_kl            | 0.013928806 |
|    clip_fraction        | 0.149       |
|    clip_range           | 0.2         |
|    entropy_loss         | -9.47       |
|    explained_variance   | 0.966       |
|    learning_rate        | 0.0003      |
|    loss                 | 0.973       |
|    n_updates            | 150         |
|    policy_gradient_loss | -0.0198     |
|    std                  | 0.934       |
|    value_loss           | 2.83        |
-----------------------------------------
-----------------------------------------
| rollout/                |             |
|    ep_len_mean          | 200         |
|    ep_rew_mean          | -137        |
|    success_rate         | 0           |
| time/                   |             |
|    fps                  | 873         |
|    iterations           | 17          |
|    time_elapsed         | 39          |
|    total_timesteps      | 34816       |
| train/                  |             |
|    approx_kl            | 0.013018333 |
|    clip_fraction        | 0.134       |
|    clip_range           | 0.2         |
|    entropy_loss         | -9.43       |
|    explained_variance   | 0.969       |
|    learning_rate        | 0.0003      |
|    loss                 | 0.711       |
|    n_updates            | 160         |
|    policy_gradient_loss | -0.0165     |
|    std                  | 0.93        |
|    value_loss           | 2.12        |
-----------------------------------------
Eval num_timesteps=35000, episode_reward=-125.56 +/- 14.04
Episode length: 200.00 +/- 0.00
Success rate: 0.00%
----------------------------------------
| eval/                   |            |
|    mean_ep_length       | 200        |
|    mean_reward          | -126       |
|    success_rate         | 0          |
| time/                   |            |
|    total_timesteps      | 35000      |
| train/                  |            |
|    approx_kl            | 0.01274148 |
|    clip_fraction        | 0.144      |
|    clip_range           | 0.2        |
|    entropy_loss         | -9.39      |
|    explained_variance   | 0.97       |
|    learning_rate        | 0.0003     |
|    loss                 | 0.682      |
|    n_updates            | 170        |
|    policy_gradient_loss | -0.0166    |
|    std                  | 0.924      |
|    value_loss           | 2          |
----------------------------------------
---------------------------------
| rollout/           |          |
|    ep_len_mean     | 200      |
|    ep_rew_mean     | -133     |
|    success_rate    | 0        |
| time/              |          |
|    fps             | 833      |
|    iterations      | 18       |
|    time_elapsed    | 44       |
|    total_timesteps | 36864    |
---------------------------------
-----------------------------------------
| rollout/                |             |
|    ep_len_mean          | 200         |
|    ep_rew_mean          | -130        |
|    success_rate         | 0           |
| time/                   |             |
|    fps                  | 850         |
|    iterations           | 19          |
|    time_elapsed         | 45          |
|    total_timesteps      | 38912       |
| train/                  |             |
|    approx_kl            | 0.011288112 |
|    clip_fraction        | 0.116       |
|    clip_range           | 0.2         |
|    entropy_loss         | -9.36       |
|    explained_variance   | 0.916       |
|    learning_rate        | 0.0003      |
|    loss                 | 0.902       |
|    n_updates            | 180         |
|    policy_gradient_loss | -0.0152     |
|    std                  | 0.92        |
|    value_loss           | 2.24        |
-----------------------------------------
Eval num_timesteps=40000, episode_reward=-121.01 +/- 20.74
Episode length: 200.00 +/- 0.00
Success rate: 0.00%
-----------------------------------------
| eval/                   |             |
|    mean_ep_length       | 200         |
|    mean_reward          | -121        |
|    success_rate         | 0           |
| time/                   |             |
|    total_timesteps      | 40000       |
| train/                  |             |
|    approx_kl            | 0.012018493 |
|    clip_fraction        | 0.136       |
|    clip_range           | 0.2         |
|    entropy_loss         | -9.34       |
|    explained_variance   | 0.887       |
|    learning_rate        | 0.0003      |
|    loss                 | 0.495       |
|    n_updates            | 190         |
|    policy_gradient_loss | -0.0161     |
|    std                  | 0.919       |
|    value_loss           | 2.05        |
-----------------------------------------
---------------------------------
| rollout/           |          |
|    ep_len_mean     | 200      |
|    ep_rew_mean     | -127     |
|    success_rate    | 0        |
| time/              |          |
|    fps             | 811      |
|    iterations      | 20       |
|    time_elapsed    | 50       |
|    total_timesteps | 40960    |
---------------------------------
-----------------------------------------
| rollout/                |             |
|    ep_len_mean          | 200         |
|    ep_rew_mean          | -123        |
|    success_rate         | 0           |
| time/                   |             |
|    fps                  | 827         |
|    iterations           | 21          |
|    time_elapsed         | 51          |
|    total_timesteps      | 43008       |
| train/                  |             |
|    approx_kl            | 0.012968438 |
|    clip_fraction        | 0.136       |
|    clip_range           | 0.2         |
|    entropy_loss         | -9.31       |
|    explained_variance   | 0.972       |
|    learning_rate        | 0.0003      |
|    loss                 | 0.545       |
|    n_updates            | 200         |
|    policy_gradient_loss | -0.0194     |
|    std                  | 0.912       |
|    value_loss           | 1.67        |
-----------------------------------------
Eval num_timesteps=45000, episode_reward=-114.84 +/- 17.07
Episode length: 200.00 +/- 0.00
Success rate: 0.00%
-----------------------------------------
| eval/                   |             |
|    mean_ep_length       | 200         |
|    mean_reward          | -115        |
|    success_rate         | 0           |
| time/                   |             |
|    total_timesteps      | 45000       |
| train/                  |             |
|    approx_kl            | 0.015073648 |
|    clip_fraction        | 0.171       |
|    clip_range           | 0.2         |
|    entropy_loss         | -9.27       |
|    explained_variance   | 0.986       |
|    learning_rate        | 0.0003      |
|    loss                 | 0.258       |
|    n_updates            | 210         |
|    policy_gradient_loss | -0.0194     |
|    std                  | 0.909       |
|    value_loss           | 1.04        |
-----------------------------------------
---------------------------------
| rollout/           |          |
|    ep_len_mean     | 200      |
|    ep_rew_mean     | -119     |
|    success_rate    | 0        |
| time/              |          |
|    fps             | 795      |
|    iterations      | 22       |
|    time_elapsed    | 56       |
|    total_timesteps | 45056    |
---------------------------------
-----------------------------------------
| rollout/                |             |
|    ep_len_mean          | 200         |
|    ep_rew_mean          | -118        |
|    success_rate         | 0           |
| time/                   |             |
|    fps                  | 809         |
|    iterations           | 23          |
|    time_elapsed         | 58          |
|    total_timesteps      | 47104       |
| train/                  |             |
|    approx_kl            | 0.014772246 |
|    clip_fraction        | 0.183       |
|    clip_range           | 0.2         |
|    entropy_loss         | -9.23       |
|    explained_variance   | 0.98        |
|    learning_rate        | 0.0003      |
|    loss                 | 0.311       |
|    n_updates            | 220         |
|    policy_gradient_loss | -0.021      |
|    std                  | 0.902       |
|    value_loss           | 0.911       |
-----------------------------------------
-----------------------------------------
| rollout/                |             |
|    ep_len_mean          | 200         |
|    ep_rew_mean          | -117        |
|    success_rate         | 0           |
| time/                   |             |
|    fps                  | 823         |
|    iterations           | 24          |
|    time_elapsed         | 59          |
|    total_timesteps      | 49152       |
| train/                  |             |
|    approx_kl            | 0.014029458 |
|    clip_fraction        | 0.179       |
|    clip_range           | 0.2         |
|    entropy_loss         | -9.19       |
|    explained_variance   | 0.992       |
|    learning_rate        | 0.0003      |
|    loss                 | 0.685       |
|    n_updates            | 230         |
|    policy_gradient_loss | -0.0252     |
|    std                  | 0.898       |
|    value_loss           | 1.71        |
-----------------------------------------
Eval num_timesteps=50000, episode_reward=-101.91 +/- 13.26
Episode length: 200.00 +/- 0.00
Success rate: 0.00%
----------------------------------------
| eval/                   |            |
|    mean_ep_length       | 200        |
|    mean_reward          | -102       |
|    success_rate         | 0          |
| time/                   |            |
|    total_timesteps      | 50000      |
| train/                  |            |
|    approx_kl            | 0.01580419 |
|    clip_fraction        | 0.178      |
|    clip_range           | 0.2        |
|    entropy_loss         | -9.16      |
|    explained_variance   | 0.992      |
|    learning_rate        | 0.0003     |
|    loss                 | 0.616      |
|    n_updates            | 240        |
|    policy_gradient_loss | -0.0184    |
|    std                  | 0.895      |
|    value_loss           | 1.17       |
----------------------------------------
New best mean reward!
---------------------------------
| rollout/           |          |
|    ep_len_mean     | 200      |
|    ep_rew_mean     | -116     |
|    success_rate    | 0        |
| time/              |          |
|    fps             | 796      |
|    iterations      | 25       |
|    time_elapsed    | 64       |
|    total_timesteps | 51200    |
---------------------------------
-----------------------------------------
| rollout/                |             |
|    ep_len_mean          | 200         |
|    ep_rew_mean          | -115        |
|    success_rate         | 0           |
| time/                   |             |
|    fps                  | 808         |
|    iterations           | 26          |
|    time_elapsed         | 65          |
|    total_timesteps      | 53248       |
| train/                  |             |
|    approx_kl            | 0.012047578 |
|    clip_fraction        | 0.141       |
|    clip_range           | 0.2         |
|    entropy_loss         | -9.11       |
|    explained_variance   | 0.99        |
|    learning_rate        | 0.0003      |
|    loss                 | 0.441       |
|    n_updates            | 250         |
|    policy_gradient_loss | -0.0178     |
|    std                  | 0.887       |
|    value_loss           | 1.08        |
-----------------------------------------
Eval num_timesteps=55000, episode_reward=-94.85 +/- 14.61
Episode length: 200.00 +/- 0.00
Success rate: 0.00%
-----------------------------------------
| eval/                   |             |
|    mean_ep_length       | 200         |
|    mean_reward          | -94.8       |
|    success_rate         | 0           |
| time/                   |             |
|    total_timesteps      | 55000       |
| train/                  |             |
|    approx_kl            | 0.013042146 |
|    clip_fraction        | 0.155       |
|    clip_range           | 0.2         |
|    entropy_loss         | -9.08       |
|    explained_variance   | 0.991       |
|    learning_rate        | 0.0003      |
|    loss                 | 0.267       |
|    n_updates            | 260         |
|    policy_gradient_loss | -0.0174     |
|    std                  | 0.884       |
|    value_loss           | 0.88        |
-----------------------------------------
New best mean reward!
---------------------------------
| rollout/           |          |
|    ep_len_mean     | 200      |
|    ep_rew_mean     | -114     |
|    success_rate    | 0        |
| time/              |          |
|    fps             | 788      |
|    iterations      | 27       |
|    time_elapsed    | 70       |
|    total_timesteps | 55296    |
---------------------------------
-----------------------------------------
| rollout/                |             |
|    ep_len_mean          | 200         |
|    ep_rew_mean          | -112        |
|    success_rate         | 0           |
| time/                   |             |
|    fps                  | 800         |
|    iterations           | 28          |
|    time_elapsed         | 71          |
|    total_timesteps      | 57344       |
| train/                  |             |
|    approx_kl            | 0.013849666 |
|    clip_fraction        | 0.173       |
|    clip_range           | 0.2         |
|    entropy_loss         | -9.04       |
|    explained_variance   | 0.99        |
|    learning_rate        | 0.0003      |
|    loss                 | 0.214       |
|    n_updates            | 270         |
|    policy_gradient_loss | -0.0184     |
|    std                  | 0.88        |
|    value_loss           | 0.741       |
-----------------------------------------
-----------------------------------------
| rollout/                |             |
|    ep_len_mean          | 200         |
|    ep_rew_mean          | -109        |
|    success_rate         | 0           |
| time/                   |             |
|    fps                  | 811         |
|    iterations           | 29          |
|    time_elapsed         | 73          |
|    total_timesteps      | 59392       |
| train/                  |             |
|    approx_kl            | 0.015799612 |
|    clip_fraction        | 0.212       |
|    clip_range           | 0.2         |
|    entropy_loss         | -9.01       |
|    explained_variance   | 0.993       |
|    learning_rate        | 0.0003      |
|    loss                 | 0.148       |
|    n_updates            | 280         |
|    policy_gradient_loss | -0.0223     |
|    std                  | 0.875       |
|    value_loss           | 0.605       |
-----------------------------------------
Eval num_timesteps=60000, episode_reward=-92.38 +/- 8.92
Episode length: 200.00 +/- 0.00
Success rate: 0.00%
-----------------------------------------
| eval/                   |             |
|    mean_ep_length       | 200         |
|    mean_reward          | -92.4       |
|    success_rate         | 0           |
| time/                   |             |
|    total_timesteps      | 60000       |
| train/                  |             |
|    approx_kl            | 0.017765759 |
|    clip_fraction        | 0.172       |
|    clip_range           | 0.2         |
|    entropy_loss         | -8.98       |
|    explained_variance   | 0.995       |
|    learning_rate        | 0.0003      |
|    loss                 | 0.279       |
|    n_updates            | 290         |
|    policy_gradient_loss | -0.0184     |
|    std                  | 0.873       |
|    value_loss           | 0.645       |
-----------------------------------------
New best mean reward!
---------------------------------
| rollout/           |          |
|    ep_len_mean     | 200      |
|    ep_rew_mean     | -105     |
|    success_rate    | 0        |
| time/              |          |
|    fps             | 792      |
|    iterations      | 30       |
|    time_elapsed    | 77       |
|    total_timesteps | 61440    |
---------------------------------
-----------------------------------------
| rollout/                |             |
|    ep_len_mean          | 199         |
|    ep_rew_mean          | -102        |
|    success_rate         | 0.01        |
| time/                   |             |
|    fps                  | 803         |
|    iterations           | 31          |
|    time_elapsed         | 79          |
|    total_timesteps      | 63488       |
| train/                  |             |
|    approx_kl            | 0.016072318 |
|    clip_fraction        | 0.172       |
|    clip_range           | 0.2         |
|    entropy_loss         | -8.95       |
|    explained_variance   | 0.993       |
|    learning_rate        | 0.0003      |
|    loss                 | 0.42        |
|    n_updates            | 300         |
|    policy_gradient_loss | -0.0167     |
|    std                  | 0.869       |
|    value_loss           | 0.71        |
-----------------------------------------
Eval num_timesteps=65000, episode_reward=-78.78 +/- 13.93
Episode length: 189.83 +/- 26.39
Success rate: 3.33%
-----------------------------------------
| eval/                   |             |
|    mean_ep_length       | 190         |
|    mean_reward          | -78.8       |
|    success_rate         | 0.0333      |
| time/                   |             |
|    total_timesteps      | 65000       |
| train/                  |             |
|    approx_kl            | 0.015357272 |
|    clip_fraction        | 0.169       |
|    clip_range           | 0.2         |
|    entropy_loss         | -8.93       |
|    explained_variance   | 0.993       |
|    learning_rate        | 0.0003      |
|    loss                 | 0.201       |
|    n_updates            | 310         |
|    policy_gradient_loss | -0.0161     |
|    std                  | 0.867       |
|    value_loss           | 0.942       |
-----------------------------------------
New best mean reward!
---------------------------------
| rollout/           |          |
|    ep_len_mean     | 199      |
|    ep_rew_mean     | -98.4    |
|    success_rate    | 0.02     |
| time/              |          |
|    fps             | 789      |
|    iterations      | 32       |
|    time_elapsed    | 82       |
|    total_timesteps | 65536    |
---------------------------------
-----------------------------------------
| rollout/                |             |
|    ep_len_mean          | 199         |
|    ep_rew_mean          | -95.6       |
|    success_rate         | 0.02        |
| time/                   |             |
|    fps                  | 800         |
|    iterations           | 33          |
|    time_elapsed         | 84          |
|    total_timesteps      | 67584       |
| train/                  |             |
|    approx_kl            | 0.017820228 |
|    clip_fraction        | 0.188       |
|    clip_range           | 0.2         |
|    entropy_loss         | -8.9        |
|    explained_variance   | 0.994       |
|    learning_rate        | 0.0003      |
|    loss                 | 0.908       |
|    n_updates            | 320         |
|    policy_gradient_loss | -0.0162     |
|    std                  | 0.86        |
|    value_loss           | 1.1         |
-----------------------------------------
-----------------------------------------
| rollout/                |             |
|    ep_len_mean          | 199         |
|    ep_rew_mean          | -92.8       |
|    success_rate         | 0.02        |
| time/                   |             |
|    fps                  | 810         |
|    iterations           | 34          |
|    time_elapsed         | 85          |
|    total_timesteps      | 69632       |
| train/                  |             |
|    approx_kl            | 0.018011227 |
|    clip_fraction        | 0.217       |
|    clip_range           | 0.2         |
|    entropy_loss         | -8.82       |
|    explained_variance   | 0.997       |
|    learning_rate        | 0.0003      |
|    loss                 | 0.135       |
|    n_updates            | 330         |
|    policy_gradient_loss | -0.0199     |
|    std                  | 0.849       |
|    value_loss           | 0.483       |
-----------------------------------------
Eval num_timesteps=70000, episode_reward=-79.69 +/- 20.01
Episode length: 187.97 +/- 30.96
Success rate: 6.67%
---------------------------------------
| eval/                   |           |
|    mean_ep_length       | 188       |
|    mean_reward          | -79.7     |
|    success_rate         | 0.0667    |
| time/                   |           |
|    total_timesteps      | 70000     |
| train/                  |           |
|    approx_kl            | 0.0097435 |
|    clip_fraction        | 0.128     |
|    clip_range           | 0.2       |
|    entropy_loss         | -8.75     |
|    explained_variance   | 0.993     |
|    learning_rate        | 0.0003    |
|    loss                 | 0.124     |
|    n_updates            | 340       |
|    policy_gradient_loss | -0.0107   |
|    std                  | 0.843     |
|    value_loss           | 0.614     |
---------------------------------------
---------------------------------
| rollout/           |          |
|    ep_len_mean     | 198      |
|    ep_rew_mean     | -88.7    |
|    success_rate    | 0.04     |
| time/              |          |
|    fps             | 798      |
|    iterations      | 35       |
|    time_elapsed    | 89       |
|    total_timesteps | 71680    |
---------------------------------
----------------------------------------
| rollout/                |            |
|    ep_len_mean          | 198        |
|    ep_rew_mean          | -85.2      |
|    success_rate         | 0.04       |
| time/                   |            |
|    fps                  | 808        |
|    iterations           | 36         |
|    time_elapsed         | 91         |
|    total_timesteps      | 73728      |
| train/                  |            |
|    approx_kl            | 0.01218535 |
|    clip_fraction        | 0.135      |
|    clip_range           | 0.2        |
|    entropy_loss         | -8.73      |
|    explained_variance   | 0.986      |
|    learning_rate        | 0.0003     |
|    loss                 | 0.388      |
|    n_updates            | 350        |
|    policy_gradient_loss | -0.0124    |
|    std                  | 0.841      |
|    value_loss           | 1.55       |
----------------------------------------
Eval num_timesteps=75000, episode_reward=-76.35 +/- 17.07
Episode length: 193.80 +/- 23.20
Success rate: 6.67%
-----------------------------------------
| eval/                   |             |
|    mean_ep_length       | 194         |
|    mean_reward          | -76.3       |
|    success_rate         | 0.0667      |
| time/                   |             |
|    total_timesteps      | 75000       |
| train/                  |             |
|    approx_kl            | 0.013458461 |
|    clip_fraction        | 0.154       |
|    clip_range           | 0.2         |
|    entropy_loss         | -8.69       |
|    explained_variance   | 0.991       |
|    learning_rate        | 0.0003      |
|    loss                 | 0.109       |
|    n_updates            | 360         |
|    policy_gradient_loss | -0.0129     |
|    std                  | 0.837       |
|    value_loss           | 0.604       |
-----------------------------------------
New best mean reward!
---------------------------------
| rollout/           |          |
|    ep_len_mean     | 197      |
|    ep_rew_mean     | -81.1    |
|    success_rate    | 0.06     |
| time/              |          |
|    fps             | 796      |
|    iterations      | 37       |
|    time_elapsed    | 95       |
|    total_timesteps | 75776    |
---------------------------------
-----------------------------------------
| rollout/                |             |
|    ep_len_mean          | 196         |
|    ep_rew_mean          | -78.3       |
|    success_rate         | 0.07        |
| time/                   |             |
|    fps                  | 805         |
|    iterations           | 38          |
|    time_elapsed         | 96          |
|    total_timesteps      | 77824       |
| train/                  |             |
|    approx_kl            | 0.012794787 |
|    clip_fraction        | 0.154       |
|    clip_range           | 0.2         |
|    entropy_loss         | -8.67       |
|    explained_variance   | 0.989       |
|    learning_rate        | 0.0003      |
|    loss                 | 0.368       |
|    n_updates            | 370         |
|    policy_gradient_loss | -0.0149     |
|    std                  | 0.836       |
|    value_loss           | 1.28        |
-----------------------------------------
-----------------------------------------
| rollout/                |             |
|    ep_len_mean          | 194         |
|    ep_rew_mean          | -74.1       |
|    success_rate         | 0.1         |
| time/                   |             |
|    fps                  | 813         |
|    iterations           | 39          |
|    time_elapsed         | 98          |
|    total_timesteps      | 79872       |
| train/                  |             |
|    approx_kl            | 0.013671877 |
|    clip_fraction        | 0.198       |
|    clip_range           | 0.2         |
|    entropy_loss         | -8.66       |
|    explained_variance   | 0.995       |
|    learning_rate        | 0.0003      |
|    loss                 | 0.317       |
|    n_updates            | 380         |
|    policy_gradient_loss | -0.0129     |
|    std                  | 0.835       |
|    value_loss           | 0.854       |
-----------------------------------------
Eval num_timesteps=80000, episode_reward=-64.88 +/- 14.27
Episode length: 187.77 +/- 28.50
Success rate: 10.00%
-----------------------------------------
| eval/                   |             |
|    mean_ep_length       | 188         |
|    mean_reward          | -64.9       |
|    success_rate         | 0.1         |
| time/                   |             |
|    total_timesteps      | 80000       |
| train/                  |             |
|    approx_kl            | 0.012384602 |
|    clip_fraction        | 0.153       |
|    clip_range           | 0.2         |
|    entropy_loss         | -8.63       |
|    explained_variance   | 0.987       |
|    learning_rate        | 0.0003      |
|    loss                 | 0.288       |
|    n_updates            | 390         |
|    policy_gradient_loss | -0.0135     |
|    std                  | 0.83        |
|    value_loss           | 2.15        |
-----------------------------------------
New best mean reward!
---------------------------------
| rollout/           |          |
|    ep_len_mean     | 191      |
|    ep_rew_mean     | -69.7    |
|    success_rate    | 0.14     |
| time/              |          |
|    fps             | 803      |
|    iterations      | 40       |
|    time_elapsed    | 102      |
|    total_timesteps | 81920    |
---------------------------------
-----------------------------------------
| rollout/                |             |
|    ep_len_mean          | 189         |
|    ep_rew_mean          | -68.2       |
|    success_rate         | 0.15        |
| time/                   |             |
|    fps                  | 811         |
|    iterations           | 41          |
|    time_elapsed         | 103         |
|    total_timesteps      | 83968       |
| train/                  |             |
|    approx_kl            | 0.010549233 |
|    clip_fraction        | 0.0782      |
|    clip_range           | 0.2         |
|    entropy_loss         | -8.61       |
|    explained_variance   | 0.971       |
|    learning_rate        | 0.0003      |
|    loss                 | 2.83        |
|    n_updates            | 400         |
|    policy_gradient_loss | -0.00733    |
|    std                  | 0.829       |
|    value_loss           | 5.92        |
-----------------------------------------
Eval num_timesteps=85000, episode_reward=-62.45 +/- 16.92
Episode length: 180.23 +/- 36.89
Success rate: 13.33%
-----------------------------------------
| eval/                   |             |
|    mean_ep_length       | 180         |
|    mean_reward          | -62.5       |
|    success_rate         | 0.133       |
| time/                   |             |
|    total_timesteps      | 85000       |
| train/                  |             |
|    approx_kl            | 0.010804551 |
|    clip_fraction        | 0.146       |
|    clip_range           | 0.2         |
|    entropy_loss         | -8.6        |
|    explained_variance   | 0.976       |
|    learning_rate        | 0.0003      |
|    loss                 | 0.463       |
|    n_updates            | 410         |
|    policy_gradient_loss | -0.0102     |
|    std                  | 0.827       |
|    value_loss           | 4.16        |
-----------------------------------------
New best mean reward!
---------------------------------
| rollout/           |          |
|    ep_len_mean     | 190      |
|    ep_rew_mean     | -66.9    |
|    success_rate    | 0.14     |
| time/              |          |
|    fps             | 801      |
|    iterations      | 42       |
|    time_elapsed    | 107      |
|    total_timesteps | 86016    |
---------------------------------
----------------------------------------
| rollout/                |            |
|    ep_len_mean          | 189        |
|    ep_rew_mean          | -64.8      |
|    success_rate         | 0.16       |
| time/                   |            |
|    fps                  | 809        |
|    iterations           | 43         |
|    time_elapsed         | 108        |
|    total_timesteps      | 88064      |
| train/                  |            |
|    approx_kl            | 0.01536902 |
|    clip_fraction        | 0.189      |
|    clip_range           | 0.2        |
|    entropy_loss         | -8.57      |
|    explained_variance   | 0.996      |
|    learning_rate        | 0.0003     |
|    loss                 | 0.201      |
|    n_updates            | 420        |
|    policy_gradient_loss | -0.0161    |
|    std                  | 0.823      |
|    value_loss           | 0.49       |
----------------------------------------
Eval num_timesteps=90000, episode_reward=-57.45 +/- 15.38
Episode length: 179.30 +/- 38.08
Success rate: 16.67%
-----------------------------------------
| eval/                   |             |
|    mean_ep_length       | 179         |
|    mean_reward          | -57.4       |
|    success_rate         | 0.167       |
| time/                   |             |
|    total_timesteps      | 90000       |
| train/                  |             |
|    approx_kl            | 0.013823504 |
|    clip_fraction        | 0.174       |
|    clip_range           | 0.2         |
|    entropy_loss         | -8.55       |
|    explained_variance   | 0.993       |
|    learning_rate        | 0.0003      |
|    loss                 | 0.351       |
|    n_updates            | 430         |
|    policy_gradient_loss | -0.0153     |
|    std                  | 0.821       |
|    value_loss           | 1.25        |
-----------------------------------------
New best mean reward!
---------------------------------
| rollout/           |          |
|    ep_len_mean     | 190      |
|    ep_rew_mean     | -64.1    |
|    success_rate    | 0.15     |
| time/              |          |
|    fps             | 799      |
|    iterations      | 44       |
|    time_elapsed    | 112      |
|    total_timesteps | 90112    |
---------------------------------
-----------------------------------------
| rollout/                |             |
|    ep_len_mean          | 188         |
|    ep_rew_mean          | -62.3       |
|    success_rate         | 0.17        |
| time/                   |             |
|    fps                  | 807         |
|    iterations           | 45          |
|    time_elapsed         | 114         |
|    total_timesteps      | 92160       |
| train/                  |             |
|    approx_kl            | 0.014243772 |
|    clip_fraction        | 0.172       |
|    clip_range           | 0.2         |
|    entropy_loss         | -8.5        |
|    explained_variance   | 0.992       |
|    learning_rate        | 0.0003      |
|    loss                 | 0.184       |
|    n_updates            | 440         |
|    policy_gradient_loss | -0.0133     |
|    std                  | 0.815       |
|    value_loss           | 1.29        |
-----------------------------------------
-----------------------------------------
| rollout/                |             |
|    ep_len_mean          | 185         |
|    ep_rew_mean          | -61.4       |
|    success_rate         | 0.18        |
| time/                   |             |
|    fps                  | 813         |
|    iterations           | 46          |
|    time_elapsed         | 115         |
|    total_timesteps      | 94208       |
| train/                  |             |
|    approx_kl            | 0.012859019 |
|    clip_fraction        | 0.177       |
|    clip_range           | 0.2         |
|    entropy_loss         | -8.47       |
|    explained_variance   | 0.988       |
|    learning_rate        | 0.0003      |
|    loss                 | 0.297       |
|    n_updates            | 450         |
|    policy_gradient_loss | -0.0121     |
|    std                  | 0.812       |
|    value_loss           | 1.64        |
-----------------------------------------
Eval num_timesteps=95000, episode_reward=-60.27 +/- 11.42
Episode length: 189.97 +/- 27.31
Success rate: 6.67%
-----------------------------------------
| eval/                   |             |
|    mean_ep_length       | 190         |
|    mean_reward          | -60.3       |
|    success_rate         | 0.0667      |
| time/                   |             |
|    total_timesteps      | 95000       |
| train/                  |             |
|    approx_kl            | 0.011078862 |
|    clip_fraction        | 0.149       |
|    clip_range           | 0.2         |
|    entropy_loss         | -8.44       |
|    explained_variance   | 0.974       |
|    learning_rate        | 0.0003      |
|    loss                 | 0.348       |
|    n_updates            | 460         |
|    policy_gradient_loss | -0.00845    |
|    std                  | 0.808       |
|    value_loss           | 3.23        |
-----------------------------------------
---------------------------------
| rollout/           |          |
|    ep_len_mean     | 185      |
|    ep_rew_mean     | -61.4    |
|    success_rate    | 0.19     |
| time/              |          |
|    fps             | 803      |
|    iterations      | 47       |
|    time_elapsed    | 119      |
|    total_timesteps | 96256    |
---------------------------------
-----------------------------------------
| rollout/                |             |
|    ep_len_mean          | 186         |
|    ep_rew_mean          | -61.6       |
|    success_rate         | 0.18        |
| time/                   |             |
|    fps                  | 810         |
|    iterations           | 48          |
|    time_elapsed         | 121         |
|    total_timesteps      | 98304       |
| train/                  |             |
|    approx_kl            | 0.013503011 |
|    clip_fraction        | 0.167       |
|    clip_range           | 0.2         |
|    entropy_loss         | -8.4        |
|    explained_variance   | 0.99        |
|    learning_rate        | 0.0003      |
|    loss                 | 1.21        |
|    n_updates            | 470         |
|    policy_gradient_loss | -0.0106     |
|    std                  | 0.802       |
|    value_loss           | 1.35        |
-----------------------------------------
Eval num_timesteps=100000, episode_reward=-59.41 +/- 17.86
Episode length: 182.93 +/- 38.29
Success rate: 16.67%
-----------------------------------------
| eval/                   |             |
|    mean_ep_length       | 183         |
|    mean_reward          | -59.4       |
|    success_rate         | 0.167       |
| time/                   |             |
|    total_timesteps      | 100000      |
| train/                  |             |
|    approx_kl            | 0.014861581 |
|    clip_fraction        | 0.162       |
|    clip_range           | 0.2         |
|    entropy_loss         | -8.37       |
|    explained_variance   | 0.975       |
|    learning_rate        | 0.0003      |
|    loss                 | 0.234       |
|    n_updates            | 480         |
|    policy_gradient_loss | -0.00928    |
|    std                  | 0.802       |
|    value_loss           | 2.12        |
-----------------------------------------
---------------------------------
| rollout/           |          |
|    ep_len_mean     | 188      |
|    ep_rew_mean     | -62.2    |
|    success_rate    | 0.16     |
| time/              |          |
|    fps             | 801      |
|    iterations      | 49       |
|    time_elapsed    | 125      |
|    total_timesteps | 100352   |
---------------------------------
----------------------------------------
| rollout/                |            |
|    ep_len_mean          | 188        |
|    ep_rew_mean          | -61.6      |
|    success_rate         | 0.16       |
| time/                   |            |
|    fps                  | 808        |
|    iterations           | 50         |
|    time_elapsed         | 126        |
|    total_timesteps      | 102400     |
| train/                  |            |
|    approx_kl            | 0.01183106 |
|    clip_fraction        | 0.168      |
|    clip_range           | 0.2        |
|    entropy_loss         | -8.35      |
|    explained_variance   | 0.963      |
|    learning_rate        | 0.0003     |
|    loss                 | 0.678      |
|    n_updates            | 490        |
|    policy_gradient_loss | -0.0117    |
|    std                  | 0.8        |
|    value_loss           | 3.47       |
----------------------------------------
----------------------------------------
| rollout/                |            |
|    ep_len_mean          | 189        |
|    ep_rew_mean          | -61.1      |
|    success_rate         | 0.16       |
| time/                   |            |
|    fps                  | 815        |
|    iterations           | 51         |
|    time_elapsed         | 128        |
|    total_timesteps      | 104448     |
| train/                  |            |
|    approx_kl            | 0.01970715 |
|    clip_fraction        | 0.215      |
|    clip_range           | 0.2        |
|    entropy_loss         | -8.33      |
|    explained_variance   | 0.987      |
|    learning_rate        | 0.0003     |
|    loss                 | 0.0908     |
|    n_updates            | 500        |
|    policy_gradient_loss | -0.0143    |
|    std                  | 0.797      |
|    value_loss           | 0.512      |
----------------------------------------
Eval num_timesteps=105000, episode_reward=-56.06 +/- 17.41
Episode length: 176.87 +/- 42.04
Success rate: 20.00%
----------------------------------------
| eval/                   |            |
|    mean_ep_length       | 177        |
|    mean_reward          | -56.1      |
|    success_rate         | 0.2        |
| time/                   |            |
|    total_timesteps      | 105000     |
| train/                  |            |
|    approx_kl            | 0.01420148 |
|    clip_fraction        | 0.197      |
|    clip_range           | 0.2        |
|    entropy_loss         | -8.31      |
|    explained_variance   | 0.985      |
|    learning_rate        | 0.0003     |
|    loss                 | 0.0542     |
|    n_updates            | 510        |
|    policy_gradient_loss | -0.0136    |
|    std                  | 0.796      |
|    value_loss           | 1.01       |
----------------------------------------
New best mean reward!
---------------------------------
| rollout/           |          |
|    ep_len_mean     | 186      |
|    ep_rew_mean     | -60.4    |
|    success_rate    | 0.17     |
| time/              |          |
|    fps             | 807      |
|    iterations      | 52       |
|    time_elapsed    | 131      |
|    total_timesteps | 106496   |
---------------------------------
------------------------------------------
| rollout/                |              |
|    ep_len_mean          | 183          |
|    ep_rew_mean          | -58.7        |
|    success_rate         | 0.21         |
| time/                   |              |
|    fps                  | 813          |
|    iterations           | 53           |
|    time_elapsed         | 133          |
|    total_timesteps      | 108544       |
| train/                  |              |
|    approx_kl            | 0.0140079595 |
|    clip_fraction        | 0.153        |
|    clip_range           | 0.2          |
|    entropy_loss         | -8.28        |
|    explained_variance   | 0.978        |
|    learning_rate        | 0.0003       |
|    loss                 | 0.31         |
|    n_updates            | 520          |
|    policy_gradient_loss | -0.0114      |
|    std                  | 0.791        |
|    value_loss           | 1.43         |
------------------------------------------
Eval num_timesteps=110000, episode_reward=-51.96 +/- 10.49
Episode length: 185.30 +/- 33.40
Success rate: 10.00%
-----------------------------------------
| eval/                   |             |
|    mean_ep_length       | 185         |
|    mean_reward          | -52         |
|    success_rate         | 0.1         |
| time/                   |             |
|    total_timesteps      | 110000      |
| train/                  |             |
|    approx_kl            | 0.020124804 |
|    clip_fraction        | 0.231       |
|    clip_range           | 0.2         |
|    entropy_loss         | -8.24       |
|    explained_variance   | 0.989       |
|    learning_rate        | 0.0003      |
|    loss                 | 0.218       |
|    n_updates            | 530         |
|    policy_gradient_loss | -0.0178     |
|    std                  | 0.788       |
|    value_loss           | 0.853       |
-----------------------------------------
New best mean reward!
---------------------------------
| rollout/           |          |
|    ep_len_mean     | 184      |
|    ep_rew_mean     | -58.5    |
|    success_rate    | 0.21     |
| time/              |          |
|    fps             | 805      |
|    iterations      | 54       |
|    time_elapsed    | 137      |
|    total_timesteps | 110592   |
---------------------------------
-----------------------------------------
| rollout/                |             |
|    ep_len_mean          | 186         |
|    ep_rew_mean          | -57.9       |
|    success_rate         | 0.21        |
| time/                   |             |
|    fps                  | 811         |
|    iterations           | 55          |
|    time_elapsed         | 138         |
|    total_timesteps      | 112640      |
| train/                  |             |
|    approx_kl            | 0.015264086 |
|    clip_fraction        | 0.2         |
|    clip_range           | 0.2         |
|    entropy_loss         | -8.21       |
|    explained_variance   | 0.991       |
|    learning_rate        | 0.0003      |
|    loss                 | 0.0556      |
|    n_updates            | 540         |
|    policy_gradient_loss | -0.0149     |
|    std                  | 0.785       |
|    value_loss           | 0.476       |
-----------------------------------------
-----------------------------------------
| rollout/                |             |
|    ep_len_mean          | 186         |
|    ep_rew_mean          | -57.1       |
|    success_rate         | 0.2         |
| time/                   |             |
|    fps                  | 817         |
|    iterations           | 56          |
|    time_elapsed         | 140         |
|    total_timesteps      | 114688      |
| train/                  |             |
|    approx_kl            | 0.020134013 |
|    clip_fraction        | 0.208       |
|    clip_range           | 0.2         |
|    entropy_loss         | -8.2        |
|    explained_variance   | 0.989       |
|    learning_rate        | 0.0003      |
|    loss                 | 0.094       |
|    n_updates            | 550         |
|    policy_gradient_loss | -0.0154     |
|    std                  | 0.784       |
|    value_loss           | 0.548       |
-----------------------------------------
Eval num_timesteps=115000, episode_reward=-53.69 +/- 17.05
Episode length: 180.63 +/- 40.29
Success rate: 20.00%
-----------------------------------------
| eval/                   |             |
|    mean_ep_length       | 181         |
|    mean_reward          | -53.7       |
|    success_rate         | 0.2         |
| time/                   |             |
|    total_timesteps      | 115000      |
| train/                  |             |
|    approx_kl            | 0.015724074 |
|    clip_fraction        | 0.19        |
|    clip_range           | 0.2         |
|    entropy_loss         | -8.15       |
|    explained_variance   | 0.995       |
|    learning_rate        | 0.0003      |
|    loss                 | 0.124       |
|    n_updates            | 560         |
|    policy_gradient_loss | -0.0125     |
|    std                  | 0.777       |
|    value_loss           | 0.346       |
-----------------------------------------
---------------------------------
| rollout/           |          |
|    ep_len_mean     | 186      |
|    ep_rew_mean     | -56.3    |
|    success_rate    | 0.21     |
| time/              |          |
|    fps             | 809      |
|    iterations      | 57       |
|    time_elapsed    | 144      |
|    total_timesteps | 116736   |
---------------------------------
-----------------------------------------
| rollout/                |             |
|    ep_len_mean          | 184         |
|    ep_rew_mean          | -55.6       |
|    success_rate         | 0.21        |
| time/                   |             |
|    fps                  | 815         |
|    iterations           | 58          |
|    time_elapsed         | 145         |
|    total_timesteps      | 118784      |
| train/                  |             |
|    approx_kl            | 0.013614027 |
|    clip_fraction        | 0.185       |
|    clip_range           | 0.2         |
|    entropy_loss         | -8.11       |
|    explained_variance   | 0.995       |
|    learning_rate        | 0.0003      |
|    loss                 | 0.0397      |
|    n_updates            | 570         |
|    policy_gradient_loss | -0.0136     |
|    std                  | 0.773       |
|    value_loss           | 0.342       |
-----------------------------------------
Eval num_timesteps=120000, episode_reward=-53.38 +/- 19.40
Episode length: 167.67 +/- 47.65
Success rate: 20.00%
-----------------------------------------
| eval/                   |             |
|    mean_ep_length       | 168         |
|    mean_reward          | -53.4       |
|    success_rate         | 0.2         |
| time/                   |             |
|    total_timesteps      | 120000      |
| train/                  |             |
|    approx_kl            | 0.012132816 |
|    clip_fraction        | 0.174       |
|    clip_range           | 0.2         |
|    entropy_loss         | -8.1        |
|    explained_variance   | 0.986       |
|    learning_rate        | 0.0003      |
|    loss                 | 0.106       |
|    n_updates            | 580         |
|    policy_gradient_loss | -0.0128     |
|    std                  | 0.774       |
|    value_loss           | 0.647       |
-----------------------------------------
---------------------------------
| rollout/           |          |
|    ep_len_mean     | 183      |
|    ep_rew_mean     | -54.6    |
|    success_rate    | 0.23     |
| time/              |          |
|    fps             | 808      |
|    iterations      | 59       |
|    time_elapsed    | 149      |
|    total_timesteps | 120832   |
---------------------------------
-----------------------------------------
| rollout/                |             |
|    ep_len_mean          | 182         |
|    ep_rew_mean          | -54.2       |
|    success_rate         | 0.24        |
| time/                   |             |
|    fps                  | 813         |
|    iterations           | 60          |
|    time_elapsed         | 150         |
|    total_timesteps      | 122880      |
| train/                  |             |
|    approx_kl            | 0.013671059 |
|    clip_fraction        | 0.162       |
|    clip_range           | 0.2         |
|    entropy_loss         | -8.08       |
|    explained_variance   | 0.982       |
|    learning_rate        | 0.0003      |
|    loss                 | 0.321       |
|    n_updates            | 590         |
|    policy_gradient_loss | -0.0118     |
|    std                  | 0.769       |
|    value_loss           | 1.04        |
-----------------------------------------
-----------------------------------------
| rollout/                |             |
|    ep_len_mean          | 183         |
|    ep_rew_mean          | -53.8       |
|    success_rate         | 0.23        |
| time/                   |             |
|    fps                  | 819         |
|    iterations           | 61          |
|    time_elapsed         | 152         |
|    total_timesteps      | 124928      |
| train/                  |             |
|    approx_kl            | 0.015530441 |
|    clip_fraction        | 0.204       |
|    clip_range           | 0.2         |
|    entropy_loss         | -8.07       |
|    explained_variance   | 0.989       |
|    learning_rate        | 0.0003      |
|    loss                 | 0.299       |
|    n_updates            | 600         |
|    policy_gradient_loss | -0.0135     |
|    std                  | 0.771       |
|    value_loss           | 0.754       |
-----------------------------------------
Eval num_timesteps=125000, episode_reward=-48.85 +/- 18.25
Episode length: 166.97 +/- 50.80
Success rate: 26.67%
-----------------------------------------
| eval/                   |             |
|    mean_ep_length       | 167         |
|    mean_reward          | -48.8       |
|    success_rate         | 0.267       |
| time/                   |             |
|    total_timesteps      | 125000      |
| train/                  |             |
|    approx_kl            | 0.016715728 |
|    clip_fraction        | 0.198       |
|    clip_range           | 0.2         |
|    entropy_loss         | -8.07       |
|    explained_variance   | 0.993       |
|    learning_rate        | 0.0003      |
|    loss                 | 0.0423      |
|    n_updates            | 610         |
|    policy_gradient_loss | -0.0135     |
|    std                  | 0.77        |
|    value_loss           | 0.287       |
-----------------------------------------
New best mean reward!
---------------------------------
| rollout/           |          |
|    ep_len_mean     | 182      |
|    ep_rew_mean     | -53.7    |
|    success_rate    | 0.23     |
| time/              |          |
|    fps             | 812      |
|    iterations      | 62       |
|    time_elapsed    | 156      |
|    total_timesteps | 126976   |
---------------------------------
-----------------------------------------
| rollout/                |             |
|    ep_len_mean          | 180         |
|    ep_rew_mean          | -52.9       |
|    success_rate         | 0.24        |
| time/                   |             |
|    fps                  | 817         |
|    iterations           | 63          |
|    time_elapsed         | 157         |
|    total_timesteps      | 129024      |
| train/                  |             |
|    approx_kl            | 0.014828759 |
|    clip_fraction        | 0.159       |
|    clip_range           | 0.2         |
|    entropy_loss         | -8.06       |
|    explained_variance   | 0.981       |
|    learning_rate        | 0.0003      |
|    loss                 | 0.233       |
|    n_updates            | 620         |
|    policy_gradient_loss | -0.0121     |
|    std                  | 0.768       |
|    value_loss           | 1.27        |
-----------------------------------------
Eval num_timesteps=130000, episode_reward=-62.09 +/- 18.31
Episode length: 183.67 +/- 41.42
Success rate: 13.33%
-----------------------------------------
| eval/                   |             |
|    mean_ep_length       | 184         |
|    mean_reward          | -62.1       |
|    success_rate         | 0.133       |
| time/                   |             |
|    total_timesteps      | 130000      |
| train/                  |             |
|    approx_kl            | 0.014065132 |
|    clip_fraction        | 0.153       |
|    clip_range           | 0.2         |
|    entropy_loss         | -8.03       |
|    explained_variance   | 0.97        |
|    learning_rate        | 0.0003      |
|    loss                 | 0.207       |
|    n_updates            | 630         |
|    policy_gradient_loss | -0.00887    |
|    std                  | 0.765       |
|    value_loss           | 1.43        |
-----------------------------------------
---------------------------------
| rollout/           |          |
|    ep_len_mean     | 175      |
|    ep_rew_mean     | -50.9    |
|    success_rate    | 0.29     |
| time/              |          |
|    fps             | 810      |
|    iterations      | 64       |
|    time_elapsed    | 161      |
|    total_timesteps | 131072   |
---------------------------------
-----------------------------------------
| rollout/                |             |
|    ep_len_mean          | 173         |
|    ep_rew_mean          | -50.1       |
|    success_rate         | 0.3         |
| time/                   |             |
|    fps                  | 815         |
|    iterations           | 65          |
|    time_elapsed         | 163         |
|    total_timesteps      | 133120      |
| train/                  |             |
|    approx_kl            | 0.018292174 |
|    clip_fraction        | 0.192       |
|    clip_range           | 0.2         |
|    entropy_loss         | -8.01       |
|    explained_variance   | 0.976       |
|    learning_rate        | 0.0003      |
|    loss                 | 0.226       |
|    n_updates            | 640         |
|    policy_gradient_loss | -0.0158     |
|    std                  | 0.762       |
|    value_loss           | 1.29        |
-----------------------------------------
Eval num_timesteps=135000, episode_reward=-56.26 +/- 19.82
Episode length: 171.07 +/- 48.88
Success rate: 20.00%
-----------------------------------------
| eval/                   |             |
|    mean_ep_length       | 171         |
|    mean_reward          | -56.3       |
|    success_rate         | 0.2         |
| time/                   |             |
|    total_timesteps      | 135000      |
| train/                  |             |
|    approx_kl            | 0.014833592 |
|    clip_fraction        | 0.142       |
|    clip_range           | 0.2         |
|    entropy_loss         | -8          |
|    explained_variance   | 0.969       |
|    learning_rate        | 0.0003      |
|    loss                 | 0.159       |
|    n_updates            | 650         |
|    policy_gradient_loss | -0.01       |
|    std                  | 0.763       |
|    value_loss           | 1.21        |
-----------------------------------------
---------------------------------
| rollout/           |          |
|    ep_len_mean     | 172      |
|    ep_rew_mean     | -48.7    |
|    success_rate    | 0.31     |
| time/              |          |
|    fps             | 809      |
|    iterations      | 66       |
|    time_elapsed    | 167      |
|    total_timesteps | 135168   |
---------------------------------
-----------------------------------------
| rollout/                |             |
|    ep_len_mean          | 171         |
|    ep_rew_mean          | -48.2       |
|    success_rate         | 0.32        |
| time/                   |             |
|    fps                  | 813         |
|    iterations           | 67          |
|    time_elapsed         | 168         |
|    total_timesteps      | 137216      |
| train/                  |             |
|    approx_kl            | 0.017724961 |
|    clip_fraction        | 0.202       |
|    clip_range           | 0.2         |
|    entropy_loss         | -7.96       |
|    explained_variance   | 0.976       |
|    learning_rate        | 0.0003      |
|    loss                 | 0.151       |
|    n_updates            | 660         |
|    policy_gradient_loss | -0.0155     |
|    std                  | 0.755       |
|    value_loss           | 0.825       |
-----------------------------------------
-----------------------------------------
| rollout/                |             |
|    ep_len_mean          | 172         |
|    ep_rew_mean          | -48.6       |
|    success_rate         | 0.3         |
| time/                   |             |
|    fps                  | 818         |
|    iterations           | 68          |
|    time_elapsed         | 170         |
|    total_timesteps      | 139264      |
| train/                  |             |
|    approx_kl            | 0.016331833 |
|    clip_fraction        | 0.162       |
|    clip_range           | 0.2         |
|    entropy_loss         | -7.93       |
|    explained_variance   | 0.975       |
|    learning_rate        | 0.0003      |
|    loss                 | 0.106       |
|    n_updates            | 670         |
|    policy_gradient_loss | -0.0115     |
|    std                  | 0.755       |
|    value_loss           | 0.729       |
-----------------------------------------
Eval num_timesteps=140000, episode_reward=-61.71 +/- 9.89
Episode length: 183.77 +/- 36.72
Success rate: 0.00%
-----------------------------------------
| eval/                   |             |
|    mean_ep_length       | 184         |
|    mean_reward          | -61.7       |
|    success_rate         | 0           |
| time/                   |             |
|    total_timesteps      | 140000      |
| train/                  |             |
|    approx_kl            | 0.014067163 |
|    clip_fraction        | 0.153       |
|    clip_range           | 0.2         |
|    entropy_loss         | -7.92       |
|    explained_variance   | 0.976       |
|    learning_rate        | 0.0003      |
|    loss                 | 0.22        |
|    n_updates            | 680         |
|    policy_gradient_loss | -0.00967    |
|    std                  | 0.753       |
|    value_loss           | 0.994       |
-----------------------------------------
---------------------------------
| rollout/           |          |
|    ep_len_mean     | 170      |
|    ep_rew_mean     | -47.8    |
|    success_rate    | 0.32     |
| time/              |          |
|    fps             | 812      |
|    iterations      | 69       |
|    time_elapsed    | 173      |
|    total_timesteps | 141312   |
---------------------------------
-----------------------------------------
| rollout/                |             |
|    ep_len_mean          | 171         |
|    ep_rew_mean          | -47.2       |
|    success_rate         | 0.32        |
| time/                   |             |
|    fps                  | 817         |
|    iterations           | 70          |
|    time_elapsed         | 175         |
|    total_timesteps      | 143360      |
| train/                  |             |
|    approx_kl            | 0.017985336 |
|    clip_fraction        | 0.221       |
|    clip_range           | 0.2         |
|    entropy_loss         | -7.89       |
|    explained_variance   | 0.98        |
|    learning_rate        | 0.0003      |
|    loss                 | 0.468       |
|    n_updates            | 690         |
|    policy_gradient_loss | -0.0181     |
|    std                  | 0.75        |
|    value_loss           | 1.19        |
-----------------------------------------
Eval num_timesteps=145000, episode_reward=-55.45 +/- 16.07
Episode length: 179.30 +/- 41.65
Success rate: 16.67%
-----------------------------------------
| eval/                   |             |
|    mean_ep_length       | 179         |
|    mean_reward          | -55.5       |
|    success_rate         | 0.167       |
| time/                   |             |
|    total_timesteps      | 145000      |
| train/                  |             |
|    approx_kl            | 0.014244807 |
|    clip_fraction        | 0.173       |
|    clip_range           | 0.2         |
|    entropy_loss         | -7.88       |
|    explained_variance   | 0.971       |
|    learning_rate        | 0.0003      |
|    loss                 | 0.213       |
|    n_updates            | 700         |
|    policy_gradient_loss | -0.00838    |
|    std                  | 0.75        |
|    value_loss           | 1.08        |
-----------------------------------------
---------------------------------
| rollout/           |          |
|    ep_len_mean     | 172      |
|    ep_rew_mean     | -47.6    |
|    success_rate    | 0.3      |
| time/              |          |
|    fps             | 810      |
|    iterations      | 71       |
|    time_elapsed    | 179      |
|    total_timesteps | 145408   |
---------------------------------
-----------------------------------------
| rollout/                |             |
|    ep_len_mean          | 172         |
|    ep_rew_mean          | -48.2       |
|    success_rate         | 0.29        |
| time/                   |             |
|    fps                  | 815         |
|    iterations           | 72          |
|    time_elapsed         | 180         |
|    total_timesteps      | 147456      |
| train/                  |             |
|    approx_kl            | 0.019619282 |
|    clip_fraction        | 0.203       |
|    clip_range           | 0.2         |
|    entropy_loss         | -7.88       |
|    explained_variance   | 0.984       |
|    learning_rate        | 0.0003      |
|    loss                 | 0.175       |
|    n_updates            | 710         |
|    policy_gradient_loss | -0.0127     |
|    std                  | 0.749       |
|    value_loss           | 0.981       |
-----------------------------------------
-----------------------------------------
| rollout/                |             |
|    ep_len_mean          | 173         |
|    ep_rew_mean          | -47.9       |
|    success_rate         | 0.29        |
| time/                   |             |
|    fps                  | 819         |
|    iterations           | 73          |
|    time_elapsed         | 182         |
|    total_timesteps      | 149504      |
| train/                  |             |
|    approx_kl            | 0.013691649 |
|    clip_fraction        | 0.175       |
|    clip_range           | 0.2         |
|    entropy_loss         | -7.87       |
|    explained_variance   | 0.985       |
|    learning_rate        | 0.0003      |
|    loss                 | 0.421       |
|    n_updates            | 720         |
|    policy_gradient_loss | -0.00776    |
|    std                  | 0.748       |
|    value_loss           | 0.642       |
-----------------------------------------
Eval num_timesteps=150000, episode_reward=-39.41 +/- 18.77
Episode length: 146.47 +/- 58.33
Success rate: 40.00%
-----------------------------------------
| eval/                   |             |
|    mean_ep_length       | 146         |
|    mean_reward          | -39.4       |
|    success_rate         | 0.4         |
| time/                   |             |
|    total_timesteps      | 150000      |
| train/                  |             |
|    approx_kl            | 0.014531809 |
|    clip_fraction        | 0.2         |
|    clip_range           | 0.2         |
|    entropy_loss         | -7.86       |
|    explained_variance   | 0.984       |
|    learning_rate        | 0.0003      |
|    loss                 | 0.306       |
|    n_updates            | 730         |
|    policy_gradient_loss | -0.00896    |
|    std                  | 0.746       |
|    value_loss           | 0.804       |
-----------------------------------------
New best mean reward!
---------------------------------
| rollout/           |          |
|    ep_len_mean     | 171      |
|    ep_rew_mean     | -47.1    |
|    success_rate    | 0.33     |
| time/              |          |
|    fps             | 814      |
|    iterations      | 74       |
|    time_elapsed    | 186      |
|    total_timesteps | 151552   |
---------------------------------
-----------------------------------------
| rollout/                |             |
|    ep_len_mean          | 168         |
|    ep_rew_mean          | -45.6       |
|    success_rate         | 0.38        |
| time/                   |             |
|    fps                  | 818         |
|    iterations           | 75          |
|    time_elapsed         | 187         |
|    total_timesteps      | 153600      |
| train/                  |             |
|    approx_kl            | 0.016354863 |
|    clip_fraction        | 0.19        |
|    clip_range           | 0.2         |
|    entropy_loss         | -7.83       |
|    explained_variance   | 0.975       |
|    learning_rate        | 0.0003      |
|    loss                 | 0.379       |
|    n_updates            | 740         |
|    policy_gradient_loss | -0.0141     |
|    std                  | 0.743       |
|    value_loss           | 1.24        |
-----------------------------------------
Eval num_timesteps=155000, episode_reward=-45.27 +/- 15.51
Episode length: 166.80 +/- 50.37
Success rate: 30.00%
-----------------------------------------
| eval/                   |             |
|    mean_ep_length       | 167         |
|    mean_reward          | -45.3       |
|    success_rate         | 0.3         |
| time/                   |             |
|    total_timesteps      | 155000      |
| train/                  |             |
|    approx_kl            | 0.015991597 |
|    clip_fraction        | 0.197       |
|    clip_range           | 0.2         |
|    entropy_loss         | -7.83       |
|    explained_variance   | 0.972       |
|    learning_rate        | 0.0003      |
|    loss                 | 0.278       |
|    n_updates            | 750         |
|    policy_gradient_loss | -0.00487    |
|    std                  | 0.747       |
|    value_loss           | 0.952       |
-----------------------------------------
---------------------------------
| rollout/           |          |
|    ep_len_mean     | 164      |
|    ep_rew_mean     | -43.5    |
|    success_rate    | 0.43     |
| time/              |          |
|    fps             | 813      |
|    iterations      | 76       |
|    time_elapsed    | 191      |
|    total_timesteps | 155648   |
---------------------------------
-----------------------------------------
| rollout/                |             |
|    ep_len_mean          | 164         |
|    ep_rew_mean          | -43.3       |
|    success_rate         | 0.43        |
| time/                   |             |
|    fps                  | 817         |
|    iterations           | 77          |
|    time_elapsed         | 192         |
|    total_timesteps      | 157696      |
| train/                  |             |
|    approx_kl            | 0.015107475 |
|    clip_fraction        | 0.194       |
|    clip_range           | 0.2         |
|    entropy_loss         | -7.83       |
|    explained_variance   | 0.962       |
|    learning_rate        | 0.0003      |
|    loss                 | 0.206       |
|    n_updates            | 760         |
|    policy_gradient_loss | -0.0087     |
|    std                  | 0.743       |
|    value_loss           | 0.964       |
-----------------------------------------
------------------------------------------
| rollout/                |              |
|    ep_len_mean          | 161          |
|    ep_rew_mean          | -42.2        |
|    success_rate         | 0.46         |
| time/                   |              |
|    fps                  | 821          |
|    iterations           | 78           |
|    time_elapsed         | 194          |
|    total_timesteps      | 159744       |
| train/                  |              |
|    approx_kl            | 0.0151319755 |
|    clip_fraction        | 0.194        |
|    clip_range           | 0.2          |
|    entropy_loss         | -7.82        |
|    explained_variance   | 0.978        |
|    learning_rate        | 0.0003       |
|    loss                 | 0.134        |
|    n_updates            | 770          |
|    policy_gradient_loss | -0.00965     |
|    std                  | 0.743        |
|    value_loss           | 0.607        |
------------------------------------------
Eval num_timesteps=160000, episode_reward=-40.62 +/- 18.44
Episode length: 148.63 +/- 58.43
Success rate: 43.33%
-----------------------------------------
| eval/                   |             |
|    mean_ep_length       | 149         |
|    mean_reward          | -40.6       |
|    success_rate         | 0.433       |
| time/                   |             |
|    total_timesteps      | 160000      |
| train/                  |             |
|    approx_kl            | 0.014307568 |
|    clip_fraction        | 0.169       |
|    clip_range           | 0.2         |
|    entropy_loss         | -7.79       |
|    explained_variance   | 0.97        |
|    learning_rate        | 0.0003      |
|    loss                 | 0.55        |
|    n_updates            | 780         |
|    policy_gradient_loss | -0.00789    |
|    std                  | 0.738       |
|    value_loss           | 1.17        |
-----------------------------------------
---------------------------------
| rollout/           |          |
|    ep_len_mean     | 162      |
|    ep_rew_mean     | -42.4    |
|    success_rate    | 0.45     |
| time/              |          |
|    fps             | 816      |
|    iterations      | 79       |
|    time_elapsed    | 198      |
|    total_timesteps | 161792   |
---------------------------------
-----------------------------------------
| rollout/                |             |
|    ep_len_mean          | 163         |
|    ep_rew_mean          | -42.5       |
|    success_rate         | 0.42        |
| time/                   |             |
|    fps                  | 820         |
|    iterations           | 80          |
|    time_elapsed         | 199         |
|    total_timesteps      | 163840      |
| train/                  |             |
|    approx_kl            | 0.014784475 |
|    clip_fraction        | 0.214       |
|    clip_range           | 0.2         |
|    entropy_loss         | -7.76       |
|    explained_variance   | 0.981       |
|    learning_rate        | 0.0003      |
|    loss                 | 0.256       |
|    n_updates            | 790         |
|    policy_gradient_loss | -0.0113     |
|    std                  | 0.737       |
|    value_loss           | 0.707       |
-----------------------------------------
Eval num_timesteps=165000, episode_reward=-51.57 +/- 14.26
Episode length: 177.40 +/- 43.51
Success rate: 16.67%
-----------------------------------------
| eval/                   |             |
|    mean_ep_length       | 177         |
|    mean_reward          | -51.6       |
|    success_rate         | 0.167       |
| time/                   |             |
|    total_timesteps      | 165000      |
| train/                  |             |
|    approx_kl            | 0.016276661 |
|    clip_fraction        | 0.215       |
|    clip_range           | 0.2         |
|    entropy_loss         | -7.76       |
|    explained_variance   | 0.972       |
|    learning_rate        | 0.0003      |
|    loss                 | 0.216       |
|    n_updates            | 800         |
|    policy_gradient_loss | -0.0112     |
|    std                  | 0.74        |
|    value_loss           | 0.459       |
-----------------------------------------
---------------------------------
| rollout/           |          |
|    ep_len_mean     | 163      |
|    ep_rew_mean     | -42.6    |
|    success_rate    | 0.41     |
| time/              |          |
|    fps             | 815      |
|    iterations      | 81       |
|    time_elapsed    | 203      |
|    total_timesteps | 165888   |
---------------------------------
----------------------------------------
| rollout/                |            |
|    ep_len_mean          | 164        |
|    ep_rew_mean          | -43.1      |
|    success_rate         | 0.39       |
| time/                   |            |
|    fps                  | 819        |
|    iterations           | 82         |
|    time_elapsed         | 204        |
|    total_timesteps      | 167936     |
| train/                  |            |
|    approx_kl            | 0.01623338 |
|    clip_fraction        | 0.171      |
|    clip_range           | 0.2        |
|    entropy_loss         | -7.76      |
|    explained_variance   | 0.971      |
|    learning_rate        | 0.0003     |
|    loss                 | 1.26       |
|    n_updates            | 810        |
|    policy_gradient_loss | -0.0103    |
|    std                  | 0.738      |
|    value_loss           | 1.11       |
----------------------------------------
------------------------------------------
| rollout/                |              |
|    ep_len_mean          | 163          |
|    ep_rew_mean          | -43.2        |
|    success_rate         | 0.38         |
| time/                   |              |
|    fps                  | 823          |
|    iterations           | 83           |
|    time_elapsed         | 206          |
|    total_timesteps      | 169984       |
| train/                  |              |
|    approx_kl            | 0.0151770245 |
|    clip_fraction        | 0.174        |
|    clip_range           | 0.2          |
|    entropy_loss         | -7.75        |
|    explained_variance   | 0.944        |
|    learning_rate        | 0.0003       |
|    loss                 | 0.164        |
|    n_updates            | 820          |
|    policy_gradient_loss | -0.0116      |
|    std                  | 0.738        |
|    value_loss           | 1.99         |
------------------------------------------
Eval num_timesteps=170000, episode_reward=-43.41 +/- 19.27
Episode length: 158.87 +/- 56.25
Success rate: 36.67%
-----------------------------------------
| eval/                   |             |
|    mean_ep_length       | 159         |
|    mean_reward          | -43.4       |
|    success_rate         | 0.367       |
| time/                   |             |
|    total_timesteps      | 170000      |
| train/                  |             |
|    approx_kl            | 0.012346563 |
|    clip_fraction        | 0.13        |
|    clip_range           | 0.2         |
|    entropy_loss         | -7.74       |
|    explained_variance   | 0.944       |
|    learning_rate        | 0.0003      |
|    loss                 | 0.787       |
|    n_updates            | 830         |
|    policy_gradient_loss | -0.00974    |
|    std                  | 0.736       |
|    value_loss           | 2.11        |
-----------------------------------------
---------------------------------
| rollout/           |          |
|    ep_len_mean     | 161      |
|    ep_rew_mean     | -43.4    |
|    success_rate    | 0.39     |
| time/              |          |
|    fps             | 817      |
|    iterations      | 84       |
|    time_elapsed    | 210      |
|    total_timesteps | 172032   |
---------------------------------
-----------------------------------------
| rollout/                |             |
|    ep_len_mean          | 159         |
|    ep_rew_mean          | -43         |
|    success_rate         | 0.42        |
| time/                   |             |
|    fps                  | 821         |
|    iterations           | 85          |
|    time_elapsed         | 211         |
|    total_timesteps      | 174080      |
| train/                  |             |
|    approx_kl            | 0.018466778 |
|    clip_fraction        | 0.179       |
|    clip_range           | 0.2         |
|    entropy_loss         | -7.71       |
|    explained_variance   | 0.967       |
|    learning_rate        | 0.0003      |
|    loss                 | 0.415       |
|    n_updates            | 840         |
|    policy_gradient_loss | -0.0118     |
|    std                  | 0.731       |
|    value_loss           | 1.34        |
-----------------------------------------
Eval num_timesteps=175000, episode_reward=-34.36 +/- 18.89
Episode length: 131.93 +/- 58.52
Success rate: 56.67%
----------------------------------------
| eval/                   |            |
|    mean_ep_length       | 132        |
|    mean_reward          | -34.4      |
|    success_rate         | 0.567      |
| time/                   |            |
|    total_timesteps      | 175000     |
| train/                  |            |
|    approx_kl            | 0.01565478 |
|    clip_fraction        | 0.143      |
|    clip_range           | 0.2        |
|    entropy_loss         | -7.69      |
|    explained_variance   | 0.958      |
|    learning_rate        | 0.0003     |
|    loss                 | 0.482      |
|    n_updates            | 850        |
|    policy_gradient_loss | -0.00939   |
|    std                  | 0.733      |
|    value_loss           | 1.66       |
----------------------------------------
New best mean reward!
---------------------------------
| rollout/           |          |
|    ep_len_mean     | 153      |
|    ep_rew_mean     | -41.1    |
|    success_rate    | 0.47     |
| time/              |          |
|    fps             | 817      |
|    iterations      | 86       |
|    time_elapsed    | 215      |
|    total_timesteps | 176128   |
---------------------------------
----------------------------------------
| rollout/                |            |
|    ep_len_mean          | 149        |
|    ep_rew_mean          | -39.8      |
|    success_rate         | 0.53       |
| time/                   |            |
|    fps                  | 821        |
|    iterations           | 87         |
|    time_elapsed         | 216        |
|    total_timesteps      | 178176     |
| train/                  |            |
|    approx_kl            | 0.01501037 |
|    clip_fraction        | 0.189      |
|    clip_range           | 0.2        |
|    entropy_loss         | -7.68      |
|    explained_variance   | 0.965      |
|    learning_rate        | 0.0003     |
|    loss                 | 2.07       |
|    n_updates            | 860        |
|    policy_gradient_loss | -0.0101    |
|    std                  | 0.729      |
|    value_loss           | 1.39       |
----------------------------------------
Eval num_timesteps=180000, episode_reward=-41.87 +/- 19.19
Episode length: 148.33 +/- 56.81
Success rate: 46.67%
-----------------------------------------
| eval/                   |             |
|    mean_ep_length       | 148         |
|    mean_reward          | -41.9       |
|    success_rate         | 0.467       |
| time/                   |             |
|    total_timesteps      | 180000      |
| train/                  |             |
|    approx_kl            | 0.019671269 |
|    clip_fraction        | 0.215       |
|    clip_range           | 0.2         |
|    entropy_loss         | -7.66       |
|    explained_variance   | 0.961       |
|    learning_rate        | 0.0003      |
|    loss                 | 0.15        |
|    n_updates            | 870         |
|    policy_gradient_loss | -0.0142     |
|    std                  | 0.728       |
|    value_loss           | 1.15        |
-----------------------------------------
---------------------------------
| rollout/           |          |
|    ep_len_mean     | 144      |
|    ep_rew_mean     | -38.7    |
|    success_rate    | 0.59     |
| time/              |          |
|    fps             | 816      |
|    iterations      | 88       |
|    time_elapsed    | 220      |
|    total_timesteps | 180224   |
---------------------------------
-----------------------------------------
| rollout/                |             |
|    ep_len_mean          | 141         |
|    ep_rew_mean          | -37         |
|    success_rate         | 0.65        |
| time/                   |             |
|    fps                  | 820         |
|    iterations           | 89          |
|    time_elapsed         | 222         |
|    total_timesteps      | 182272      |
| train/                  |             |
|    approx_kl            | 0.014160518 |
|    clip_fraction        | 0.191       |
|    clip_range           | 0.2         |
|    entropy_loss         | -7.63       |
|    explained_variance   | 0.97        |
|    learning_rate        | 0.0003      |
|    loss                 | 0.476       |
|    n_updates            | 880         |
|    policy_gradient_loss | -0.00943    |
|    std                  | 0.723       |
|    value_loss           | 1.06        |
-----------------------------------------
-----------------------------------------
| rollout/                |             |
|    ep_len_mean          | 142         |
|    ep_rew_mean          | -36.8       |
|    success_rate         | 0.64        |
| time/                   |             |
|    fps                  | 823         |
|    iterations           | 90          |
|    time_elapsed         | 223         |
|    total_timesteps      | 184320      |
| train/                  |             |
|    approx_kl            | 0.016989969 |
|    clip_fraction        | 0.194       |
|    clip_range           | 0.2         |
|    entropy_loss         | -7.6        |
|    explained_variance   | 0.969       |
|    learning_rate        | 0.0003      |
|    loss                 | 0.173       |
|    n_updates            | 890         |
|    policy_gradient_loss | -0.0139     |
|    std                  | 0.72        |
|    value_loss           | 0.85        |
-----------------------------------------
Eval num_timesteps=185000, episode_reward=-44.80 +/- 14.35
Episode length: 162.17 +/- 49.87
Success rate: 33.33%
-----------------------------------------
| eval/                   |             |
|    mean_ep_length       | 162         |
|    mean_reward          | -44.8       |
|    success_rate         | 0.333       |
| time/                   |             |
|    total_timesteps      | 185000      |
| train/                  |             |
|    approx_kl            | 0.020871533 |
|    clip_fraction        | 0.231       |
|    clip_range           | 0.2         |
|    entropy_loss         | -7.56       |
|    explained_variance   | 0.965       |
|    learning_rate        | 0.0003      |
|    loss                 | 0.229       |
|    n_updates            | 900         |
|    policy_gradient_loss | -0.0164     |
|    std                  | 0.714       |
|    value_loss           | 0.758       |
-----------------------------------------
---------------------------------
| rollout/           |          |
|    ep_len_mean     | 140      |
|    ep_rew_mean     | -36      |
|    success_rate    | 0.66     |
| time/              |          |
|    fps             | 818      |
|    iterations      | 91       |
|    time_elapsed    | 227      |
|    total_timesteps | 186368   |
---------------------------------
-----------------------------------------
| rollout/                |             |
|    ep_len_mean          | 138         |
|    ep_rew_mean          | -35.5       |
|    success_rate         | 0.67        |
| time/                   |             |
|    fps                  | 822         |
|    iterations           | 92          |
|    time_elapsed         | 229         |
|    total_timesteps      | 188416      |
| train/                  |             |
|    approx_kl            | 0.017830474 |
|    clip_fraction        | 0.177       |
|    clip_range           | 0.2         |
|    entropy_loss         | -7.51       |
|    explained_variance   | 0.962       |
|    learning_rate        | 0.0003      |
|    loss                 | 0.267       |
|    n_updates            | 910         |
|    policy_gradient_loss | -0.00596    |
|    std                  | 0.71        |
|    value_loss           | 1.37        |
-----------------------------------------
Eval num_timesteps=190000, episode_reward=-41.06 +/- 15.64
Episode length: 149.57 +/- 53.30
Success rate: 50.00%
-----------------------------------------
| eval/                   |             |
|    mean_ep_length       | 150         |
|    mean_reward          | -41.1       |
|    success_rate         | 0.5         |
| time/                   |             |
|    total_timesteps      | 190000      |
| train/                  |             |
|    approx_kl            | 0.013351442 |
|    clip_fraction        | 0.142       |
|    clip_range           | 0.2         |
|    entropy_loss         | -7.49       |
|    explained_variance   | 0.936       |
|    learning_rate        | 0.0003      |
|    loss                 | 0.307       |
|    n_updates            | 920         |
|    policy_gradient_loss | -0.00915    |
|    std                  | 0.709       |
|    value_loss           | 1.81        |
-----------------------------------------
---------------------------------
| rollout/           |          |
|    ep_len_mean     | 133      |
|    ep_rew_mean     | -33.6    |
|    success_rate    | 0.72     |
| time/              |          |
|    fps             | 817      |
|    iterations      | 93       |
|    time_elapsed    | 232      |
|    total_timesteps | 190464   |
---------------------------------
-----------------------------------------
| rollout/                |             |
|    ep_len_mean          | 135         |
|    ep_rew_mean          | -34.4       |
|    success_rate         | 0.69        |
| time/                   |             |
|    fps                  | 821         |
|    iterations           | 94          |
|    time_elapsed         | 234         |
|    total_timesteps      | 192512      |
| train/                  |             |
|    approx_kl            | 0.025375139 |
|    clip_fraction        | 0.209       |
|    clip_range           | 0.2         |
|    entropy_loss         | -7.47       |
|    explained_variance   | 0.971       |
|    learning_rate        | 0.0003      |
|    loss                 | 0.352       |
|    n_updates            | 930         |
|    policy_gradient_loss | -0.00981    |
|    std                  | 0.707       |
|    value_loss           | 0.945       |
-----------------------------------------
-----------------------------------------
| rollout/                |             |
|    ep_len_mean          | 133         |
|    ep_rew_mean          | -33.8       |
|    success_rate         | 0.67        |
| time/                   |             |
|    fps                  | 824         |
|    iterations           | 95          |
|    time_elapsed         | 236         |
|    total_timesteps      | 194560      |
| train/                  |             |
|    approx_kl            | 0.014238036 |
|    clip_fraction        | 0.19        |
|    clip_range           | 0.2         |
|    entropy_loss         | -7.46       |
|    explained_variance   | 0.946       |
|    learning_rate        | 0.0003      |
|    loss                 | 0.612       |
|    n_updates            | 940         |
|    policy_gradient_loss | -0.0124     |
|    std                  | 0.706       |
|    value_loss           | 1.49        |
-----------------------------------------
Eval num_timesteps=195000, episode_reward=-48.58 +/- 13.78
Episode length: 173.60 +/- 46.04
Success rate: 30.00%
-----------------------------------------
| eval/                   |             |
|    mean_ep_length       | 174         |
|    mean_reward          | -48.6       |
|    success_rate         | 0.3         |
| time/                   |             |
|    total_timesteps      | 195000      |
| train/                  |             |
|    approx_kl            | 0.017959755 |
|    clip_fraction        | 0.206       |
|    clip_range           | 0.2         |
|    entropy_loss         | -7.44       |
|    explained_variance   | 0.954       |
|    learning_rate        | 0.0003      |
|    loss                 | 0.434       |
|    n_updates            | 950         |
|    policy_gradient_loss | -0.0109     |
|    std                  | 0.702       |
|    value_loss           | 1.02        |
-----------------------------------------
---------------------------------
| rollout/           |          |
|    ep_len_mean     | 134      |
|    ep_rew_mean     | -34.1    |
|    success_rate    | 0.65     |
| time/              |          |
|    fps             | 819      |
|    iterations      | 96       |
|    time_elapsed    | 239      |
|    total_timesteps | 196608   |
---------------------------------
----------------------------------------
| rollout/                |            |
|    ep_len_mean          | 131        |
|    ep_rew_mean          | -33.4      |
|    success_rate         | 0.68       |
| time/                   |            |
|    fps                  | 822        |
|    iterations           | 97         |
|    time_elapsed         | 241        |
|    total_timesteps      | 198656     |
| train/                  |            |
|    approx_kl            | 0.01678558 |
|    clip_fraction        | 0.174      |
|    clip_range           | 0.2        |
|    entropy_loss         | -7.4       |
|    explained_variance   | 0.907      |
|    learning_rate        | 0.0003     |
|    loss                 | 0.575      |
|    n_updates            | 960        |
|    policy_gradient_loss | -0.0111    |
|    std                  | 0.699      |
|    value_loss           | 1.5        |
----------------------------------------
Eval num_timesteps=200000, episode_reward=-48.61 +/- 13.40
Episode length: 164.80 +/- 46.81
Success rate: 36.67%
-----------------------------------------
| eval/                   |             |
|    mean_ep_length       | 165         |
|    mean_reward          | -48.6       |
|    success_rate         | 0.367       |
| time/                   |             |
|    total_timesteps      | 200000      |
| train/                  |             |
|    approx_kl            | 0.018260673 |
|    clip_fraction        | 0.18        |
|    clip_range           | 0.2         |
|    entropy_loss         | -7.38       |
|    explained_variance   | 0.934       |
|    learning_rate        | 0.0003      |
|    loss                 | 0.504       |
|    n_updates            | 970         |
|    policy_gradient_loss | -0.00374    |
|    std                  | 0.696       |
|    value_loss           | 1.36        |
-----------------------------------------
---------------------------------
| rollout/           |          |
|    ep_len_mean     | 136      |
|    ep_rew_mean     | -34.6    |
|    success_rate    | 0.65     |
| time/              |          |
|    fps             | 817      |
|    iterations      | 98       |
|    time_elapsed    | 245      |
|    total_timesteps | 200704   |
---------------------------------
-----------------------------------------
| rollout/                |             |
|    ep_len_mean          | 138         |
|    ep_rew_mean          | -35.2       |
|    success_rate         | 0.63        |
| time/                   |             |
|    fps                  | 820         |
|    iterations           | 99          |
|    time_elapsed         | 246         |
|    total_timesteps      | 202752      |
| train/                  |             |
|    approx_kl            | 0.014930638 |
|    clip_fraction        | 0.183       |
|    clip_range           | 0.2         |
|    entropy_loss         | -7.36       |
|    explained_variance   | 0.915       |
|    learning_rate        | 0.0003      |
|    loss                 | 1.42        |
|    n_updates            | 980         |
|    policy_gradient_loss | -0.0135     |
|    std                  | 0.696       |
|    value_loss           | 2.61        |
-----------------------------------------
-----------------------------------------
| rollout/                |             |
|    ep_len_mean          | 140         |
|    ep_rew_mean          | -36.1       |
|    success_rate         | 0.61        |
| time/                   |             |
|    fps                  | 823         |
|    iterations           | 100         |
|    time_elapsed         | 248         |
|    total_timesteps      | 204800      |
| train/                  |             |
|    approx_kl            | 0.020708626 |
|    clip_fraction        | 0.207       |
|    clip_range           | 0.2         |
|    entropy_loss         | -7.35       |
|    explained_variance   | 0.968       |
|    learning_rate        | 0.0003      |
|    loss                 | 0.196       |
|    n_updates            | 990         |
|    policy_gradient_loss | -0.0126     |
|    std                  | 0.695       |
|    value_loss           | 1.26        |
-----------------------------------------
Eval num_timesteps=205000, episode_reward=-47.07 +/- 15.06
Episode length: 164.47 +/- 49.39
Success rate: 36.67%
----------------------------------------
| eval/                   |            |
|    mean_ep_length       | 164        |
|    mean_reward          | -47.1      |
|    success_rate         | 0.367      |
| time/                   |            |
|    total_timesteps      | 205000     |
| train/                  |            |
|    approx_kl            | 0.01750183 |
|    clip_fraction        | 0.166      |
|    clip_range           | 0.2        |
|    entropy_loss         | -7.34      |
|    explained_variance   | 0.917      |
|    learning_rate        | 0.0003     |
|    loss                 | 1.11       |
|    n_updates            | 1000       |
|    policy_gradient_loss | -0.0117    |
|    std                  | 0.693      |
|    value_loss           | 2.61       |
----------------------------------------
---------------------------------
| rollout/           |          |
|    ep_len_mean     | 141      |
|    ep_rew_mean     | -36.1    |
|    success_rate    | 0.6      |
| time/              |          |
|    fps             | 819      |
|    iterations      | 101      |
|    time_elapsed    | 252      |
|    total_timesteps | 206848   |
---------------------------------
-----------------------------------------
| rollout/                |             |
|    ep_len_mean          | 142         |
|    ep_rew_mean          | -36.6       |
|    success_rate         | 0.59        |
| time/                   |             |
|    fps                  | 821         |
|    iterations           | 102         |
|    time_elapsed         | 254         |
|    total_timesteps      | 208896      |
| train/                  |             |
|    approx_kl            | 0.019147985 |
|    clip_fraction        | 0.239       |
|    clip_range           | 0.2         |
|    entropy_loss         | -7.29       |
|    explained_variance   | 0.933       |
|    learning_rate        | 0.0003      |
|    loss                 | 0.969       |
|    n_updates            | 1010        |
|    policy_gradient_loss | -0.0114     |
|    std                  | 0.686       |
|    value_loss           | 2.04        |
-----------------------------------------
Eval num_timesteps=210000, episode_reward=-52.21 +/- 13.10
Episode length: 183.83 +/- 41.56
Success rate: 16.67%
-----------------------------------------
| eval/                   |             |
|    mean_ep_length       | 184         |
|    mean_reward          | -52.2       |
|    success_rate         | 0.167       |
| time/                   |             |
|    total_timesteps      | 210000      |
| train/                  |             |
|    approx_kl            | 0.017279098 |
|    clip_fraction        | 0.196       |
|    clip_range           | 0.2         |
|    entropy_loss         | -7.27       |
|    explained_variance   | 0.918       |
|    learning_rate        | 0.0003      |
|    loss                 | 1.12        |
|    n_updates            | 1020        |
|    policy_gradient_loss | -0.0113     |
|    std                  | 0.69        |
|    value_loss           | 2.07        |
-----------------------------------------
---------------------------------
| rollout/           |          |
|    ep_len_mean     | 138      |
|    ep_rew_mean     | -35.8    |
|    success_rate    | 0.63     |
| time/              |          |
|    fps             | 816      |
|    iterations      | 103      |
|    time_elapsed    | 258      |
|    total_timesteps | 210944   |
---------------------------------
-----------------------------------------
| rollout/                |             |
|    ep_len_mean          | 139         |
|    ep_rew_mean          | -35.8       |
|    success_rate         | 0.63        |
| time/                   |             |
|    fps                  | 818         |
|    iterations           | 104         |
|    time_elapsed         | 260         |
|    total_timesteps      | 212992      |
| train/                  |             |
|    approx_kl            | 0.017712815 |
|    clip_fraction        | 0.205       |
|    clip_range           | 0.2         |
|    entropy_loss         | -7.29       |
|    explained_variance   | 0.95        |
|    learning_rate        | 0.0003      |
|    loss                 | 1.11        |
|    n_updates            | 1030        |
|    policy_gradient_loss | -0.011      |
|    std                  | 0.69        |
|    value_loss           | 2.1         |
-----------------------------------------
Eval num_timesteps=215000, episode_reward=-52.04 +/- 15.07
Episode length: 177.87 +/- 42.90
Success rate: 20.00%
-----------------------------------------
| eval/                   |             |
|    mean_ep_length       | 178         |
|    mean_reward          | -52         |
|    success_rate         | 0.2         |
| time/                   |             |
|    total_timesteps      | 215000      |
| train/                  |             |
|    approx_kl            | 0.017726267 |
|    clip_fraction        | 0.192       |
|    clip_range           | 0.2         |
|    entropy_loss         | -7.29       |
|    explained_variance   | 0.932       |
|    learning_rate        | 0.0003      |
|    loss                 | 1.03        |
|    n_updates            | 1040        |
|    policy_gradient_loss | -0.00876    |
|    std                  | 0.69        |
|    value_loss           | 1.71        |
-----------------------------------------
---------------------------------
| rollout/           |          |
|    ep_len_mean     | 134      |
|    ep_rew_mean     | -35.4    |
|    success_rate    | 0.64     |
| time/              |          |
|    fps             | 813      |
|    iterations      | 105      |
|    time_elapsed    | 264      |
|    total_timesteps | 215040   |
---------------------------------
-----------------------------------------
| rollout/                |             |
|    ep_len_mean          | 137         |
|    ep_rew_mean          | -36.5       |
|    success_rate         | 0.61        |
| time/                   |             |
|    fps                  | 816         |
|    iterations           | 106         |
|    time_elapsed         | 265         |
|    total_timesteps      | 217088      |
| train/                  |             |
|    approx_kl            | 0.019049384 |
|    clip_fraction        | 0.19        |
|    clip_range           | 0.2         |
|    entropy_loss         | -7.29       |
|    explained_variance   | 0.952       |
|    learning_rate        | 0.0003      |
|    loss                 | 0.643       |
|    n_updates            | 1050        |
|    policy_gradient_loss | -0.0115     |
|    std                  | 0.689       |
|    value_loss           | 1.69        |
-----------------------------------------
-----------------------------------------
| rollout/                |             |
|    ep_len_mean          | 136         |
|    ep_rew_mean          | -36.4       |
|    success_rate         | 0.62        |
| time/                   |             |
|    fps                  | 818         |
|    iterations           | 107         |
|    time_elapsed         | 267         |
|    total_timesteps      | 219136      |
| train/                  |             |
|    approx_kl            | 0.020014301 |
|    clip_fraction        | 0.213       |
|    clip_range           | 0.2         |
|    entropy_loss         | -7.28       |
|    explained_variance   | 0.936       |
|    learning_rate        | 0.0003      |
|    loss                 | 0.423       |
|    n_updates            | 1060        |
|    policy_gradient_loss | -0.0123     |
|    std                  | 0.689       |
|    value_loss           | 1.77        |
-----------------------------------------
Eval num_timesteps=220000, episode_reward=-52.82 +/- 13.22
Episode length: 180.33 +/- 40.79
Success rate: 16.67%
-----------------------------------------
| eval/                   |             |
|    mean_ep_length       | 180         |
|    mean_reward          | -52.8       |
|    success_rate         | 0.167       |
| time/                   |             |
|    total_timesteps      | 220000      |
| train/                  |             |
|    approx_kl            | 0.014979983 |
|    clip_fraction        | 0.184       |
|    clip_range           | 0.2         |
|    entropy_loss         | -7.27       |
|    explained_variance   | 0.943       |
|    learning_rate        | 0.0003      |
|    loss                 | 0.569       |
|    n_updates            | 1070        |
|    policy_gradient_loss | -0.00896    |
|    std                  | 0.688       |
|    value_loss           | 1.82        |
-----------------------------------------
---------------------------------
| rollout/           |          |
|    ep_len_mean     | 136      |
|    ep_rew_mean     | -36.5    |
|    success_rate    | 0.64     |
| time/              |          |
|    fps             | 801      |
|    iterations      | 108      |
|    time_elapsed    | 275      |
|    total_timesteps | 221184   |
---------------------------------
----------------------------------------
| rollout/                |            |
|    ep_len_mean          | 136        |
|    ep_rew_mean          | -36.3      |
|    success_rate         | 0.66       |
| time/                   |            |
|    fps                  | 775        |
|    iterations           | 109        |
|    time_elapsed         | 287        |
|    total_timesteps      | 223232     |
| train/                  |            |
|    approx_kl            | 0.01581166 |
|    clip_fraction        | 0.213      |
|    clip_range           | 0.2        |
|    entropy_loss         | -7.25      |
|    explained_variance   | 0.966      |
|    learning_rate        | 0.0003     |
|    loss                 | 0.388      |
|    n_updates            | 1080       |
|    policy_gradient_loss | -0.0109    |
|    std                  | 0.683      |
|    value_loss           | 1.15       |
----------------------------------------
Eval num_timesteps=225000, episode_reward=-53.09 +/- 9.41
Episode length: 183.67 +/- 34.05
Success rate: 16.67%
-----------------------------------------
| eval/                   |             |
|    mean_ep_length       | 184         |
|    mean_reward          | -53.1       |
|    success_rate         | 0.167       |
| time/                   |             |
|    total_timesteps      | 225000      |
| train/                  |             |
|    approx_kl            | 0.022557236 |
|    clip_fraction        | 0.224       |
|    clip_range           | 0.2         |
|    entropy_loss         | -7.23       |
|    explained_variance   | 0.957       |
|    learning_rate        | 0.0003      |
|    loss                 | 0.568       |
|    n_updates            | 1090        |
|    policy_gradient_loss | -0.0145     |
|    std                  | 0.685       |
|    value_loss           | 1.28        |
-----------------------------------------
---------------------------------
| rollout/           |          |
|    ep_len_mean     | 141      |
|    ep_rew_mean     | -37.8    |
|    success_rate    | 0.61     |
| time/              |          |
|    fps             | 709      |
|    iterations      | 110      |
|    time_elapsed    | 317      |
|    total_timesteps | 225280   |
---------------------------------
----------------------------------------
| rollout/                |            |
|    ep_len_mean          | 137        |
|    ep_rew_mean          | -37        |
|    success_rate         | 0.66       |
| time/                   |            |
|    fps                  | 688        |
|    iterations           | 111        |
|    time_elapsed         | 330        |
|    total_timesteps      | 227328     |
| train/                  |            |
|    approx_kl            | 0.02471118 |
|    clip_fraction        | 0.204      |
|    clip_range           | 0.2        |
|    entropy_loss         | -7.24      |
|    explained_variance   | 0.969      |
|    learning_rate        | 0.0003     |
|    loss                 | 0.483      |
|    n_updates            | 1100       |
|    policy_gradient_loss | -0.00788   |
|    std                  | 0.685      |
|    value_loss           | 1.08       |
----------------------------------------
-----------------------------------------
| rollout/                |             |
|    ep_len_mean          | 138         |
|    ep_rew_mean          | -36.3       |
|    success_rate         | 0.66        |
| time/                   |             |
|    fps                  | 669         |
|    iterations           | 112         |
|    time_elapsed         | 342         |
|    total_timesteps      | 229376      |
| train/                  |             |
|    approx_kl            | 0.017618429 |
|    clip_fraction        | 0.198       |
|    clip_range           | 0.2         |
|    entropy_loss         | -7.23       |
|    explained_variance   | 0.965       |
|    learning_rate        | 0.0003      |
|    loss                 | 0.212       |
|    n_updates            | 1110        |
|    policy_gradient_loss | -0.014      |
|    std                  | 0.685       |
|    value_loss           | 1.11        |
-----------------------------------------
Eval num_timesteps=230000, episode_reward=-54.21 +/- 7.97
Episode length: 180.53 +/- 35.44
Success rate: 10.00%
-----------------------------------------
| eval/                   |             |
|    mean_ep_length       | 181         |
|    mean_reward          | -54.2       |
|    success_rate         | 0.1         |
| time/                   |             |
|    total_timesteps      | 230000      |
| train/                  |             |
|    approx_kl            | 0.018137272 |
|    clip_fraction        | 0.214       |
|    clip_range           | 0.2         |
|    entropy_loss         | -7.22       |
|    explained_variance   | 0.97        |
|    learning_rate        | 0.0003      |
|    loss                 | 0.229       |
|    n_updates            | 1120        |
|    policy_gradient_loss | -0.00958    |
|    std                  | 0.684       |
|    value_loss           | 1.02        |
-----------------------------------------
---------------------------------
| rollout/           |          |
|    ep_len_mean     | 135      |
|    ep_rew_mean     | -35.5    |
|    success_rate    | 0.69     |
| time/              |          |
|    fps             | 624      |
|    iterations      | 113      |
|    time_elapsed    | 370      |
|    total_timesteps | 231424   |
---------------------------------
-----------------------------------------
| rollout/                |             |
|    ep_len_mean          | 132         |
|    ep_rew_mean          | -34.3       |
|    success_rate         | 0.72        |
| time/                   |             |
|    fps                  | 609         |
|    iterations           | 114         |
|    time_elapsed         | 383         |
|    total_timesteps      | 233472      |
| train/                  |             |
|    approx_kl            | 0.018508593 |
|    clip_fraction        | 0.209       |
|    clip_range           | 0.2         |
|    entropy_loss         | -7.23       |
|    explained_variance   | 0.979       |
|    learning_rate        | 0.0003      |
|    loss                 | 0.154       |
|    n_updates            | 1130        |
|    policy_gradient_loss | -0.0129     |
|    std                  | 0.683       |
|    value_loss           | 0.83        |
-----------------------------------------
Eval num_timesteps=235000, episode_reward=-49.82 +/- 13.67
Episode length: 176.17 +/- 41.50
Success rate: 23.33%
-----------------------------------------
| eval/                   |             |
|    mean_ep_length       | 176         |
|    mean_reward          | -49.8       |
|    success_rate         | 0.233       |
| time/                   |             |
|    total_timesteps      | 235000      |
| train/                  |             |
|    approx_kl            | 0.017233307 |
|    clip_fraction        | 0.216       |
|    clip_range           | 0.2         |
|    entropy_loss         | -7.19       |
|    explained_variance   | 0.972       |
|    learning_rate        | 0.0003      |
|    loss                 | 0.131       |
|    n_updates            | 1140        |
|    policy_gradient_loss | -0.0121     |
|    std                  | 0.678       |
|    value_loss           | 0.842       |
-----------------------------------------
---------------------------------
| rollout/           |          |
|    ep_len_mean     | 136      |
|    ep_rew_mean     | -35.3    |
|    success_rate    | 0.68     |
| time/              |          |
|    fps             | 571      |
|    iterations      | 115      |
|    time_elapsed    | 412      |
|    total_timesteps | 235520   |
---------------------------------
-----------------------------------------
| rollout/                |             |
|    ep_len_mean          | 134         |
|    ep_rew_mean          | -34.9       |
|    success_rate         | 0.69        |
| time/                   |             |
|    fps                  | 559         |
|    iterations           | 116         |
|    time_elapsed         | 424         |
|    total_timesteps      | 237568      |
| train/                  |             |
|    approx_kl            | 0.019450886 |
|    clip_fraction        | 0.236       |
|    clip_range           | 0.2         |
|    entropy_loss         | -7.14       |
|    explained_variance   | 0.974       |
|    learning_rate        | 0.0003      |
|    loss                 | 0.115       |
|    n_updates            | 1150        |
|    policy_gradient_loss | -0.0149     |
|    std                  | 0.673       |
|    value_loss           | 0.694       |
-----------------------------------------
-----------------------------------------
| rollout/                |             |
|    ep_len_mean          | 133         |
|    ep_rew_mean          | -34.6       |
|    success_rate         | 0.68        |
| time/                   |             |
|    fps                  | 548         |
|    iterations           | 117         |
|    time_elapsed         | 436         |
|    total_timesteps      | 239616      |
| train/                  |             |
|    approx_kl            | 0.017688584 |
|    clip_fraction        | 0.21        |
|    clip_range           | 0.2         |
|    entropy_loss         | -7.13       |
|    explained_variance   | 0.948       |
|    learning_rate        | 0.0003      |
|    loss                 | 0.41        |
|    n_updates            | 1160        |
|    policy_gradient_loss | -0.0151     |
|    std                  | 0.675       |
|    value_loss           | 1.17        |
-----------------------------------------
Eval num_timesteps=240000, episode_reward=-45.49 +/- 14.79
Episode length: 160.77 +/- 52.41
Success rate: 30.00%
-----------------------------------------
| eval/                   |             |
|    mean_ep_length       | 161         |
|    mean_reward          | -45.5       |
|    success_rate         | 0.3         |
| time/                   |             |
|    total_timesteps      | 240000      |
| train/                  |             |
|    approx_kl            | 0.015977293 |
|    clip_fraction        | 0.158       |
|    clip_range           | 0.2         |
|    entropy_loss         | -7.14       |
|    explained_variance   | 0.937       |
|    learning_rate        | 0.0003      |
|    loss                 | 0.359       |
|    n_updates            | 1170        |
|    policy_gradient_loss | -0.00878    |
|    std                  | 0.676       |
|    value_loss           | 1.66        |
-----------------------------------------
---------------------------------
| rollout/           |          |
|    ep_len_mean     | 134      |
|    ep_rew_mean     | -34.4    |
|    success_rate    | 0.69     |
| time/              |          |
|    fps             | 519      |
|    iterations      | 118      |
|    time_elapsed    | 464      |
|    total_timesteps | 241664   |
---------------------------------
-----------------------------------------
| rollout/                |             |
|    ep_len_mean          | 137         |
|    ep_rew_mean          | -34.7       |
|    success_rate         | 0.66        |
| time/                   |             |
|    fps                  | 510         |
|    iterations           | 119         |
|    time_elapsed         | 477         |
|    total_timesteps      | 243712      |
| train/                  |             |
|    approx_kl            | 0.016435111 |
|    clip_fraction        | 0.178       |
|    clip_range           | 0.2         |
|    entropy_loss         | -7.15       |
|    explained_variance   | 0.956       |
|    learning_rate        | 0.0003      |
|    loss                 | 0.275       |
|    n_updates            | 1180        |
|    policy_gradient_loss | -0.00699    |
|    std                  | 0.678       |
|    value_loss           | 1.22        |
-----------------------------------------
Eval num_timesteps=245000, episode_reward=-40.45 +/- 16.80
Episode length: 145.03 +/- 55.88
Success rate: 50.00%
-----------------------------------------
| eval/                   |             |
|    mean_ep_length       | 145         |
|    mean_reward          | -40.5       |
|    success_rate         | 0.5         |
| time/                   |             |
|    total_timesteps      | 245000      |
| train/                  |             |
|    approx_kl            | 0.019530285 |
|    clip_fraction        | 0.212       |
|    clip_range           | 0.2         |
|    entropy_loss         | -7.16       |
|    explained_variance   | 0.96        |
|    learning_rate        | 0.0003      |
|    loss                 | 0.371       |
|    n_updates            | 1190        |
|    policy_gradient_loss | -0.00938    |
|    std                  | 0.677       |
|    value_loss           | 1.01        |
-----------------------------------------
---------------------------------
| rollout/           |          |
|    ep_len_mean     | 132      |
|    ep_rew_mean     | -34.1    |
|    success_rate    | 0.69     |
| time/              |          |
|    fps             | 487      |
|    iterations      | 120      |
|    time_elapsed    | 504      |
|    total_timesteps | 245760   |
---------------------------------
----------------------------------------
| rollout/                |            |
|    ep_len_mean          | 136        |
|    ep_rew_mean          | -34.7      |
|    success_rate         | 0.66       |
| time/                   |            |
|    fps                  | 480        |
|    iterations           | 121        |
|    time_elapsed         | 516        |
|    total_timesteps      | 247808     |
| train/                  |            |
|    approx_kl            | 0.01899125 |
|    clip_fraction        | 0.21       |
|    clip_range           | 0.2        |
|    entropy_loss         | -7.15      |
|    explained_variance   | 0.972      |
|    learning_rate        | 0.0003     |
|    loss                 | 0.0839     |
|    n_updates            | 1200       |
|    policy_gradient_loss | -0.0118    |
|    std                  | 0.677      |
|    value_loss           | 0.765      |
----------------------------------------
-----------------------------------------
| rollout/                |             |
|    ep_len_mean          | 134         |
|    ep_rew_mean          | -33.9       |
|    success_rate         | 0.66        |
| time/                   |             |
|    fps                  | 473         |
|    iterations           | 122         |
|    time_elapsed         | 528         |
|    total_timesteps      | 249856      |
| train/                  |             |
|    approx_kl            | 0.017583016 |
|    clip_fraction        | 0.221       |
|    clip_range           | 0.2         |
|    entropy_loss         | -7.16       |
|    explained_variance   | 0.958       |
|    learning_rate        | 0.0003      |
|    loss                 | 0.148       |
|    n_updates            | 1210        |
|    policy_gradient_loss | -0.0112     |
|    std                  | 0.676       |
|    value_loss           | 0.73        |
-----------------------------------------
Eval num_timesteps=250000, episode_reward=-41.90 +/- 16.95
Episode length: 148.97 +/- 55.17
Success rate: 46.67%
-----------------------------------------
| eval/                   |             |
|    mean_ep_length       | 149         |
|    mean_reward          | -41.9       |
|    success_rate         | 0.467       |
| time/                   |             |
|    total_timesteps      | 250000      |
| train/                  |             |
|    approx_kl            | 0.010762734 |
|    clip_fraction        | 0.156       |
|    clip_range           | 0.2         |
|    entropy_loss         | -7.14       |
|    explained_variance   | 0.929       |
|    learning_rate        | 0.0003      |
|    loss                 | 0.473       |
|    n_updates            | 1220        |
|    policy_gradient_loss | -0.00513    |
|    std                  | 0.674       |
|    value_loss           | 1.66        |
-----------------------------------------
---------------------------------
| rollout/           |          |
|    ep_len_mean     | 129      |
|    ep_rew_mean     | -32.7    |
|    success_rate    | 0.7      |
| time/              |          |
|    fps             | 467      |
|    iterations      | 123      |
|    time_elapsed    | 539      |
|    total_timesteps | 251904   |
---------------------------------
-----------------------------------------
| rollout/                |             |
|    ep_len_mean          | 126         |
|    ep_rew_mean          | -32.1       |
|    success_rate         | 0.74        |
| time/                   |             |
|    fps                  | 469         |
|    iterations           | 124         |
|    time_elapsed         | 541         |
|    total_timesteps      | 253952      |
| train/                  |             |
|    approx_kl            | 0.014250894 |
|    clip_fraction        | 0.156       |
|    clip_range           | 0.2         |
|    entropy_loss         | -7.1        |
|    explained_variance   | 0.933       |
|    learning_rate        | 0.0003      |
|    loss                 | 0.614       |
|    n_updates            | 1230        |
|    policy_gradient_loss | -0.00953    |
|    std                  | 0.67        |
|    value_loss           | 1.5         |
-----------------------------------------
Eval num_timesteps=255000, episode_reward=-45.91 +/- 15.11
Episode length: 161.63 +/- 50.29
Success rate: 33.33%
-----------------------------------------
| eval/                   |             |
|    mean_ep_length       | 162         |
|    mean_reward          | -45.9       |
|    success_rate         | 0.333       |
| time/                   |             |
|    total_timesteps      | 255000      |
| train/                  |             |
|    approx_kl            | 0.018786851 |
|    clip_fraction        | 0.219       |
|    clip_range           | 0.2         |
|    entropy_loss         | -7.07       |
|    explained_variance   | 0.972       |
|    learning_rate        | 0.0003      |
|    loss                 | 0.328       |
|    n_updates            | 1240        |
|    policy_gradient_loss | -0.0131     |
|    std                  | 0.668       |
|    value_loss           | 0.71        |
-----------------------------------------
---------------------------------
| rollout/           |          |
|    ep_len_mean     | 122      |
|    ep_rew_mean     | -31.3    |
|    success_rate    | 0.75     |
| time/              |          |
|    fps             | 469      |
|    iterations      | 125      |
|    time_elapsed    | 545      |
|    total_timesteps | 256000   |
---------------------------------
-----------------------------------------
| rollout/                |             |
|    ep_len_mean          | 121         |
|    ep_rew_mean          | -30.8       |
|    success_rate         | 0.74        |
| time/                   |             |
|    fps                  | 472         |
|    iterations           | 126         |
|    time_elapsed         | 546         |
|    total_timesteps      | 258048      |
| train/                  |             |
|    approx_kl            | 0.023020912 |
|    clip_fraction        | 0.219       |
|    clip_range           | 0.2         |
|    entropy_loss         | -7.04       |
|    explained_variance   | 0.968       |
|    learning_rate        | 0.0003      |
|    loss                 | 0.262       |
|    n_updates            | 1250        |
|    policy_gradient_loss | -0.0109     |
|    std                  | 0.665       |
|    value_loss           | 1.01        |
-----------------------------------------
Eval num_timesteps=260000, episode_reward=-38.85 +/- 13.20
Episode length: 143.50 +/- 51.16
Success rate: 53.33%
-----------------------------------------
| eval/                   |             |
|    mean_ep_length       | 144         |
|    mean_reward          | -38.8       |
|    success_rate         | 0.533       |
| time/                   |             |
|    total_timesteps      | 260000      |
| train/                  |             |
|    approx_kl            | 0.018913735 |
|    clip_fraction        | 0.202       |
|    clip_range           | 0.2         |
|    entropy_loss         | -7.03       |
|    explained_variance   | 0.957       |
|    learning_rate        | 0.0003      |
|    loss                 | 0.228       |
|    n_updates            | 1260        |
|    policy_gradient_loss | -0.00499    |
|    std                  | 0.664       |
|    value_loss           | 1.29        |
-----------------------------------------
---------------------------------
| rollout/           |          |
|    ep_len_mean     | 115      |
|    ep_rew_mean     | -29.3    |
|    success_rate    | 0.81     |
| time/              |          |
|    fps             | 469      |
|    iterations      | 127      |
|    time_elapsed    | 554      |
|    total_timesteps | 260096   |
---------------------------------
-----------------------------------------
| rollout/                |             |
|    ep_len_mean          | 116         |
|    ep_rew_mean          | -30.5       |
|    success_rate         | 0.81        |
| time/                   |             |
|    fps                  | 463         |
|    iterations           | 128         |
|    time_elapsed         | 565         |
|    total_timesteps      | 262144      |
| train/                  |             |
|    approx_kl            | 0.014927028 |
|    clip_fraction        | 0.191       |
|    clip_range           | 0.2         |
|    entropy_loss         | -7          |
|    explained_variance   | 0.973       |
|    learning_rate        | 0.0003      |
|    loss                 | 0.17        |
|    n_updates            | 1270        |
|    policy_gradient_loss | -0.00853    |
|    std                  | 0.66        |
|    value_loss           | 1.04        |
-----------------------------------------
-----------------------------------------
| rollout/                |             |
|    ep_len_mean          | 117         |
|    ep_rew_mean          | -30.5       |
|    success_rate         | 0.82        |
| time/                   |             |
|    fps                  | 457         |
|    iterations           | 129         |
|    time_elapsed         | 577         |
|    total_timesteps      | 264192      |
| train/                  |             |
|    approx_kl            | 0.021236341 |
|    clip_fraction        | 0.23        |
|    clip_range           | 0.2         |
|    entropy_loss         | -6.97       |
|    explained_variance   | 0.98        |
|    learning_rate        | 0.0003      |
|    loss                 | 0.239       |
|    n_updates            | 1280        |
|    policy_gradient_loss | -0.0155     |
|    std                  | 0.66        |
|    value_loss           | 0.79        |
-----------------------------------------
Eval num_timesteps=265000, episode_reward=-33.20 +/- 10.71
Episode length: 129.83 +/- 50.19
Success rate: 66.67%
-----------------------------------------
| eval/                   |             |
|    mean_ep_length       | 130         |
|    mean_reward          | -33.2       |
|    success_rate         | 0.667       |
| time/                   |             |
|    total_timesteps      | 265000      |
| train/                  |             |
|    approx_kl            | 0.021494463 |
|    clip_fraction        | 0.223       |
|    clip_range           | 0.2         |
|    entropy_loss         | -6.98       |
|    explained_variance   | 0.966       |
|    learning_rate        | 0.0003      |
|    loss                 | 0.162       |
|    n_updates            | 1290        |
|    policy_gradient_loss | -0.00942    |
|    std                  | 0.661       |
|    value_loss           | 0.633       |
-----------------------------------------
New best mean reward!
---------------------------------
| rollout/           |          |
|    ep_len_mean     | 117      |
|    ep_rew_mean     | -30.5    |
|    success_rate    | 0.82     |
| time/              |          |
|    fps             | 441      |
|    iterations      | 130      |
|    time_elapsed    | 603      |
|    total_timesteps | 266240   |
---------------------------------
-----------------------------------------
| rollout/                |             |
|    ep_len_mean          | 119         |
|    ep_rew_mean          | -31.2       |
|    success_rate         | 0.85        |
| time/                   |             |
|    fps                  | 441         |
|    iterations           | 131         |
|    time_elapsed         | 608         |
|    total_timesteps      | 268288      |
| train/                  |             |
|    approx_kl            | 0.021812167 |
|    clip_fraction        | 0.208       |
|    clip_range           | 0.2         |
|    entropy_loss         | -6.95       |
|    explained_variance   | 0.974       |
|    learning_rate        | 0.0003      |
|    loss                 | 0.197       |
|    n_updates            | 1300        |
|    policy_gradient_loss | -0.00819    |
|    std                  | 0.655       |
|    value_loss           | 0.702       |
-----------------------------------------
Eval num_timesteps=270000, episode_reward=-35.71 +/- 13.49
Episode length: 124.53 +/- 50.36
Success rate: 70.00%
----------------------------------------
| eval/                   |            |
|    mean_ep_length       | 125        |
|    mean_reward          | -35.7      |
|    success_rate         | 0.7        |
| time/                   |            |
|    total_timesteps      | 270000     |
| train/                  |            |
|    approx_kl            | 0.02578837 |
|    clip_fraction        | 0.264      |
|    clip_range           | 0.2        |
|    entropy_loss         | -6.93      |
|    explained_variance   | 0.984      |
|    learning_rate        | 0.0003     |
|    loss                 | 0.0526     |
|    n_updates            | 1310       |
|    policy_gradient_loss | -0.0128    |
|    std                  | 0.655      |
|    value_loss           | 0.363      |
----------------------------------------
---------------------------------
| rollout/           |          |
|    ep_len_mean     | 118      |
|    ep_rew_mean     | -31.1    |
|    success_rate    | 0.85     |
| time/              |          |
|    fps             | 442      |
|    iterations      | 132      |
|    time_elapsed    | 611      |
|    total_timesteps | 270336   |
---------------------------------
-----------------------------------------
| rollout/                |             |
|    ep_len_mean          | 115         |
|    ep_rew_mean          | -30.3       |
|    success_rate         | 0.88        |
| time/                   |             |
|    fps                  | 444         |
|    iterations           | 133         |
|    time_elapsed         | 613         |
|    total_timesteps      | 272384      |
| train/                  |             |
|    approx_kl            | 0.018059447 |
|    clip_fraction        | 0.206       |
|    clip_range           | 0.2         |
|    entropy_loss         | -6.92       |
|    explained_variance   | 0.977       |
|    learning_rate        | 0.0003      |
|    loss                 | 0.186       |
|    n_updates            | 1320        |
|    policy_gradient_loss | -0.0102     |
|    std                  | 0.654       |
|    value_loss           | 0.65        |
-----------------------------------------
----------------------------------------
| rollout/                |            |
|    ep_len_mean          | 115        |
|    ep_rew_mean          | -29.6      |
|    success_rate         | 0.88       |
| time/                   |            |
|    fps                  | 446        |
|    iterations           | 134        |
|    time_elapsed         | 614        |
|    total_timesteps      | 274432     |
| train/                  |            |
|    approx_kl            | 0.02091913 |
|    clip_fraction        | 0.249      |
|    clip_range           | 0.2        |
|    entropy_loss         | -6.88      |
|    explained_variance   | 0.982      |
|    learning_rate        | 0.0003     |
|    loss                 | 0.0641     |
|    n_updates            | 1330       |
|    policy_gradient_loss | -0.0142    |
|    std                  | 0.649      |
|    value_loss           | 0.529      |
----------------------------------------
Eval num_timesteps=275000, episode_reward=-32.71 +/- 17.23
Episode length: 122.93 +/- 55.13
Success rate: 66.67%
-----------------------------------------
| eval/                   |             |
|    mean_ep_length       | 123         |
|    mean_reward          | -32.7       |
|    success_rate         | 0.667       |
| time/                   |             |
|    total_timesteps      | 275000      |
| train/                  |             |
|    approx_kl            | 0.014371494 |
|    clip_fraction        | 0.182       |
|    clip_range           | 0.2         |
|    entropy_loss         | -6.87       |
|    explained_variance   | 0.977       |
|    learning_rate        | 0.0003      |
|    loss                 | 0.115       |
|    n_updates            | 1340        |
|    policy_gradient_loss | -0.00935    |
|    std                  | 0.65        |
|    value_loss           | 0.674       |
-----------------------------------------
New best mean reward!
---------------------------------
| rollout/           |          |
|    ep_len_mean     | 114      |
|    ep_rew_mean     | -30      |
|    success_rate    | 0.88     |
| time/              |          |
|    fps             | 447      |
|    iterations      | 135      |
|    time_elapsed    | 618      |
|    total_timesteps | 276480   |
---------------------------------
-----------------------------------------
| rollout/                |             |
|    ep_len_mean          | 115         |
|    ep_rew_mean          | -29.9       |
|    success_rate         | 0.87        |
| time/                   |             |
|    fps                  | 449         |
|    iterations           | 136         |
|    time_elapsed         | 620         |
|    total_timesteps      | 278528      |
| train/                  |             |
|    approx_kl            | 0.016596569 |
|    clip_fraction        | 0.212       |
|    clip_range           | 0.2         |
|    entropy_loss         | -6.89       |
|    explained_variance   | 0.958       |
|    learning_rate        | 0.0003      |
|    loss                 | 0.135       |
|    n_updates            | 1350        |
|    policy_gradient_loss | -0.0139     |
|    std                  | 0.653       |
|    value_loss           | 0.684       |
-----------------------------------------
Eval num_timesteps=280000, episode_reward=-28.75 +/- 16.14
Episode length: 104.40 +/- 43.51
Success rate: 83.33%
-----------------------------------------
| eval/                   |             |
|    mean_ep_length       | 104         |
|    mean_reward          | -28.8       |
|    success_rate         | 0.833       |
| time/                   |             |
|    total_timesteps      | 280000      |
| train/                  |             |
|    approx_kl            | 0.018533312 |
|    clip_fraction        | 0.208       |
|    clip_range           | 0.2         |
|    entropy_loss         | -6.89       |
|    explained_variance   | 0.969       |
|    learning_rate        | 0.0003      |
|    loss                 | 0.174       |
|    n_updates            | 1360        |
|    policy_gradient_loss | -0.0125     |
|    std                  | 0.651       |
|    value_loss           | 0.751       |
-----------------------------------------
New best mean reward!
---------------------------------
| rollout/           |          |
|    ep_len_mean     | 115      |
|    ep_rew_mean     | -29.7    |
|    success_rate    | 0.85     |
| time/              |          |
|    fps             | 449      |
|    iterations      | 137      |
|    time_elapsed    | 623      |
|    total_timesteps | 280576   |
---------------------------------
-----------------------------------------
| rollout/                |             |
|    ep_len_mean          | 113         |
|    ep_rew_mean          | -29.2       |
|    success_rate         | 0.86        |
| time/                   |             |
|    fps                  | 452         |
|    iterations           | 138         |
|    time_elapsed         | 625         |
|    total_timesteps      | 282624      |
| train/                  |             |
|    approx_kl            | 0.024772054 |
|    clip_fraction        | 0.217       |
|    clip_range           | 0.2         |
|    entropy_loss         | -6.87       |
|    explained_variance   | 0.972       |
|    learning_rate        | 0.0003      |
|    loss                 | 0.155       |
|    n_updates            | 1370        |
|    policy_gradient_loss | -0.0155     |
|    std                  | 0.649       |
|    value_loss           | 0.578       |
-----------------------------------------
-----------------------------------------
| rollout/                |             |
|    ep_len_mean          | 116         |
|    ep_rew_mean          | -29.8       |
|    success_rate         | 0.83        |
| time/                   |             |
|    fps                  | 454         |
|    iterations           | 139         |
|    time_elapsed         | 626         |
|    total_timesteps      | 284672      |
| train/                  |             |
|    approx_kl            | 0.017275762 |
|    clip_fraction        | 0.208       |
|    clip_range           | 0.2         |
|    entropy_loss         | -6.83       |
|    explained_variance   | 0.981       |
|    learning_rate        | 0.0003      |
|    loss                 | 0.294       |
|    n_updates            | 1380        |
|    policy_gradient_loss | -0.0118     |
|    std                  | 0.643       |
|    value_loss           | 0.577       |
-----------------------------------------
Eval num_timesteps=285000, episode_reward=-29.98 +/- 13.96
Episode length: 106.43 +/- 42.98
Success rate: 83.33%
-----------------------------------------
| eval/                   |             |
|    mean_ep_length       | 106         |
|    mean_reward          | -30         |
|    success_rate         | 0.833       |
| time/                   |             |
|    total_timesteps      | 285000      |
| train/                  |             |
|    approx_kl            | 0.019378262 |
|    clip_fraction        | 0.208       |
|    clip_range           | 0.2         |
|    entropy_loss         | -6.78       |
|    explained_variance   | 0.973       |
|    learning_rate        | 0.0003      |
|    loss                 | 0.137       |
|    n_updates            | 1390        |
|    policy_gradient_loss | -0.0132     |
|    std                  | 0.64        |
|    value_loss           | 0.53        |
-----------------------------------------
---------------------------------
| rollout/           |          |
|    ep_len_mean     | 116      |
|    ep_rew_mean     | -30.1    |
|    success_rate    | 0.84     |
| time/              |          |
|    fps             | 454      |
|    iterations      | 140      |
|    time_elapsed    | 630      |
|    total_timesteps | 286720   |
---------------------------------
----------------------------------------
| rollout/                |            |
|    ep_len_mean          | 116        |
|    ep_rew_mean          | -29.7      |
|    success_rate         | 0.86       |
| time/                   |            |
|    fps                  | 456        |
|    iterations           | 141        |
|    time_elapsed         | 632        |
|    total_timesteps      | 288768     |
| train/                  |            |
|    approx_kl            | 0.01748263 |
|    clip_fraction        | 0.2        |
|    clip_range           | 0.2        |
|    entropy_loss         | -6.75      |
|    explained_variance   | 0.985      |
|    learning_rate        | 0.0003     |
|    loss                 | 0.129      |
|    n_updates            | 1400       |
|    policy_gradient_loss | -0.0133    |
|    std                  | 0.636      |
|    value_loss           | 0.504      |
----------------------------------------
Eval num_timesteps=290000, episode_reward=-33.20 +/- 12.81
Episode length: 123.50 +/- 51.07
Success rate: 70.00%
-----------------------------------------
| eval/                   |             |
|    mean_ep_length       | 124         |
|    mean_reward          | -33.2       |
|    success_rate         | 0.7         |
| time/                   |             |
|    total_timesteps      | 290000      |
| train/                  |             |
|    approx_kl            | 0.019828735 |
|    clip_fraction        | 0.216       |
|    clip_range           | 0.2         |
|    entropy_loss         | -6.72       |
|    explained_variance   | 0.974       |
|    learning_rate        | 0.0003      |
|    loss                 | 0.185       |
|    n_updates            | 1410        |
|    policy_gradient_loss | -0.0142     |
|    std                  | 0.635       |
|    value_loss           | 0.518       |
-----------------------------------------
---------------------------------
| rollout/           |          |
|    ep_len_mean     | 118      |
|    ep_rew_mean     | -29.8    |
|    success_rate    | 0.84     |
| time/              |          |
|    fps             | 454      |
|    iterations      | 142      |
|    time_elapsed    | 640      |
|    total_timesteps | 290816   |
---------------------------------
-----------------------------------------
| rollout/                |             |
|    ep_len_mean          | 120         |
|    ep_rew_mean          | -30.4       |
|    success_rate         | 0.81        |
| time/                   |             |
|    fps                  | 456         |
|    iterations           | 143         |
|    time_elapsed         | 642         |
|    total_timesteps      | 292864      |
| train/                  |             |
|    approx_kl            | 0.014760438 |
|    clip_fraction        | 0.162       |
|    clip_range           | 0.2         |
|    entropy_loss         | -6.71       |
|    explained_variance   | 0.971       |
|    learning_rate        | 0.0003      |
|    loss                 | 0.0826      |
|    n_updates            | 1420        |
|    policy_gradient_loss | -0.00793    |
|    std                  | 0.635       |
|    value_loss           | 0.744       |
-----------------------------------------
-----------------------------------------
| rollout/                |             |
|    ep_len_mean          | 124         |
|    ep_rew_mean          | -30.7       |
|    success_rate         | 0.77        |
| time/                   |             |
|    fps                  | 458         |
|    iterations           | 144         |
|    time_elapsed         | 643         |
|    total_timesteps      | 294912      |
| train/                  |             |
|    approx_kl            | 0.018678874 |
|    clip_fraction        | 0.215       |
|    clip_range           | 0.2         |
|    entropy_loss         | -6.71       |
|    explained_variance   | 0.962       |
|    learning_rate        | 0.0003      |
|    loss                 | 0.115       |
|    n_updates            | 1430        |
|    policy_gradient_loss | -0.0111     |
|    std                  | 0.634       |
|    value_loss           | 0.62        |
-----------------------------------------
Eval num_timesteps=295000, episode_reward=-32.03 +/- 14.67
Episode length: 118.07 +/- 43.63
Success rate: 80.00%
----------------------------------------
| eval/                   |            |
|    mean_ep_length       | 118        |
|    mean_reward          | -32        |
|    success_rate         | 0.8        |
| time/                   |            |
|    total_timesteps      | 295000     |
| train/                  |            |
|    approx_kl            | 0.01770456 |
|    clip_fraction        | 0.199      |
|    clip_range           | 0.2        |
|    entropy_loss         | -6.71      |
|    explained_variance   | 0.952      |
|    learning_rate        | 0.0003     |
|    loss                 | 0.143      |
|    n_updates            | 1440       |
|    policy_gradient_loss | -0.0112    |
|    std                  | 0.634      |
|    value_loss           | 0.845      |
----------------------------------------
---------------------------------
| rollout/           |          |
|    ep_len_mean     | 124      |
|    ep_rew_mean     | -30.4    |
|    success_rate    | 0.77     |
| time/              |          |
|    fps             | 457      |
|    iterations      | 145      |
|    time_elapsed    | 649      |
|    total_timesteps | 296960   |
---------------------------------
-----------------------------------------
| rollout/                |             |
|    ep_len_mean          | 126         |
|    ep_rew_mean          | -30.3       |
|    success_rate         | 0.76        |
| time/                   |             |
|    fps                  | 451         |
|    iterations           | 146         |
|    time_elapsed         | 661         |
|    total_timesteps      | 299008      |
| train/                  |             |
|    approx_kl            | 0.012679284 |
|    clip_fraction        | 0.168       |
|    clip_range           | 0.2         |
|    entropy_loss         | -6.73       |
|    explained_variance   | 0.953       |
|    learning_rate        | 0.0003      |
|    loss                 | 0.279       |
|    n_updates            | 1450        |
|    policy_gradient_loss | -0.00878    |
|    std                  | 0.638       |
|    value_loss           | 1.04        |
-----------------------------------------
Eval num_timesteps=300000, episode_reward=-25.53 +/- 8.44
Episode length: 94.70 +/- 29.85
Success rate: 93.33%
-----------------------------------------
| eval/                   |             |
|    mean_ep_length       | 94.7        |
|    mean_reward          | -25.5       |
|    success_rate         | 0.933       |
| time/                   |             |
|    total_timesteps      | 300000      |
| train/                  |             |
|    approx_kl            | 0.018100642 |
|    clip_fraction        | 0.203       |
|    clip_range           | 0.2         |
|    entropy_loss         | -6.72       |
|    explained_variance   | 0.974       |
|    learning_rate        | 0.0003      |
|    loss                 | 0.0752      |
|    n_updates            | 1460        |
|    policy_gradient_loss | -0.0153     |
|    std                  | 0.633       |
|    value_loss           | 0.682       |
-----------------------------------------
New best mean reward!
---------------------------------
| rollout/           |          |
|    ep_len_mean     | 124      |
|    ep_rew_mean     | -30.2    |
|    success_rate    | 0.76     |
| time/              |          |
|    fps             | 439      |
|    iterations      | 147      |
|    time_elapsed    | 684      |
|    total_timesteps | 301056   |
---------------------------------
-----------------------------------------
| rollout/                |             |
|    ep_len_mean          | 122         |
|    ep_rew_mean          | -29.3       |
|    success_rate         | 0.77        |
| time/                   |             |
|    fps                  | 439         |
|    iterations           | 148         |
|    time_elapsed         | 689         |
|    total_timesteps      | 303104      |
| train/                  |             |
|    approx_kl            | 0.023203088 |
|    clip_fraction        | 0.222       |
|    clip_range           | 0.2         |
|    entropy_loss         | -6.7        |
|    explained_variance   | 0.971       |
|    learning_rate        | 0.0003      |
|    loss                 | 0.449       |
|    n_updates            | 1470        |
|    policy_gradient_loss | -0.0132     |
|    std                  | 0.634       |
|    value_loss           | 0.779       |
-----------------------------------------
Eval num_timesteps=305000, episode_reward=-28.73 +/- 12.04
Episode length: 103.33 +/- 39.50
Success rate: 86.67%
-----------------------------------------
| eval/                   |             |
|    mean_ep_length       | 103         |
|    mean_reward          | -28.7       |
|    success_rate         | 0.867       |
| time/                   |             |
|    total_timesteps      | 305000      |
| train/                  |             |
|    approx_kl            | 0.015837088 |
|    clip_fraction        | 0.219       |
|    clip_range           | 0.2         |
|    entropy_loss         | -6.68       |
|    explained_variance   | 0.977       |
|    learning_rate        | 0.0003      |
|    loss                 | 0.136       |
|    n_updates            | 1480        |
|    policy_gradient_loss | -0.0121     |
|    std                  | 0.63        |
|    value_loss           | 0.609       |
-----------------------------------------
---------------------------------
| rollout/           |          |
|    ep_len_mean     | 118      |
|    ep_rew_mean     | -28.8    |
|    success_rate    | 0.82     |
| time/              |          |
|    fps             | 440      |
|    iterations      | 149      |
|    time_elapsed    | 692      |
|    total_timesteps | 305152   |
---------------------------------
-----------------------------------------
| rollout/                |             |
|    ep_len_mean          | 113         |
|    ep_rew_mean          | -28.1       |
|    success_rate         | 0.85        |
| time/                   |             |
|    fps                  | 442         |
|    iterations           | 150         |
|    time_elapsed         | 694         |
|    total_timesteps      | 307200      |
| train/                  |             |
|    approx_kl            | 0.021616697 |
|    clip_fraction        | 0.238       |
|    clip_range           | 0.2         |
|    entropy_loss         | -6.62       |
|    explained_variance   | 0.984       |
|    learning_rate        | 0.0003      |
|    loss                 | 0.163       |
|    n_updates            | 1490        |
|    policy_gradient_loss | -0.0117     |
|    std                  | 0.624       |
|    value_loss           | 0.483       |
-----------------------------------------
-----------------------------------------
| rollout/                |             |
|    ep_len_mean          | 112         |
|    ep_rew_mean          | -28.3       |
|    success_rate         | 0.85        |
| time/                   |             |
|    fps                  | 444         |
|    iterations           | 151         |
|    time_elapsed         | 695         |
|    total_timesteps      | 309248      |
| train/                  |             |
|    approx_kl            | 0.019746736 |
|    clip_fraction        | 0.204       |
|    clip_range           | 0.2         |
|    entropy_loss         | -6.6        |
|    explained_variance   | 0.979       |
|    learning_rate        | 0.0003      |
|    loss                 | 0.0945      |
|    n_updates            | 1500        |
|    policy_gradient_loss | -0.0103     |
|    std                  | 0.626       |
|    value_loss           | 0.475       |
-----------------------------------------
Eval num_timesteps=310000, episode_reward=-31.75 +/- 12.96
Episode length: 116.07 +/- 47.54
Success rate: 76.67%
-----------------------------------------
| eval/                   |             |
|    mean_ep_length       | 116         |
|    mean_reward          | -31.7       |
|    success_rate         | 0.767       |
| time/                   |             |
|    total_timesteps      | 310000      |
| train/                  |             |
|    approx_kl            | 0.020683894 |
|    clip_fraction        | 0.208       |
|    clip_range           | 0.2         |
|    entropy_loss         | -6.58       |
|    explained_variance   | 0.971       |
|    learning_rate        | 0.0003      |
|    loss                 | 0.324       |
|    n_updates            | 1510        |
|    policy_gradient_loss | -0.0134     |
|    std                  | 0.622       |
|    value_loss           | 0.879       |
-----------------------------------------
---------------------------------
| rollout/           |          |
|    ep_len_mean     | 108      |
|    ep_rew_mean     | -28      |
|    success_rate    | 0.87     |
| time/              |          |
|    fps             | 445      |
|    iterations      | 152      |
|    time_elapsed    | 699      |
|    total_timesteps | 311296   |
---------------------------------
-----------------------------------------
| rollout/                |             |
|    ep_len_mean          | 107         |
|    ep_rew_mean          | -27.6       |
|    success_rate         | 0.9         |
| time/                   |             |
|    fps                  | 446         |
|    iterations           | 153         |
|    time_elapsed         | 701         |
|    total_timesteps      | 313344      |
| train/                  |             |
|    approx_kl            | 0.023273429 |
|    clip_fraction        | 0.236       |
|    clip_range           | 0.2         |
|    entropy_loss         | -6.53       |
|    explained_variance   | 0.985       |
|    learning_rate        | 0.0003      |
|    loss                 | 0.0744      |
|    n_updates            | 1520        |
|    policy_gradient_loss | -0.0107     |
|    std                  | 0.617       |
|    value_loss           | 0.445       |
-----------------------------------------
Eval num_timesteps=315000, episode_reward=-34.14 +/- 16.59
Episode length: 119.17 +/- 53.78
Success rate: 70.00%
-----------------------------------------
| eval/                   |             |
|    mean_ep_length       | 119         |
|    mean_reward          | -34.1       |
|    success_rate         | 0.7         |
| time/                   |             |
|    total_timesteps      | 315000      |
| train/                  |             |
|    approx_kl            | 0.019743638 |
|    clip_fraction        | 0.232       |
|    clip_range           | 0.2         |
|    entropy_loss         | -6.49       |
|    explained_variance   | 0.984       |
|    learning_rate        | 0.0003      |
|    loss                 | 0.0447      |
|    n_updates            | 1530        |
|    policy_gradient_loss | -0.0109     |
|    std                  | 0.616       |
|    value_loss           | 0.376       |
-----------------------------------------
---------------------------------
| rollout/           |          |
|    ep_len_mean     | 110      |
|    ep_rew_mean     | -28.4    |
|    success_rate    | 0.87     |
| time/              |          |
|    fps             | 447      |
|    iterations      | 154      |
|    time_elapsed    | 704      |
|    total_timesteps | 315392   |
---------------------------------
-----------------------------------------
| rollout/                |             |
|    ep_len_mean          | 112         |
|    ep_rew_mean          | -28.8       |
|    success_rate         | 0.85        |
| time/                   |             |
|    fps                  | 447         |
|    iterations           | 155         |
|    time_elapsed         | 708         |
|    total_timesteps      | 317440      |
| train/                  |             |
|    approx_kl            | 0.021840855 |
|    clip_fraction        | 0.217       |
|    clip_range           | 0.2         |
|    entropy_loss         | -6.48       |
|    explained_variance   | 0.971       |
|    learning_rate        | 0.0003      |
|    loss                 | 0.142       |
|    n_updates            | 1540        |
|    policy_gradient_loss | -0.0112     |
|    std                  | 0.615       |
|    value_loss           | 0.41        |
-----------------------------------------
-----------------------------------------
| rollout/                |             |
|    ep_len_mean          | 113         |
|    ep_rew_mean          | -29.6       |
|    success_rate         | 0.84        |
| time/                   |             |
|    fps                  | 442         |
|    iterations           | 156         |
|    time_elapsed         | 721         |
|    total_timesteps      | 319488      |
| train/                  |             |
|    approx_kl            | 0.020190276 |
|    clip_fraction        | 0.203       |
|    clip_range           | 0.2         |
|    entropy_loss         | -6.46       |
|    explained_variance   | 0.977       |
|    learning_rate        | 0.0003      |
|    loss                 | 0.058       |
|    n_updates            | 1550        |
|    policy_gradient_loss | -0.0139     |
|    std                  | 0.612       |
|    value_loss           | 0.595       |
-----------------------------------------
Eval num_timesteps=320000, episode_reward=-28.26 +/- 11.03
Episode length: 99.87 +/- 34.45
Success rate: 90.00%
-----------------------------------------
| eval/                   |             |
|    mean_ep_length       | 99.9        |
|    mean_reward          | -28.3       |
|    success_rate         | 0.9         |
| time/                   |             |
|    total_timesteps      | 320000      |
| train/                  |             |
|    approx_kl            | 0.013755224 |
|    clip_fraction        | 0.197       |
|    clip_range           | 0.2         |
|    entropy_loss         | -6.44       |
|    explained_variance   | 0.975       |
|    learning_rate        | 0.0003      |
|    loss                 | 0.0885      |
|    n_updates            | 1560        |
|    policy_gradient_loss | -0.00895    |
|    std                  | 0.613       |
|    value_loss           | 0.596       |
-----------------------------------------
---------------------------------
| rollout/           |          |
|    ep_len_mean     | 113      |
|    ep_rew_mean     | -30.2    |
|    success_rate    | 0.84     |
| time/              |          |
|    fps             | 431      |
|    iterations      | 157      |
|    time_elapsed    | 745      |
|    total_timesteps | 321536   |
---------------------------------
-----------------------------------------
| rollout/                |             |
|    ep_len_mean          | 111         |
|    ep_rew_mean          | -29.2       |
|    success_rate         | 0.85        |
| time/                   |             |
|    fps                  | 426         |
|    iterations           | 158         |
|    time_elapsed         | 758         |
|    total_timesteps      | 323584      |
| train/                  |             |
|    approx_kl            | 0.015779266 |
|    clip_fraction        | 0.218       |
|    clip_range           | 0.2         |
|    entropy_loss         | -6.46       |
|    explained_variance   | 0.981       |
|    learning_rate        | 0.0003      |
|    loss                 | 0.39        |
|    n_updates            | 1570        |
|    policy_gradient_loss | -0.00851    |
|    std                  | 0.615       |
|    value_loss           | 0.791       |
-----------------------------------------
Eval num_timesteps=325000, episode_reward=-26.61 +/- 9.96
Episode length: 105.77 +/- 32.87
Success rate: 90.00%
-----------------------------------------
| eval/                   |             |
|    mean_ep_length       | 106         |
|    mean_reward          | -26.6       |
|    success_rate         | 0.9         |
| time/                   |             |
|    total_timesteps      | 325000      |
| train/                  |             |
|    approx_kl            | 0.019292574 |
|    clip_fraction        | 0.225       |
|    clip_range           | 0.2         |
|    entropy_loss         | -6.45       |
|    explained_variance   | 0.984       |
|    learning_rate        | 0.0003      |
|    loss                 | 0.141       |
|    n_updates            | 1580        |
|    policy_gradient_loss | -0.0118     |
|    std                  | 0.611       |
|    value_loss           | 0.507       |
-----------------------------------------
---------------------------------
| rollout/           |          |
|    ep_len_mean     | 110      |
|    ep_rew_mean     | -29.4    |
|    success_rate    | 0.84     |
| time/              |          |
|    fps             | 418      |
|    iterations      | 159      |
|    time_elapsed    | 778      |
|    total_timesteps | 325632   |
---------------------------------
-----------------------------------------
| rollout/                |             |
|    ep_len_mean          | 106         |
|    ep_rew_mean          | -28.5       |
|    success_rate         | 0.87        |
| time/                   |             |
|    fps                  | 420         |
|    iterations           | 160         |
|    time_elapsed         | 780         |
|    total_timesteps      | 327680      |
| train/                  |             |
|    approx_kl            | 0.027197458 |
|    clip_fraction        | 0.287       |
|    clip_range           | 0.2         |
|    entropy_loss         | -6.43       |
|    explained_variance   | 0.986       |
|    learning_rate        | 0.0003      |
|    loss                 | 0.0566      |
|    n_updates            | 1590        |
|    policy_gradient_loss | -0.0174     |
|    std                  | 0.612       |
|    value_loss           | 0.27        |
-----------------------------------------
-----------------------------------------
| rollout/                |             |
|    ep_len_mean          | 104         |
|    ep_rew_mean          | -28.4       |
|    success_rate         | 0.87        |
| time/                   |             |
|    fps                  | 421         |
|    iterations           | 161         |
|    time_elapsed         | 781         |
|    total_timesteps      | 329728      |
| train/                  |             |
|    approx_kl            | 0.022065299 |
|    clip_fraction        | 0.227       |
|    clip_range           | 0.2         |
|    entropy_loss         | -6.4        |
|    explained_variance   | 0.986       |
|    learning_rate        | 0.0003      |
|    loss                 | 0.045       |
|    n_updates            | 1600        |
|    policy_gradient_loss | -0.011      |
|    std                  | 0.608       |
|    value_loss           | 0.312       |
-----------------------------------------
Eval num_timesteps=330000, episode_reward=-29.83 +/- 9.40
Episode length: 112.00 +/- 40.10
Success rate: 86.67%
-----------------------------------------
| eval/                   |             |
|    mean_ep_length       | 112         |
|    mean_reward          | -29.8       |
|    success_rate         | 0.867       |
| time/                   |             |
|    total_timesteps      | 330000      |
| train/                  |             |
|    approx_kl            | 0.017249987 |
|    clip_fraction        | 0.229       |
|    clip_range           | 0.2         |
|    entropy_loss         | -6.38       |
|    explained_variance   | 0.983       |
|    learning_rate        | 0.0003      |
|    loss                 | 0.0339      |
|    n_updates            | 1610        |
|    policy_gradient_loss | -0.0108     |
|    std                  | 0.609       |
|    value_loss           | 0.575       |
-----------------------------------------
---------------------------------
| rollout/           |          |
|    ep_len_mean     | 107      |
|    ep_rew_mean     | -28.7    |
|    success_rate    | 0.86     |
| time/              |          |
|    fps             | 422      |
|    iterations      | 162      |
|    time_elapsed    | 785      |
|    total_timesteps | 331776   |
---------------------------------
-----------------------------------------
| rollout/                |             |
|    ep_len_mean          | 108         |
|    ep_rew_mean          | -28.6       |
|    success_rate         | 0.86        |
| time/                   |             |
|    fps                  | 420         |
|    iterations           | 163         |
|    time_elapsed         | 793         |
|    total_timesteps      | 333824      |
| train/                  |             |
|    approx_kl            | 0.014188414 |
|    clip_fraction        | 0.182       |
|    clip_range           | 0.2         |
|    entropy_loss         | -6.37       |
|    explained_variance   | 0.967       |
|    learning_rate        | 0.0003      |
|    loss                 | 0.178       |
|    n_updates            | 1620        |
|    policy_gradient_loss | -0.00932    |
|    std                  | 0.606       |
|    value_loss           | 0.761       |
-----------------------------------------
Eval num_timesteps=335000, episode_reward=-35.48 +/- 12.60
Episode length: 133.90 +/- 44.21
Success rate: 70.00%
-----------------------------------------
| eval/                   |             |
|    mean_ep_length       | 134         |
|    mean_reward          | -35.5       |
|    success_rate         | 0.7         |
| time/                   |             |
|    total_timesteps      | 335000      |
| train/                  |             |
|    approx_kl            | 0.021991374 |
|    clip_fraction        | 0.223       |
|    clip_range           | 0.2         |
|    entropy_loss         | -6.36       |
|    explained_variance   | 0.977       |
|    learning_rate        | 0.0003      |
|    loss                 | 0.0924      |
|    n_updates            | 1630        |
|    policy_gradient_loss | -0.0124     |
|    std                  | 0.607       |
|    value_loss           | 0.55        |
-----------------------------------------
---------------------------------
| rollout/           |          |
|    ep_len_mean     | 111      |
|    ep_rew_mean     | -30      |
|    success_rate    | 0.83     |
| time/              |          |
|    fps             | 409      |
|    iterations      | 164      |
|    time_elapsed    | 820      |
|    total_timesteps | 335872   |
---------------------------------
-----------------------------------------
| rollout/                |             |
|    ep_len_mean          | 111         |
|    ep_rew_mean          | -29.9       |
|    success_rate         | 0.84        |
| time/                   |             |
|    fps                  | 405         |
|    iterations           | 165         |
|    time_elapsed         | 832         |
|    total_timesteps      | 337920      |
| train/                  |             |
|    approx_kl            | 0.028836345 |
|    clip_fraction        | 0.233       |
|    clip_range           | 0.2         |
|    entropy_loss         | -6.36       |
|    explained_variance   | 0.982       |
|    learning_rate        | 0.0003      |
|    loss                 | 0.198       |
|    n_updates            | 1640        |
|    policy_gradient_loss | -0.0114     |
|    std                  | 0.605       |
|    value_loss           | 0.553       |
-----------------------------------------
----------------------------------------
| rollout/                |            |
|    ep_len_mean          | 110        |
|    ep_rew_mean          | -29        |
|    success_rate         | 0.86       |
| time/                   |            |
|    fps                  | 404        |
|    iterations           | 166        |
|    time_elapsed         | 841        |
|    total_timesteps      | 339968     |
| train/                  |            |
|    approx_kl            | 0.02103082 |
|    clip_fraction        | 0.22       |
|    clip_range           | 0.2        |
|    entropy_loss         | -6.36      |
|    explained_variance   | 0.973      |
|    learning_rate        | 0.0003     |
|    loss                 | 0.374      |
|    n_updates            | 1650       |
|    policy_gradient_loss | -0.0116    |
|    std                  | 0.607      |
|    value_loss           | 0.981      |
----------------------------------------
Eval num_timesteps=340000, episode_reward=-27.57 +/- 11.88
Episode length: 97.43 +/- 34.92
Success rate: 90.00%
-----------------------------------------
| eval/                   |             |
|    mean_ep_length       | 97.4        |
|    mean_reward          | -27.6       |
|    success_rate         | 0.9         |
| time/                   |             |
|    total_timesteps      | 340000      |
| train/                  |             |
|    approx_kl            | 0.023574848 |
|    clip_fraction        | 0.279       |
|    clip_range           | 0.2         |
|    entropy_loss         | -6.36       |
|    explained_variance   | 0.986       |
|    learning_rate        | 0.0003      |
|    loss                 | 0.0703      |
|    n_updates            | 1660        |
|    policy_gradient_loss | -0.013      |
|    std                  | 0.605       |
|    value_loss           | 0.288       |
-----------------------------------------
---------------------------------
| rollout/           |          |
|    ep_len_mean     | 105      |
|    ep_rew_mean     | -27.4    |
|    success_rate    | 0.91     |
| time/              |          |
|    fps             | 404      |
|    iterations      | 167      |
|    time_elapsed    | 844      |
|    total_timesteps | 342016   |
---------------------------------
----------------------------------------
| rollout/                |            |
|    ep_len_mean          | 105        |
|    ep_rew_mean          | -27.7      |
|    success_rate         | 0.9        |
| time/                   |            |
|    fps                  | 406        |
|    iterations           | 168        |
|    time_elapsed         | 846        |
|    total_timesteps      | 344064     |
| train/                  |            |
|    approx_kl            | 0.01793582 |
|    clip_fraction        | 0.249      |
|    clip_range           | 0.2        |
|    entropy_loss         | -6.34      |
|    explained_variance   | 0.985      |
|    learning_rate        | 0.0003     |
|    loss                 | 0.0573     |
|    n_updates            | 1670       |
|    policy_gradient_loss | -0.00872   |
|    std                  | 0.605      |
|    value_loss           | 0.333      |
----------------------------------------
Eval num_timesteps=345000, episode_reward=-28.68 +/- 12.08
Episode length: 98.50 +/- 33.49
Success rate: 90.00%
-----------------------------------------
| eval/                   |             |
|    mean_ep_length       | 98.5        |
|    mean_reward          | -28.7       |
|    success_rate         | 0.9         |
| time/                   |             |
|    total_timesteps      | 345000      |
| train/                  |             |
|    approx_kl            | 0.019863483 |
|    clip_fraction        | 0.229       |
|    clip_range           | 0.2         |
|    entropy_loss         | -6.37       |
|    explained_variance   | 0.986       |
|    learning_rate        | 0.0003      |
|    loss                 | -0.00991    |
|    n_updates            | 1680        |
|    policy_gradient_loss | -0.0153     |
|    std                  | 0.609       |
|    value_loss           | 0.303       |
-----------------------------------------
---------------------------------
| rollout/           |          |
|    ep_len_mean     | 99.4     |
|    ep_rew_mean     | -25.9    |
|    success_rate    | 0.94     |
| time/              |          |
|    fps             | 407      |
|    iterations      | 169      |
|    time_elapsed    | 849      |
|    total_timesteps | 346112   |
---------------------------------
-----------------------------------------
| rollout/                |             |
|    ep_len_mean          | 99.3        |
|    ep_rew_mean          | -25.4       |
|    success_rate         | 0.94        |
| time/                   |             |
|    fps                  | 405         |
|    iterations           | 170         |
|    time_elapsed         | 859         |
|    total_timesteps      | 348160      |
| train/                  |             |
|    approx_kl            | 0.018247824 |
|    clip_fraction        | 0.239       |
|    clip_range           | 0.2         |
|    entropy_loss         | -6.4        |
|    explained_variance   | 0.99        |
|    learning_rate        | 0.0003      |
|    loss                 | 0.0239      |
|    n_updates            | 1690        |
|    policy_gradient_loss | -0.0117     |
|    std                  | 0.61        |
|    value_loss           | 0.155       |
-----------------------------------------
Eval num_timesteps=350000, episode_reward=-26.76 +/- 8.51
Episode length: 94.60 +/- 24.46
Success rate: 96.67%
-----------------------------------------
| eval/                   |             |
|    mean_ep_length       | 94.6        |
|    mean_reward          | -26.8       |
|    success_rate         | 0.967       |
| time/                   |             |
|    total_timesteps      | 350000      |
| train/                  |             |
|    approx_kl            | 0.016485158 |
|    clip_fraction        | 0.169       |
|    clip_range           | 0.2         |
|    entropy_loss         | -6.41       |
|    explained_variance   | 0.979       |
|    learning_rate        | 0.0003      |
|    loss                 | 0.516       |
|    n_updates            | 1700        |
|    policy_gradient_loss | -0.00912    |
|    std                  | 0.61        |
|    value_loss           | 0.508       |
-----------------------------------------
---------------------------------
| rollout/           |          |
|    ep_len_mean     | 101      |
|    ep_rew_mean     | -25.8    |
|    success_rate    | 0.92     |
| time/              |          |
|    fps             | 395      |
|    iterations      | 171      |
|    time_elapsed    | 886      |
|    total_timesteps | 350208   |
---------------------------------
-----------------------------------------
| rollout/                |             |
|    ep_len_mean          | 96.2        |
|    ep_rew_mean          | -24.8       |
|    success_rate         | 0.94        |
| time/                   |             |
|    fps                  | 390         |
|    iterations           | 172         |
|    time_elapsed         | 901         |
|    total_timesteps      | 352256      |
| train/                  |             |
|    approx_kl            | 0.019853288 |
|    clip_fraction        | 0.188       |
|    clip_range           | 0.2         |
|    entropy_loss         | -6.39       |
|    explained_variance   | 0.961       |
|    learning_rate        | 0.0003      |
|    loss                 | 0.523       |
|    n_updates            | 1710        |
|    policy_gradient_loss | -0.0127     |
|    std                  | 0.608       |
|    value_loss           | 1.02        |
-----------------------------------------
-----------------------------------------
| rollout/                |             |
|    ep_len_mean          | 98.9        |
|    ep_rew_mean          | -25.2       |
|    success_rate         | 0.92        |
| time/                   |             |
|    fps                  | 386         |
|    iterations           | 173         |
|    time_elapsed         | 916         |
|    total_timesteps      | 354304      |
| train/                  |             |
|    approx_kl            | 0.022034552 |
|    clip_fraction        | 0.26        |
|    clip_range           | 0.2         |
|    entropy_loss         | -6.37       |
|    explained_variance   | 0.992       |
|    learning_rate        | 0.0003      |
|    loss                 | 0.0154      |
|    n_updates            | 1720        |
|    policy_gradient_loss | -0.00842    |
|    std                  | 0.607       |
|    value_loss           | 0.151       |
-----------------------------------------
Eval num_timesteps=355000, episode_reward=-29.31 +/- 11.84
Episode length: 108.23 +/- 40.28
Success rate: 86.67%
-----------------------------------------
| eval/                   |             |
|    mean_ep_length       | 108         |
|    mean_reward          | -29.3       |
|    success_rate         | 0.867       |
| time/                   |             |
|    total_timesteps      | 355000      |
| train/                  |             |
|    approx_kl            | 0.018552858 |
|    clip_fraction        | 0.201       |
|    clip_range           | 0.2         |
|    entropy_loss         | -6.39       |
|    explained_variance   | 0.983       |
|    learning_rate        | 0.0003      |
|    loss                 | 0.0801      |
|    n_updates            | 1730        |
|    policy_gradient_loss | -0.00983    |
|    std                  | 0.612       |
|    value_loss           | 0.298       |
-----------------------------------------
---------------------------------
| rollout/           |          |
|    ep_len_mean     | 101      |
|    ep_rew_mean     | -25.9    |
|    success_rate    | 0.9      |
| time/              |          |
|    fps             | 384      |
|    iterations      | 174      |
|    time_elapsed    | 927      |
|    total_timesteps | 356352   |
---------------------------------
----------------------------------------
| rollout/                |            |
|    ep_len_mean          | 100        |
|    ep_rew_mean          | -26        |
|    success_rate         | 0.91       |
| time/                   |            |
|    fps                  | 385        |
|    iterations           | 175        |
|    time_elapsed         | 928        |
|    total_timesteps      | 358400     |
| train/                  |            |
|    approx_kl            | 0.01861893 |
|    clip_fraction        | 0.206      |
|    clip_range           | 0.2        |
|    entropy_loss         | -6.39      |
|    explained_variance   | 0.978      |
|    learning_rate        | 0.0003     |
|    loss                 | 0.131      |
|    n_updates            | 1740       |
|    policy_gradient_loss | -0.0149    |
|    std                  | 0.607      |
|    value_loss           | 0.428      |
----------------------------------------
Eval num_timesteps=360000, episode_reward=-28.73 +/- 12.53
Episode length: 103.47 +/- 33.91
Success rate: 90.00%
----------------------------------------
| eval/                   |            |
|    mean_ep_length       | 103        |
|    mean_reward          | -28.7      |
|    success_rate         | 0.9        |
| time/                   |            |
|    total_timesteps      | 360000     |
| train/                  |            |
|    approx_kl            | 0.01820257 |
|    clip_fraction        | 0.208      |
|    clip_range           | 0.2        |
|    entropy_loss         | -6.37      |
|    explained_variance   | 0.988      |
|    learning_rate        | 0.0003     |
|    loss                 | 0.0544     |
|    n_updates            | 1750       |
|    policy_gradient_loss | -0.0141    |
|    std                  | 0.608      |
|    value_loss           | 0.372      |
----------------------------------------
---------------------------------
| rollout/           |          |
|    ep_len_mean     | 101      |
|    ep_rew_mean     | -26.7    |
|    success_rate    | 0.91     |
| time/              |          |
|    fps             | 386      |
|    iterations      | 176      |
|    time_elapsed    | 932      |
|    total_timesteps | 360448   |
---------------------------------
-----------------------------------------
| rollout/                |             |
|    ep_len_mean          | 102         |
|    ep_rew_mean          | -27.3       |
|    success_rate         | 0.91        |
| time/                   |             |
|    fps                  | 388         |
|    iterations           | 177         |
|    time_elapsed         | 933         |
|    total_timesteps      | 362496      |
| train/                  |             |
|    approx_kl            | 0.028524417 |
|    clip_fraction        | 0.226       |
|    clip_range           | 0.2         |
|    entropy_loss         | -6.36       |
|    explained_variance   | 0.986       |
|    learning_rate        | 0.0003      |
|    loss                 | 0.0105      |
|    n_updates            | 1760        |
|    policy_gradient_loss | -0.00781    |
|    std                  | 0.605       |
|    value_loss           | 0.271       |
-----------------------------------------
-----------------------------------------
| rollout/                |             |
|    ep_len_mean          | 101         |
|    ep_rew_mean          | -27.6       |
|    success_rate         | 0.91        |
| time/                   |             |
|    fps                  | 389         |
|    iterations           | 178         |
|    time_elapsed         | 935         |
|    total_timesteps      | 364544      |
| train/                  |             |
|    approx_kl            | 0.022494521 |
|    clip_fraction        | 0.26        |
|    clip_range           | 0.2         |
|    entropy_loss         | -6.32       |
|    explained_variance   | 0.994       |
|    learning_rate        | 0.0003      |
|    loss                 | 0.0526      |
|    n_updates            | 1770        |
|    policy_gradient_loss | -0.0106     |
|    std                  | 0.603       |
|    value_loss           | 0.151       |
-----------------------------------------
Eval num_timesteps=365000, episode_reward=-31.44 +/- 11.41
Episode length: 105.00 +/- 38.60
Success rate: 83.33%
-----------------------------------------
| eval/                   |             |
|    mean_ep_length       | 105         |
|    mean_reward          | -31.4       |
|    success_rate         | 0.833       |
| time/                   |             |
|    total_timesteps      | 365000      |
| train/                  |             |
|    approx_kl            | 0.023203393 |
|    clip_fraction        | 0.221       |
|    clip_range           | 0.2         |
|    entropy_loss         | -6.32       |
|    explained_variance   | 0.987       |
|    learning_rate        | 0.0003      |
|    loss                 | -0.0116     |
|    n_updates            | 1780        |
|    policy_gradient_loss | -0.0176     |
|    std                  | 0.603       |
|    value_loss           | 0.167       |
-----------------------------------------
---------------------------------
| rollout/           |          |
|    ep_len_mean     | 98.4     |
|    ep_rew_mean     | -26.7    |
|    success_rate    | 0.94     |
| time/              |          |
|    fps             | 390      |
|    iterations      | 179      |
|    time_elapsed    | 938      |
|    total_timesteps | 366592   |
---------------------------------
----------------------------------------
| rollout/                |            |
|    ep_len_mean          | 97.7       |
|    ep_rew_mean          | -26.2      |
|    success_rate         | 0.95       |
| time/                   |            |
|    fps                  | 391        |
|    iterations           | 180        |
|    time_elapsed         | 940        |
|    total_timesteps      | 368640     |
| train/                  |            |
|    approx_kl            | 0.02301154 |
|    clip_fraction        | 0.214      |
|    clip_range           | 0.2        |
|    entropy_loss         | -6.33      |
|    explained_variance   | 0.989      |
|    learning_rate        | 0.0003     |
|    loss                 | 0.0111     |
|    n_updates            | 1790       |
|    policy_gradient_loss | -0.019     |
|    std                  | 0.606      |
|    value_loss           | 0.266      |
----------------------------------------
Eval num_timesteps=370000, episode_reward=-34.33 +/- 15.43
Episode length: 120.07 +/- 49.83
Success rate: 70.00%
-----------------------------------------
| eval/                   |             |
|    mean_ep_length       | 120         |
|    mean_reward          | -34.3       |
|    success_rate         | 0.7         |
| time/                   |             |
|    total_timesteps      | 370000      |
| train/                  |             |
|    approx_kl            | 0.014516888 |
|    clip_fraction        | 0.198       |
|    clip_range           | 0.2         |
|    entropy_loss         | -6.34       |
|    explained_variance   | 0.986       |
|    learning_rate        | 0.0003      |
|    loss                 | 0.124       |
|    n_updates            | 1800        |
|    policy_gradient_loss | -0.00988    |
|    std                  | 0.606       |
|    value_loss           | 0.352       |
-----------------------------------------
---------------------------------
| rollout/           |          |
|    ep_len_mean     | 98.9     |
|    ep_rew_mean     | -26.1    |
|    success_rate    | 0.94     |
| time/              |          |
|    fps             | 392      |
|    iterations      | 181      |
|    time_elapsed    | 943      |
|    total_timesteps | 370688   |
---------------------------------
-----------------------------------------
| rollout/                |             |
|    ep_len_mean          | 101         |
|    ep_rew_mean          | -26.6       |
|    success_rate         | 0.92        |
| time/                   |             |
|    fps                  | 394         |
|    iterations           | 182         |
|    time_elapsed         | 945         |
|    total_timesteps      | 372736      |
| train/                  |             |
|    approx_kl            | 0.016339317 |
|    clip_fraction        | 0.197       |
|    clip_range           | 0.2         |
|    entropy_loss         | -6.34       |
|    explained_variance   | 0.98        |
|    learning_rate        | 0.0003      |
|    loss                 | 0.0247      |
|    n_updates            | 1810        |
|    policy_gradient_loss | -0.0077     |
|    std                  | 0.604       |
|    value_loss           | 0.252       |
-----------------------------------------
-----------------------------------------
| rollout/                |             |
|    ep_len_mean          | 99.7        |
|    ep_rew_mean          | -26         |
|    success_rate         | 0.93        |
| time/                   |             |
|    fps                  | 395         |
|    iterations           | 183         |
|    time_elapsed         | 947         |
|    total_timesteps      | 374784      |
| train/                  |             |
|    approx_kl            | 0.020099763 |
|    clip_fraction        | 0.204       |
|    clip_range           | 0.2         |
|    entropy_loss         | -6.34       |
|    explained_variance   | 0.989       |
|    learning_rate        | 0.0003      |
|    loss                 | 0.00366     |
|    n_updates            | 1820        |
|    policy_gradient_loss | -0.0149     |
|    std                  | 0.605       |
|    value_loss           | 0.186       |
-----------------------------------------
Eval num_timesteps=375000, episode_reward=-32.79 +/- 14.68
Episode length: 111.57 +/- 49.46
Success rate: 76.67%
-----------------------------------------
| eval/                   |             |
|    mean_ep_length       | 112         |
|    mean_reward          | -32.8       |
|    success_rate         | 0.767       |
| time/                   |             |
|    total_timesteps      | 375000      |
| train/                  |             |
|    approx_kl            | 0.020280141 |
|    clip_fraction        | 0.246       |
|    clip_range           | 0.2         |
|    entropy_loss         | -6.34       |
|    explained_variance   | 0.99        |
|    learning_rate        | 0.0003      |
|    loss                 | -0.000342   |
|    n_updates            | 1830        |
|    policy_gradient_loss | -0.00965    |
|    std                  | 0.603       |
|    value_loss           | 0.134       |
-----------------------------------------
---------------------------------
| rollout/           |          |
|    ep_len_mean     | 99.6     |
|    ep_rew_mean     | -26.1    |
|    success_rate    | 0.93     |
| time/              |          |
|    fps             | 396      |
|    iterations      | 184      |
|    time_elapsed    | 950      |
|    total_timesteps | 376832   |
---------------------------------
----------------------------------------
| rollout/                |            |
|    ep_len_mean          | 102        |
|    ep_rew_mean          | -26.7      |
|    success_rate         | 0.89       |
| time/                   |            |
|    fps                  | 397        |
|    iterations           | 185        |
|    time_elapsed         | 952        |
|    total_timesteps      | 378880     |
| train/                  |            |
|    approx_kl            | 0.02081473 |
|    clip_fraction        | 0.211      |
|    clip_range           | 0.2        |
|    entropy_loss         | -6.32      |
|    explained_variance   | 0.986      |
|    learning_rate        | 0.0003     |
|    loss                 | 0.0512     |
|    n_updates            | 1840       |
|    policy_gradient_loss | -0.00657   |
|    std                  | 0.602      |
|    value_loss           | 0.166      |
----------------------------------------
Eval num_timesteps=380000, episode_reward=-30.24 +/- 16.68
Episode length: 107.57 +/- 46.97
Success rate: 80.00%
-----------------------------------------
| eval/                   |             |
|    mean_ep_length       | 108         |
|    mean_reward          | -30.2       |
|    success_rate         | 0.8         |
| time/                   |             |
|    total_timesteps      | 380000      |
| train/                  |             |
|    approx_kl            | 0.016182158 |
|    clip_fraction        | 0.199       |
|    clip_range           | 0.2         |
|    entropy_loss         | -6.31       |
|    explained_variance   | 0.973       |
|    learning_rate        | 0.0003      |
|    loss                 | 0.118       |
|    n_updates            | 1850        |
|    policy_gradient_loss | -0.0108     |
|    std                  | 0.602       |
|    value_loss           | 0.478       |
-----------------------------------------
---------------------------------
| rollout/           |          |
|    ep_len_mean     | 105      |
|    ep_rew_mean     | -27.2    |
|    success_rate    | 0.87     |
| time/              |          |
|    fps             | 398      |
|    iterations      | 186      |
|    time_elapsed    | 955      |
|    total_timesteps | 380928   |
---------------------------------
----------------------------------------
| rollout/                |            |
|    ep_len_mean          | 107        |
|    ep_rew_mean          | -27.1      |
|    success_rate         | 0.84       |
| time/                   |            |
|    fps                  | 400        |
|    iterations           | 187        |
|    time_elapsed         | 957        |
|    total_timesteps      | 382976     |
| train/                  |            |
|    approx_kl            | 0.01689895 |
|    clip_fraction        | 0.186      |
|    clip_range           | 0.2        |
|    entropy_loss         | -6.31      |
|    explained_variance   | 0.967      |
|    learning_rate        | 0.0003     |
|    loss                 | 0.141      |
|    n_updates            | 1860       |
|    policy_gradient_loss | -0.0123    |
|    std                  | 0.601      |
|    value_loss           | 0.558      |
----------------------------------------
Eval num_timesteps=385000, episode_reward=-27.90 +/- 11.64
Episode length: 93.80 +/- 30.21
Success rate: 93.33%
-----------------------------------------
| eval/                   |             |
|    mean_ep_length       | 93.8        |
|    mean_reward          | -27.9       |
|    success_rate         | 0.933       |
| time/                   |             |
|    total_timesteps      | 385000      |
| train/                  |             |
|    approx_kl            | 0.014828032 |
|    clip_fraction        | 0.199       |
|    clip_range           | 0.2         |
|    entropy_loss         | -6.29       |
|    explained_variance   | 0.975       |
|    learning_rate        | 0.0003      |
|    loss                 | 0.0679      |
|    n_updates            | 1870        |
|    policy_gradient_loss | -0.0119     |
|    std                  | 0.599       |
|    value_loss           | 0.466       |
-----------------------------------------
---------------------------------
| rollout/           |          |
|    ep_len_mean     | 108      |
|    ep_rew_mean     | -28      |
|    success_rate    | 0.83     |
| time/              |          |
|    fps             | 400      |
|    iterations      | 188      |
|    time_elapsed    | 960      |
|    total_timesteps | 385024   |
---------------------------------
-----------------------------------------
| rollout/                |             |
|    ep_len_mean          | 110         |
|    ep_rew_mean          | -29         |
|    success_rate         | 0.82        |
| time/                   |             |
|    fps                  | 402         |
|    iterations           | 189         |
|    time_elapsed         | 962         |
|    total_timesteps      | 387072      |
| train/                  |             |
|    approx_kl            | 0.015572717 |
|    clip_fraction        | 0.219       |
|    clip_range           | 0.2         |
|    entropy_loss         | -6.28       |
|    explained_variance   | 0.977       |
|    learning_rate        | 0.0003      |
|    loss                 | 0.13        |
|    n_updates            | 1880        |
|    policy_gradient_loss | -0.0102     |
|    std                  | 0.598       |
|    value_loss           | 0.541       |
-----------------------------------------
-----------------------------------------
| rollout/                |             |
|    ep_len_mean          | 107         |
|    ep_rew_mean          | -28.3       |
|    success_rate         | 0.83        |
| time/                   |             |
|    fps                  | 403         |
|    iterations           | 190         |
|    time_elapsed         | 963         |
|    total_timesteps      | 389120      |
| train/                  |             |
|    approx_kl            | 0.019225469 |
|    clip_fraction        | 0.208       |
|    clip_range           | 0.2         |
|    entropy_loss         | -6.27       |
|    explained_variance   | 0.983       |
|    learning_rate        | 0.0003      |
|    loss                 | 0.142       |
|    n_updates            | 1890        |
|    policy_gradient_loss | -0.0155     |
|    std                  | 0.598       |
|    value_loss           | 0.455       |
-----------------------------------------
Eval num_timesteps=390000, episode_reward=-28.86 +/- 12.35
Episode length: 102.37 +/- 39.09
Success rate: 86.67%
-----------------------------------------
| eval/                   |             |
|    mean_ep_length       | 102         |
|    mean_reward          | -28.9       |
|    success_rate         | 0.867       |
| time/                   |             |
|    total_timesteps      | 390000      |
| train/                  |             |
|    approx_kl            | 0.014340287 |
|    clip_fraction        | 0.176       |
|    clip_range           | 0.2         |
|    entropy_loss         | -6.28       |
|    explained_variance   | 0.974       |
|    learning_rate        | 0.0003      |
|    loss                 | 0.257       |
|    n_updates            | 1900        |
|    policy_gradient_loss | -0.0074     |
|    std                  | 0.6         |
|    value_loss           | 0.8         |
-----------------------------------------
---------------------------------
| rollout/           |          |
|    ep_len_mean     | 105      |
|    ep_rew_mean     | -28.6    |
|    success_rate    | 0.84     |
| time/              |          |
|    fps             | 404      |
|    iterations      | 191      |
|    time_elapsed    | 967      |
|    total_timesteps | 391168   |
---------------------------------
-----------------------------------------
| rollout/                |             |
|    ep_len_mean          | 103         |
|    ep_rew_mean          | -29.1       |
|    success_rate         | 0.87        |
| time/                   |             |
|    fps                  | 405         |
|    iterations           | 192         |
|    time_elapsed         | 968         |
|    total_timesteps      | 393216      |
| train/                  |             |
|    approx_kl            | 0.023065038 |
|    clip_fraction        | 0.225       |
|    clip_range           | 0.2         |
|    entropy_loss         | -6.29       |
|    explained_variance   | 0.976       |
|    learning_rate        | 0.0003      |
|    loss                 | 0.132       |
|    n_updates            | 1910        |
|    policy_gradient_loss | -0.0147     |
|    std                  | 0.6         |
|    value_loss           | 0.626       |
-----------------------------------------
Eval num_timesteps=395000, episode_reward=-27.19 +/- 10.00
Episode length: 95.73 +/- 30.38
Success rate: 93.33%
----------------------------------------
| eval/                   |            |
|    mean_ep_length       | 95.7       |
|    mean_reward          | -27.2      |
|    success_rate         | 0.933      |
| time/                   |            |
|    total_timesteps      | 395000     |
| train/                  |            |
|    approx_kl            | 0.02085933 |
|    clip_fraction        | 0.2        |
|    clip_range           | 0.2        |
|    entropy_loss         | -6.31      |
|    explained_variance   | 0.986      |
|    learning_rate        | 0.0003     |
|    loss                 | 0.329      |
|    n_updates            | 1920       |
|    policy_gradient_loss | -0.00874   |
|    std                  | 0.603      |
|    value_loss           | 0.732      |
----------------------------------------
---------------------------------
| rollout/           |          |
|    ep_len_mean     | 103      |
|    ep_rew_mean     | -28.6    |
|    success_rate    | 0.88     |
| time/              |          |
|    fps             | 406      |
|    iterations      | 193      |
|    time_elapsed    | 972      |
|    total_timesteps | 395264   |
---------------------------------
-----------------------------------------
| rollout/                |             |
|    ep_len_mean          | 106         |
|    ep_rew_mean          | -29         |
|    success_rate         | 0.87        |
| time/                   |             |
|    fps                  | 408         |
|    iterations           | 194         |
|    time_elapsed         | 973         |
|    total_timesteps      | 397312      |
| train/                  |             |
|    approx_kl            | 0.023143755 |
|    clip_fraction        | 0.24        |
|    clip_range           | 0.2         |
|    entropy_loss         | -6.31       |
|    explained_variance   | 0.984       |
|    learning_rate        | 0.0003      |
|    loss                 | 0.0337      |
|    n_updates            | 1930        |
|    policy_gradient_loss | -0.0121     |
|    std                  | 0.601       |
|    value_loss           | 0.449       |
-----------------------------------------
----------------------------------------
| rollout/                |            |
|    ep_len_mean          | 106        |
|    ep_rew_mean          | -28.9      |
|    success_rate         | 0.87       |
| time/                   |            |
|    fps                  | 409        |
|    iterations           | 195        |
|    time_elapsed         | 975        |
|    total_timesteps      | 399360     |
| train/                  |            |
|    approx_kl            | 0.02402046 |
|    clip_fraction        | 0.229      |
|    clip_range           | 0.2        |
|    entropy_loss         | -6.32      |
|    explained_variance   | 0.981      |
|    learning_rate        | 0.0003     |
|    loss                 | 0.136      |
|    n_updates            | 1940       |
|    policy_gradient_loss | -0.0161    |
|    std                  | 0.602      |
|    value_loss           | 0.458      |
----------------------------------------
Eval num_timesteps=400000, episode_reward=-28.76 +/- 11.36
Episode length: 99.80 +/- 34.68
Success rate: 90.00%
-----------------------------------------
| eval/                   |             |
|    mean_ep_length       | 99.8        |
|    mean_reward          | -28.8       |
|    success_rate         | 0.9         |
| time/                   |             |
|    total_timesteps      | 400000      |
| train/                  |             |
|    approx_kl            | 0.026526239 |
|    clip_fraction        | 0.25        |
|    clip_range           | 0.2         |
|    entropy_loss         | -6.32       |
|    explained_variance   | 0.982       |
|    learning_rate        | 0.0003      |
|    loss                 | 0.272       |
|    n_updates            | 1950        |
|    policy_gradient_loss | -0.0197     |
|    std                  | 0.6         |
|    value_loss           | 0.374       |
-----------------------------------------
---------------------------------
| rollout/           |          |
|    ep_len_mean     | 104      |
|    ep_rew_mean     | -28.3    |
|    success_rate    | 0.9      |
| time/              |          |
|    fps             | 410      |
|    iterations      | 196      |
|    time_elapsed    | 978      |
|    total_timesteps | 401408   |
---------------------------------
-----------------------------------------
| rollout/                |             |
|    ep_len_mean          | 109         |
|    ep_rew_mean          | -29.5       |
|    success_rate         | 0.86        |
| time/                   |             |
|    fps                  | 411         |
|    iterations           | 197         |
|    time_elapsed         | 980         |
|    total_timesteps      | 403456      |
| train/                  |             |
|    approx_kl            | 0.015779398 |
|    clip_fraction        | 0.198       |
|    clip_range           | 0.2         |
|    entropy_loss         | -6.3        |
|    explained_variance   | 0.985       |
|    learning_rate        | 0.0003      |
|    loss                 | 0.0276      |
|    n_updates            | 1960        |
|    policy_gradient_loss | -0.0093     |
|    std                  | 0.599       |
|    value_loss           | 0.428       |
-----------------------------------------
Eval num_timesteps=405000, episode_reward=-26.90 +/- 12.74
Episode length: 101.07 +/- 35.80
Success rate: 90.00%
-----------------------------------------
| eval/                   |             |
|    mean_ep_length       | 101         |
|    mean_reward          | -26.9       |
|    success_rate         | 0.9         |
| time/                   |             |
|    total_timesteps      | 405000      |
| train/                  |             |
|    approx_kl            | 0.020515338 |
|    clip_fraction        | 0.215       |
|    clip_range           | 0.2         |
|    entropy_loss         | -6.3        |
|    explained_variance   | 0.97        |
|    learning_rate        | 0.0003      |
|    loss                 | 0.0487      |
|    n_updates            | 1970        |
|    policy_gradient_loss | -0.0108     |
|    std                  | 0.6         |
|    value_loss           | 0.427       |
-----------------------------------------
---------------------------------
| rollout/           |          |
|    ep_len_mean     | 107      |
|    ep_rew_mean     | -29.3    |
|    success_rate    | 0.88     |
| time/              |          |
|    fps             | 412      |
|    iterations      | 198      |
|    time_elapsed    | 983      |
|    total_timesteps | 405504   |
---------------------------------
-----------------------------------------
| rollout/                |             |
|    ep_len_mean          | 102         |
|    ep_rew_mean          | -27.9       |
|    success_rate         | 0.91        |
| time/                   |             |
|    fps                  | 413         |
|    iterations           | 199         |
|    time_elapsed         | 985         |
|    total_timesteps      | 407552      |
| train/                  |             |
|    approx_kl            | 0.026056346 |
|    clip_fraction        | 0.234       |
|    clip_range           | 0.2         |
|    entropy_loss         | -6.29       |
|    explained_variance   | 0.99        |
|    learning_rate        | 0.0003      |
|    loss                 | 0.0692      |
|    n_updates            | 1980        |
|    policy_gradient_loss | -0.0108     |
|    std                  | 0.598       |
|    value_loss           | 0.271       |
-----------------------------------------
----------------------------------------
| rollout/                |            |
|    ep_len_mean          | 103        |
|    ep_rew_mean          | -28.9      |
|    success_rate         | 0.91       |
| time/                   |            |
|    fps                  | 415        |
|    iterations           | 200        |
|    time_elapsed         | 986        |
|    total_timesteps      | 409600     |
| train/                  |            |
|    approx_kl            | 0.01988795 |
|    clip_fraction        | 0.241      |
|    clip_range           | 0.2        |
|    entropy_loss         | -6.24      |
|    explained_variance   | 0.996      |
|    learning_rate        | 0.0003     |
|    loss                 | -0.00527   |
|    n_updates            | 1990       |
|    policy_gradient_loss | -0.00895   |
|    std                  | 0.592      |
|    value_loss           | 0.107      |
----------------------------------------
Eval num_timesteps=410000, episode_reward=-32.26 +/- 13.12
Episode length: 112.73 +/- 44.22
Success rate: 80.00%
-----------------------------------------
| eval/                   |             |
|    mean_ep_length       | 113         |
|    mean_reward          | -32.3       |
|    success_rate         | 0.8         |
| time/                   |             |
|    total_timesteps      | 410000      |
| train/                  |             |
|    approx_kl            | 0.019917224 |
|    clip_fraction        | 0.213       |
|    clip_range           | 0.2         |
|    entropy_loss         | -6.18       |
|    explained_variance   | 0.984       |
|    learning_rate        | 0.0003      |
|    loss                 | 0.0807      |
|    n_updates            | 2000        |
|    policy_gradient_loss | -0.0176     |
|    std                  | 0.589       |
|    value_loss           | 0.354       |
-----------------------------------------
---------------------------------
| rollout/           |          |
|    ep_len_mean     | 103      |
|    ep_rew_mean     | -28.5    |
|    success_rate    | 0.89     |
| time/              |          |
|    fps             | 415      |
|    iterations      | 201      |
|    time_elapsed    | 990      |
|    total_timesteps | 411648   |
---------------------------------
-----------------------------------------
| rollout/                |             |
|    ep_len_mean          | 102         |
|    ep_rew_mean          | -27.8       |
|    success_rate         | 0.9         |
| time/                   |             |
|    fps                  | 417         |
|    iterations           | 202         |
|    time_elapsed         | 991         |
|    total_timesteps      | 413696      |
| train/                  |             |
|    approx_kl            | 0.022731736 |
|    clip_fraction        | 0.24        |
|    clip_range           | 0.2         |
|    entropy_loss         | -6.15       |
|    explained_variance   | 0.978       |
|    learning_rate        | 0.0003      |
|    loss                 | 0.0653      |
|    n_updates            | 2010        |
|    policy_gradient_loss | -0.015      |
|    std                  | 0.587       |
|    value_loss           | 0.332       |
-----------------------------------------
Eval num_timesteps=415000, episode_reward=-27.73 +/- 11.88
Episode length: 99.03 +/- 34.67
Success rate: 90.00%
-----------------------------------------
| eval/                   |             |
|    mean_ep_length       | 99          |
|    mean_reward          | -27.7       |
|    success_rate         | 0.9         |
| time/                   |             |
|    total_timesteps      | 415000      |
| train/                  |             |
|    approx_kl            | 0.024716962 |
|    clip_fraction        | 0.234       |
|    clip_range           | 0.2         |
|    entropy_loss         | -6.17       |
|    explained_variance   | 0.984       |
|    learning_rate        | 0.0003      |
|    loss                 | 0.0198      |
|    n_updates            | 2020        |
|    policy_gradient_loss | -0.0155     |
|    std                  | 0.591       |
|    value_loss           | 0.243       |
-----------------------------------------
---------------------------------
| rollout/           |          |
|    ep_len_mean     | 104      |
|    ep_rew_mean     | -28.4    |
|    success_rate    | 0.86     |
| time/              |          |
|    fps             | 416      |
|    iterations      | 203      |
|    time_elapsed    | 998      |
|    total_timesteps | 415744   |
---------------------------------
-----------------------------------------
| rollout/                |             |
|    ep_len_mean          | 107         |
|    ep_rew_mean          | -28.6       |
|    success_rate         | 0.85        |
| time/                   |             |
|    fps                  | 417         |
|    iterations           | 204         |
|    time_elapsed         | 1000        |
|    total_timesteps      | 417792      |
| train/                  |             |
|    approx_kl            | 0.021960933 |
|    clip_fraction        | 0.223       |
|    clip_range           | 0.2         |
|    entropy_loss         | -6.2        |
|    explained_variance   | 0.983       |
|    learning_rate        | 0.0003      |
|    loss                 | 0.0567      |
|    n_updates            | 2030        |
|    policy_gradient_loss | -0.0117     |
|    std                  | 0.592       |
|    value_loss           | 0.214       |
-----------------------------------------
-----------------------------------------
| rollout/                |             |
|    ep_len_mean          | 104         |
|    ep_rew_mean          | -27.5       |
|    success_rate         | 0.87        |
| time/                   |             |
|    fps                  | 418         |
|    iterations           | 205         |
|    time_elapsed         | 1002        |
|    total_timesteps      | 419840      |
| train/                  |             |
|    approx_kl            | 0.014138216 |
|    clip_fraction        | 0.196       |
|    clip_range           | 0.2         |
|    entropy_loss         | -6.2        |
|    explained_variance   | 0.976       |
|    learning_rate        | 0.0003      |
|    loss                 | 0.0572      |
|    n_updates            | 2040        |
|    policy_gradient_loss | -0.0115     |
|    std                  | 0.59        |
|    value_loss           | 0.473       |
-----------------------------------------
Eval num_timesteps=420000, episode_reward=-28.87 +/- 11.09
Episode length: 108.37 +/- 41.78
Success rate: 83.33%
-----------------------------------------
| eval/                   |             |
|    mean_ep_length       | 108         |
|    mean_reward          | -28.9       |
|    success_rate         | 0.833       |
| time/                   |             |
|    total_timesteps      | 420000      |
| train/                  |             |
|    approx_kl            | 0.021555308 |
|    clip_fraction        | 0.215       |
|    clip_range           | 0.2         |
|    entropy_loss         | -6.16       |
|    explained_variance   | 0.985       |
|    learning_rate        | 0.0003      |
|    loss                 | 0.0969      |
|    n_updates            | 2050        |
|    policy_gradient_loss | -0.0115     |
|    std                  | 0.586       |
|    value_loss           | 0.339       |
-----------------------------------------
---------------------------------
| rollout/           |          |
|    ep_len_mean     | 105      |
|    ep_rew_mean     | -28      |
|    success_rate    | 0.87     |
| time/              |          |
|    fps             | 419      |
|    iterations      | 206      |
|    time_elapsed    | 1005     |
|    total_timesteps | 421888   |
---------------------------------
----------------------------------------
| rollout/                |            |
|    ep_len_mean          | 106        |
|    ep_rew_mean          | -28.5      |
|    success_rate         | 0.87       |
| time/                   |            |
|    fps                  | 420        |
|    iterations           | 207        |
|    time_elapsed         | 1007       |
|    total_timesteps      | 423936     |
| train/                  |            |
|    approx_kl            | 0.01474086 |
|    clip_fraction        | 0.186      |
|    clip_range           | 0.2        |
|    entropy_loss         | -6.15      |
|    explained_variance   | 0.982      |
|    learning_rate        | 0.0003     |
|    loss                 | 0.166      |
|    n_updates            | 2060       |
|    policy_gradient_loss | -0.00983   |
|    std                  | 0.587      |
|    value_loss           | 0.392      |
----------------------------------------
Eval num_timesteps=425000, episode_reward=-27.27 +/- 13.54
Episode length: 102.10 +/- 40.37
Success rate: 86.67%
-----------------------------------------
| eval/                   |             |
|    mean_ep_length       | 102         |
|    mean_reward          | -27.3       |
|    success_rate         | 0.867       |
| time/                   |             |
|    total_timesteps      | 425000      |
| train/                  |             |
|    approx_kl            | 0.019196225 |
|    clip_fraction        | 0.214       |
|    clip_range           | 0.2         |
|    entropy_loss         | -6.14       |
|    explained_variance   | 0.985       |
|    learning_rate        | 0.0003      |
|    loss                 | 0.177       |
|    n_updates            | 2070        |
|    policy_gradient_loss | -0.0147     |
|    std                  | 0.586       |
|    value_loss           | 0.47        |
-----------------------------------------
---------------------------------
| rollout/           |          |
|    ep_len_mean     | 104      |
|    ep_rew_mean     | -27.5    |
|    success_rate    | 0.89     |
| time/              |          |
|    fps             | 421      |
|    iterations      | 208      |
|    time_elapsed    | 1011     |
|    total_timesteps | 425984   |
---------------------------------
-----------------------------------------
| rollout/                |             |
|    ep_len_mean          | 103         |
|    ep_rew_mean          | -27.4       |
|    success_rate         | 0.89        |
| time/                   |             |
|    fps                  | 422         |
|    iterations           | 209         |
|    time_elapsed         | 1013        |
|    total_timesteps      | 428032      |
| train/                  |             |
|    approx_kl            | 0.017084155 |
|    clip_fraction        | 0.211       |
|    clip_range           | 0.2         |
|    entropy_loss         | -6.11       |
|    explained_variance   | 0.982       |
|    learning_rate        | 0.0003      |
|    loss                 | 0.0819      |
|    n_updates            | 2080        |
|    policy_gradient_loss | -0.0107     |
|    std                  | 0.583       |
|    value_loss           | 0.431       |
-----------------------------------------
Eval num_timesteps=430000, episode_reward=-25.88 +/- 9.77
Episode length: 96.43 +/- 29.16
Success rate: 93.33%
-----------------------------------------
| eval/                   |             |
|    mean_ep_length       | 96.4        |
|    mean_reward          | -25.9       |
|    success_rate         | 0.933       |
| time/                   |             |
|    total_timesteps      | 430000      |
| train/                  |             |
|    approx_kl            | 0.021324435 |
|    clip_fraction        | 0.251       |
|    clip_range           | 0.2         |
|    entropy_loss         | -6.08       |
|    explained_variance   | 0.985       |
|    learning_rate        | 0.0003      |
|    loss                 | 0.0997      |
|    n_updates            | 2090        |
|    policy_gradient_loss | -0.00994    |
|    std                  | 0.58        |
|    value_loss           | 0.305       |
-----------------------------------------
---------------------------------
| rollout/           |          |
|    ep_len_mean     | 99.9     |
|    ep_rew_mean     | -26.6    |
|    success_rate    | 0.91     |
| time/              |          |
|    fps             | 423      |
|    iterations      | 210      |
|    time_elapsed    | 1016     |
|    total_timesteps | 430080   |
---------------------------------
----------------------------------------
| rollout/                |            |
|    ep_len_mean          | 100        |
|    ep_rew_mean          | -26.8      |
|    success_rate         | 0.92       |
| time/                   |            |
|    fps                  | 424        |
|    iterations           | 211        |
|    time_elapsed         | 1018       |
|    total_timesteps      | 432128     |
| train/                  |            |
|    approx_kl            | 0.02255021 |
|    clip_fraction        | 0.259      |
|    clip_range           | 0.2        |
|    entropy_loss         | -6.06      |
|    explained_variance   | 0.988      |
|    learning_rate        | 0.0003     |
|    loss                 | 0.0569     |
|    n_updates            | 2100       |
|    policy_gradient_loss | -0.0119    |
|    std                  | 0.58       |
|    value_loss           | 0.219      |
----------------------------------------
-----------------------------------------
| rollout/                |             |
|    ep_len_mean          | 99.6        |
|    ep_rew_mean          | -26.8       |
|    success_rate         | 0.92        |
| time/                   |             |
|    fps                  | 425         |
|    iterations           | 212         |
|    time_elapsed         | 1019        |
|    total_timesteps      | 434176      |
| train/                  |             |
|    approx_kl            | 0.018131787 |
|    clip_fraction        | 0.207       |
|    clip_range           | 0.2         |
|    entropy_loss         | -6.06       |
|    explained_variance   | 0.99        |
|    learning_rate        | 0.0003      |
|    loss                 | 0.0996      |
|    n_updates            | 2110        |
|    policy_gradient_loss | -0.0119     |
|    std                  | 0.579       |
|    value_loss           | 0.245       |
-----------------------------------------
Eval num_timesteps=435000, episode_reward=-25.28 +/- 11.09
Episode length: 94.73 +/- 36.19
Success rate: 90.00%
-----------------------------------------
| eval/                   |             |
|    mean_ep_length       | 94.7        |
|    mean_reward          | -25.3       |
|    success_rate         | 0.9         |
| time/                   |             |
|    total_timesteps      | 435000      |
| train/                  |             |
|    approx_kl            | 0.022804324 |
|    clip_fraction        | 0.245       |
|    clip_range           | 0.2         |
|    entropy_loss         | -6.04       |
|    explained_variance   | 0.994       |
|    learning_rate        | 0.0003      |
|    loss                 | 0.0677      |
|    n_updates            | 2120        |
|    policy_gradient_loss | -0.0178     |
|    std                  | 0.578       |
|    value_loss           | 0.233       |
-----------------------------------------
New best mean reward!
---------------------------------
| rollout/           |          |
|    ep_len_mean     | 99.5     |
|    ep_rew_mean     | -26.9    |
|    success_rate    | 0.92     |
| time/              |          |
|    fps             | 426      |
|    iterations      | 213      |
|    time_elapsed    | 1023     |
|    total_timesteps | 436224   |
---------------------------------
-----------------------------------------
| rollout/                |             |
|    ep_len_mean          | 98.5        |
|    ep_rew_mean          | -27.1       |
|    success_rate         | 0.92        |
| time/                   |             |
|    fps                  | 427         |
|    iterations           | 214         |
|    time_elapsed         | 1025        |
|    total_timesteps      | 438272      |
| train/                  |             |
|    approx_kl            | 0.019326419 |
|    clip_fraction        | 0.221       |
|    clip_range           | 0.2         |
|    entropy_loss         | -6.03       |
|    explained_variance   | 0.99        |
|    learning_rate        | 0.0003      |
|    loss                 | 0.0465      |
|    n_updates            | 2130        |
|    policy_gradient_loss | -0.0135     |
|    std                  | 0.577       |
|    value_loss           | 0.227       |
-----------------------------------------
Eval num_timesteps=440000, episode_reward=-26.60 +/- 13.89
Episode length: 98.03 +/- 35.18
Success rate: 90.00%
-----------------------------------------
| eval/                   |             |
|    mean_ep_length       | 98          |
|    mean_reward          | -26.6       |
|    success_rate         | 0.9         |
| time/                   |             |
|    total_timesteps      | 440000      |
| train/                  |             |
|    approx_kl            | 0.020127587 |
|    clip_fraction        | 0.226       |
|    clip_range           | 0.2         |
|    entropy_loss         | -6.06       |
|    explained_variance   | 0.994       |
|    learning_rate        | 0.0003      |
|    loss                 | 0.0347      |
|    n_updates            | 2140        |
|    policy_gradient_loss | -0.00742    |
|    std                  | 0.582       |
|    value_loss           | 0.0874      |
-----------------------------------------
---------------------------------
| rollout/           |          |
|    ep_len_mean     | 101      |
|    ep_rew_mean     | -28.2    |
|    success_rate    | 0.89     |
| time/              |          |
|    fps             | 428      |
|    iterations      | 215      |
|    time_elapsed    | 1028     |
|    total_timesteps | 440320   |
---------------------------------
-----------------------------------------
| rollout/                |             |
|    ep_len_mean          | 98.8        |
|    ep_rew_mean          | -27.6       |
|    success_rate         | 0.91        |
| time/                   |             |
|    fps                  | 429         |
|    iterations           | 216         |
|    time_elapsed         | 1030        |
|    total_timesteps      | 442368      |
| train/                  |             |
|    approx_kl            | 0.016671477 |
|    clip_fraction        | 0.19        |
|    clip_range           | 0.2         |
|    entropy_loss         | -6.09       |
|    explained_variance   | 0.987       |
|    learning_rate        | 0.0003      |
|    loss                 | 0.00313     |
|    n_updates            | 2150        |
|    policy_gradient_loss | -0.0176     |
|    std                  | 0.583       |
|    value_loss           | 0.199       |
-----------------------------------------
-----------------------------------------
| rollout/                |             |
|    ep_len_mean          | 100         |
|    ep_rew_mean          | -27.9       |
|    success_rate         | 0.9         |
| time/                   |             |
|    fps                  | 430         |
|    iterations           | 217         |
|    time_elapsed         | 1031        |
|    total_timesteps      | 444416      |
| train/                  |             |
|    approx_kl            | 0.018278427 |
|    clip_fraction        | 0.191       |
|    clip_range           | 0.2         |
|    entropy_loss         | -6.07       |
|    explained_variance   | 0.993       |
|    learning_rate        | 0.0003      |
|    loss                 | 0.0756      |
|    n_updates            | 2160        |
|    policy_gradient_loss | -0.011      |
|    std                  | 0.579       |
|    value_loss           | 0.212       |
-----------------------------------------
Eval num_timesteps=445000, episode_reward=-26.98 +/- 13.87
Episode length: 100.43 +/- 40.04
Success rate: 86.67%
-----------------------------------------
| eval/                   |             |
|    mean_ep_length       | 100         |
|    mean_reward          | -27         |
|    success_rate         | 0.867       |
| time/                   |             |
|    total_timesteps      | 445000      |
| train/                  |             |
|    approx_kl            | 0.024333935 |
|    clip_fraction        | 0.223       |
|    clip_range           | 0.2         |
|    entropy_loss         | -6.04       |
|    explained_variance   | 0.988       |
|    learning_rate        | 0.0003      |
|    loss                 | 0.0551      |
|    n_updates            | 2170        |
|    policy_gradient_loss | -0.0128     |
|    std                  | 0.577       |
|    value_loss           | 0.403       |
-----------------------------------------
---------------------------------
| rollout/           |          |
|    ep_len_mean     | 98.5     |
|    ep_rew_mean     | -27.1    |
|    success_rate    | 0.91     |
| time/              |          |
|    fps             | 431      |
|    iterations      | 218      |
|    time_elapsed    | 1035     |
|    total_timesteps | 446464   |
---------------------------------
-----------------------------------------
| rollout/                |             |
|    ep_len_mean          | 98.2        |
|    ep_rew_mean          | -26.9       |
|    success_rate         | 0.91        |
| time/                   |             |
|    fps                  | 432         |
|    iterations           | 219         |
|    time_elapsed         | 1036        |
|    total_timesteps      | 448512      |
| train/                  |             |
|    approx_kl            | 0.022719257 |
|    clip_fraction        | 0.221       |
|    clip_range           | 0.2         |
|    entropy_loss         | -6.02       |
|    explained_variance   | 0.986       |
|    learning_rate        | 0.0003      |
|    loss                 | 0.0995      |
|    n_updates            | 2180        |
|    policy_gradient_loss | -0.0165     |
|    std                  | 0.576       |
|    value_loss           | 0.373       |
-----------------------------------------
Eval num_timesteps=450000, episode_reward=-30.34 +/- 15.52
Episode length: 119.60 +/- 53.12
Success rate: 70.00%
-----------------------------------------
| eval/                   |             |
|    mean_ep_length       | 120         |
|    mean_reward          | -30.3       |
|    success_rate         | 0.7         |
| time/                   |             |
|    total_timesteps      | 450000      |
| train/                  |             |
|    approx_kl            | 0.029223707 |
|    clip_fraction        | 0.206       |
|    clip_range           | 0.2         |
|    entropy_loss         | -6.01       |
|    explained_variance   | 0.973       |
|    learning_rate        | 0.0003      |
|    loss                 | 0.00419     |
|    n_updates            | 2190        |
|    policy_gradient_loss | -0.0167     |
|    std                  | 0.575       |
|    value_loss           | 0.385       |
-----------------------------------------
---------------------------------
| rollout/           |          |
|    ep_len_mean     | 98       |
|    ep_rew_mean     | -26.5    |
|    success_rate    | 0.92     |
| time/              |          |
|    fps             | 432      |
|    iterations      | 220      |
|    time_elapsed    | 1040     |
|    total_timesteps | 450560   |
---------------------------------
-----------------------------------------
| rollout/                |             |
|    ep_len_mean          | 96.2        |
|    ep_rew_mean          | -25.5       |
|    success_rate         | 0.93        |
| time/                   |             |
|    fps                  | 434         |
|    iterations           | 221         |
|    time_elapsed         | 1042        |
|    total_timesteps      | 452608      |
| train/                  |             |
|    approx_kl            | 0.019735646 |
|    clip_fraction        | 0.241       |
|    clip_range           | 0.2         |
|    entropy_loss         | -5.99       |
|    explained_variance   | 0.991       |
|    learning_rate        | 0.0003      |
|    loss                 | 0.00771     |
|    n_updates            | 2200        |
|    policy_gradient_loss | -0.0111     |
|    std                  | 0.573       |
|    value_loss           | 0.165       |
-----------------------------------------
-----------------------------------------
| rollout/                |             |
|    ep_len_mean          | 92.9        |
|    ep_rew_mean          | -24.8       |
|    success_rate         | 0.95        |
| time/                   |             |
|    fps                  | 435         |
|    iterations           | 222         |
|    time_elapsed         | 1044        |
|    total_timesteps      | 454656      |
| train/                  |             |
|    approx_kl            | 0.022893108 |
|    clip_fraction        | 0.244       |
|    clip_range           | 0.2         |
|    entropy_loss         | -5.96       |
|    explained_variance   | 0.994       |
|    learning_rate        | 0.0003      |
|    loss                 | -0.00259    |
|    n_updates            | 2210        |
|    policy_gradient_loss | -0.00961    |
|    std                  | 0.572       |
|    value_loss           | 0.154       |
-----------------------------------------
Eval num_timesteps=455000, episode_reward=-35.04 +/- 16.18
Episode length: 133.93 +/- 53.62
Success rate: 63.33%
-----------------------------------------
| eval/                   |             |
|    mean_ep_length       | 134         |
|    mean_reward          | -35         |
|    success_rate         | 0.633       |
| time/                   |             |
|    total_timesteps      | 455000      |
| train/                  |             |
|    approx_kl            | 0.020614045 |
|    clip_fraction        | 0.282       |
|    clip_range           | 0.2         |
|    entropy_loss         | -5.95       |
|    explained_variance   | 0.998       |
|    learning_rate        | 0.0003      |
|    loss                 | 0.00191     |
|    n_updates            | 2220        |
|    policy_gradient_loss | -0.0137     |
|    std                  | 0.571       |
|    value_loss           | 0.0571      |
-----------------------------------------
---------------------------------
| rollout/           |          |
|    ep_len_mean     | 91.2     |
|    ep_rew_mean     | -24.8    |
|    success_rate    | 0.97     |
| time/              |          |
|    fps             | 435      |
|    iterations      | 223      |
|    time_elapsed    | 1048     |
|    total_timesteps | 456704   |
---------------------------------
-----------------------------------------
| rollout/                |             |
|    ep_len_mean          | 91.9        |
|    ep_rew_mean          | -24.8       |
|    success_rate         | 0.96        |
| time/                   |             |
|    fps                  | 436         |
|    iterations           | 224         |
|    time_elapsed         | 1050        |
|    total_timesteps      | 458752      |
| train/                  |             |
|    approx_kl            | 0.023994096 |
|    clip_fraction        | 0.26        |
|    clip_range           | 0.2         |
|    entropy_loss         | -5.94       |
|    explained_variance   | 0.997       |
|    learning_rate        | 0.0003      |
|    loss                 | 0.0358      |
|    n_updates            | 2230        |
|    policy_gradient_loss | -0.01       |
|    std                  | 0.57        |
|    value_loss           | 0.0645      |
-----------------------------------------
Eval num_timesteps=460000, episode_reward=-30.50 +/- 14.34
Episode length: 113.13 +/- 48.65
Success rate: 76.67%
-----------------------------------------
| eval/                   |             |
|    mean_ep_length       | 113         |
|    mean_reward          | -30.5       |
|    success_rate         | 0.767       |
| time/                   |             |
|    total_timesteps      | 460000      |
| train/                  |             |
|    approx_kl            | 0.014863305 |
|    clip_fraction        | 0.188       |
|    clip_range           | 0.2         |
|    entropy_loss         | -5.94       |
|    explained_variance   | 0.974       |
|    learning_rate        | 0.0003      |
|    loss                 | 0.0903      |
|    n_updates            | 2240        |
|    policy_gradient_loss | -0.00868    |
|    std                  | 0.571       |
|    value_loss           | 0.381       |
-----------------------------------------
---------------------------------
| rollout/           |          |
|    ep_len_mean     | 93       |
|    ep_rew_mean     | -25.1    |
|    success_rate    | 0.94     |
| time/              |          |
|    fps             | 437      |
|    iterations      | 225      |
|    time_elapsed    | 1053     |
|    total_timesteps | 460800   |
---------------------------------
-----------------------------------------
| rollout/                |             |
|    ep_len_mean          | 96.1        |
|    ep_rew_mean          | -25.5       |
|    success_rate         | 0.92        |
| time/                   |             |
|    fps                  | 438         |
|    iterations           | 226         |
|    time_elapsed         | 1055        |
|    total_timesteps      | 462848      |
| train/                  |             |
|    approx_kl            | 0.019262427 |
|    clip_fraction        | 0.193       |
|    clip_range           | 0.2         |
|    entropy_loss         | -5.93       |
|    explained_variance   | 0.976       |
|    learning_rate        | 0.0003      |
|    loss                 | -0.000519   |
|    n_updates            | 2250        |
|    policy_gradient_loss | -0.0088     |
|    std                  | 0.569       |
|    value_loss           | 0.284       |
-----------------------------------------
-----------------------------------------
| rollout/                |             |
|    ep_len_mean          | 95.7        |
|    ep_rew_mean          | -24.8       |
|    success_rate         | 0.92        |
| time/                   |             |
|    fps                  | 439         |
|    iterations           | 227         |
|    time_elapsed         | 1057        |
|    total_timesteps      | 464896      |
| train/                  |             |
|    approx_kl            | 0.020734776 |
|    clip_fraction        | 0.209       |
|    clip_range           | 0.2         |
|    entropy_loss         | -5.9        |
|    explained_variance   | 0.985       |
|    learning_rate        | 0.0003      |
|    loss                 | 0.0395      |
|    n_updates            | 2260        |
|    policy_gradient_loss | -0.0117     |
|    std                  | 0.566       |
|    value_loss           | 0.335       |
-----------------------------------------
Eval num_timesteps=465000, episode_reward=-28.38 +/- 10.85
Episode length: 98.30 +/- 35.64
Success rate: 90.00%
-----------------------------------------
| eval/                   |             |
|    mean_ep_length       | 98.3        |
|    mean_reward          | -28.4       |
|    success_rate         | 0.9         |
| time/                   |             |
|    total_timesteps      | 465000      |
| train/                  |             |
|    approx_kl            | 0.026074596 |
|    clip_fraction        | 0.252       |
|    clip_range           | 0.2         |
|    entropy_loss         | -5.87       |
|    explained_variance   | 0.993       |
|    learning_rate        | 0.0003      |
|    loss                 | 0.00636     |
|    n_updates            | 2270        |
|    policy_gradient_loss | -0.00834    |
|    std                  | 0.564       |
|    value_loss           | 0.152       |
-----------------------------------------
---------------------------------
| rollout/           |          |
|    ep_len_mean     | 97.3     |
|    ep_rew_mean     | -25.1    |
|    success_rate    | 0.91     |
| time/              |          |
|    fps             | 440      |
|    iterations      | 228      |
|    time_elapsed    | 1061     |
|    total_timesteps | 466944   |
---------------------------------
-----------------------------------------
| rollout/                |             |
|    ep_len_mean          | 94.4        |
|    ep_rew_mean          | -24.5       |
|    success_rate         | 0.95        |
| time/                   |             |
|    fps                  | 441         |
|    iterations           | 229         |
|    time_elapsed         | 1063        |
|    total_timesteps      | 468992      |
| train/                  |             |
|    approx_kl            | 0.023933508 |
|    clip_fraction        | 0.256       |
|    clip_range           | 0.2         |
|    entropy_loss         | -5.85       |
|    explained_variance   | 0.991       |
|    learning_rate        | 0.0003      |
|    loss                 | -0.0147     |
|    n_updates            | 2280        |
|    policy_gradient_loss | -0.0127     |
|    std                  | 0.562       |
|    value_loss           | 0.114       |
-----------------------------------------
Eval num_timesteps=470000, episode_reward=-30.50 +/- 13.35
Episode length: 105.00 +/- 38.33
Success rate: 86.67%
-----------------------------------------
| eval/                   |             |
|    mean_ep_length       | 105         |
|    mean_reward          | -30.5       |
|    success_rate         | 0.867       |
| time/                   |             |
|    total_timesteps      | 470000      |
| train/                  |             |
|    approx_kl            | 0.026462162 |
|    clip_fraction        | 0.256       |
|    clip_range           | 0.2         |
|    entropy_loss         | -5.81       |
|    explained_variance   | 0.997       |
|    learning_rate        | 0.0003      |
|    loss                 | -0.0214     |
|    n_updates            | 2290        |
|    policy_gradient_loss | -0.0147     |
|    std                  | 0.559       |
|    value_loss           | 0.077       |
-----------------------------------------
---------------------------------
| rollout/           |          |
|    ep_len_mean     | 93.1     |
|    ep_rew_mean     | -24.9    |
|    success_rate    | 0.98     |
| time/              |          |
|    fps             | 441      |
|    iterations      | 230      |
|    time_elapsed    | 1066     |
|    total_timesteps | 471040   |
---------------------------------
-----------------------------------------
| rollout/                |             |
|    ep_len_mean          | 92.9        |
|    ep_rew_mean          | -25.2       |
|    success_rate         | 0.98        |
| time/                   |             |
|    fps                  | 442         |
|    iterations           | 231         |
|    time_elapsed         | 1068        |
|    total_timesteps      | 473088      |
| train/                  |             |
|    approx_kl            | 0.021297248 |
|    clip_fraction        | 0.252       |
|    clip_range           | 0.2         |
|    entropy_loss         | -5.79       |
|    explained_variance   | 0.995       |
|    learning_rate        | 0.0003      |
|    loss                 | 0.0192      |
|    n_updates            | 2300        |
|    policy_gradient_loss | -0.0112     |
|    std                  | 0.556       |
|    value_loss           | 0.0993      |
-----------------------------------------
Eval num_timesteps=475000, episode_reward=-29.02 +/- 12.20
Episode length: 99.10 +/- 35.47
Success rate: 90.00%
-----------------------------------------
| eval/                   |             |
|    mean_ep_length       | 99.1        |
|    mean_reward          | -29         |
|    success_rate         | 0.9         |
| time/                   |             |
|    total_timesteps      | 475000      |
| train/                  |             |
|    approx_kl            | 0.026270177 |
|    clip_fraction        | 0.244       |
|    clip_range           | 0.2         |
|    entropy_loss         | -5.75       |
|    explained_variance   | 0.998       |
|    learning_rate        | 0.0003      |
|    loss                 | 0.054       |
|    n_updates            | 2310        |
|    policy_gradient_loss | -0.00723    |
|    std                  | 0.553       |
|    value_loss           | 0.0892      |
-----------------------------------------
---------------------------------
| rollout/           |          |
|    ep_len_mean     | 94.2     |
|    ep_rew_mean     | -25.6    |
|    success_rate    | 0.98     |
| time/              |          |
|    fps             | 443      |
|    iterations      | 232      |
|    time_elapsed    | 1071     |
|    total_timesteps | 475136   |
---------------------------------
-----------------------------------------
| rollout/                |             |
|    ep_len_mean          | 92.3        |
|    ep_rew_mean          | -25.4       |
|    success_rate         | 0.99        |
| time/                   |             |
|    fps                  | 444         |
|    iterations           | 233         |
|    time_elapsed         | 1073        |
|    total_timesteps      | 477184      |
| train/                  |             |
|    approx_kl            | 0.022036465 |
|    clip_fraction        | 0.246       |
|    clip_range           | 0.2         |
|    entropy_loss         | -5.69       |
|    explained_variance   | 0.998       |
|    learning_rate        | 0.0003      |
|    loss                 | 0.00366     |
|    n_updates            | 2320        |
|    policy_gradient_loss | -0.0139     |
|    std                  | 0.547       |
|    value_loss           | 0.047       |
-----------------------------------------
-----------------------------------------
| rollout/                |             |
|    ep_len_mean          | 92.3        |
|    ep_rew_mean          | -25         |
|    success_rate         | 0.98        |
| time/                   |             |
|    fps                  | 445         |
|    iterations           | 234         |
|    time_elapsed         | 1075        |
|    total_timesteps      | 479232      |
| train/                  |             |
|    approx_kl            | 0.021930093 |
|    clip_fraction        | 0.263       |
|    clip_range           | 0.2         |
|    entropy_loss         | -5.65       |
|    explained_variance   | 0.999       |
|    learning_rate        | 0.0003      |
|    loss                 | 0.00628     |
|    n_updates            | 2330        |
|    policy_gradient_loss | -0.0133     |
|    std                  | 0.547       |
|    value_loss           | 0.0263      |
-----------------------------------------
Eval num_timesteps=480000, episode_reward=-25.78 +/- 6.68
Episode length: 90.73 +/- 11.36
Success rate: 100.00%
-----------------------------------------
| eval/                   |             |
|    mean_ep_length       | 90.7        |
|    mean_reward          | -25.8       |
|    success_rate         | 1           |
| time/                   |             |
|    total_timesteps      | 480000      |
| train/                  |             |
|    approx_kl            | 0.023859095 |
|    clip_fraction        | 0.238       |
|    clip_range           | 0.2         |
|    entropy_loss         | -5.64       |
|    explained_variance   | 0.992       |
|    learning_rate        | 0.0003      |
|    loss                 | -0.00545    |
|    n_updates            | 2340        |
|    policy_gradient_loss | -0.0154     |
|    std                  | 0.545       |
|    value_loss           | 0.108       |
-----------------------------------------
---------------------------------
| rollout/           |          |
|    ep_len_mean     | 94.1     |
|    ep_rew_mean     | -25.3    |
|    success_rate    | 0.97     |
| time/              |          |
|    fps             | 446      |
|    iterations      | 235      |
|    time_elapsed    | 1079     |
|    total_timesteps | 481280   |
---------------------------------
-----------------------------------------
| rollout/                |             |
|    ep_len_mean          | 94.5        |
|    ep_rew_mean          | -25.6       |
|    success_rate         | 0.96        |
| time/                   |             |
|    fps                  | 447         |
|    iterations           | 236         |
|    time_elapsed         | 1080        |
|    total_timesteps      | 483328      |
| train/                  |             |
|    approx_kl            | 0.019049995 |
|    clip_fraction        | 0.223       |
|    clip_range           | 0.2         |
|    entropy_loss         | -5.62       |
|    explained_variance   | 0.992       |
|    learning_rate        | 0.0003      |
|    loss                 | 0.0565      |
|    n_updates            | 2350        |
|    policy_gradient_loss | -0.0133     |
|    std                  | 0.543       |
|    value_loss           | 0.186       |
-----------------------------------------
Eval num_timesteps=485000, episode_reward=-25.18 +/- 7.13
Episode length: 86.07 +/- 11.30
Success rate: 100.00%
-----------------------------------------
| eval/                   |             |
|    mean_ep_length       | 86.1        |
|    mean_reward          | -25.2       |
|    success_rate         | 1           |
| time/                   |             |
|    total_timesteps      | 485000      |
| train/                  |             |
|    approx_kl            | 0.023607872 |
|    clip_fraction        | 0.223       |
|    clip_range           | 0.2         |
|    entropy_loss         | -5.6        |
|    explained_variance   | 0.988       |
|    learning_rate        | 0.0003      |
|    loss                 | -0.00706    |
|    n_updates            | 2360        |
|    policy_gradient_loss | -0.0105     |
|    std                  | 0.542       |
|    value_loss           | 0.237       |
-----------------------------------------
New best mean reward!
---------------------------------
| rollout/           |          |
|    ep_len_mean     | 94.8     |
|    ep_rew_mean     | -25.8    |
|    success_rate    | 0.95     |
| time/              |          |
|    fps             | 447      |
|    iterations      | 237      |
|    time_elapsed    | 1084     |
|    total_timesteps | 485376   |
---------------------------------
-----------------------------------------
| rollout/                |             |
|    ep_len_mean          | 96.1        |
|    ep_rew_mean          | -26.8       |
|    success_rate         | 0.94        |
| time/                   |             |
|    fps                  | 448         |
|    iterations           | 238         |
|    time_elapsed         | 1086        |
|    total_timesteps      | 487424      |
| train/                  |             |
|    approx_kl            | 0.034538157 |
|    clip_fraction        | 0.214       |
|    clip_range           | 0.2         |
|    entropy_loss         | -5.58       |
|    explained_variance   | 0.988       |
|    learning_rate        | 0.0003      |
|    loss                 | 0.0641      |
|    n_updates            | 2370        |
|    policy_gradient_loss | -0.0114     |
|    std                  | 0.541       |
|    value_loss           | 0.196       |
-----------------------------------------
-----------------------------------------
| rollout/                |             |
|    ep_len_mean          | 95          |
|    ep_rew_mean          | -26.4       |
|    success_rate         | 0.94        |
| time/                   |             |
|    fps                  | 449         |
|    iterations           | 239         |
|    time_elapsed         | 1088        |
|    total_timesteps      | 489472      |
| train/                  |             |
|    approx_kl            | 0.019000975 |
|    clip_fraction        | 0.227       |
|    clip_range           | 0.2         |
|    entropy_loss         | -5.56       |
|    explained_variance   | 0.991       |
|    learning_rate        | 0.0003      |
|    loss                 | 0.0145      |
|    n_updates            | 2380        |
|    policy_gradient_loss | -0.00516    |
|    std                  | 0.54        |
|    value_loss           | 0.147       |
-----------------------------------------
Eval num_timesteps=490000, episode_reward=-28.74 +/- 16.13
Episode length: 99.77 +/- 40.76
Success rate: 86.67%
-----------------------------------------
| eval/                   |             |
|    mean_ep_length       | 99.8        |
|    mean_reward          | -28.7       |
|    success_rate         | 0.867       |
| time/                   |             |
|    total_timesteps      | 490000      |
| train/                  |             |
|    approx_kl            | 0.021332528 |
|    clip_fraction        | 0.212       |
|    clip_range           | 0.2         |
|    entropy_loss         | -5.56       |
|    explained_variance   | 0.988       |
|    learning_rate        | 0.0003      |
|    loss                 | 0.0537      |
|    n_updates            | 2390        |
|    policy_gradient_loss | -0.0094     |
|    std                  | 0.54        |
|    value_loss           | 0.256       |
-----------------------------------------
---------------------------------
| rollout/           |          |
|    ep_len_mean     | 95.8     |
|    ep_rew_mean     | -26.7    |
|    success_rate    | 0.92     |
| time/              |          |
|    fps             | 450      |
|    iterations      | 240      |
|    time_elapsed    | 1091     |
|    total_timesteps | 491520   |
---------------------------------
-----------------------------------------
| rollout/                |             |
|    ep_len_mean          | 94.8        |
|    ep_rew_mean          | -25.6       |
|    success_rate         | 0.94        |
| time/                   |             |
|    fps                  | 451         |
|    iterations           | 241         |
|    time_elapsed         | 1093        |
|    total_timesteps      | 493568      |
| train/                  |             |
|    approx_kl            | 0.020559572 |
|    clip_fraction        | 0.219       |
|    clip_range           | 0.2         |
|    entropy_loss         | -5.54       |
|    explained_variance   | 0.983       |
|    learning_rate        | 0.0003      |
|    loss                 | 0.0197      |
|    n_updates            | 2400        |
|    policy_gradient_loss | -0.0148     |
|    std                  | 0.537       |
|    value_loss           | 0.292       |
-----------------------------------------
Eval num_timesteps=495000, episode_reward=-28.58 +/- 10.41
Episode length: 92.20 +/- 22.65
Success rate: 93.33%
-----------------------------------------
| eval/                   |             |
|    mean_ep_length       | 92.2        |
|    mean_reward          | -28.6       |
|    success_rate         | 0.933       |
| time/                   |             |
|    total_timesteps      | 495000      |
| train/                  |             |
|    approx_kl            | 0.022689164 |
|    clip_fraction        | 0.236       |
|    clip_range           | 0.2         |
|    entropy_loss         | -5.54       |
|    explained_variance   | 0.982       |
|    learning_rate        | 0.0003      |
|    loss                 | -0.00496    |
|    n_updates            | 2410        |
|    policy_gradient_loss | -0.0121     |
|    std                  | 0.54        |
|    value_loss           | 0.387       |
-----------------------------------------
---------------------------------
| rollout/           |          |
|    ep_len_mean     | 94.9     |
|    ep_rew_mean     | -25.6    |
|    success_rate    | 0.95     |
| time/              |          |
|    fps             | 451      |
|    iterations      | 242      |
|    time_elapsed    | 1096     |
|    total_timesteps | 495616   |
---------------------------------
-----------------------------------------
| rollout/                |             |
|    ep_len_mean          | 93.2        |
|    ep_rew_mean          | -24.6       |
|    success_rate         | 0.96        |
| time/                   |             |
|    fps                  | 452         |
|    iterations           | 243         |
|    time_elapsed         | 1098        |
|    total_timesteps      | 497664      |
| train/                  |             |
|    approx_kl            | 0.019156054 |
|    clip_fraction        | 0.241       |
|    clip_range           | 0.2         |
|    entropy_loss         | -5.56       |
|    explained_variance   | 0.992       |
|    learning_rate        | 0.0003      |
|    loss                 | 0.00544     |
|    n_updates            | 2420        |
|    policy_gradient_loss | -0.0131     |
|    std                  | 0.54        |
|    value_loss           | 0.178       |
-----------------------------------------
-----------------------------------------
| rollout/                |             |
|    ep_len_mean          | 91.2        |
|    ep_rew_mean          | -24.5       |
|    success_rate         | 0.98        |
| time/                   |             |
|    fps                  | 454         |
|    iterations           | 244         |
|    time_elapsed         | 1100        |
|    total_timesteps      | 499712      |
| train/                  |             |
|    approx_kl            | 0.019937176 |
|    clip_fraction        | 0.239       |
|    clip_range           | 0.2         |
|    entropy_loss         | -5.53       |
|    explained_variance   | 0.994       |
|    learning_rate        | 0.0003      |
|    loss                 | -0.00739    |
|    n_updates            | 2430        |
|    policy_gradient_loss | -0.00862    |
|    std                  | 0.537       |
|    value_loss           | 0.188       |
-----------------------------------------
Eval num_timesteps=500000, episode_reward=-24.98 +/- 8.42
Episode length: 89.87 +/- 22.48
Success rate: 96.67%
-----------------------------------------
| eval/                   |             |
|    mean_ep_length       | 89.9        |
|    mean_reward          | -25         |
|    success_rate         | 0.967       |
| time/                   |             |
|    total_timesteps      | 500000      |
| train/                  |             |
|    approx_kl            | 0.022715462 |
|    clip_fraction        | 0.279       |
|    clip_range           | 0.2         |
|    entropy_loss         | -5.53       |
|    explained_variance   | 0.992       |
|    learning_rate        | 0.0003      |
|    loss                 | -0.02       |
|    n_updates            | 2440        |
|    policy_gradient_loss | -0.0108     |
|    std                  | 0.537       |
|    value_loss           | 0.071       |
-----------------------------------------
New best mean reward!
---------------------------------
| rollout/           |          |
|    ep_len_mean     | 93.6     |
|    ep_rew_mean     | -25.3    |
|    success_rate    | 0.97     |
| time/              |          |
|    fps             | 454      |
|    iterations      | 245      |
|    time_elapsed    | 1104     |
|    total_timesteps | 501760   |
---------------------------------
Training complete. Best model: models\runs\avoid_relvec_s2/best_model.zip
