Using cpu device
Run avoid2_relvec_s0: 500000 steps
---------------------------------
| rollout/           |          |
|    ep_len_mean     | 200      |
|    ep_rew_mean     | -208     |
|    success_rate    | 0        |
| time/              |          |
|    fps             | 1202     |
|    iterations      | 1        |
|    time_elapsed    | 1        |
|    total_timesteps | 2048     |
---------------------------------
------------------------------------------
| rollout/                |              |
|    ep_len_mean          | 200          |
|    ep_rew_mean          | -193         |
|    success_rate         | 0            |
| time/                   |              |
|    fps                  | 1357         |
|    iterations           | 2            |
|    time_elapsed         | 3            |
|    total_timesteps      | 4096         |
| train/                  |              |
|    approx_kl            | 0.0091443695 |
|    clip_fraction        | 0.0826       |
|    clip_range           | 0.2          |
|    entropy_loss         | -9.9         |
|    explained_variance   | 0.00284      |
|    learning_rate        | 0.0003       |
|    loss                 | 14.1         |
|    n_updates            | 10           |
|    policy_gradient_loss | -0.0122      |
|    std                  | 0.993        |
|    value_loss           | 106          |
------------------------------------------
Eval num_timesteps=5000, episode_reward=-171.70 +/- 16.75
Episode length: 200.00 +/- 0.00
Success rate: 0.00%
----------------------------------------
| eval/                   |            |
|    mean_ep_length       | 200        |
|    mean_reward          | -172       |
|    success_rate         | 0          |
| time/                   |            |
|    total_timesteps      | 5000       |
| train/                  |            |
|    approx_kl            | 0.00913899 |
|    clip_fraction        | 0.0766     |
|    clip_range           | 0.2        |
|    entropy_loss         | -9.86      |
|    explained_variance   | 0.0209     |
|    learning_rate        | 0.0003     |
|    loss                 | 16.8       |
|    n_updates            | 20         |
|    policy_gradient_loss | -0.0136    |
|    std                  | 0.987      |
|    value_loss           | 78.5       |
----------------------------------------
New best mean reward!
---------------------------------
| rollout/           |          |
|    ep_len_mean     | 200      |
|    ep_rew_mean     | -188     |
|    success_rate    | 0        |
| time/              |          |
|    fps             | 918      |
|    iterations      | 3        |
|    time_elapsed    | 6        |
|    total_timesteps | 6144     |
---------------------------------
-----------------------------------------
| rollout/                |             |
|    ep_len_mean          | 200         |
|    ep_rew_mean          | -181        |
|    success_rate         | 0           |
| time/                   |             |
|    fps                  | 1025        |
|    iterations           | 4           |
|    time_elapsed         | 7           |
|    total_timesteps      | 8192        |
| train/                  |             |
|    approx_kl            | 0.008965086 |
|    clip_fraction        | 0.0581      |
|    clip_range           | 0.2         |
|    entropy_loss         | -9.85       |
|    explained_variance   | 0.00209     |
|    learning_rate        | 0.0003      |
|    loss                 | 15.2        |
|    n_updates            | 30          |
|    policy_gradient_loss | -0.0104     |
|    std                  | 0.99        |
|    value_loss           | 67.6        |
-----------------------------------------
Eval num_timesteps=10000, episode_reward=-160.86 +/- 20.52
Episode length: 200.00 +/- 0.00
Success rate: 0.00%
-----------------------------------------
| eval/                   |             |
|    mean_ep_length       | 200         |
|    mean_reward          | -161        |
|    success_rate         | 0           |
| time/                   |             |
|    total_timesteps      | 10000       |
| train/                  |             |
|    approx_kl            | 0.011516031 |
|    clip_fraction        | 0.0935      |
|    clip_range           | 0.2         |
|    entropy_loss         | -9.84       |
|    explained_variance   | 0.00289     |
|    learning_rate        | 0.0003      |
|    loss                 | 4.85        |
|    n_updates            | 40          |
|    policy_gradient_loss | -0.0123     |
|    std                  | 0.984       |
|    value_loss           | 41.6        |
-----------------------------------------
New best mean reward!
---------------------------------
| rollout/           |          |
|    ep_len_mean     | 200      |
|    ep_rew_mean     | -179     |
|    success_rate    | 0        |
| time/              |          |
|    fps             | 871      |
|    iterations      | 5        |
|    time_elapsed    | 11       |
|    total_timesteps | 10240    |
---------------------------------
-----------------------------------------
| rollout/                |             |
|    ep_len_mean          | 200         |
|    ep_rew_mean          | -177        |
|    success_rate         | 0           |
| time/                   |             |
|    fps                  | 937         |
|    iterations           | 6           |
|    time_elapsed         | 13          |
|    total_timesteps      | 12288       |
| train/                  |             |
|    approx_kl            | 0.012275292 |
|    clip_fraction        | 0.0959      |
|    clip_range           | 0.2         |
|    entropy_loss         | -9.81       |
|    explained_variance   | 0.000263    |
|    learning_rate        | 0.0003      |
|    loss                 | 5.06        |
|    n_updates            | 50          |
|    policy_gradient_loss | -0.0147     |
|    std                  | 0.981       |
|    value_loss           | 29.7        |
-----------------------------------------
----------------------------------------
| rollout/                |            |
|    ep_len_mean          | 200        |
|    ep_rew_mean          | -175       |
|    success_rate         | 0          |
| time/                   |            |
|    fps                  | 993        |
|    iterations           | 7          |
|    time_elapsed         | 14         |
|    total_timesteps      | 14336      |
| train/                  |            |
|    approx_kl            | 0.01205579 |
|    clip_fraction        | 0.0893     |
|    clip_range           | 0.2        |
|    entropy_loss         | -9.76      |
|    explained_variance   | -0.00015   |
|    learning_rate        | 0.0003     |
|    loss                 | 5.12       |
|    n_updates            | 60         |
|    policy_gradient_loss | -0.0116    |
|    std                  | 0.969      |
|    value_loss           | 25.8       |
----------------------------------------
Eval num_timesteps=15000, episode_reward=-140.62 +/- 20.55
Episode length: 200.00 +/- 0.00
Success rate: 0.00%
-----------------------------------------
| eval/                   |             |
|    mean_ep_length       | 200         |
|    mean_reward          | -141        |
|    success_rate         | 0           |
| time/                   |             |
|    total_timesteps      | 15000       |
| train/                  |             |
|    approx_kl            | 0.014003761 |
|    clip_fraction        | 0.0991      |
|    clip_range           | 0.2         |
|    entropy_loss         | -9.72       |
|    explained_variance   | 0.00164     |
|    learning_rate        | 0.0003      |
|    loss                 | 3.4         |
|    n_updates            | 70          |
|    policy_gradient_loss | -0.00896    |
|    std                  | 0.968       |
|    value_loss           | 17.3        |
-----------------------------------------
New best mean reward!
---------------------------------
| rollout/           |          |
|    ep_len_mean     | 200      |
|    ep_rew_mean     | -172     |
|    success_rate    | 0        |
| time/              |          |
|    fps             | 904      |
|    iterations      | 8        |
|    time_elapsed    | 18       |
|    total_timesteps | 16384    |
---------------------------------
-----------------------------------------
| rollout/                |             |
|    ep_len_mean          | 200         |
|    ep_rew_mean          | -169        |
|    success_rate         | 0           |
| time/                   |             |
|    fps                  | 948         |
|    iterations           | 9           |
|    time_elapsed         | 19          |
|    total_timesteps      | 18432       |
| train/                  |             |
|    approx_kl            | 0.012190068 |
|    clip_fraction        | 0.113       |
|    clip_range           | 0.2         |
|    entropy_loss         | -9.69       |
|    explained_variance   | 0.00492     |
|    learning_rate        | 0.0003      |
|    loss                 | 0.778       |
|    n_updates            | 80          |
|    policy_gradient_loss | -0.0132     |
|    std                  | 0.968       |
|    value_loss           | 7.16        |
-----------------------------------------
Eval num_timesteps=20000, episode_reward=-125.77 +/- 17.96
Episode length: 200.00 +/- 0.00
Success rate: 0.00%
-----------------------------------------
| eval/                   |             |
|    mean_ep_length       | 200         |
|    mean_reward          | -126        |
|    success_rate         | 0           |
| time/                   |             |
|    total_timesteps      | 20000       |
| train/                  |             |
|    approx_kl            | 0.012247224 |
|    clip_fraction        | 0.121       |
|    clip_range           | 0.2         |
|    entropy_loss         | -9.69       |
|    explained_variance   | 0.677       |
|    learning_rate        | 0.0003      |
|    loss                 | 0.586       |
|    n_updates            | 90          |
|    policy_gradient_loss | -0.0135     |
|    std                  | 0.964       |
|    value_loss           | 3.9         |
-----------------------------------------
New best mean reward!
---------------------------------
| rollout/           |          |
|    ep_len_mean     | 200      |
|    ep_rew_mean     | -166     |
|    success_rate    | 0        |
| time/              |          |
|    fps             | 885      |
|    iterations      | 10       |
|    time_elapsed    | 23       |
|    total_timesteps | 20480    |
---------------------------------
-----------------------------------------
| rollout/                |             |
|    ep_len_mean          | 200         |
|    ep_rew_mean          | -159        |
|    success_rate         | 0           |
| time/                   |             |
|    fps                  | 922         |
|    iterations           | 11          |
|    time_elapsed         | 24          |
|    total_timesteps      | 22528       |
| train/                  |             |
|    approx_kl            | 0.013082776 |
|    clip_fraction        | 0.143       |
|    clip_range           | 0.2         |
|    entropy_loss         | -9.66       |
|    explained_variance   | 0.87        |
|    learning_rate        | 0.0003      |
|    loss                 | 0.43        |
|    n_updates            | 100         |
|    policy_gradient_loss | -0.0154     |
|    std                  | 0.96        |
|    value_loss           | 2.08        |
-----------------------------------------
-----------------------------------------
| rollout/                |             |
|    ep_len_mean          | 200         |
|    ep_rew_mean          | -155        |
|    success_rate         | 0           |
| time/                   |             |
|    fps                  | 954         |
|    iterations           | 12          |
|    time_elapsed         | 25          |
|    total_timesteps      | 24576       |
| train/                  |             |
|    approx_kl            | 0.011417152 |
|    clip_fraction        | 0.126       |
|    clip_range           | 0.2         |
|    entropy_loss         | -9.66       |
|    explained_variance   | 0.916       |
|    learning_rate        | 0.0003      |
|    loss                 | 0.361       |
|    n_updates            | 110         |
|    policy_gradient_loss | -0.0147     |
|    std                  | 0.963       |
|    value_loss           | 1.34        |
-----------------------------------------
Eval num_timesteps=25000, episode_reward=-119.44 +/- 17.14
Episode length: 200.00 +/- 0.00
Success rate: 0.00%
-----------------------------------------
| eval/                   |             |
|    mean_ep_length       | 200         |
|    mean_reward          | -119        |
|    success_rate         | 0           |
| time/                   |             |
|    total_timesteps      | 25000       |
| train/                  |             |
|    approx_kl            | 0.016347405 |
|    clip_fraction        | 0.209       |
|    clip_range           | 0.2         |
|    entropy_loss         | -9.65       |
|    explained_variance   | 0.96        |
|    learning_rate        | 0.0003      |
|    loss                 | 0.438       |
|    n_updates            | 120         |
|    policy_gradient_loss | -0.0276     |
|    std                  | 0.959       |
|    value_loss           | 1.71        |
-----------------------------------------
New best mean reward!
---------------------------------
| rollout/           |          |
|    ep_len_mean     | 200      |
|    ep_rew_mean     | -148     |
|    success_rate    | 0        |
| time/              |          |
|    fps             | 903      |
|    iterations      | 13       |
|    time_elapsed    | 29       |
|    total_timesteps | 26624    |
---------------------------------
----------------------------------------
| rollout/                |            |
|    ep_len_mean          | 200        |
|    ep_rew_mean          | -144       |
|    success_rate         | 0          |
| time/                   |            |
|    fps                  | 931        |
|    iterations           | 14         |
|    time_elapsed         | 30         |
|    total_timesteps      | 28672      |
| train/                  |            |
|    approx_kl            | 0.01099362 |
|    clip_fraction        | 0.121      |
|    clip_range           | 0.2        |
|    entropy_loss         | -9.61      |
|    explained_variance   | 0.97       |
|    learning_rate        | 0.0003     |
|    loss                 | 0.348      |
|    n_updates            | 130        |
|    policy_gradient_loss | -0.0177    |
|    std                  | 0.954      |
|    value_loss           | 1.73       |
----------------------------------------
Eval num_timesteps=30000, episode_reward=-117.74 +/- 15.15
Episode length: 200.00 +/- 0.00
Success rate: 0.00%
-----------------------------------------
| eval/                   |             |
|    mean_ep_length       | 200         |
|    mean_reward          | -118        |
|    success_rate         | 0           |
| time/                   |             |
|    total_timesteps      | 30000       |
| train/                  |             |
|    approx_kl            | 0.010996258 |
|    clip_fraction        | 0.161       |
|    clip_range           | 0.2         |
|    entropy_loss         | -9.58       |
|    explained_variance   | 0.96        |
|    learning_rate        | 0.0003      |
|    loss                 | 0.546       |
|    n_updates            | 140         |
|    policy_gradient_loss | -0.0205     |
|    std                  | 0.95        |
|    value_loss           | 1.8         |
-----------------------------------------
New best mean reward!
---------------------------------
| rollout/           |          |
|    ep_len_mean     | 200      |
|    ep_rew_mean     | -139     |
|    success_rate    | 0        |
| time/              |          |
|    fps             | 887      |
|    iterations      | 15       |
|    time_elapsed    | 34       |
|    total_timesteps | 30720    |
---------------------------------
-----------------------------------------
| rollout/                |             |
|    ep_len_mean          | 200         |
|    ep_rew_mean          | -133        |
|    success_rate         | 0           |
| time/                   |             |
|    fps                  | 910         |
|    iterations           | 16          |
|    time_elapsed         | 35          |
|    total_timesteps      | 32768       |
| train/                  |             |
|    approx_kl            | 0.012497989 |
|    clip_fraction        | 0.156       |
|    clip_range           | 0.2         |
|    entropy_loss         | -9.56       |
|    explained_variance   | 0.983       |
|    learning_rate        | 0.0003      |
|    loss                 | 0.563       |
|    n_updates            | 150         |
|    policy_gradient_loss | -0.0199     |
|    std                  | 0.947       |
|    value_loss           | 1.7         |
-----------------------------------------
-----------------------------------------
| rollout/                |             |
|    ep_len_mean          | 200         |
|    ep_rew_mean          | -130        |
|    success_rate         | 0           |
| time/                   |             |
|    fps                  | 928         |
|    iterations           | 17          |
|    time_elapsed         | 37          |
|    total_timesteps      | 34816       |
| train/                  |             |
|    approx_kl            | 0.012341897 |
|    clip_fraction        | 0.144       |
|    clip_range           | 0.2         |
|    entropy_loss         | -9.52       |
|    explained_variance   | 0.975       |
|    learning_rate        | 0.0003      |
|    loss                 | 0.428       |
|    n_updates            | 160         |
|    policy_gradient_loss | -0.0201     |
|    std                  | 0.942       |
|    value_loss           | 1.82        |
-----------------------------------------
Eval num_timesteps=35000, episode_reward=-114.78 +/- 13.45
Episode length: 200.00 +/- 0.00
Success rate: 0.00%
-----------------------------------------
| eval/                   |             |
|    mean_ep_length       | 200         |
|    mean_reward          | -115        |
|    success_rate         | 0           |
| time/                   |             |
|    total_timesteps      | 35000       |
| train/                  |             |
|    approx_kl            | 0.011001632 |
|    clip_fraction        | 0.15        |
|    clip_range           | 0.2         |
|    entropy_loss         | -9.49       |
|    explained_variance   | 0.961       |
|    learning_rate        | 0.0003      |
|    loss                 | 0.443       |
|    n_updates            | 170         |
|    policy_gradient_loss | -0.0191     |
|    std                  | 0.939       |
|    value_loss           | 1.75        |
-----------------------------------------
New best mean reward!
---------------------------------
| rollout/           |          |
|    ep_len_mean     | 200      |
|    ep_rew_mean     | -125     |
|    success_rate    | 0        |
| time/              |          |
|    fps             | 887      |
|    iterations      | 18       |
|    time_elapsed    | 41       |
|    total_timesteps | 36864    |
---------------------------------
-----------------------------------------
| rollout/                |             |
|    ep_len_mean          | 200         |
|    ep_rew_mean          | -121        |
|    success_rate         | 0           |
| time/                   |             |
|    fps                  | 906         |
|    iterations           | 19          |
|    time_elapsed         | 42          |
|    total_timesteps      | 38912       |
| train/                  |             |
|    approx_kl            | 0.012372911 |
|    clip_fraction        | 0.166       |
|    clip_range           | 0.2         |
|    entropy_loss         | -9.45       |
|    explained_variance   | 0.981       |
|    learning_rate        | 0.0003      |
|    loss                 | 0.35        |
|    n_updates            | 180         |
|    policy_gradient_loss | -0.0208     |
|    std                  | 0.932       |
|    value_loss           | 1.03        |
-----------------------------------------
Eval num_timesteps=40000, episode_reward=-111.69 +/- 11.51
Episode length: 200.00 +/- 0.00
Success rate: 0.00%
------------------------------------------
| eval/                   |              |
|    mean_ep_length       | 200          |
|    mean_reward          | -112         |
|    success_rate         | 0            |
| time/                   |              |
|    total_timesteps      | 40000        |
| train/                  |              |
|    approx_kl            | 0.0147822285 |
|    clip_fraction        | 0.203        |
|    clip_range           | 0.2          |
|    entropy_loss         | -9.4         |
|    explained_variance   | 0.988        |
|    learning_rate        | 0.0003       |
|    loss                 | 0.569        |
|    n_updates            | 190          |
|    policy_gradient_loss | -0.0275      |
|    std                  | 0.926        |
|    value_loss           | 1.58         |
------------------------------------------
New best mean reward!
---------------------------------
| rollout/           |          |
|    ep_len_mean     | 200      |
|    ep_rew_mean     | -118     |
|    success_rate    | 0        |
| time/              |          |
|    fps             | 873      |
|    iterations      | 20       |
|    time_elapsed    | 46       |
|    total_timesteps | 40960    |
---------------------------------
-----------------------------------------
| rollout/                |             |
|    ep_len_mean          | 200         |
|    ep_rew_mean          | -114        |
|    success_rate         | 0           |
| time/                   |             |
|    fps                  | 891         |
|    iterations           | 21          |
|    time_elapsed         | 48          |
|    total_timesteps      | 43008       |
| train/                  |             |
|    approx_kl            | 0.015137695 |
|    clip_fraction        | 0.187       |
|    clip_range           | 0.2         |
|    entropy_loss         | -9.37       |
|    explained_variance   | 0.992       |
|    learning_rate        | 0.0003      |
|    loss                 | 0.447       |
|    n_updates            | 200         |
|    policy_gradient_loss | -0.0236     |
|    std                  | 0.923       |
|    value_loss           | 1.42        |
-----------------------------------------
Eval num_timesteps=45000, episode_reward=-103.14 +/- 11.15
Episode length: 200.00 +/- 0.00
Success rate: 0.00%
-----------------------------------------
| eval/                   |             |
|    mean_ep_length       | 200         |
|    mean_reward          | -103        |
|    success_rate         | 0           |
| time/                   |             |
|    total_timesteps      | 45000       |
| train/                  |             |
|    approx_kl            | 0.013578426 |
|    clip_fraction        | 0.173       |
|    clip_range           | 0.2         |
|    entropy_loss         | -9.33       |
|    explained_variance   | 0.99        |
|    learning_rate        | 0.0003      |
|    loss                 | 0.504       |
|    n_updates            | 210         |
|    policy_gradient_loss | -0.0209     |
|    std                  | 0.917       |
|    value_loss           | 1.24        |
-----------------------------------------
New best mean reward!
---------------------------------
| rollout/           |          |
|    ep_len_mean     | 200      |
|    ep_rew_mean     | -111     |
|    success_rate    | 0        |
| time/              |          |
|    fps             | 866      |
|    iterations      | 22       |
|    time_elapsed    | 51       |
|    total_timesteps | 45056    |
---------------------------------
----------------------------------------
| rollout/                |            |
|    ep_len_mean          | 200        |
|    ep_rew_mean          | -109       |
|    success_rate         | 0          |
| time/                   |            |
|    fps                  | 883        |
|    iterations           | 23         |
|    time_elapsed         | 53         |
|    total_timesteps      | 47104      |
| train/                  |            |
|    approx_kl            | 0.01293224 |
|    clip_fraction        | 0.162      |
|    clip_range           | 0.2        |
|    entropy_loss         | -9.28      |
|    explained_variance   | 0.989      |
|    learning_rate        | 0.0003     |
|    loss                 | 0.462      |
|    n_updates            | 220        |
|    policy_gradient_loss | -0.018     |
|    std                  | 0.912      |
|    value_loss           | 1.27       |
----------------------------------------
-----------------------------------------
| rollout/                |             |
|    ep_len_mean          | 200         |
|    ep_rew_mean          | -107        |
|    success_rate         | 0           |
| time/                   |             |
|    fps                  | 899         |
|    iterations           | 24          |
|    time_elapsed         | 54          |
|    total_timesteps      | 49152       |
| train/                  |             |
|    approx_kl            | 0.012240794 |
|    clip_fraction        | 0.145       |
|    clip_range           | 0.2         |
|    entropy_loss         | -9.23       |
|    explained_variance   | 0.981       |
|    learning_rate        | 0.0003      |
|    loss                 | 0.508       |
|    n_updates            | 230         |
|    policy_gradient_loss | -0.0166     |
|    std                  | 0.904       |
|    value_loss           | 1.49        |
-----------------------------------------
Eval num_timesteps=50000, episode_reward=-98.54 +/- 7.71
Episode length: 198.73 +/- 6.82
Success rate: 0.00%
-----------------------------------------
| eval/                   |             |
|    mean_ep_length       | 199         |
|    mean_reward          | -98.5       |
|    success_rate         | 0           |
| time/                   |             |
|    total_timesteps      | 50000       |
| train/                  |             |
|    approx_kl            | 0.014118196 |
|    clip_fraction        | 0.127       |
|    clip_range           | 0.2         |
|    entropy_loss         | -9.17       |
|    explained_variance   | 0.983       |
|    learning_rate        | 0.0003      |
|    loss                 | 0.279       |
|    n_updates            | 240         |
|    policy_gradient_loss | -0.0151     |
|    std                  | 0.898       |
|    value_loss           | 1.14        |
-----------------------------------------
New best mean reward!
---------------------------------
| rollout/           |          |
|    ep_len_mean     | 200      |
|    ep_rew_mean     | -104     |
|    success_rate    | 0        |
| time/              |          |
|    fps             | 878      |
|    iterations      | 25       |
|    time_elapsed    | 58       |
|    total_timesteps | 51200    |
---------------------------------
-----------------------------------------
| rollout/                |             |
|    ep_len_mean          | 200         |
|    ep_rew_mean          | -101        |
|    success_rate         | 0           |
| time/                   |             |
|    fps                  | 893         |
|    iterations           | 26          |
|    time_elapsed         | 59          |
|    total_timesteps      | 53248       |
| train/                  |             |
|    approx_kl            | 0.014335713 |
|    clip_fraction        | 0.165       |
|    clip_range           | 0.2         |
|    entropy_loss         | -9.12       |
|    explained_variance   | 0.985       |
|    learning_rate        | 0.0003      |
|    loss                 | 0.37        |
|    n_updates            | 250         |
|    policy_gradient_loss | -0.016      |
|    std                  | 0.891       |
|    value_loss           | 0.879       |
-----------------------------------------
Eval num_timesteps=55000, episode_reward=-83.77 +/- 9.75
Episode length: 194.63 +/- 18.93
Success rate: 0.00%
-----------------------------------------
| eval/                   |             |
|    mean_ep_length       | 195         |
|    mean_reward          | -83.8       |
|    success_rate         | 0           |
| time/                   |             |
|    total_timesteps      | 55000       |
| train/                  |             |
|    approx_kl            | 0.016357645 |
|    clip_fraction        | 0.175       |
|    clip_range           | 0.2         |
|    entropy_loss         | -9.08       |
|    explained_variance   | 0.987       |
|    learning_rate        | 0.0003      |
|    loss                 | 0.241       |
|    n_updates            | 260         |
|    policy_gradient_loss | -0.0187     |
|    std                  | 0.886       |
|    value_loss           | 1.02        |
-----------------------------------------
New best mean reward!
---------------------------------
| rollout/           |          |
|    ep_len_mean     | 200      |
|    ep_rew_mean     | -97      |
|    success_rate    | 0        |
| time/              |          |
|    fps             | 874      |
|    iterations      | 27       |
|    time_elapsed    | 63       |
|    total_timesteps | 55296    |
---------------------------------
-----------------------------------------
| rollout/                |             |
|    ep_len_mean          | 199         |
|    ep_rew_mean          | -93.9       |
|    success_rate         | 0           |
| time/                   |             |
|    fps                  | 887         |
|    iterations           | 28          |
|    time_elapsed         | 64          |
|    total_timesteps      | 57344       |
| train/                  |             |
|    approx_kl            | 0.017056558 |
|    clip_fraction        | 0.2         |
|    clip_range           | 0.2         |
|    entropy_loss         | -9.01       |
|    explained_variance   | 0.994       |
|    learning_rate        | 0.0003      |
|    loss                 | 0.172       |
|    n_updates            | 270         |
|    policy_gradient_loss | -0.0194     |
|    std                  | 0.876       |
|    value_loss           | 0.608       |
-----------------------------------------
-----------------------------------------
| rollout/                |             |
|    ep_len_mean          | 198         |
|    ep_rew_mean          | -89.7       |
|    success_rate         | 0           |
| time/                   |             |
|    fps                  | 901         |
|    iterations           | 29          |
|    time_elapsed         | 65          |
|    total_timesteps      | 59392       |
| train/                  |             |
|    approx_kl            | 0.014053067 |
|    clip_fraction        | 0.168       |
|    clip_range           | 0.2         |
|    entropy_loss         | -8.96       |
|    explained_variance   | 0.977       |
|    learning_rate        | 0.0003      |
|    loss                 | 0.298       |
|    n_updates            | 280         |
|    policy_gradient_loss | -0.0162     |
|    std                  | 0.873       |
|    value_loss           | 3.96        |
-----------------------------------------
Eval num_timesteps=60000, episode_reward=-80.93 +/- 19.33
Episode length: 184.13 +/- 36.32
Success rate: 6.67%
----------------------------------------
| eval/                   |            |
|    mean_ep_length       | 184        |
|    mean_reward          | -80.9      |
|    success_rate         | 0.0667     |
| time/                   |            |
|    total_timesteps      | 60000      |
| train/                  |            |
|    approx_kl            | 0.01793927 |
|    clip_fraction        | 0.216      |
|    clip_range           | 0.2        |
|    entropy_loss         | -8.92      |
|    explained_variance   | 0.985      |
|    learning_rate        | 0.0003     |
|    loss                 | 1.45       |
|    n_updates            | 290        |
|    policy_gradient_loss | -0.019     |
|    std                  | 0.869      |
|    value_loss           | 2.57       |
----------------------------------------
New best mean reward!
---------------------------------
| rollout/           |          |
|    ep_len_mean     | 197      |
|    ep_rew_mean     | -86.1    |
|    success_rate    | 0.01     |
| time/              |          |
|    fps             | 884      |
|    iterations      | 30       |
|    time_elapsed    | 69       |
|    total_timesteps | 61440    |
---------------------------------
-----------------------------------------
| rollout/                |             |
|    ep_len_mean          | 196         |
|    ep_rew_mean          | -83         |
|    success_rate         | 0.02        |
| time/                   |             |
|    fps                  | 896         |
|    iterations           | 31          |
|    time_elapsed         | 70          |
|    total_timesteps      | 63488       |
| train/                  |             |
|    approx_kl            | 0.013872182 |
|    clip_fraction        | 0.156       |
|    clip_range           | 0.2         |
|    entropy_loss         | -8.89       |
|    explained_variance   | 0.989       |
|    learning_rate        | 0.0003      |
|    loss                 | 0.618       |
|    n_updates            | 300         |
|    policy_gradient_loss | -0.0142     |
|    std                  | 0.865       |
|    value_loss           | 2.2         |
-----------------------------------------
Eval num_timesteps=65000, episode_reward=-82.61 +/- 16.69
Episode length: 187.83 +/- 32.15
Success rate: 3.33%
-----------------------------------------
| eval/                   |             |
|    mean_ep_length       | 188         |
|    mean_reward          | -82.6       |
|    success_rate         | 0.0333      |
| time/                   |             |
|    total_timesteps      | 65000       |
| train/                  |             |
|    approx_kl            | 0.015077536 |
|    clip_fraction        | 0.156       |
|    clip_range           | 0.2         |
|    entropy_loss         | -8.85       |
|    explained_variance   | 0.991       |
|    learning_rate        | 0.0003      |
|    loss                 | 0.369       |
|    n_updates            | 310         |
|    policy_gradient_loss | -0.0144     |
|    std                  | 0.86        |
|    value_loss           | 1.6         |
-----------------------------------------
---------------------------------
| rollout/           |          |
|    ep_len_mean     | 194      |
|    ep_rew_mean     | -79.7    |
|    success_rate    | 0.02     |
| time/              |          |
|    fps             | 880      |
|    iterations      | 32       |
|    time_elapsed    | 74       |
|    total_timesteps | 65536    |
---------------------------------
-----------------------------------------
| rollout/                |             |
|    ep_len_mean          | 194         |
|    ep_rew_mean          | -76.2       |
|    success_rate         | 0.02        |
| time/                   |             |
|    fps                  | 890         |
|    iterations           | 33          |
|    time_elapsed         | 75          |
|    total_timesteps      | 67584       |
| train/                  |             |
|    approx_kl            | 0.010285759 |
|    clip_fraction        | 0.133       |
|    clip_range           | 0.2         |
|    entropy_loss         | -8.84       |
|    explained_variance   | 0.964       |
|    learning_rate        | 0.0003      |
|    loss                 | 0.386       |
|    n_updates            | 320         |
|    policy_gradient_loss | -0.00858    |
|    std                  | 0.861       |
|    value_loss           | 4.98        |
-----------------------------------------
-----------------------------------------
| rollout/                |             |
|    ep_len_mean          | 191         |
|    ep_rew_mean          | -73.8       |
|    success_rate         | 0.04        |
| time/                   |             |
|    fps                  | 901         |
|    iterations           | 34          |
|    time_elapsed         | 77          |
|    total_timesteps      | 69632       |
| train/                  |             |
|    approx_kl            | 0.012986978 |
|    clip_fraction        | 0.16        |
|    clip_range           | 0.2         |
|    entropy_loss         | -8.84       |
|    explained_variance   | 0.979       |
|    learning_rate        | 0.0003      |
|    loss                 | 0.33        |
|    n_updates            | 330         |
|    policy_gradient_loss | -0.0174     |
|    std                  | 0.859       |
|    value_loss           | 3.63        |
-----------------------------------------
Eval num_timesteps=70000, episode_reward=-74.51 +/- 18.83
Episode length: 181.97 +/- 36.46
Success rate: 3.33%
-----------------------------------------
| eval/                   |             |
|    mean_ep_length       | 182         |
|    mean_reward          | -74.5       |
|    success_rate         | 0.0333      |
| time/                   |             |
|    total_timesteps      | 70000       |
| train/                  |             |
|    approx_kl            | 0.011945738 |
|    clip_fraction        | 0.14        |
|    clip_range           | 0.2         |
|    entropy_loss         | -8.83       |
|    explained_variance   | 0.968       |
|    learning_rate        | 0.0003      |
|    loss                 | 1.55        |
|    n_updates            | 340         |
|    policy_gradient_loss | -0.0114     |
|    std                  | 0.859       |
|    value_loss           | 2.45        |
-----------------------------------------
New best mean reward!
---------------------------------
| rollout/           |          |
|    ep_len_mean     | 186      |
|    ep_rew_mean     | -70.3    |
|    success_rate    | 0.08     |
| time/              |          |
|    fps             | 885      |
|    iterations      | 35       |
|    time_elapsed    | 80       |
|    total_timesteps | 71680    |
---------------------------------
-----------------------------------------
| rollout/                |             |
|    ep_len_mean          | 184         |
|    ep_rew_mean          | -68.6       |
|    success_rate         | 0.08        |
| time/                   |             |
|    fps                  | 894         |
|    iterations           | 36          |
|    time_elapsed         | 82          |
|    total_timesteps      | 73728       |
| train/                  |             |
|    approx_kl            | 0.016766997 |
|    clip_fraction        | 0.181       |
|    clip_range           | 0.2         |
|    entropy_loss         | -8.79       |
|    explained_variance   | 0.973       |
|    learning_rate        | 0.0003      |
|    loss                 | 0.482       |
|    n_updates            | 350         |
|    policy_gradient_loss | -0.0178     |
|    std                  | 0.851       |
|    value_loss           | 1.48        |
-----------------------------------------
Eval num_timesteps=75000, episode_reward=-65.09 +/- 29.27
Episode length: 160.13 +/- 54.95
Success rate: 23.33%
-----------------------------------------
| eval/                   |             |
|    mean_ep_length       | 160         |
|    mean_reward          | -65.1       |
|    success_rate         | 0.233       |
| time/                   |             |
|    total_timesteps      | 75000       |
| train/                  |             |
|    approx_kl            | 0.012094402 |
|    clip_fraction        | 0.152       |
|    clip_range           | 0.2         |
|    entropy_loss         | -8.75       |
|    explained_variance   | 0.986       |
|    learning_rate        | 0.0003      |
|    loss                 | 0.43        |
|    n_updates            | 360         |
|    policy_gradient_loss | -0.0132     |
|    std                  | 0.849       |
|    value_loss           | 1.13        |
-----------------------------------------
New best mean reward!
---------------------------------
| rollout/           |          |
|    ep_len_mean     | 181      |
|    ep_rew_mean     | -66.6    |
|    success_rate    | 0.11     |
| time/              |          |
|    fps             | 881      |
|    iterations      | 37       |
|    time_elapsed    | 85       |
|    total_timesteps | 75776    |
---------------------------------
----------------------------------------
| rollout/                |            |
|    ep_len_mean          | 178        |
|    ep_rew_mean          | -66.2      |
|    success_rate         | 0.13       |
| time/                   |            |
|    fps                  | 891        |
|    iterations           | 38         |
|    time_elapsed         | 87         |
|    total_timesteps      | 77824      |
| train/                  |            |
|    approx_kl            | 0.01583428 |
|    clip_fraction        | 0.162      |
|    clip_range           | 0.2        |
|    entropy_loss         | -8.71      |
|    explained_variance   | 0.976      |
|    learning_rate        | 0.0003     |
|    loss                 | 1.13       |
|    n_updates            | 370        |
|    policy_gradient_loss | -0.0177    |
|    std                  | 0.842      |
|    value_loss           | 1.95       |
----------------------------------------
-----------------------------------------
| rollout/                |             |
|    ep_len_mean          | 177         |
|    ep_rew_mean          | -65.3       |
|    success_rate         | 0.12        |
| time/                   |             |
|    fps                  | 901         |
|    iterations           | 39          |
|    time_elapsed         | 88          |
|    total_timesteps      | 79872       |
| train/                  |             |
|    approx_kl            | 0.014664323 |
|    clip_fraction        | 0.172       |
|    clip_range           | 0.2         |
|    entropy_loss         | -8.69       |
|    explained_variance   | 0.966       |
|    learning_rate        | 0.0003      |
|    loss                 | 0.222       |
|    n_updates            | 380         |
|    policy_gradient_loss | -0.0134     |
|    std                  | 0.843       |
|    value_loss           | 1.46        |
-----------------------------------------
Eval num_timesteps=80000, episode_reward=-65.03 +/- 20.77
Episode length: 179.40 +/- 44.83
Success rate: 16.67%
-----------------------------------------
| eval/                   |             |
|    mean_ep_length       | 179         |
|    mean_reward          | -65         |
|    success_rate         | 0.167       |
| time/                   |             |
|    total_timesteps      | 80000       |
| train/                  |             |
|    approx_kl            | 0.009691538 |
|    clip_fraction        | 0.108       |
|    clip_range           | 0.2         |
|    entropy_loss         | -8.71       |
|    explained_variance   | 0.955       |
|    learning_rate        | 0.0003      |
|    loss                 | 1.93        |
|    n_updates            | 390         |
|    policy_gradient_loss | -0.00876    |
|    std                  | 0.845       |
|    value_loss           | 5.1         |
-----------------------------------------
New best mean reward!
---------------------------------
| rollout/           |          |
|    ep_len_mean     | 178      |
|    ep_rew_mean     | -64.7    |
|    success_rate    | 0.12     |
| time/              |          |
|    fps             | 888      |
|    iterations      | 40       |
|    time_elapsed    | 92       |
|    total_timesteps | 81920    |
---------------------------------
-----------------------------------------
| rollout/                |             |
|    ep_len_mean          | 179         |
|    ep_rew_mean          | -63.9       |
|    success_rate         | 0.13        |
| time/                   |             |
|    fps                  | 897         |
|    iterations           | 41          |
|    time_elapsed         | 93          |
|    total_timesteps      | 83968       |
| train/                  |             |
|    approx_kl            | 0.018313358 |
|    clip_fraction        | 0.214       |
|    clip_range           | 0.2         |
|    entropy_loss         | -8.69       |
|    explained_variance   | 0.976       |
|    learning_rate        | 0.0003      |
|    loss                 | 0.186       |
|    n_updates            | 400         |
|    policy_gradient_loss | -0.013      |
|    std                  | 0.841       |
|    value_loss           | 0.678       |
-----------------------------------------
Eval num_timesteps=85000, episode_reward=-59.00 +/- 21.20
Episode length: 170.30 +/- 47.29
Success rate: 23.33%
-----------------------------------------
| eval/                   |             |
|    mean_ep_length       | 170         |
|    mean_reward          | -59         |
|    success_rate         | 0.233       |
| time/                   |             |
|    total_timesteps      | 85000       |
| train/                  |             |
|    approx_kl            | 0.015772767 |
|    clip_fraction        | 0.187       |
|    clip_range           | 0.2         |
|    entropy_loss         | -8.69       |
|    explained_variance   | 0.985       |
|    learning_rate        | 0.0003      |
|    loss                 | 0.143       |
|    n_updates            | 410         |
|    policy_gradient_loss | -0.0156     |
|    std                  | 0.843       |
|    value_loss           | 0.716       |
-----------------------------------------
New best mean reward!
---------------------------------
| rollout/           |          |
|    ep_len_mean     | 180      |
|    ep_rew_mean     | -63.1    |
|    success_rate    | 0.12     |
| time/              |          |
|    fps             | 885      |
|    iterations      | 42       |
|    time_elapsed    | 97       |
|    total_timesteps | 86016    |
---------------------------------
-----------------------------------------
| rollout/                |             |
|    ep_len_mean          | 179         |
|    ep_rew_mean          | -61.5       |
|    success_rate         | 0.13        |
| time/                   |             |
|    fps                  | 893         |
|    iterations           | 43          |
|    time_elapsed         | 98          |
|    total_timesteps      | 88064       |
| train/                  |             |
|    approx_kl            | 0.013534924 |
|    clip_fraction        | 0.206       |
|    clip_range           | 0.2         |
|    entropy_loss         | -8.69       |
|    explained_variance   | 0.988       |
|    learning_rate        | 0.0003      |
|    loss                 | 0.161       |
|    n_updates            | 420         |
|    policy_gradient_loss | -0.0147     |
|    std                  | 0.843       |
|    value_loss           | 0.654       |
-----------------------------------------
Eval num_timesteps=90000, episode_reward=-52.60 +/- 23.10
Episode length: 155.03 +/- 54.71
Success rate: 33.33%
------------------------------------------
| eval/                   |              |
|    mean_ep_length       | 155          |
|    mean_reward          | -52.6        |
|    success_rate         | 0.333        |
| time/                   |              |
|    total_timesteps      | 90000        |
| train/                  |              |
|    approx_kl            | 0.0149042355 |
|    clip_fraction        | 0.179        |
|    clip_range           | 0.2          |
|    entropy_loss         | -8.67        |
|    explained_variance   | 0.968        |
|    learning_rate        | 0.0003       |
|    loss                 | 0.28         |
|    n_updates            | 430          |
|    policy_gradient_loss | -0.0148      |
|    std                  | 0.838        |
|    value_loss           | 1.9          |
------------------------------------------
New best mean reward!
---------------------------------
| rollout/           |          |
|    ep_len_mean     | 180      |
|    ep_rew_mean     | -60.7    |
|    success_rate    | 0.12     |
| time/              |          |
|    fps             | 883      |
|    iterations      | 44       |
|    time_elapsed    | 101      |
|    total_timesteps | 90112    |
---------------------------------
-----------------------------------------
| rollout/                |             |
|    ep_len_mean          | 182         |
|    ep_rew_mean          | -60.3       |
|    success_rate         | 0.12        |
| time/                   |             |
|    fps                  | 891         |
|    iterations           | 45          |
|    time_elapsed         | 103         |
|    total_timesteps      | 92160       |
| train/                  |             |
|    approx_kl            | 0.013410907 |
|    clip_fraction        | 0.132       |
|    clip_range           | 0.2         |
|    entropy_loss         | -8.63       |
|    explained_variance   | 0.964       |
|    learning_rate        | 0.0003      |
|    loss                 | 0.495       |
|    n_updates            | 440         |
|    policy_gradient_loss | -0.0104     |
|    std                  | 0.832       |
|    value_loss           | 1.72        |
-----------------------------------------
----------------------------------------
| rollout/                |            |
|    ep_len_mean          | 184        |
|    ep_rew_mean          | -59.2      |
|    success_rate         | 0.12       |
| time/                   |            |
|    fps                  | 899        |
|    iterations           | 46         |
|    time_elapsed         | 104        |
|    total_timesteps      | 94208      |
| train/                  |            |
|    approx_kl            | 0.01502846 |
|    clip_fraction        | 0.17       |
|    clip_range           | 0.2        |
|    entropy_loss         | -8.6       |
|    explained_variance   | 0.988      |
|    learning_rate        | 0.0003     |
|    loss                 | 0.0681     |
|    n_updates            | 450        |
|    policy_gradient_loss | -0.0114    |
|    std                  | 0.833      |
|    value_loss           | 0.456      |
----------------------------------------
Eval num_timesteps=95000, episode_reward=-44.14 +/- 20.33
Episode length: 152.57 +/- 47.99
Success rate: 43.33%
-----------------------------------------
| eval/                   |             |
|    mean_ep_length       | 153         |
|    mean_reward          | -44.1       |
|    success_rate         | 0.433       |
| time/                   |             |
|    total_timesteps      | 95000       |
| train/                  |             |
|    approx_kl            | 0.016708666 |
|    clip_fraction        | 0.186       |
|    clip_range           | 0.2         |
|    entropy_loss         | -8.59       |
|    explained_variance   | 0.986       |
|    learning_rate        | 0.0003      |
|    loss                 | 0.409       |
|    n_updates            | 460         |
|    policy_gradient_loss | -0.0152     |
|    std                  | 0.83        |
|    value_loss           | 0.802       |
-----------------------------------------
New best mean reward!
---------------------------------
| rollout/           |          |
|    ep_len_mean     | 186      |
|    ep_rew_mean     | -58.4    |
|    success_rate    | 0.13     |
| time/              |          |
|    fps             | 890      |
|    iterations      | 47       |
|    time_elapsed    | 108      |
|    total_timesteps | 96256    |
---------------------------------
-----------------------------------------
| rollout/                |             |
|    ep_len_mean          | 183         |
|    ep_rew_mean          | -57.3       |
|    success_rate         | 0.16        |
| time/                   |             |
|    fps                  | 897         |
|    iterations           | 48          |
|    time_elapsed         | 109         |
|    total_timesteps      | 98304       |
| train/                  |             |
|    approx_kl            | 0.009625416 |
|    clip_fraction        | 0.132       |
|    clip_range           | 0.2         |
|    entropy_loss         | -8.57       |
|    explained_variance   | 0.962       |
|    learning_rate        | 0.0003      |
|    loss                 | 0.286       |
|    n_updates            | 470         |
|    policy_gradient_loss | -0.0104     |
|    std                  | 0.828       |
|    value_loss           | 1.34        |
-----------------------------------------
Eval num_timesteps=100000, episode_reward=-41.45 +/- 16.77
Episode length: 153.10 +/- 54.56
Success rate: 40.00%
-----------------------------------------
| eval/                   |             |
|    mean_ep_length       | 153         |
|    mean_reward          | -41.5       |
|    success_rate         | 0.4         |
| time/                   |             |
|    total_timesteps      | 100000      |
| train/                  |             |
|    approx_kl            | 0.013868494 |
|    clip_fraction        | 0.157       |
|    clip_range           | 0.2         |
|    entropy_loss         | -8.53       |
|    explained_variance   | 0.978       |
|    learning_rate        | 0.0003      |
|    loss                 | 0.642       |
|    n_updates            | 480         |
|    policy_gradient_loss | -0.016      |
|    std                  | 0.821       |
|    value_loss           | 1.27        |
-----------------------------------------
New best mean reward!
---------------------------------
| rollout/           |          |
|    ep_len_mean     | 179      |
|    ep_rew_mean     | -55.2    |
|    success_rate    | 0.21     |
| time/              |          |
|    fps             | 888      |
|    iterations      | 49       |
|    time_elapsed    | 112      |
|    total_timesteps | 100352   |
---------------------------------
-----------------------------------------
| rollout/                |             |
|    ep_len_mean          | 176         |
|    ep_rew_mean          | -54.1       |
|    success_rate         | 0.25        |
| time/                   |             |
|    fps                  | 895         |
|    iterations           | 50          |
|    time_elapsed         | 114         |
|    total_timesteps      | 102400      |
| train/                  |             |
|    approx_kl            | 0.012236156 |
|    clip_fraction        | 0.155       |
|    clip_range           | 0.2         |
|    entropy_loss         | -8.5        |
|    explained_variance   | 0.964       |
|    learning_rate        | 0.0003      |
|    loss                 | 0.324       |
|    n_updates            | 490         |
|    policy_gradient_loss | -0.0128     |
|    std                  | 0.819       |
|    value_loss           | 1.62        |
-----------------------------------------
-----------------------------------------
| rollout/                |             |
|    ep_len_mean          | 172         |
|    ep_rew_mean          | -52.5       |
|    success_rate         | 0.3         |
| time/                   |             |
|    fps                  | 902         |
|    iterations           | 51          |
|    time_elapsed         | 115         |
|    total_timesteps      | 104448      |
| train/                  |             |
|    approx_kl            | 0.015996478 |
|    clip_fraction        | 0.15        |
|    clip_range           | 0.2         |
|    entropy_loss         | -8.48       |
|    explained_variance   | 0.966       |
|    learning_rate        | 0.0003      |
|    loss                 | 0.213       |
|    n_updates            | 500         |
|    policy_gradient_loss | -0.0138     |
|    std                  | 0.817       |
|    value_loss           | 1.22        |
-----------------------------------------
Eval num_timesteps=105000, episode_reward=-52.24 +/- 16.52
Episode length: 180.60 +/- 44.40
Success rate: 13.33%
-----------------------------------------
| eval/                   |             |
|    mean_ep_length       | 181         |
|    mean_reward          | -52.2       |
|    success_rate         | 0.133       |
| time/                   |             |
|    total_timesteps      | 105000      |
| train/                  |             |
|    approx_kl            | 0.013989693 |
|    clip_fraction        | 0.155       |
|    clip_range           | 0.2         |
|    entropy_loss         | -8.48       |
|    explained_variance   | 0.979       |
|    learning_rate        | 0.0003      |
|    loss                 | 0.175       |
|    n_updates            | 510         |
|    policy_gradient_loss | -0.013      |
|    std                  | 0.817       |
|    value_loss           | 0.878       |
-----------------------------------------
---------------------------------
| rollout/           |          |
|    ep_len_mean     | 171      |
|    ep_rew_mean     | -51.6    |
|    success_rate    | 0.32     |
| time/              |          |
|    fps             | 892      |
|    iterations      | 52       |
|    time_elapsed    | 119      |
|    total_timesteps | 106496   |
---------------------------------
-----------------------------------------
| rollout/                |             |
|    ep_len_mean          | 170         |
|    ep_rew_mean          | -51         |
|    success_rate         | 0.34        |
| time/                   |             |
|    fps                  | 899         |
|    iterations           | 53          |
|    time_elapsed         | 120         |
|    total_timesteps      | 108544      |
| train/                  |             |
|    approx_kl            | 0.017499195 |
|    clip_fraction        | 0.182       |
|    clip_range           | 0.2         |
|    entropy_loss         | -8.48       |
|    explained_variance   | 0.967       |
|    learning_rate        | 0.0003      |
|    loss                 | 0.553       |
|    n_updates            | 520         |
|    policy_gradient_loss | -0.0145     |
|    std                  | 0.818       |
|    value_loss           | 1.37        |
-----------------------------------------
Eval num_timesteps=110000, episode_reward=-50.74 +/- 16.57
Episode length: 175.07 +/- 46.11
Success rate: 20.00%
-----------------------------------------
| eval/                   |             |
|    mean_ep_length       | 175         |
|    mean_reward          | -50.7       |
|    success_rate         | 0.2         |
| time/                   |             |
|    total_timesteps      | 110000      |
| train/                  |             |
|    approx_kl            | 0.014911002 |
|    clip_fraction        | 0.163       |
|    clip_range           | 0.2         |
|    entropy_loss         | -8.48       |
|    explained_variance   | 0.958       |
|    learning_rate        | 0.0003      |
|    loss                 | 0.365       |
|    n_updates            | 530         |
|    policy_gradient_loss | -0.0154     |
|    std                  | 0.816       |
|    value_loss           | 1.48        |
-----------------------------------------
---------------------------------
| rollout/           |          |
|    ep_len_mean     | 167      |
|    ep_rew_mean     | -50.1    |
|    success_rate    | 0.35     |
| time/              |          |
|    fps             | 889      |
|    iterations      | 54       |
|    time_elapsed    | 124      |
|    total_timesteps | 110592   |
---------------------------------
-----------------------------------------
| rollout/                |             |
|    ep_len_mean          | 167         |
|    ep_rew_mean          | -49.5       |
|    success_rate         | 0.35        |
| time/                   |             |
|    fps                  | 896         |
|    iterations           | 55          |
|    time_elapsed         | 125         |
|    total_timesteps      | 112640      |
| train/                  |             |
|    approx_kl            | 0.014691552 |
|    clip_fraction        | 0.167       |
|    clip_range           | 0.2         |
|    entropy_loss         | -8.43       |
|    explained_variance   | 0.964       |
|    learning_rate        | 0.0003      |
|    loss                 | 0.342       |
|    n_updates            | 540         |
|    policy_gradient_loss | -0.0145     |
|    std                  | 0.809       |
|    value_loss           | 1.29        |
-----------------------------------------
-----------------------------------------
| rollout/                |             |
|    ep_len_mean          | 166         |
|    ep_rew_mean          | -48.3       |
|    success_rate         | 0.36        |
| time/                   |             |
|    fps                  | 902         |
|    iterations           | 56          |
|    time_elapsed         | 127         |
|    total_timesteps      | 114688      |
| train/                  |             |
|    approx_kl            | 0.015609501 |
|    clip_fraction        | 0.168       |
|    clip_range           | 0.2         |
|    entropy_loss         | -8.41       |
|    explained_variance   | 0.974       |
|    learning_rate        | 0.0003      |
|    loss                 | 0.302       |
|    n_updates            | 550         |
|    policy_gradient_loss | -0.0122     |
|    std                  | 0.81        |
|    value_loss           | 0.64        |
-----------------------------------------
Eval num_timesteps=115000, episode_reward=-47.71 +/- 17.53
Episode length: 163.67 +/- 51.75
Success rate: 30.00%
-----------------------------------------
| eval/                   |             |
|    mean_ep_length       | 164         |
|    mean_reward          | -47.7       |
|    success_rate         | 0.3         |
| time/                   |             |
|    total_timesteps      | 115000      |
| train/                  |             |
|    approx_kl            | 0.015728323 |
|    clip_fraction        | 0.182       |
|    clip_range           | 0.2         |
|    entropy_loss         | -8.39       |
|    explained_variance   | 0.953       |
|    learning_rate        | 0.0003      |
|    loss                 | 0.529       |
|    n_updates            | 560         |
|    policy_gradient_loss | -0.018      |
|    std                  | 0.807       |
|    value_loss           | 1.79        |
-----------------------------------------
---------------------------------
| rollout/           |          |
|    ep_len_mean     | 165      |
|    ep_rew_mean     | -47.4    |
|    success_rate    | 0.36     |
| time/              |          |
|    fps             | 894      |
|    iterations      | 57       |
|    time_elapsed    | 130      |
|    total_timesteps | 116736   |
---------------------------------
-----------------------------------------
| rollout/                |             |
|    ep_len_mean          | 167         |
|    ep_rew_mean          | -47.8       |
|    success_rate         | 0.33        |
| time/                   |             |
|    fps                  | 900         |
|    iterations           | 58          |
|    time_elapsed         | 131         |
|    total_timesteps      | 118784      |
| train/                  |             |
|    approx_kl            | 0.013751879 |
|    clip_fraction        | 0.119       |
|    clip_range           | 0.2         |
|    entropy_loss         | -8.38       |
|    explained_variance   | 0.939       |
|    learning_rate        | 0.0003      |
|    loss                 | 0.315       |
|    n_updates            | 570         |
|    policy_gradient_loss | -0.0114     |
|    std                  | 0.806       |
|    value_loss           | 2.25        |
-----------------------------------------
Eval num_timesteps=120000, episode_reward=-50.23 +/- 21.66
Episode length: 163.83 +/- 51.82
Success rate: 30.00%
-----------------------------------------
| eval/                   |             |
|    mean_ep_length       | 164         |
|    mean_reward          | -50.2       |
|    success_rate         | 0.3         |
| time/                   |             |
|    total_timesteps      | 120000      |
| train/                  |             |
|    approx_kl            | 0.015575054 |
|    clip_fraction        | 0.188       |
|    clip_range           | 0.2         |
|    entropy_loss         | -8.34       |
|    explained_variance   | 0.967       |
|    learning_rate        | 0.0003      |
|    loss                 | 0.15        |
|    n_updates            | 580         |
|    policy_gradient_loss | -0.0156     |
|    std                  | 0.799       |
|    value_loss           | 0.528       |
-----------------------------------------
---------------------------------
| rollout/           |          |
|    ep_len_mean     | 169      |
|    ep_rew_mean     | -48.2    |
|    success_rate    | 0.31     |
| time/              |          |
|    fps             | 892      |
|    iterations      | 59       |
|    time_elapsed    | 135      |
|    total_timesteps | 120832   |
---------------------------------
------------------------------------------
| rollout/                |              |
|    ep_len_mean          | 172          |
|    ep_rew_mean          | -49.4        |
|    success_rate         | 0.26         |
| time/                   |              |
|    fps                  | 899          |
|    iterations           | 60           |
|    time_elapsed         | 136          |
|    total_timesteps      | 122880       |
| train/                  |              |
|    approx_kl            | 0.0128774755 |
|    clip_fraction        | 0.143        |
|    clip_range           | 0.2          |
|    entropy_loss         | -8.3         |
|    explained_variance   | 0.946        |
|    learning_rate        | 0.0003       |
|    loss                 | 0.721        |
|    n_updates            | 590          |
|    policy_gradient_loss | -0.0128      |
|    std                  | 0.795        |
|    value_loss           | 1.49         |
------------------------------------------
-----------------------------------------
| rollout/                |             |
|    ep_len_mean          | 172         |
|    ep_rew_mean          | -48.8       |
|    success_rate         | 0.27        |
| time/                   |             |
|    fps                  | 905         |
|    iterations           | 61          |
|    time_elapsed         | 138         |
|    total_timesteps      | 124928      |
| train/                  |             |
|    approx_kl            | 0.016034504 |
|    clip_fraction        | 0.193       |
|    clip_range           | 0.2         |
|    entropy_loss         | -8.27       |
|    explained_variance   | 0.981       |
|    learning_rate        | 0.0003      |
|    loss                 | 0.0586      |
|    n_updates            | 600         |
|    policy_gradient_loss | -0.0178     |
|    std                  | 0.792       |
|    value_loss           | 0.32        |
-----------------------------------------
Eval num_timesteps=125000, episode_reward=-50.30 +/- 15.64
Episode length: 173.23 +/- 45.91
Success rate: 16.67%
-----------------------------------------
| eval/                   |             |
|    mean_ep_length       | 173         |
|    mean_reward          | -50.3       |
|    success_rate         | 0.167       |
| time/                   |             |
|    total_timesteps      | 125000      |
| train/                  |             |
|    approx_kl            | 0.015019878 |
|    clip_fraction        | 0.162       |
|    clip_range           | 0.2         |
|    entropy_loss         | -8.23       |
|    explained_variance   | 0.969       |
|    learning_rate        | 0.0003      |
|    loss                 | 0.136       |
|    n_updates            | 610         |
|    policy_gradient_loss | -0.0145     |
|    std                  | 0.787       |
|    value_loss           | 1.12        |
-----------------------------------------
---------------------------------
| rollout/           |          |
|    ep_len_mean     | 171      |
|    ep_rew_mean     | -47.7    |
|    success_rate    | 0.28     |
| time/              |          |
|    fps             | 897      |
|    iterations      | 62       |
|    time_elapsed    | 141      |
|    total_timesteps | 126976   |
---------------------------------
-----------------------------------------
| rollout/                |             |
|    ep_len_mean          | 170         |
|    ep_rew_mean          | -47.9       |
|    success_rate         | 0.28        |
| time/                   |             |
|    fps                  | 902         |
|    iterations           | 63          |
|    time_elapsed         | 142         |
|    total_timesteps      | 129024      |
| train/                  |             |
|    approx_kl            | 0.013953172 |
|    clip_fraction        | 0.144       |
|    clip_range           | 0.2         |
|    entropy_loss         | -8.2        |
|    explained_variance   | 0.945       |
|    learning_rate        | 0.0003      |
|    loss                 | 0.577       |
|    n_updates            | 620         |
|    policy_gradient_loss | -0.0134     |
|    std                  | 0.785       |
|    value_loss           | 2.56        |
-----------------------------------------
Eval num_timesteps=130000, episode_reward=-44.28 +/- 19.60
Episode length: 154.60 +/- 56.91
Success rate: 33.33%
-----------------------------------------
| eval/                   |             |
|    mean_ep_length       | 155         |
|    mean_reward          | -44.3       |
|    success_rate         | 0.333       |
| time/                   |             |
|    total_timesteps      | 130000      |
| train/                  |             |
|    approx_kl            | 0.018486228 |
|    clip_fraction        | 0.185       |
|    clip_range           | 0.2         |
|    entropy_loss         | -8.19       |
|    explained_variance   | 0.964       |
|    learning_rate        | 0.0003      |
|    loss                 | 0.205       |
|    n_updates            | 630         |
|    policy_gradient_loss | -0.0143     |
|    std                  | 0.785       |
|    value_loss           | 0.896       |
-----------------------------------------
---------------------------------
| rollout/           |          |
|    ep_len_mean     | 170      |
|    ep_rew_mean     | -48.4    |
|    success_rate    | 0.27     |
| time/              |          |
|    fps             | 895      |
|    iterations      | 64       |
|    time_elapsed    | 146      |
|    total_timesteps | 131072   |
---------------------------------
-----------------------------------------
| rollout/                |             |
|    ep_len_mean          | 167         |
|    ep_rew_mean          | -47.3       |
|    success_rate         | 0.3         |
| time/                   |             |
|    fps                  | 900         |
|    iterations           | 65          |
|    time_elapsed         | 147         |
|    total_timesteps      | 133120      |
| train/                  |             |
|    approx_kl            | 0.015272405 |
|    clip_fraction        | 0.172       |
|    clip_range           | 0.2         |
|    entropy_loss         | -8.18       |
|    explained_variance   | 0.95        |
|    learning_rate        | 0.0003      |
|    loss                 | 0.289       |
|    n_updates            | 640         |
|    policy_gradient_loss | -0.0152     |
|    std                  | 0.782       |
|    value_loss           | 1.79        |
-----------------------------------------
Eval num_timesteps=135000, episode_reward=-42.69 +/- 19.20
Episode length: 160.27 +/- 56.65
Success rate: 33.33%
-----------------------------------------
| eval/                   |             |
|    mean_ep_length       | 160         |
|    mean_reward          | -42.7       |
|    success_rate         | 0.333       |
| time/                   |             |
|    total_timesteps      | 135000      |
| train/                  |             |
|    approx_kl            | 0.013201354 |
|    clip_fraction        | 0.165       |
|    clip_range           | 0.2         |
|    entropy_loss         | -8.15       |
|    explained_variance   | 0.936       |
|    learning_rate        | 0.0003      |
|    loss                 | 0.467       |
|    n_updates            | 650         |
|    policy_gradient_loss | -0.0174     |
|    std                  | 0.78        |
|    value_loss           | 2.24        |
-----------------------------------------
---------------------------------
| rollout/           |          |
|    ep_len_mean     | 164      |
|    ep_rew_mean     | -46.2    |
|    success_rate    | 0.34     |
| time/              |          |
|    fps             | 893      |
|    iterations      | 66       |
|    time_elapsed    | 151      |
|    total_timesteps | 135168   |
---------------------------------
-----------------------------------------
| rollout/                |             |
|    ep_len_mean          | 161         |
|    ep_rew_mean          | -45         |
|    success_rate         | 0.37        |
| time/                   |             |
|    fps                  | 898         |
|    iterations           | 67          |
|    time_elapsed         | 152         |
|    total_timesteps      | 137216      |
| train/                  |             |
|    approx_kl            | 0.014600841 |
|    clip_fraction        | 0.148       |
|    clip_range           | 0.2         |
|    entropy_loss         | -8.13       |
|    explained_variance   | 0.949       |
|    learning_rate        | 0.0003      |
|    loss                 | 0.123       |
|    n_updates            | 660         |
|    policy_gradient_loss | -0.0125     |
|    std                  | 0.778       |
|    value_loss           | 1.25        |
-----------------------------------------
----------------------------------------
| rollout/                |            |
|    ep_len_mean          | 158        |
|    ep_rew_mean          | -43.5      |
|    success_rate         | 0.41       |
| time/                   |            |
|    fps                  | 903        |
|    iterations           | 68         |
|    time_elapsed         | 154        |
|    total_timesteps      | 139264     |
| train/                  |            |
|    approx_kl            | 0.01622025 |
|    clip_fraction        | 0.176      |
|    clip_range           | 0.2        |
|    entropy_loss         | -8.08      |
|    explained_variance   | 0.973      |
|    learning_rate        | 0.0003     |
|    loss                 | 0.847      |
|    n_updates            | 670        |
|    policy_gradient_loss | -0.0134    |
|    std                  | 0.771      |
|    value_loss           | 0.942      |
----------------------------------------
Eval num_timesteps=140000, episode_reward=-44.19 +/- 20.60
Episode length: 148.07 +/- 57.57
Success rate: 40.00%
-----------------------------------------
| eval/                   |             |
|    mean_ep_length       | 148         |
|    mean_reward          | -44.2       |
|    success_rate         | 0.4         |
| time/                   |             |
|    total_timesteps      | 140000      |
| train/                  |             |
|    approx_kl            | 0.015824672 |
|    clip_fraction        | 0.179       |
|    clip_range           | 0.2         |
|    entropy_loss         | -8.04       |
|    explained_variance   | 0.944       |
|    learning_rate        | 0.0003      |
|    loss                 | 1.16        |
|    n_updates            | 680         |
|    policy_gradient_loss | -0.0146     |
|    std                  | 0.769       |
|    value_loss           | 1.65        |
-----------------------------------------
---------------------------------
| rollout/           |          |
|    ep_len_mean     | 152      |
|    ep_rew_mean     | -41.7    |
|    success_rate    | 0.45     |
| time/              |          |
|    fps             | 897      |
|    iterations      | 69       |
|    time_elapsed    | 157      |
|    total_timesteps | 141312   |
---------------------------------
------------------------------------------
| rollout/                |              |
|    ep_len_mean          | 151          |
|    ep_rew_mean          | -41.5        |
|    success_rate         | 0.46         |
| time/                   |              |
|    fps                  | 902          |
|    iterations           | 70           |
|    time_elapsed         | 158          |
|    total_timesteps      | 143360       |
| train/                  |              |
|    approx_kl            | 0.0116619505 |
|    clip_fraction        | 0.139        |
|    clip_range           | 0.2          |
|    entropy_loss         | -8.02        |
|    explained_variance   | 0.94         |
|    learning_rate        | 0.0003       |
|    loss                 | 0.255        |
|    n_updates            | 690          |
|    policy_gradient_loss | -0.0124      |
|    std                  | 0.765        |
|    value_loss           | 1.64         |
------------------------------------------
Eval num_timesteps=145000, episode_reward=-36.03 +/- 16.49
Episode length: 138.20 +/- 56.79
Success rate: 56.67%
-----------------------------------------
| eval/                   |             |
|    mean_ep_length       | 138         |
|    mean_reward          | -36         |
|    success_rate         | 0.567       |
| time/                   |             |
|    total_timesteps      | 145000      |
| train/                  |             |
|    approx_kl            | 0.014570998 |
|    clip_fraction        | 0.169       |
|    clip_range           | 0.2         |
|    entropy_loss         | -8.01       |
|    explained_variance   | 0.925       |
|    learning_rate        | 0.0003      |
|    loss                 | 0.207       |
|    n_updates            | 700         |
|    policy_gradient_loss | -0.00922    |
|    std                  | 0.768       |
|    value_loss           | 1.46        |
-----------------------------------------
New best mean reward!
---------------------------------
| rollout/           |          |
|    ep_len_mean     | 145      |
|    ep_rew_mean     | -38.8    |
|    success_rate    | 0.52     |
| time/              |          |
|    fps             | 896      |
|    iterations      | 71       |
|    time_elapsed    | 162      |
|    total_timesteps | 145408   |
---------------------------------
-----------------------------------------
| rollout/                |             |
|    ep_len_mean          | 143         |
|    ep_rew_mean          | -38.6       |
|    success_rate         | 0.53        |
| time/                   |             |
|    fps                  | 901         |
|    iterations           | 72          |
|    time_elapsed         | 163         |
|    total_timesteps      | 147456      |
| train/                  |             |
|    approx_kl            | 0.017306758 |
|    clip_fraction        | 0.17        |
|    clip_range           | 0.2         |
|    entropy_loss         | -8.03       |
|    explained_variance   | 0.917       |
|    learning_rate        | 0.0003      |
|    loss                 | 0.396       |
|    n_updates            | 710         |
|    policy_gradient_loss | -0.0153     |
|    std                  | 0.769       |
|    value_loss           | 2.2         |
-----------------------------------------
-----------------------------------------
| rollout/                |             |
|    ep_len_mean          | 143         |
|    ep_rew_mean          | -38.9       |
|    success_rate         | 0.5         |
| time/                   |             |
|    fps                  | 906         |
|    iterations           | 73          |
|    time_elapsed         | 164         |
|    total_timesteps      | 149504      |
| train/                  |             |
|    approx_kl            | 0.015670244 |
|    clip_fraction        | 0.168       |
|    clip_range           | 0.2         |
|    entropy_loss         | -8.02       |
|    explained_variance   | 0.95        |
|    learning_rate        | 0.0003      |
|    loss                 | 0.175       |
|    n_updates            | 720         |
|    policy_gradient_loss | -0.0146     |
|    std                  | 0.766       |
|    value_loss           | 1.53        |
-----------------------------------------
Eval num_timesteps=150000, episode_reward=-34.14 +/- 20.02
Episode length: 123.57 +/- 62.00
Success rate: 56.67%
-----------------------------------------
| eval/                   |             |
|    mean_ep_length       | 124         |
|    mean_reward          | -34.1       |
|    success_rate         | 0.567       |
| time/                   |             |
|    total_timesteps      | 150000      |
| train/                  |             |
|    approx_kl            | 0.011974219 |
|    clip_fraction        | 0.162       |
|    clip_range           | 0.2         |
|    entropy_loss         | -7.99       |
|    explained_variance   | 0.88        |
|    learning_rate        | 0.0003      |
|    loss                 | 0.268       |
|    n_updates            | 730         |
|    policy_gradient_loss | -0.0121     |
|    std                  | 0.762       |
|    value_loss           | 1.73        |
-----------------------------------------
New best mean reward!
---------------------------------
| rollout/           |          |
|    ep_len_mean     | 140      |
|    ep_rew_mean     | -38.4    |
|    success_rate    | 0.51     |
| time/              |          |
|    fps             | 901      |
|    iterations      | 74       |
|    time_elapsed    | 168      |
|    total_timesteps | 151552   |
---------------------------------
----------------------------------------
| rollout/                |            |
|    ep_len_mean          | 136        |
|    ep_rew_mean          | -37.3      |
|    success_rate         | 0.54       |
| time/                   |            |
|    fps                  | 905        |
|    iterations           | 75         |
|    time_elapsed         | 169        |
|    total_timesteps      | 153600     |
| train/                  |            |
|    approx_kl            | 0.01262726 |
|    clip_fraction        | 0.161      |
|    clip_range           | 0.2        |
|    entropy_loss         | -7.95      |
|    explained_variance   | 0.946      |
|    learning_rate        | 0.0003     |
|    loss                 | 0.799      |
|    n_updates            | 740        |
|    policy_gradient_loss | -0.0113    |
|    std                  | 0.758      |
|    value_loss           | 1.8        |
----------------------------------------
Eval num_timesteps=155000, episode_reward=-31.91 +/- 17.60
Episode length: 118.10 +/- 57.15
Success rate: 60.00%
-----------------------------------------
| eval/                   |             |
|    mean_ep_length       | 118         |
|    mean_reward          | -31.9       |
|    success_rate         | 0.6         |
| time/                   |             |
|    total_timesteps      | 155000      |
| train/                  |             |
|    approx_kl            | 0.016115539 |
|    clip_fraction        | 0.201       |
|    clip_range           | 0.2         |
|    entropy_loss         | -7.93       |
|    explained_variance   | 0.959       |
|    learning_rate        | 0.0003      |
|    loss                 | 0.556       |
|    n_updates            | 750         |
|    policy_gradient_loss | -0.0147     |
|    std                  | 0.758       |
|    value_loss           | 1.53        |
-----------------------------------------
New best mean reward!
---------------------------------
| rollout/           |          |
|    ep_len_mean     | 135      |
|    ep_rew_mean     | -36.8    |
|    success_rate    | 0.57     |
| time/              |          |
|    fps             | 901      |
|    iterations      | 76       |
|    time_elapsed    | 172      |
|    total_timesteps | 155648   |
---------------------------------
-----------------------------------------
| rollout/                |             |
|    ep_len_mean          | 131         |
|    ep_rew_mean          | -35.5       |
|    success_rate         | 0.6         |
| time/                   |             |
|    fps                  | 905         |
|    iterations           | 77          |
|    time_elapsed         | 174         |
|    total_timesteps      | 157696      |
| train/                  |             |
|    approx_kl            | 0.014811113 |
|    clip_fraction        | 0.173       |
|    clip_range           | 0.2         |
|    entropy_loss         | -7.93       |
|    explained_variance   | 0.933       |
|    learning_rate        | 0.0003      |
|    loss                 | 0.341       |
|    n_updates            | 760         |
|    policy_gradient_loss | -0.0123     |
|    std                  | 0.756       |
|    value_loss           | 1.39        |
-----------------------------------------
-----------------------------------------
| rollout/                |             |
|    ep_len_mean          | 135         |
|    ep_rew_mean          | -36.7       |
|    success_rate         | 0.55        |
| time/                   |             |
|    fps                  | 910         |
|    iterations           | 78          |
|    time_elapsed         | 175         |
|    total_timesteps      | 159744      |
| train/                  |             |
|    approx_kl            | 0.016231693 |
|    clip_fraction        | 0.202       |
|    clip_range           | 0.2         |
|    entropy_loss         | -7.9        |
|    explained_variance   | 0.975       |
|    learning_rate        | 0.0003      |
|    loss                 | 0.098       |
|    n_updates            | 770         |
|    policy_gradient_loss | -0.0136     |
|    std                  | 0.751       |
|    value_loss           | 0.722       |
-----------------------------------------
Eval num_timesteps=160000, episode_reward=-40.74 +/- 17.41
Episode length: 153.13 +/- 61.18
Success rate: 33.33%
-----------------------------------------
| eval/                   |             |
|    mean_ep_length       | 153         |
|    mean_reward          | -40.7       |
|    success_rate         | 0.333       |
| time/                   |             |
|    total_timesteps      | 160000      |
| train/                  |             |
|    approx_kl            | 0.014037952 |
|    clip_fraction        | 0.168       |
|    clip_range           | 0.2         |
|    entropy_loss         | -7.88       |
|    explained_variance   | 0.935       |
|    learning_rate        | 0.0003      |
|    loss                 | 0.168       |
|    n_updates            | 780         |
|    policy_gradient_loss | -0.0115     |
|    std                  | 0.751       |
|    value_loss           | 1.48        |
-----------------------------------------
---------------------------------
| rollout/           |          |
|    ep_len_mean     | 131      |
|    ep_rew_mean     | -35.7    |
|    success_rate    | 0.59     |
| time/              |          |
|    fps             | 904      |
|    iterations      | 79       |
|    time_elapsed    | 178      |
|    total_timesteps | 161792   |
---------------------------------
-----------------------------------------
| rollout/                |             |
|    ep_len_mean          | 134         |
|    ep_rew_mean          | -36.3       |
|    success_rate         | 0.58        |
| time/                   |             |
|    fps                  | 908         |
|    iterations           | 80          |
|    time_elapsed         | 180         |
|    total_timesteps      | 163840      |
| train/                  |             |
|    approx_kl            | 0.020920634 |
|    clip_fraction        | 0.192       |
|    clip_range           | 0.2         |
|    entropy_loss         | -7.86       |
|    explained_variance   | 0.972       |
|    learning_rate        | 0.0003      |
|    loss                 | 0.105       |
|    n_updates            | 790         |
|    policy_gradient_loss | -0.0136     |
|    std                  | 0.749       |
|    value_loss           | 0.715       |
-----------------------------------------
Eval num_timesteps=165000, episode_reward=-29.79 +/- 17.75
Episode length: 112.33 +/- 59.03
Success rate: 66.67%
-----------------------------------------
| eval/                   |             |
|    mean_ep_length       | 112         |
|    mean_reward          | -29.8       |
|    success_rate         | 0.667       |
| time/                   |             |
|    total_timesteps      | 165000      |
| train/                  |             |
|    approx_kl            | 0.015449847 |
|    clip_fraction        | 0.187       |
|    clip_range           | 0.2         |
|    entropy_loss         | -7.84       |
|    explained_variance   | 0.921       |
|    learning_rate        | 0.0003      |
|    loss                 | 0.314       |
|    n_updates            | 800         |
|    policy_gradient_loss | -0.0134     |
|    std                  | 0.747       |
|    value_loss           | 1.08        |
-----------------------------------------
New best mean reward!
---------------------------------
| rollout/           |          |
|    ep_len_mean     | 132      |
|    ep_rew_mean     | -35.5    |
|    success_rate    | 0.6      |
| time/              |          |
|    fps             | 904      |
|    iterations      | 81       |
|    time_elapsed    | 183      |
|    total_timesteps | 165888   |
---------------------------------
----------------------------------------
| rollout/                |            |
|    ep_len_mean          | 132        |
|    ep_rew_mean          | -35.1      |
|    success_rate         | 0.61       |
| time/                   |            |
|    fps                  | 908        |
|    iterations           | 82         |
|    time_elapsed         | 184        |
|    total_timesteps      | 167936     |
| train/                  |            |
|    approx_kl            | 0.01972269 |
|    clip_fraction        | 0.203      |
|    clip_range           | 0.2        |
|    entropy_loss         | -7.84      |
|    explained_variance   | 0.912      |
|    learning_rate        | 0.0003     |
|    loss                 | 0.099      |
|    n_updates            | 810        |
|    policy_gradient_loss | -0.019     |
|    std                  | 0.747      |
|    value_loss           | 1.17       |
----------------------------------------
-----------------------------------------
| rollout/                |             |
|    ep_len_mean          | 133         |
|    ep_rew_mean          | -35.7       |
|    success_rate         | 0.6         |
| time/                   |             |
|    fps                  | 912         |
|    iterations           | 83          |
|    time_elapsed         | 186         |
|    total_timesteps      | 169984      |
| train/                  |             |
|    approx_kl            | 0.015720405 |
|    clip_fraction        | 0.172       |
|    clip_range           | 0.2         |
|    entropy_loss         | -7.84       |
|    explained_variance   | 0.952       |
|    learning_rate        | 0.0003      |
|    loss                 | 0.294       |
|    n_updates            | 820         |
|    policy_gradient_loss | -0.0155     |
|    std                  | 0.746       |
|    value_loss           | 1.75        |
-----------------------------------------
Eval num_timesteps=170000, episode_reward=-30.28 +/- 18.84
Episode length: 115.47 +/- 60.22
Success rate: 66.67%
-----------------------------------------
| eval/                   |             |
|    mean_ep_length       | 115         |
|    mean_reward          | -30.3       |
|    success_rate         | 0.667       |
| time/                   |             |
|    total_timesteps      | 170000      |
| train/                  |             |
|    approx_kl            | 0.014254596 |
|    clip_fraction        | 0.152       |
|    clip_range           | 0.2         |
|    entropy_loss         | -7.84       |
|    explained_variance   | 0.935       |
|    learning_rate        | 0.0003      |
|    loss                 | 0.514       |
|    n_updates            | 830         |
|    policy_gradient_loss | -0.0112     |
|    std                  | 0.749       |
|    value_loss           | 2.03        |
-----------------------------------------
---------------------------------
| rollout/           |          |
|    ep_len_mean     | 131      |
|    ep_rew_mean     | -35.5    |
|    success_rate    | 0.63     |
| time/              |          |
|    fps             | 907      |
|    iterations      | 84       |
|    time_elapsed    | 189      |
|    total_timesteps | 172032   |
---------------------------------
-----------------------------------------
| rollout/                |             |
|    ep_len_mean          | 132         |
|    ep_rew_mean          | -35.4       |
|    success_rate         | 0.64        |
| time/                   |             |
|    fps                  | 912         |
|    iterations           | 85          |
|    time_elapsed         | 190         |
|    total_timesteps      | 174080      |
| train/                  |             |
|    approx_kl            | 0.017852414 |
|    clip_fraction        | 0.185       |
|    clip_range           | 0.2         |
|    entropy_loss         | -7.86       |
|    explained_variance   | 0.962       |
|    learning_rate        | 0.0003      |
|    loss                 | 0.135       |
|    n_updates            | 840         |
|    policy_gradient_loss | -0.0145     |
|    std                  | 0.75        |
|    value_loss           | 0.888       |
-----------------------------------------
Eval num_timesteps=175000, episode_reward=-37.41 +/- 23.02
Episode length: 129.20 +/- 62.38
Success rate: 53.33%
----------------------------------------
| eval/                   |            |
|    mean_ep_length       | 129        |
|    mean_reward          | -37.4      |
|    success_rate         | 0.533      |
| time/                   |            |
|    total_timesteps      | 175000     |
| train/                  |            |
|    approx_kl            | 0.01726698 |
|    clip_fraction        | 0.178      |
|    clip_range           | 0.2        |
|    entropy_loss         | -7.88      |
|    explained_variance   | 0.922      |
|    learning_rate        | 0.0003     |
|    loss                 | 0.289      |
|    n_updates            | 850        |
|    policy_gradient_loss | -0.0182    |
|    std                  | 0.753      |
|    value_loss           | 1.52       |
----------------------------------------
---------------------------------
| rollout/           |          |
|    ep_len_mean     | 128      |
|    ep_rew_mean     | -34.6    |
|    success_rate    | 0.66     |
| time/              |          |
|    fps             | 907      |
|    iterations      | 86       |
|    time_elapsed    | 194      |
|    total_timesteps | 176128   |
---------------------------------
----------------------------------------
| rollout/                |            |
|    ep_len_mean          | 123        |
|    ep_rew_mean          | -32.5      |
|    success_rate         | 0.72       |
| time/                   |            |
|    fps                  | 910        |
|    iterations           | 87         |
|    time_elapsed         | 195        |
|    total_timesteps      | 178176     |
| train/                  |            |
|    approx_kl            | 0.02112192 |
|    clip_fraction        | 0.204      |
|    clip_range           | 0.2        |
|    entropy_loss         | -7.87      |
|    explained_variance   | 0.939      |
|    learning_rate        | 0.0003     |
|    loss                 | 0.357      |
|    n_updates            | 860        |
|    policy_gradient_loss | -0.0136    |
|    std                  | 0.749      |
|    value_loss           | 1.23       |
----------------------------------------
Eval num_timesteps=180000, episode_reward=-38.29 +/- 19.54
Episode length: 139.07 +/- 59.69
Success rate: 53.33%
----------------------------------------
| eval/                   |            |
|    mean_ep_length       | 139        |
|    mean_reward          | -38.3      |
|    success_rate         | 0.533      |
| time/                   |            |
|    total_timesteps      | 180000     |
| train/                  |            |
|    approx_kl            | 0.01835141 |
|    clip_fraction        | 0.214      |
|    clip_range           | 0.2        |
|    entropy_loss         | -7.83      |
|    explained_variance   | 0.965      |
|    learning_rate        | 0.0003     |
|    loss                 | 0.172      |
|    n_updates            | 870        |
|    policy_gradient_loss | -0.0177    |
|    std                  | 0.746      |
|    value_loss           | 1.03       |
----------------------------------------
---------------------------------
| rollout/           |          |
|    ep_len_mean     | 123      |
|    ep_rew_mean     | -32.8    |
|    success_rate    | 0.71     |
| time/              |          |
|    fps             | 906      |
|    iterations      | 88       |
|    time_elapsed    | 198      |
|    total_timesteps | 180224   |
---------------------------------
----------------------------------------
| rollout/                |            |
|    ep_len_mean          | 122        |
|    ep_rew_mean          | -32.4      |
|    success_rate         | 0.72       |
| time/                   |            |
|    fps                  | 909        |
|    iterations           | 89         |
|    time_elapsed         | 200        |
|    total_timesteps      | 182272     |
| train/                  |            |
|    approx_kl            | 0.01883517 |
|    clip_fraction        | 0.214      |
|    clip_range           | 0.2        |
|    entropy_loss         | -7.81      |
|    explained_variance   | 0.976      |
|    learning_rate        | 0.0003     |
|    loss                 | 0.232      |
|    n_updates            | 880        |
|    policy_gradient_loss | -0.015     |
|    std                  | 0.745      |
|    value_loss           | 0.769      |
----------------------------------------
----------------------------------------
| rollout/                |            |
|    ep_len_mean          | 124        |
|    ep_rew_mean          | -32.5      |
|    success_rate         | 0.7        |
| time/                   |            |
|    fps                  | 913        |
|    iterations           | 90         |
|    time_elapsed         | 201        |
|    total_timesteps      | 184320     |
| train/                  |            |
|    approx_kl            | 0.01650276 |
|    clip_fraction        | 0.191      |
|    clip_range           | 0.2        |
|    entropy_loss         | -7.79      |
|    explained_variance   | 0.935      |
|    learning_rate        | 0.0003     |
|    loss                 | 0.148      |
|    n_updates            | 890        |
|    policy_gradient_loss | -0.0129    |
|    std                  | 0.743      |
|    value_loss           | 0.717      |
----------------------------------------
Eval num_timesteps=185000, episode_reward=-41.68 +/- 27.37
Episode length: 141.60 +/- 60.82
Success rate: 50.00%
-----------------------------------------
| eval/                   |             |
|    mean_ep_length       | 142         |
|    mean_reward          | -41.7       |
|    success_rate         | 0.5         |
| time/                   |             |
|    total_timesteps      | 185000      |
| train/                  |             |
|    approx_kl            | 0.017190665 |
|    clip_fraction        | 0.203       |
|    clip_range           | 0.2         |
|    entropy_loss         | -7.79       |
|    explained_variance   | 0.969       |
|    learning_rate        | 0.0003      |
|    loss                 | 0.0789      |
|    n_updates            | 900         |
|    policy_gradient_loss | -0.0148     |
|    std                  | 0.743       |
|    value_loss           | 0.448       |
-----------------------------------------
---------------------------------
| rollout/           |          |
|    ep_len_mean     | 121      |
|    ep_rew_mean     | -31.8    |
|    success_rate    | 0.72     |
| time/              |          |
|    fps             | 909      |
|    iterations      | 91       |
|    time_elapsed    | 204      |
|    total_timesteps | 186368   |
---------------------------------
----------------------------------------
| rollout/                |            |
|    ep_len_mean          | 121        |
|    ep_rew_mean          | -31.5      |
|    success_rate         | 0.72       |
| time/                   |            |
|    fps                  | 912        |
|    iterations           | 92         |
|    time_elapsed         | 206        |
|    total_timesteps      | 188416     |
| train/                  |            |
|    approx_kl            | 0.01755194 |
|    clip_fraction        | 0.179      |
|    clip_range           | 0.2        |
|    entropy_loss         | -7.77      |
|    explained_variance   | 0.984      |
|    learning_rate        | 0.0003     |
|    loss                 | 0.0884     |
|    n_updates            | 910        |
|    policy_gradient_loss | -0.0113    |
|    std                  | 0.74       |
|    value_loss           | 0.463      |
----------------------------------------
Eval num_timesteps=190000, episode_reward=-41.44 +/- 21.72
Episode length: 151.83 +/- 61.55
Success rate: 36.67%
-----------------------------------------
| eval/                   |             |
|    mean_ep_length       | 152         |
|    mean_reward          | -41.4       |
|    success_rate         | 0.367       |
| time/                   |             |
|    total_timesteps      | 190000      |
| train/                  |             |
|    approx_kl            | 0.015300754 |
|    clip_fraction        | 0.181       |
|    clip_range           | 0.2         |
|    entropy_loss         | -7.75       |
|    explained_variance   | 0.917       |
|    learning_rate        | 0.0003      |
|    loss                 | 0.28        |
|    n_updates            | 920         |
|    policy_gradient_loss | -0.0167     |
|    std                  | 0.737       |
|    value_loss           | 1.24        |
-----------------------------------------
---------------------------------
| rollout/           |          |
|    ep_len_mean     | 119      |
|    ep_rew_mean     | -30.7    |
|    success_rate    | 0.72     |
| time/              |          |
|    fps             | 908      |
|    iterations      | 93       |
|    time_elapsed    | 209      |
|    total_timesteps | 190464   |
---------------------------------
----------------------------------------
| rollout/                |            |
|    ep_len_mean          | 122        |
|    ep_rew_mean          | -31.3      |
|    success_rate         | 0.68       |
| time/                   |            |
|    fps                  | 911        |
|    iterations           | 94         |
|    time_elapsed         | 211        |
|    total_timesteps      | 192512     |
| train/                  |            |
|    approx_kl            | 0.01741653 |
|    clip_fraction        | 0.185      |
|    clip_range           | 0.2        |
|    entropy_loss         | -7.71      |
|    explained_variance   | 0.932      |
|    learning_rate        | 0.0003     |
|    loss                 | 0.393      |
|    n_updates            | 930        |
|    policy_gradient_loss | -0.0146    |
|    std                  | 0.733      |
|    value_loss           | 1.7        |
----------------------------------------
-----------------------------------------
| rollout/                |             |
|    ep_len_mean          | 119         |
|    ep_rew_mean          | -30.2       |
|    success_rate         | 0.68        |
| time/                   |             |
|    fps                  | 915         |
|    iterations           | 95          |
|    time_elapsed         | 212         |
|    total_timesteps      | 194560      |
| train/                  |             |
|    approx_kl            | 0.013968679 |
|    clip_fraction        | 0.164       |
|    clip_range           | 0.2         |
|    entropy_loss         | -7.69       |
|    explained_variance   | 0.959       |
|    learning_rate        | 0.0003      |
|    loss                 | 0.239       |
|    n_updates            | 940         |
|    policy_gradient_loss | -0.0139     |
|    std                  | 0.732       |
|    value_loss           | 1.1         |
-----------------------------------------
Eval num_timesteps=195000, episode_reward=-46.14 +/- 20.45
Episode length: 168.00 +/- 54.84
Success rate: 26.67%
-----------------------------------------
| eval/                   |             |
|    mean_ep_length       | 168         |
|    mean_reward          | -46.1       |
|    success_rate         | 0.267       |
| time/                   |             |
|    total_timesteps      | 195000      |
| train/                  |             |
|    approx_kl            | 0.022363238 |
|    clip_fraction        | 0.239       |
|    clip_range           | 0.2         |
|    entropy_loss         | -7.69       |
|    explained_variance   | 0.923       |
|    learning_rate        | 0.0003      |
|    loss                 | 0.234       |
|    n_updates            | 950         |
|    policy_gradient_loss | -0.0155     |
|    std                  | 0.734       |
|    value_loss           | 0.908       |
-----------------------------------------
---------------------------------
| rollout/           |          |
|    ep_len_mean     | 113      |
|    ep_rew_mean     | -28.5    |
|    success_rate    | 0.73     |
| time/              |          |
|    fps             | 909      |
|    iterations      | 96       |
|    time_elapsed    | 216      |
|    total_timesteps | 196608   |
---------------------------------
-----------------------------------------
| rollout/                |             |
|    ep_len_mean          | 116         |
|    ep_rew_mean          | -29.4       |
|    success_rate         | 0.7         |
| time/                   |             |
|    fps                  | 913         |
|    iterations           | 97          |
|    time_elapsed         | 217         |
|    total_timesteps      | 198656      |
| train/                  |             |
|    approx_kl            | 0.019399043 |
|    clip_fraction        | 0.21        |
|    clip_range           | 0.2         |
|    entropy_loss         | -7.67       |
|    explained_variance   | 0.963       |
|    learning_rate        | 0.0003      |
|    loss                 | 0.239       |
|    n_updates            | 960         |
|    policy_gradient_loss | -0.0127     |
|    std                  | 0.729       |
|    value_loss           | 0.788       |
-----------------------------------------
Eval num_timesteps=200000, episode_reward=-52.88 +/- 17.10
Episode length: 182.60 +/- 40.44
Success rate: 16.67%
-----------------------------------------
| eval/                   |             |
|    mean_ep_length       | 183         |
|    mean_reward          | -52.9       |
|    success_rate         | 0.167       |
| time/                   |             |
|    total_timesteps      | 200000      |
| train/                  |             |
|    approx_kl            | 0.014480695 |
|    clip_fraction        | 0.162       |
|    clip_range           | 0.2         |
|    entropy_loss         | -7.63       |
|    explained_variance   | 0.95        |
|    learning_rate        | 0.0003      |
|    loss                 | 0.437       |
|    n_updates            | 970         |
|    policy_gradient_loss | -0.0113     |
|    std                  | 0.726       |
|    value_loss           | 1.19        |
-----------------------------------------
---------------------------------
| rollout/           |          |
|    ep_len_mean     | 119      |
|    ep_rew_mean     | -30.1    |
|    success_rate    | 0.68     |
| time/              |          |
|    fps             | 908      |
|    iterations      | 98       |
|    time_elapsed    | 221      |
|    total_timesteps | 200704   |
---------------------------------
-----------------------------------------
| rollout/                |             |
|    ep_len_mean          | 123         |
|    ep_rew_mean          | -31.5       |
|    success_rate         | 0.65        |
| time/                   |             |
|    fps                  | 911         |
|    iterations           | 99          |
|    time_elapsed         | 222         |
|    total_timesteps      | 202752      |
| train/                  |             |
|    approx_kl            | 0.014208222 |
|    clip_fraction        | 0.159       |
|    clip_range           | 0.2         |
|    entropy_loss         | -7.62       |
|    explained_variance   | 0.931       |
|    learning_rate        | 0.0003      |
|    loss                 | 0.319       |
|    n_updates            | 980         |
|    policy_gradient_loss | -0.0143     |
|    std                  | 0.727       |
|    value_loss           | 1.8         |
-----------------------------------------
-----------------------------------------
| rollout/                |             |
|    ep_len_mean          | 118         |
|    ep_rew_mean          | -30.3       |
|    success_rate         | 0.71        |
| time/                   |             |
|    fps                  | 914         |
|    iterations           | 100         |
|    time_elapsed         | 223         |
|    total_timesteps      | 204800      |
| train/                  |             |
|    approx_kl            | 0.023642069 |
|    clip_fraction        | 0.228       |
|    clip_range           | 0.2         |
|    entropy_loss         | -7.62       |
|    explained_variance   | 0.93        |
|    learning_rate        | 0.0003      |
|    loss                 | 0.239       |
|    n_updates            | 990         |
|    policy_gradient_loss | -0.0159     |
|    std                  | 0.727       |
|    value_loss           | 1.05        |
-----------------------------------------
Eval num_timesteps=205000, episode_reward=-45.55 +/- 20.05
Episode length: 159.47 +/- 57.68
Success rate: 30.00%
-----------------------------------------
| eval/                   |             |
|    mean_ep_length       | 159         |
|    mean_reward          | -45.5       |
|    success_rate         | 0.3         |
| time/                   |             |
|    total_timesteps      | 205000      |
| train/                  |             |
|    approx_kl            | 0.016974913 |
|    clip_fraction        | 0.198       |
|    clip_range           | 0.2         |
|    entropy_loss         | -7.61       |
|    explained_variance   | 0.926       |
|    learning_rate        | 0.0003      |
|    loss                 | 0.975       |
|    n_updates            | 1000        |
|    policy_gradient_loss | -0.0159     |
|    std                  | 0.726       |
|    value_loss           | 3.24        |
-----------------------------------------
---------------------------------
| rollout/           |          |
|    ep_len_mean     | 119      |
|    ep_rew_mean     | -30.1    |
|    success_rate    | 0.72     |
| time/              |          |
|    fps             | 909      |
|    iterations      | 101      |
|    time_elapsed    | 227      |
|    total_timesteps | 206848   |
---------------------------------
-----------------------------------------
| rollout/                |             |
|    ep_len_mean          | 123         |
|    ep_rew_mean          | -31.1       |
|    success_rate         | 0.69        |
| time/                   |             |
|    fps                  | 913         |
|    iterations           | 102         |
|    time_elapsed         | 228         |
|    total_timesteps      | 208896      |
| train/                  |             |
|    approx_kl            | 0.021822639 |
|    clip_fraction        | 0.202       |
|    clip_range           | 0.2         |
|    entropy_loss         | -7.61       |
|    explained_variance   | 0.919       |
|    learning_rate        | 0.0003      |
|    loss                 | 0.466       |
|    n_updates            | 1010        |
|    policy_gradient_loss | -0.015      |
|    std                  | 0.727       |
|    value_loss           | 1.69        |
-----------------------------------------
Eval num_timesteps=210000, episode_reward=-44.20 +/- 19.87
Episode length: 156.73 +/- 61.26
Success rate: 33.33%
-----------------------------------------
| eval/                   |             |
|    mean_ep_length       | 157         |
|    mean_reward          | -44.2       |
|    success_rate         | 0.333       |
| time/                   |             |
|    total_timesteps      | 210000      |
| train/                  |             |
|    approx_kl            | 0.021022547 |
|    clip_fraction        | 0.193       |
|    clip_range           | 0.2         |
|    entropy_loss         | -7.61       |
|    explained_variance   | 0.941       |
|    learning_rate        | 0.0003      |
|    loss                 | 0.188       |
|    n_updates            | 1020        |
|    policy_gradient_loss | -0.0137     |
|    std                  | 0.725       |
|    value_loss           | 1.36        |
-----------------------------------------
---------------------------------
| rollout/           |          |
|    ep_len_mean     | 123      |
|    ep_rew_mean     | -30.9    |
|    success_rate    | 0.69     |
| time/              |          |
|    fps             | 908      |
|    iterations      | 103      |
|    time_elapsed    | 232      |
|    total_timesteps | 210944   |
---------------------------------
-----------------------------------------
| rollout/                |             |
|    ep_len_mean          | 122         |
|    ep_rew_mean          | -30.1       |
|    success_rate         | 0.69        |
| time/                   |             |
|    fps                  | 911         |
|    iterations           | 104         |
|    time_elapsed         | 233         |
|    total_timesteps      | 212992      |
| train/                  |             |
|    approx_kl            | 0.024784753 |
|    clip_fraction        | 0.263       |
|    clip_range           | 0.2         |
|    entropy_loss         | -7.59       |
|    explained_variance   | 0.961       |
|    learning_rate        | 0.0003      |
|    loss                 | 0.201       |
|    n_updates            | 1030        |
|    policy_gradient_loss | -0.0246     |
|    std                  | 0.725       |
|    value_loss           | 0.682       |
-----------------------------------------
Eval num_timesteps=215000, episode_reward=-47.41 +/- 17.15
Episode length: 175.50 +/- 48.08
Success rate: 20.00%
----------------------------------------
| eval/                   |            |
|    mean_ep_length       | 176        |
|    mean_reward          | -47.4      |
|    success_rate         | 0.2        |
| time/                   |            |
|    total_timesteps      | 215000     |
| train/                  |            |
|    approx_kl            | 0.02138237 |
|    clip_fraction        | 0.205      |
|    clip_range           | 0.2        |
|    entropy_loss         | -7.57      |
|    explained_variance   | 0.935      |
|    learning_rate        | 0.0003     |
|    loss                 | 0.158      |
|    n_updates            | 1040       |
|    policy_gradient_loss | -0.0112    |
|    std                  | 0.723      |
|    value_loss           | 1.15       |
----------------------------------------
---------------------------------
| rollout/           |          |
|    ep_len_mean     | 124      |
|    ep_rew_mean     | -30.5    |
|    success_rate    | 0.68     |
| time/              |          |
|    fps             | 907      |
|    iterations      | 105      |
|    time_elapsed    | 237      |
|    total_timesteps | 215040   |
---------------------------------
-----------------------------------------
| rollout/                |             |
|    ep_len_mean          | 124         |
|    ep_rew_mean          | -31.1       |
|    success_rate         | 0.66        |
| time/                   |             |
|    fps                  | 910         |
|    iterations           | 106         |
|    time_elapsed         | 238         |
|    total_timesteps      | 217088      |
| train/                  |             |
|    approx_kl            | 0.022353057 |
|    clip_fraction        | 0.206       |
|    clip_range           | 0.2         |
|    entropy_loss         | -7.54       |
|    explained_variance   | 0.968       |
|    learning_rate        | 0.0003      |
|    loss                 | 0.34        |
|    n_updates            | 1050        |
|    policy_gradient_loss | -0.012      |
|    std                  | 0.718       |
|    value_loss           | 0.761       |
-----------------------------------------
-----------------------------------------
| rollout/                |             |
|    ep_len_mean          | 127         |
|    ep_rew_mean          | -31.3       |
|    success_rate         | 0.64        |
| time/                   |             |
|    fps                  | 913         |
|    iterations           | 107         |
|    time_elapsed         | 239         |
|    total_timesteps      | 219136      |
| train/                  |             |
|    approx_kl            | 0.016134307 |
|    clip_fraction        | 0.202       |
|    clip_range           | 0.2         |
|    entropy_loss         | -7.52       |
|    explained_variance   | 0.963       |
|    learning_rate        | 0.0003      |
|    loss                 | 0.222       |
|    n_updates            | 1060        |
|    policy_gradient_loss | -0.0135     |
|    std                  | 0.718       |
|    value_loss           | 1.13        |
-----------------------------------------
Eval num_timesteps=220000, episode_reward=-44.02 +/- 19.83
Episode length: 159.53 +/- 60.15
Success rate: 30.00%
-----------------------------------------
| eval/                   |             |
|    mean_ep_length       | 160         |
|    mean_reward          | -44         |
|    success_rate         | 0.3         |
| time/                   |             |
|    total_timesteps      | 220000      |
| train/                  |             |
|    approx_kl            | 0.017748673 |
|    clip_fraction        | 0.192       |
|    clip_range           | 0.2         |
|    entropy_loss         | -7.51       |
|    explained_variance   | 0.947       |
|    learning_rate        | 0.0003      |
|    loss                 | 0.48        |
|    n_updates            | 1070        |
|    policy_gradient_loss | -0.0162     |
|    std                  | 0.716       |
|    value_loss           | 1.25        |
-----------------------------------------
---------------------------------
| rollout/           |          |
|    ep_len_mean     | 123      |
|    ep_rew_mean     | -30.2    |
|    success_rate    | 0.67     |
| time/              |          |
|    fps             | 908      |
|    iterations      | 108      |
|    time_elapsed    | 243      |
|    total_timesteps | 221184   |
---------------------------------
-----------------------------------------
| rollout/                |             |
|    ep_len_mean          | 121         |
|    ep_rew_mean          | -29.5       |
|    success_rate         | 0.69        |
| time/                   |             |
|    fps                  | 911         |
|    iterations           | 109         |
|    time_elapsed         | 244         |
|    total_timesteps      | 223232      |
| train/                  |             |
|    approx_kl            | 0.015561944 |
|    clip_fraction        | 0.18        |
|    clip_range           | 0.2         |
|    entropy_loss         | -7.48       |
|    explained_variance   | 0.941       |
|    learning_rate        | 0.0003      |
|    loss                 | 0.182       |
|    n_updates            | 1080        |
|    policy_gradient_loss | -0.0119     |
|    std                  | 0.714       |
|    value_loss           | 1.42        |
-----------------------------------------
Eval num_timesteps=225000, episode_reward=-41.51 +/- 19.72
Episode length: 155.43 +/- 63.19
Success rate: 33.33%
-----------------------------------------
| eval/                   |             |
|    mean_ep_length       | 155         |
|    mean_reward          | -41.5       |
|    success_rate         | 0.333       |
| time/                   |             |
|    total_timesteps      | 225000      |
| train/                  |             |
|    approx_kl            | 0.016886601 |
|    clip_fraction        | 0.184       |
|    clip_range           | 0.2         |
|    entropy_loss         | -7.45       |
|    explained_variance   | 0.947       |
|    learning_rate        | 0.0003      |
|    loss                 | 0.365       |
|    n_updates            | 1090        |
|    policy_gradient_loss | -0.0142     |
|    std                  | 0.71        |
|    value_loss           | 1.52        |
-----------------------------------------
---------------------------------
| rollout/           |          |
|    ep_len_mean     | 123      |
|    ep_rew_mean     | -30.2    |
|    success_rate    | 0.68     |
| time/              |          |
|    fps             | 907      |
|    iterations      | 110      |
|    time_elapsed    | 248      |
|    total_timesteps | 225280   |
---------------------------------
-----------------------------------------
| rollout/                |             |
|    ep_len_mean          | 118         |
|    ep_rew_mean          | -28.7       |
|    success_rate         | 0.73        |
| time/                   |             |
|    fps                  | 910         |
|    iterations           | 111         |
|    time_elapsed         | 249         |
|    total_timesteps      | 227328      |
| train/                  |             |
|    approx_kl            | 0.018831851 |
|    clip_fraction        | 0.225       |
|    clip_range           | 0.2         |
|    entropy_loss         | -7.4        |
|    explained_variance   | 0.982       |
|    learning_rate        | 0.0003      |
|    loss                 | 0.0733      |
|    n_updates            | 1100        |
|    policy_gradient_loss | -0.0125     |
|    std                  | 0.703       |
|    value_loss           | 0.365       |
-----------------------------------------
-----------------------------------------
| rollout/                |             |
|    ep_len_mean          | 113         |
|    ep_rew_mean          | -27.1       |
|    success_rate         | 0.78        |
| time/                   |             |
|    fps                  | 913         |
|    iterations           | 112         |
|    time_elapsed         | 251         |
|    total_timesteps      | 229376      |
| train/                  |             |
|    approx_kl            | 0.017011583 |
|    clip_fraction        | 0.19        |
|    clip_range           | 0.2         |
|    entropy_loss         | -7.37       |
|    explained_variance   | 0.973       |
|    learning_rate        | 0.0003      |
|    loss                 | 0.127       |
|    n_updates            | 1110        |
|    policy_gradient_loss | -0.0171     |
|    std                  | 0.705       |
|    value_loss           | 0.85        |
-----------------------------------------
Eval num_timesteps=230000, episode_reward=-33.29 +/- 18.71
Episode length: 143.13 +/- 60.88
Success rate: 50.00%
-----------------------------------------
| eval/                   |             |
|    mean_ep_length       | 143         |
|    mean_reward          | -33.3       |
|    success_rate         | 0.5         |
| time/                   |             |
|    total_timesteps      | 230000      |
| train/                  |             |
|    approx_kl            | 0.022110961 |
|    clip_fraction        | 0.232       |
|    clip_range           | 0.2         |
|    entropy_loss         | -7.35       |
|    explained_variance   | 0.972       |
|    learning_rate        | 0.0003      |
|    loss                 | 0.0879      |
|    n_updates            | 1120        |
|    policy_gradient_loss | -0.0186     |
|    std                  | 0.701       |
|    value_loss           | 0.52        |
-----------------------------------------
---------------------------------
| rollout/           |          |
|    ep_len_mean     | 110      |
|    ep_rew_mean     | -26.4    |
|    success_rate    | 0.82     |
| time/              |          |
|    fps             | 909      |
|    iterations      | 113      |
|    time_elapsed    | 254      |
|    total_timesteps | 231424   |
---------------------------------
-----------------------------------------
| rollout/                |             |
|    ep_len_mean          | 114         |
|    ep_rew_mean          | -27.5       |
|    success_rate         | 0.77        |
| time/                   |             |
|    fps                  | 912         |
|    iterations           | 114         |
|    time_elapsed         | 255         |
|    total_timesteps      | 233472      |
| train/                  |             |
|    approx_kl            | 0.019030755 |
|    clip_fraction        | 0.204       |
|    clip_range           | 0.2         |
|    entropy_loss         | -7.32       |
|    explained_variance   | 0.941       |
|    learning_rate        | 0.0003      |
|    loss                 | 0.158       |
|    n_updates            | 1130        |
|    policy_gradient_loss | -0.0124     |
|    std                  | 0.698       |
|    value_loss           | 0.792       |
-----------------------------------------
Eval num_timesteps=235000, episode_reward=-36.74 +/- 19.59
Episode length: 139.43 +/- 61.83
Success rate: 50.00%
-----------------------------------------
| eval/                   |             |
|    mean_ep_length       | 139         |
|    mean_reward          | -36.7       |
|    success_rate         | 0.5         |
| time/                   |             |
|    total_timesteps      | 235000      |
| train/                  |             |
|    approx_kl            | 0.021242436 |
|    clip_fraction        | 0.238       |
|    clip_range           | 0.2         |
|    entropy_loss         | -7.3        |
|    explained_variance   | 0.964       |
|    learning_rate        | 0.0003      |
|    loss                 | 0.0627      |
|    n_updates            | 1140        |
|    policy_gradient_loss | -0.0137     |
|    std                  | 0.697       |
|    value_loss           | 0.306       |
-----------------------------------------
---------------------------------
| rollout/           |          |
|    ep_len_mean     | 113      |
|    ep_rew_mean     | -27.5    |
|    success_rate    | 0.78     |
| time/              |          |
|    fps             | 909      |
|    iterations      | 115      |
|    time_elapsed    | 259      |
|    total_timesteps | 235520   |
---------------------------------
-----------------------------------------
| rollout/                |             |
|    ep_len_mean          | 114         |
|    ep_rew_mean          | -27.9       |
|    success_rate         | 0.77        |
| time/                   |             |
|    fps                  | 911         |
|    iterations           | 116         |
|    time_elapsed         | 260         |
|    total_timesteps      | 237568      |
| train/                  |             |
|    approx_kl            | 0.016836781 |
|    clip_fraction        | 0.173       |
|    clip_range           | 0.2         |
|    entropy_loss         | -7.3        |
|    explained_variance   | 0.949       |
|    learning_rate        | 0.0003      |
|    loss                 | 0.284       |
|    n_updates            | 1150        |
|    policy_gradient_loss | -0.0108     |
|    std                  | 0.698       |
|    value_loss           | 1.13        |
-----------------------------------------
----------------------------------------
| rollout/                |            |
|    ep_len_mean          | 115        |
|    ep_rew_mean          | -28.2      |
|    success_rate         | 0.76       |
| time/                   |            |
|    fps                  | 914        |
|    iterations           | 117        |
|    time_elapsed         | 261        |
|    total_timesteps      | 239616     |
| train/                  |            |
|    approx_kl            | 0.01653378 |
|    clip_fraction        | 0.183      |
|    clip_range           | 0.2        |
|    entropy_loss         | -7.3       |
|    explained_variance   | 0.961      |
|    learning_rate        | 0.0003     |
|    loss                 | 0.388      |
|    n_updates            | 1160       |
|    policy_gradient_loss | -0.0147    |
|    std                  | 0.696      |
|    value_loss           | 1          |
----------------------------------------
Eval num_timesteps=240000, episode_reward=-41.55 +/- 17.61
Episode length: 156.77 +/- 57.75
Success rate: 36.67%
-----------------------------------------
| eval/                   |             |
|    mean_ep_length       | 157         |
|    mean_reward          | -41.5       |
|    success_rate         | 0.367       |
| time/                   |             |
|    total_timesteps      | 240000      |
| train/                  |             |
|    approx_kl            | 0.017671049 |
|    clip_fraction        | 0.214       |
|    clip_range           | 0.2         |
|    entropy_loss         | -7.27       |
|    explained_variance   | 0.969       |
|    learning_rate        | 0.0003      |
|    loss                 | 0.109       |
|    n_updates            | 1170        |
|    policy_gradient_loss | -0.0148     |
|    std                  | 0.693       |
|    value_loss           | 0.86        |
-----------------------------------------
---------------------------------
| rollout/           |          |
|    ep_len_mean     | 117      |
|    ep_rew_mean     | -29.3    |
|    success_rate    | 0.72     |
| time/              |          |
|    fps             | 910      |
|    iterations      | 118      |
|    time_elapsed    | 265      |
|    total_timesteps | 241664   |
---------------------------------
-----------------------------------------
| rollout/                |             |
|    ep_len_mean          | 116         |
|    ep_rew_mean          | -29.4       |
|    success_rate         | 0.7         |
| time/                   |             |
|    fps                  | 913         |
|    iterations           | 119         |
|    time_elapsed         | 266         |
|    total_timesteps      | 243712      |
| train/                  |             |
|    approx_kl            | 0.019961275 |
|    clip_fraction        | 0.215       |
|    clip_range           | 0.2         |
|    entropy_loss         | -7.26       |
|    explained_variance   | 0.974       |
|    learning_rate        | 0.0003      |
|    loss                 | 0.244       |
|    n_updates            | 1180        |
|    policy_gradient_loss | -0.0166     |
|    std                  | 0.694       |
|    value_loss           | 0.616       |
-----------------------------------------
Eval num_timesteps=245000, episode_reward=-43.53 +/- 14.06
Episode length: 174.20 +/- 49.00
Success rate: 23.33%
-----------------------------------------
| eval/                   |             |
|    mean_ep_length       | 174         |
|    mean_reward          | -43.5       |
|    success_rate         | 0.233       |
| time/                   |             |
|    total_timesteps      | 245000      |
| train/                  |             |
|    approx_kl            | 0.016719239 |
|    clip_fraction        | 0.213       |
|    clip_range           | 0.2         |
|    entropy_loss         | -7.24       |
|    explained_variance   | 0.946       |
|    learning_rate        | 0.0003      |
|    loss                 | 0.249       |
|    n_updates            | 1190        |
|    policy_gradient_loss | -0.0157     |
|    std                  | 0.69        |
|    value_loss           | 1.01        |
-----------------------------------------
---------------------------------
| rollout/           |          |
|    ep_len_mean     | 115      |
|    ep_rew_mean     | -29.8    |
|    success_rate    | 0.71     |
| time/              |          |
|    fps             | 908      |
|    iterations      | 120      |
|    time_elapsed    | 270      |
|    total_timesteps | 245760   |
---------------------------------
----------------------------------------
| rollout/                |            |
|    ep_len_mean          | 121        |
|    ep_rew_mean          | -31.1      |
|    success_rate         | 0.66       |
| time/                   |            |
|    fps                  | 911        |
|    iterations           | 121        |
|    time_elapsed         | 271        |
|    total_timesteps      | 247808     |
| train/                  |            |
|    approx_kl            | 0.01727559 |
|    clip_fraction        | 0.183      |
|    clip_range           | 0.2        |
|    entropy_loss         | -7.22      |
|    explained_variance   | 0.925      |
|    learning_rate        | 0.0003     |
|    loss                 | 0.218      |
|    n_updates            | 1200       |
|    policy_gradient_loss | -0.0178    |
|    std                  | 0.69       |
|    value_loss           | 1.08       |
----------------------------------------
-----------------------------------------
| rollout/                |             |
|    ep_len_mean          | 120         |
|    ep_rew_mean          | -30.6       |
|    success_rate         | 0.69        |
| time/                   |             |
|    fps                  | 914         |
|    iterations           | 122         |
|    time_elapsed         | 273         |
|    total_timesteps      | 249856      |
| train/                  |             |
|    approx_kl            | 0.018051354 |
|    clip_fraction        | 0.209       |
|    clip_range           | 0.2         |
|    entropy_loss         | -7.24       |
|    explained_variance   | 0.963       |
|    learning_rate        | 0.0003      |
|    loss                 | 0.281       |
|    n_updates            | 1210        |
|    policy_gradient_loss | -0.0127     |
|    std                  | 0.694       |
|    value_loss           | 0.77        |
-----------------------------------------
Eval num_timesteps=250000, episode_reward=-35.06 +/- 14.15
Episode length: 144.03 +/- 57.28
Success rate: 53.33%
-----------------------------------------
| eval/                   |             |
|    mean_ep_length       | 144         |
|    mean_reward          | -35.1       |
|    success_rate         | 0.533       |
| time/                   |             |
|    total_timesteps      | 250000      |
| train/                  |             |
|    approx_kl            | 0.014525274 |
|    clip_fraction        | 0.192       |
|    clip_range           | 0.2         |
|    entropy_loss         | -7.26       |
|    explained_variance   | 0.951       |
|    learning_rate        | 0.0003      |
|    loss                 | 0.644       |
|    n_updates            | 1220        |
|    policy_gradient_loss | -0.0161     |
|    std                  | 0.695       |
|    value_loss           | 1.55        |
-----------------------------------------
---------------------------------
| rollout/           |          |
|    ep_len_mean     | 118      |
|    ep_rew_mean     | -30.1    |
|    success_rate    | 0.7      |
| time/              |          |
|    fps             | 911      |
|    iterations      | 123      |
|    time_elapsed    | 276      |
|    total_timesteps | 251904   |
---------------------------------
-----------------------------------------
| rollout/                |             |
|    ep_len_mean          | 118         |
|    ep_rew_mean          | -29.4       |
|    success_rate         | 0.73        |
| time/                   |             |
|    fps                  | 913         |
|    iterations           | 124         |
|    time_elapsed         | 277         |
|    total_timesteps      | 253952      |
| train/                  |             |
|    approx_kl            | 0.022165786 |
|    clip_fraction        | 0.237       |
|    clip_range           | 0.2         |
|    entropy_loss         | -7.26       |
|    explained_variance   | 0.973       |
|    learning_rate        | 0.0003      |
|    loss                 | 0.138       |
|    n_updates            | 1230        |
|    policy_gradient_loss | -0.0136     |
|    std                  | 0.692       |
|    value_loss           | 0.581       |
-----------------------------------------
Eval num_timesteps=255000, episode_reward=-23.96 +/- 13.86
Episode length: 96.40 +/- 45.48
Success rate: 83.33%
-----------------------------------------
| eval/                   |             |
|    mean_ep_length       | 96.4        |
|    mean_reward          | -24         |
|    success_rate         | 0.833       |
| time/                   |             |
|    total_timesteps      | 255000      |
| train/                  |             |
|    approx_kl            | 0.015662735 |
|    clip_fraction        | 0.206       |
|    clip_range           | 0.2         |
|    entropy_loss         | -7.23       |
|    explained_variance   | 0.97        |
|    learning_rate        | 0.0003      |
|    loss                 | 0.0926      |
|    n_updates            | 1240        |
|    policy_gradient_loss | -0.0131     |
|    std                  | 0.689       |
|    value_loss           | 0.59        |
-----------------------------------------
New best mean reward!
---------------------------------
| rollout/           |          |
|    ep_len_mean     | 122      |
|    ep_rew_mean     | -30.2    |
|    success_rate    | 0.72     |
| time/              |          |
|    fps             | 911      |
|    iterations      | 125      |
|    time_elapsed    | 280      |
|    total_timesteps | 256000   |
---------------------------------
-----------------------------------------
| rollout/                |             |
|    ep_len_mean          | 110         |
|    ep_rew_mean          | -26.3       |
|    success_rate         | 0.82        |
| time/                   |             |
|    fps                  | 913         |
|    iterations           | 126         |
|    time_elapsed         | 282         |
|    total_timesteps      | 258048      |
| train/                  |             |
|    approx_kl            | 0.018565707 |
|    clip_fraction        | 0.223       |
|    clip_range           | 0.2         |
|    entropy_loss         | -7.22       |
|    explained_variance   | 0.981       |
|    learning_rate        | 0.0003      |
|    loss                 | 0.0544      |
|    n_updates            | 1250        |
|    policy_gradient_loss | -0.0177     |
|    std                  | 0.689       |
|    value_loss           | 0.74        |
-----------------------------------------
Eval num_timesteps=260000, episode_reward=-27.08 +/- 16.19
Episode length: 106.93 +/- 57.46
Success rate: 73.33%
----------------------------------------
| eval/                   |            |
|    mean_ep_length       | 107        |
|    mean_reward          | -27.1      |
|    success_rate         | 0.733      |
| time/                   |            |
|    total_timesteps      | 260000     |
| train/                  |            |
|    approx_kl            | 0.01567502 |
|    clip_fraction        | 0.201      |
|    clip_range           | 0.2        |
|    entropy_loss         | -7.2       |
|    explained_variance   | 0.979      |
|    learning_rate        | 0.0003     |
|    loss                 | 0.092      |
|    n_updates            | 1260       |
|    policy_gradient_loss | -0.0123    |
|    std                  | 0.687      |
|    value_loss           | 0.498      |
----------------------------------------
---------------------------------
| rollout/           |          |
|    ep_len_mean     | 108      |
|    ep_rew_mean     | -25.6    |
|    success_rate    | 0.82     |
| time/              |          |
|    fps             | 911      |
|    iterations      | 127      |
|    time_elapsed    | 285      |
|    total_timesteps | 260096   |
---------------------------------
-----------------------------------------
| rollout/                |             |
|    ep_len_mean          | 105         |
|    ep_rew_mean          | -25         |
|    success_rate         | 0.82        |
| time/                   |             |
|    fps                  | 913         |
|    iterations           | 128         |
|    time_elapsed         | 287         |
|    total_timesteps      | 262144      |
| train/                  |             |
|    approx_kl            | 0.023490489 |
|    clip_fraction        | 0.233       |
|    clip_range           | 0.2         |
|    entropy_loss         | -7.18       |
|    explained_variance   | 0.978       |
|    learning_rate        | 0.0003      |
|    loss                 | 0.158       |
|    n_updates            | 1270        |
|    policy_gradient_loss | -0.0199     |
|    std                  | 0.685       |
|    value_loss           | 0.433       |
-----------------------------------------
----------------------------------------
| rollout/                |            |
|    ep_len_mean          | 96.1       |
|    ep_rew_mean          | -23.3      |
|    success_rate         | 0.88       |
| time/                   |            |
|    fps                  | 915        |
|    iterations           | 129        |
|    time_elapsed         | 288        |
|    total_timesteps      | 264192     |
| train/                  |            |
|    approx_kl            | 0.01491081 |
|    clip_fraction        | 0.228      |
|    clip_range           | 0.2        |
|    entropy_loss         | -7.15      |
|    explained_variance   | 0.978      |
|    learning_rate        | 0.0003     |
|    loss                 | 0.0942     |
|    n_updates            | 1280       |
|    policy_gradient_loss | -0.0143    |
|    std                  | 0.681      |
|    value_loss           | 0.627      |
----------------------------------------
Eval num_timesteps=265000, episode_reward=-28.25 +/- 16.14
Episode length: 113.70 +/- 57.39
Success rate: 70.00%
-----------------------------------------
| eval/                   |             |
|    mean_ep_length       | 114         |
|    mean_reward          | -28.3       |
|    success_rate         | 0.7         |
| time/                   |             |
|    total_timesteps      | 265000      |
| train/                  |             |
|    approx_kl            | 0.025598267 |
|    clip_fraction        | 0.273       |
|    clip_range           | 0.2         |
|    entropy_loss         | -7.11       |
|    explained_variance   | 0.988       |
|    learning_rate        | 0.0003      |
|    loss                 | 0.0664      |
|    n_updates            | 1290        |
|    policy_gradient_loss | -0.021      |
|    std                  | 0.677       |
|    value_loss           | 0.232       |
-----------------------------------------
---------------------------------
| rollout/           |          |
|    ep_len_mean     | 93.6     |
|    ep_rew_mean     | -23.1    |
|    success_rate    | 0.89     |
| time/              |          |
|    fps             | 912      |
|    iterations      | 130      |
|    time_elapsed    | 291      |
|    total_timesteps | 266240   |
---------------------------------
-----------------------------------------
| rollout/                |             |
|    ep_len_mean          | 93.8        |
|    ep_rew_mean          | -23.6       |
|    success_rate         | 0.89        |
| time/                   |             |
|    fps                  | 914         |
|    iterations           | 131         |
|    time_elapsed         | 293         |
|    total_timesteps      | 268288      |
| train/                  |             |
|    approx_kl            | 0.020613547 |
|    clip_fraction        | 0.214       |
|    clip_range           | 0.2         |
|    entropy_loss         | -7.06       |
|    explained_variance   | 0.988       |
|    learning_rate        | 0.0003      |
|    loss                 | 0.0385      |
|    n_updates            | 1300        |
|    policy_gradient_loss | -0.0172     |
|    std                  | 0.672       |
|    value_loss           | 0.246       |
-----------------------------------------
Eval num_timesteps=270000, episode_reward=-27.24 +/- 13.97
Episode length: 106.90 +/- 52.57
Success rate: 73.33%
----------------------------------------
| eval/                   |            |
|    mean_ep_length       | 107        |
|    mean_reward          | -27.2      |
|    success_rate         | 0.733      |
| time/                   |            |
|    total_timesteps      | 270000     |
| train/                  |            |
|    approx_kl            | 0.02459835 |
|    clip_fraction        | 0.214      |
|    clip_range           | 0.2        |
|    entropy_loss         | -7.02      |
|    explained_variance   | 0.969      |
|    learning_rate        | 0.0003     |
|    loss                 | 0.0486     |
|    n_updates            | 1310       |
|    policy_gradient_loss | -0.017     |
|    std                  | 0.67       |
|    value_loss           | 0.414      |
----------------------------------------
---------------------------------
| rollout/           |          |
|    ep_len_mean     | 94.6     |
|    ep_rew_mean     | -24      |
|    success_rate    | 0.87     |
| time/              |          |
|    fps             | 912      |
|    iterations      | 132      |
|    time_elapsed    | 296      |
|    total_timesteps | 270336   |
---------------------------------
----------------------------------------
| rollout/                |            |
|    ep_len_mean          | 89.8       |
|    ep_rew_mean          | -23        |
|    success_rate         | 0.9        |
| time/                   |            |
|    fps                  | 914        |
|    iterations           | 133        |
|    time_elapsed         | 297        |
|    total_timesteps      | 272384     |
| train/                  |            |
|    approx_kl            | 0.02156483 |
|    clip_fraction        | 0.223      |
|    clip_range           | 0.2        |
|    entropy_loss         | -7         |
|    explained_variance   | 0.983      |
|    learning_rate        | 0.0003     |
|    loss                 | 0.189      |
|    n_updates            | 1320       |
|    policy_gradient_loss | -0.0168    |
|    std                  | 0.667      |
|    value_loss           | 0.422      |
----------------------------------------
-----------------------------------------
| rollout/                |             |
|    ep_len_mean          | 91.5        |
|    ep_rew_mean          | -23         |
|    success_rate         | 0.88        |
| time/                   |             |
|    fps                  | 916         |
|    iterations           | 134         |
|    time_elapsed         | 299         |
|    total_timesteps      | 274432      |
| train/                  |             |
|    approx_kl            | 0.019567298 |
|    clip_fraction        | 0.225       |
|    clip_range           | 0.2         |
|    entropy_loss         | -6.95       |
|    explained_variance   | 0.987       |
|    learning_rate        | 0.0003      |
|    loss                 | 0.0606      |
|    n_updates            | 1330        |
|    policy_gradient_loss | -0.0202     |
|    std                  | 0.662       |
|    value_loss           | 0.364       |
-----------------------------------------
Eval num_timesteps=275000, episode_reward=-29.47 +/- 16.09
Episode length: 123.80 +/- 60.24
Success rate: 63.33%
----------------------------------------
| eval/                   |            |
|    mean_ep_length       | 124        |
|    mean_reward          | -29.5      |
|    success_rate         | 0.633      |
| time/                   |            |
|    total_timesteps      | 275000     |
| train/                  |            |
|    approx_kl            | 0.02091383 |
|    clip_fraction        | 0.209      |
|    clip_range           | 0.2        |
|    entropy_loss         | -6.93      |
|    explained_variance   | 0.985      |
|    learning_rate        | 0.0003     |
|    loss                 | 0.0308     |
|    n_updates            | 1340       |
|    policy_gradient_loss | -0.0172    |
|    std                  | 0.663      |
|    value_loss           | 0.268      |
----------------------------------------
---------------------------------
| rollout/           |          |
|    ep_len_mean     | 93       |
|    ep_rew_mean     | -23.8    |
|    success_rate    | 0.86     |
| time/              |          |
|    fps             | 913      |
|    iterations      | 135      |
|    time_elapsed    | 302      |
|    total_timesteps | 276480   |
---------------------------------
-----------------------------------------
| rollout/                |             |
|    ep_len_mean          | 89.7        |
|    ep_rew_mean          | -22.6       |
|    success_rate         | 0.9         |
| time/                   |             |
|    fps                  | 915         |
|    iterations           | 136         |
|    time_elapsed         | 304         |
|    total_timesteps      | 278528      |
| train/                  |             |
|    approx_kl            | 0.018311888 |
|    clip_fraction        | 0.207       |
|    clip_range           | 0.2         |
|    entropy_loss         | -6.91       |
|    explained_variance   | 0.972       |
|    learning_rate        | 0.0003      |
|    loss                 | 0.0834      |
|    n_updates            | 1350        |
|    policy_gradient_loss | -0.0189     |
|    std                  | 0.66        |
|    value_loss           | 0.424       |
-----------------------------------------
Eval num_timesteps=280000, episode_reward=-28.41 +/- 16.28
Episode length: 120.10 +/- 60.95
Success rate: 63.33%
-----------------------------------------
| eval/                   |             |
|    mean_ep_length       | 120         |
|    mean_reward          | -28.4       |
|    success_rate         | 0.633       |
| time/                   |             |
|    total_timesteps      | 280000      |
| train/                  |             |
|    approx_kl            | 0.019545343 |
|    clip_fraction        | 0.234       |
|    clip_range           | 0.2         |
|    entropy_loss         | -6.9        |
|    explained_variance   | 0.979       |
|    learning_rate        | 0.0003      |
|    loss                 | 0.0695      |
|    n_updates            | 1360        |
|    policy_gradient_loss | -0.021      |
|    std                  | 0.659       |
|    value_loss           | 0.501       |
-----------------------------------------
---------------------------------
| rollout/           |          |
|    ep_len_mean     | 90.8     |
|    ep_rew_mean     | -22.9    |
|    success_rate    | 0.89     |
| time/              |          |
|    fps             | 913      |
|    iterations      | 137      |
|    time_elapsed    | 307      |
|    total_timesteps | 280576   |
---------------------------------
-----------------------------------------
| rollout/                |             |
|    ep_len_mean          | 95.5        |
|    ep_rew_mean          | -23.7       |
|    success_rate         | 0.88        |
| time/                   |             |
|    fps                  | 915         |
|    iterations           | 138         |
|    time_elapsed         | 308         |
|    total_timesteps      | 282624      |
| train/                  |             |
|    approx_kl            | 0.015385682 |
|    clip_fraction        | 0.191       |
|    clip_range           | 0.2         |
|    entropy_loss         | -6.9        |
|    explained_variance   | 0.986       |
|    learning_rate        | 0.0003      |
|    loss                 | 0.113       |
|    n_updates            | 1370        |
|    policy_gradient_loss | -0.0166     |
|    std                  | 0.659       |
|    value_loss           | 0.426       |
-----------------------------------------
-----------------------------------------
| rollout/                |             |
|    ep_len_mean          | 94.5        |
|    ep_rew_mean          | -24.1       |
|    success_rate         | 0.9         |
| time/                   |             |
|    fps                  | 917         |
|    iterations           | 139         |
|    time_elapsed         | 310         |
|    total_timesteps      | 284672      |
| train/                  |             |
|    approx_kl            | 0.019747794 |
|    clip_fraction        | 0.211       |
|    clip_range           | 0.2         |
|    entropy_loss         | -6.88       |
|    explained_variance   | 0.98        |
|    learning_rate        | 0.0003      |
|    loss                 | 0.124       |
|    n_updates            | 1380        |
|    policy_gradient_loss | -0.0168     |
|    std                  | 0.657       |
|    value_loss           | 0.446       |
-----------------------------------------
Eval num_timesteps=285000, episode_reward=-29.46 +/- 15.92
Episode length: 127.10 +/- 51.60
Success rate: 66.67%
-----------------------------------------
| eval/                   |             |
|    mean_ep_length       | 127         |
|    mean_reward          | -29.5       |
|    success_rate         | 0.667       |
| time/                   |             |
|    total_timesteps      | 285000      |
| train/                  |             |
|    approx_kl            | 0.019061543 |
|    clip_fraction        | 0.216       |
|    clip_range           | 0.2         |
|    entropy_loss         | -6.86       |
|    explained_variance   | 0.987       |
|    learning_rate        | 0.0003      |
|    loss                 | 0.074       |
|    n_updates            | 1390        |
|    policy_gradient_loss | -0.0169     |
|    std                  | 0.655       |
|    value_loss           | 0.322       |
-----------------------------------------
---------------------------------
| rollout/           |          |
|    ep_len_mean     | 94.8     |
|    ep_rew_mean     | -23.9    |
|    success_rate    | 0.89     |
| time/              |          |
|    fps             | 914      |
|    iterations      | 140      |
|    time_elapsed    | 313      |
|    total_timesteps | 286720   |
---------------------------------
-----------------------------------------
| rollout/                |             |
|    ep_len_mean          | 97.6        |
|    ep_rew_mean          | -24.8       |
|    success_rate         | 0.86        |
| time/                   |             |
|    fps                  | 916         |
|    iterations           | 141         |
|    time_elapsed         | 315         |
|    total_timesteps      | 288768      |
| train/                  |             |
|    approx_kl            | 0.020088254 |
|    clip_fraction        | 0.229       |
|    clip_range           | 0.2         |
|    entropy_loss         | -6.84       |
|    explained_variance   | 0.982       |
|    learning_rate        | 0.0003      |
|    loss                 | 0.0974      |
|    n_updates            | 1400        |
|    policy_gradient_loss | -0.0146     |
|    std                  | 0.654       |
|    value_loss           | 0.47        |
-----------------------------------------
Eval num_timesteps=290000, episode_reward=-28.03 +/- 15.52
Episode length: 125.50 +/- 58.96
Success rate: 63.33%
-----------------------------------------
| eval/                   |             |
|    mean_ep_length       | 126         |
|    mean_reward          | -28         |
|    success_rate         | 0.633       |
| time/                   |             |
|    total_timesteps      | 290000      |
| train/                  |             |
|    approx_kl            | 0.019022902 |
|    clip_fraction        | 0.23        |
|    clip_range           | 0.2         |
|    entropy_loss         | -6.84       |
|    explained_variance   | 0.975       |
|    learning_rate        | 0.0003      |
|    loss                 | 0.143       |
|    n_updates            | 1410        |
|    policy_gradient_loss | -0.0172     |
|    std                  | 0.655       |
|    value_loss           | 0.515       |
-----------------------------------------
---------------------------------
| rollout/           |          |
|    ep_len_mean     | 93.1     |
|    ep_rew_mean     | -23.7    |
|    success_rate    | 0.9      |
| time/              |          |
|    fps             | 913      |
|    iterations      | 142      |
|    time_elapsed    | 318      |
|    total_timesteps | 290816   |
---------------------------------
----------------------------------------
| rollout/                |            |
|    ep_len_mean          | 92         |
|    ep_rew_mean          | -23        |
|    success_rate         | 0.9        |
| time/                   |            |
|    fps                  | 915        |
|    iterations           | 143        |
|    time_elapsed         | 319        |
|    total_timesteps      | 292864     |
| train/                  |            |
|    approx_kl            | 0.01703554 |
|    clip_fraction        | 0.186      |
|    clip_range           | 0.2        |
|    entropy_loss         | -6.85      |
|    explained_variance   | 0.982      |
|    learning_rate        | 0.0003     |
|    loss                 | 0.0811     |
|    n_updates            | 1420       |
|    policy_gradient_loss | -0.0145    |
|    std                  | 0.654      |
|    value_loss           | 0.356      |
----------------------------------------
-----------------------------------------
| rollout/                |             |
|    ep_len_mean          | 89.6        |
|    ep_rew_mean          | -22.2       |
|    success_rate         | 0.91        |
| time/                   |             |
|    fps                  | 917         |
|    iterations           | 144         |
|    time_elapsed         | 321         |
|    total_timesteps      | 294912      |
| train/                  |             |
|    approx_kl            | 0.019543517 |
|    clip_fraction        | 0.244       |
|    clip_range           | 0.2         |
|    entropy_loss         | -6.83       |
|    explained_variance   | 0.989       |
|    learning_rate        | 0.0003      |
|    loss                 | 0.0212      |
|    n_updates            | 1430        |
|    policy_gradient_loss | -0.0137     |
|    std                  | 0.651       |
|    value_loss           | 0.257       |
-----------------------------------------
Eval num_timesteps=295000, episode_reward=-27.60 +/- 17.01
Episode length: 99.53 +/- 51.27
Success rate: 76.67%
-----------------------------------------
| eval/                   |             |
|    mean_ep_length       | 99.5        |
|    mean_reward          | -27.6       |
|    success_rate         | 0.767       |
| time/                   |             |
|    total_timesteps      | 295000      |
| train/                  |             |
|    approx_kl            | 0.018531142 |
|    clip_fraction        | 0.181       |
|    clip_range           | 0.2         |
|    entropy_loss         | -6.82       |
|    explained_variance   | 0.974       |
|    learning_rate        | 0.0003      |
|    loss                 | 0.0808      |
|    n_updates            | 1440        |
|    policy_gradient_loss | -0.0151     |
|    std                  | 0.651       |
|    value_loss           | 0.353       |
-----------------------------------------
---------------------------------
| rollout/           |          |
|    ep_len_mean     | 85.2     |
|    ep_rew_mean     | -21.5    |
|    success_rate    | 0.93     |
| time/              |          |
|    fps             | 914      |
|    iterations      | 145      |
|    time_elapsed    | 324      |
|    total_timesteps | 296960   |
---------------------------------
-----------------------------------------
| rollout/                |             |
|    ep_len_mean          | 81.5        |
|    ep_rew_mean          | -20.9       |
|    success_rate         | 0.96        |
| time/                   |             |
|    fps                  | 916         |
|    iterations           | 146         |
|    time_elapsed         | 326         |
|    total_timesteps      | 299008      |
| train/                  |             |
|    approx_kl            | 0.015417928 |
|    clip_fraction        | 0.212       |
|    clip_range           | 0.2         |
|    entropy_loss         | -6.76       |
|    explained_variance   | 0.994       |
|    learning_rate        | 0.0003      |
|    loss                 | 0.0338      |
|    n_updates            | 1450        |
|    policy_gradient_loss | -0.0129     |
|    std                  | 0.642       |
|    value_loss           | 0.139       |
-----------------------------------------
Eval num_timesteps=300000, episode_reward=-29.44 +/- 16.25
Episode length: 109.20 +/- 55.87
Success rate: 73.33%
-----------------------------------------
| eval/                   |             |
|    mean_ep_length       | 109         |
|    mean_reward          | -29.4       |
|    success_rate         | 0.733       |
| time/                   |             |
|    total_timesteps      | 300000      |
| train/                  |             |
|    approx_kl            | 0.024438802 |
|    clip_fraction        | 0.238       |
|    clip_range           | 0.2         |
|    entropy_loss         | -6.68       |
|    explained_variance   | 0.996       |
|    learning_rate        | 0.0003      |
|    loss                 | -0.00104    |
|    n_updates            | 1460        |
|    policy_gradient_loss | -0.0182     |
|    std                  | 0.638       |
|    value_loss           | 0.114       |
-----------------------------------------
---------------------------------
| rollout/           |          |
|    ep_len_mean     | 82.6     |
|    ep_rew_mean     | -21.2    |
|    success_rate    | 0.95     |
| time/              |          |
|    fps             | 914      |
|    iterations      | 147      |
|    time_elapsed    | 329      |
|    total_timesteps | 301056   |
---------------------------------
-----------------------------------------
| rollout/                |             |
|    ep_len_mean          | 87          |
|    ep_rew_mean          | -22.7       |
|    success_rate         | 0.93        |
| time/                   |             |
|    fps                  | 916         |
|    iterations           | 148         |
|    time_elapsed         | 330         |
|    total_timesteps      | 303104      |
| train/                  |             |
|    approx_kl            | 0.019184986 |
|    clip_fraction        | 0.209       |
|    clip_range           | 0.2         |
|    entropy_loss         | -6.66       |
|    explained_variance   | 0.978       |
|    learning_rate        | 0.0003      |
|    loss                 | 0.0149      |
|    n_updates            | 1470        |
|    policy_gradient_loss | -0.0162     |
|    std                  | 0.637       |
|    value_loss           | 0.288       |
-----------------------------------------
Eval num_timesteps=305000, episode_reward=-25.19 +/- 14.66
Episode length: 97.97 +/- 52.12
Success rate: 80.00%
-----------------------------------------
| eval/                   |             |
|    mean_ep_length       | 98          |
|    mean_reward          | -25.2       |
|    success_rate         | 0.8         |
| time/                   |             |
|    total_timesteps      | 305000      |
| train/                  |             |
|    approx_kl            | 0.018000387 |
|    clip_fraction        | 0.183       |
|    clip_range           | 0.2         |
|    entropy_loss         | -6.66       |
|    explained_variance   | 0.979       |
|    learning_rate        | 0.0003      |
|    loss                 | 0.106       |
|    n_updates            | 1480        |
|    policy_gradient_loss | -0.0178     |
|    std                  | 0.638       |
|    value_loss           | 0.307       |
-----------------------------------------
---------------------------------
| rollout/           |          |
|    ep_len_mean     | 88.7     |
|    ep_rew_mean     | -23      |
|    success_rate    | 0.92     |
| time/              |          |
|    fps             | 914      |
|    iterations      | 149      |
|    time_elapsed    | 333      |
|    total_timesteps | 305152   |
---------------------------------
-----------------------------------------
| rollout/                |             |
|    ep_len_mean          | 88.4        |
|    ep_rew_mean          | -22.8       |
|    success_rate         | 0.92        |
| time/                   |             |
|    fps                  | 915         |
|    iterations           | 150         |
|    time_elapsed         | 335         |
|    total_timesteps      | 307200      |
| train/                  |             |
|    approx_kl            | 0.017590413 |
|    clip_fraction        | 0.228       |
|    clip_range           | 0.2         |
|    entropy_loss         | -6.66       |
|    explained_variance   | 0.985       |
|    learning_rate        | 0.0003      |
|    loss                 | 0.0472      |
|    n_updates            | 1490        |
|    policy_gradient_loss | -0.0177     |
|    std                  | 0.637       |
|    value_loss           | 0.233       |
-----------------------------------------
-----------------------------------------
| rollout/                |             |
|    ep_len_mean          | 85.2        |
|    ep_rew_mean          | -22.2       |
|    success_rate         | 0.93        |
| time/                   |             |
|    fps                  | 917         |
|    iterations           | 151         |
|    time_elapsed         | 337         |
|    total_timesteps      | 309248      |
| train/                  |             |
|    approx_kl            | 0.018980443 |
|    clip_fraction        | 0.231       |
|    clip_range           | 0.2         |
|    entropy_loss         | -6.64       |
|    explained_variance   | 0.987       |
|    learning_rate        | 0.0003      |
|    loss                 | -0.00352    |
|    n_updates            | 1500        |
|    policy_gradient_loss | -0.0107     |
|    std                  | 0.635       |
|    value_loss           | 0.247       |
-----------------------------------------
Eval num_timesteps=310000, episode_reward=-33.30 +/- 18.84
Episode length: 121.63 +/- 60.38
Success rate: 63.33%
-----------------------------------------
| eval/                   |             |
|    mean_ep_length       | 122         |
|    mean_reward          | -33.3       |
|    success_rate         | 0.633       |
| time/                   |             |
|    total_timesteps      | 310000      |
| train/                  |             |
|    approx_kl            | 0.015057292 |
|    clip_fraction        | 0.203       |
|    clip_range           | 0.2         |
|    entropy_loss         | -6.63       |
|    explained_variance   | 0.987       |
|    learning_rate        | 0.0003      |
|    loss                 | 0.032       |
|    n_updates            | 1510        |
|    policy_gradient_loss | -0.0143     |
|    std                  | 0.637       |
|    value_loss           | 0.155       |
-----------------------------------------
---------------------------------
| rollout/           |          |
|    ep_len_mean     | 80.5     |
|    ep_rew_mean     | -21.3    |
|    success_rate    | 0.96     |
| time/              |          |
|    fps             | 914      |
|    iterations      | 152      |
|    time_elapsed    | 340      |
|    total_timesteps | 311296   |
---------------------------------
-----------------------------------------
| rollout/                |             |
|    ep_len_mean          | 78.2        |
|    ep_rew_mean          | -20.8       |
|    success_rate         | 0.98        |
| time/                   |             |
|    fps                  | 916         |
|    iterations           | 153         |
|    time_elapsed         | 341         |
|    total_timesteps      | 313344      |
| train/                  |             |
|    approx_kl            | 0.021212043 |
|    clip_fraction        | 0.209       |
|    clip_range           | 0.2         |
|    entropy_loss         | -6.66       |
|    explained_variance   | 0.982       |
|    learning_rate        | 0.0003      |
|    loss                 | 0.011       |
|    n_updates            | 1520        |
|    policy_gradient_loss | -0.0161     |
|    std                  | 0.639       |
|    value_loss           | 0.165       |
-----------------------------------------
Eval num_timesteps=315000, episode_reward=-29.02 +/- 15.06
Episode length: 110.27 +/- 55.10
Success rate: 73.33%
----------------------------------------
| eval/                   |            |
|    mean_ep_length       | 110        |
|    mean_reward          | -29        |
|    success_rate         | 0.733      |
| time/                   |            |
|    total_timesteps      | 315000     |
| train/                  |            |
|    approx_kl            | 0.01705261 |
|    clip_fraction        | 0.238      |
|    clip_range           | 0.2        |
|    entropy_loss         | -6.67      |
|    explained_variance   | 0.997      |
|    learning_rate        | 0.0003     |
|    loss                 | -0.0243    |
|    n_updates            | 1530       |
|    policy_gradient_loss | -0.0169    |
|    std                  | 0.639      |
|    value_loss           | 0.079      |
----------------------------------------
---------------------------------
| rollout/           |          |
|    ep_len_mean     | 82.8     |
|    ep_rew_mean     | -21.9    |
|    success_rate    | 0.94     |
| time/              |          |
|    fps             | 914      |
|    iterations      | 154      |
|    time_elapsed    | 345      |
|    total_timesteps | 315392   |
---------------------------------
-----------------------------------------
| rollout/                |             |
|    ep_len_mean          | 87.1        |
|    ep_rew_mean          | -22.8       |
|    success_rate         | 0.91        |
| time/                   |             |
|    fps                  | 916         |
|    iterations           | 155         |
|    time_elapsed         | 346         |
|    total_timesteps      | 317440      |
| train/                  |             |
|    approx_kl            | 0.016540727 |
|    clip_fraction        | 0.172       |
|    clip_range           | 0.2         |
|    entropy_loss         | -6.66       |
|    explained_variance   | 0.954       |
|    learning_rate        | 0.0003      |
|    loss                 | 0.0256      |
|    n_updates            | 1540        |
|    policy_gradient_loss | -0.0129     |
|    std                  | 0.637       |
|    value_loss           | 0.3         |
-----------------------------------------
-----------------------------------------
| rollout/                |             |
|    ep_len_mean          | 90.5        |
|    ep_rew_mean          | -23.9       |
|    success_rate         | 0.87        |
| time/                   |             |
|    fps                  | 917         |
|    iterations           | 156         |
|    time_elapsed         | 348         |
|    total_timesteps      | 319488      |
| train/                  |             |
|    approx_kl            | 0.015396841 |
|    clip_fraction        | 0.18        |
|    clip_range           | 0.2         |
|    entropy_loss         | -6.65       |
|    explained_variance   | 0.967       |
|    learning_rate        | 0.0003      |
|    loss                 | 0.0825      |
|    n_updates            | 1550        |
|    policy_gradient_loss | -0.0128     |
|    std                  | 0.638       |
|    value_loss           | 0.4         |
-----------------------------------------
Eval num_timesteps=320000, episode_reward=-25.96 +/- 14.49
Episode length: 102.10 +/- 50.61
Success rate: 80.00%
-----------------------------------------
| eval/                   |             |
|    mean_ep_length       | 102         |
|    mean_reward          | -26         |
|    success_rate         | 0.8         |
| time/                   |             |
|    total_timesteps      | 320000      |
| train/                  |             |
|    approx_kl            | 0.016832374 |
|    clip_fraction        | 0.175       |
|    clip_range           | 0.2         |
|    entropy_loss         | -6.67       |
|    explained_variance   | 0.972       |
|    learning_rate        | 0.0003      |
|    loss                 | 0.152       |
|    n_updates            | 1560        |
|    policy_gradient_loss | -0.0118     |
|    std                  | 0.642       |
|    value_loss           | 0.826       |
-----------------------------------------
---------------------------------
| rollout/           |          |
|    ep_len_mean     | 92.3     |
|    ep_rew_mean     | -24.4    |
|    success_rate    | 0.87     |
| time/              |          |
|    fps             | 915      |
|    iterations      | 157      |
|    time_elapsed    | 351      |
|    total_timesteps | 321536   |
---------------------------------
----------------------------------------
| rollout/                |            |
|    ep_len_mean          | 91.9       |
|    ep_rew_mean          | -24.2      |
|    success_rate         | 0.87       |
| time/                   |            |
|    fps                  | 917        |
|    iterations           | 158        |
|    time_elapsed         | 352        |
|    total_timesteps      | 323584     |
| train/                  |            |
|    approx_kl            | 0.02547285 |
|    clip_fraction        | 0.239      |
|    clip_range           | 0.2        |
|    entropy_loss         | -6.69      |
|    explained_variance   | 0.991      |
|    learning_rate        | 0.0003     |
|    loss                 | 0.018      |
|    n_updates            | 1570       |
|    policy_gradient_loss | -0.0172    |
|    std                  | 0.641      |
|    value_loss           | 0.318      |
----------------------------------------
Eval num_timesteps=325000, episode_reward=-28.06 +/- 16.68
Episode length: 110.57 +/- 59.10
Success rate: 70.00%
-----------------------------------------
| eval/                   |             |
|    mean_ep_length       | 111         |
|    mean_reward          | -28.1       |
|    success_rate         | 0.7         |
| time/                   |             |
|    total_timesteps      | 325000      |
| train/                  |             |
|    approx_kl            | 0.017055519 |
|    clip_fraction        | 0.214       |
|    clip_range           | 0.2         |
|    entropy_loss         | -6.69       |
|    explained_variance   | 0.983       |
|    learning_rate        | 0.0003      |
|    loss                 | 0.291       |
|    n_updates            | 1580        |
|    policy_gradient_loss | -0.013      |
|    std                  | 0.642       |
|    value_loss           | 0.496       |
-----------------------------------------
---------------------------------
| rollout/           |          |
|    ep_len_mean     | 89.3     |
|    ep_rew_mean     | -23.5    |
|    success_rate    | 0.89     |
| time/              |          |
|    fps             | 915      |
|    iterations      | 159      |
|    time_elapsed    | 355      |
|    total_timesteps | 325632   |
---------------------------------
-----------------------------------------
| rollout/                |             |
|    ep_len_mean          | 90.1        |
|    ep_rew_mean          | -23.7       |
|    success_rate         | 0.91        |
| time/                   |             |
|    fps                  | 916         |
|    iterations           | 160         |
|    time_elapsed         | 357         |
|    total_timesteps      | 327680      |
| train/                  |             |
|    approx_kl            | 0.015398984 |
|    clip_fraction        | 0.168       |
|    clip_range           | 0.2         |
|    entropy_loss         | -6.7        |
|    explained_variance   | 0.954       |
|    learning_rate        | 0.0003      |
|    loss                 | 0.0732      |
|    n_updates            | 1590        |
|    policy_gradient_loss | -0.0153     |
|    std                  | 0.644       |
|    value_loss           | 0.702       |
-----------------------------------------
-----------------------------------------
| rollout/                |             |
|    ep_len_mean          | 85          |
|    ep_rew_mean          | -22         |
|    success_rate         | 0.93        |
| time/                   |             |
|    fps                  | 918         |
|    iterations           | 161         |
|    time_elapsed         | 359         |
|    total_timesteps      | 329728      |
| train/                  |             |
|    approx_kl            | 0.028248146 |
|    clip_fraction        | 0.257       |
|    clip_range           | 0.2         |
|    entropy_loss         | -6.71       |
|    explained_variance   | 0.985       |
|    learning_rate        | 0.0003      |
|    loss                 | 0.0767      |
|    n_updates            | 1600        |
|    policy_gradient_loss | -0.0205     |
|    std                  | 0.644       |
|    value_loss           | 0.254       |
-----------------------------------------
Eval num_timesteps=330000, episode_reward=-27.07 +/- 15.58
Episode length: 111.60 +/- 56.54
Success rate: 73.33%
-----------------------------------------
| eval/                   |             |
|    mean_ep_length       | 112         |
|    mean_reward          | -27.1       |
|    success_rate         | 0.733       |
| time/                   |             |
|    total_timesteps      | 330000      |
| train/                  |             |
|    approx_kl            | 0.024561618 |
|    clip_fraction        | 0.274       |
|    clip_range           | 0.2         |
|    entropy_loss         | -6.69       |
|    explained_variance   | 0.976       |
|    learning_rate        | 0.0003      |
|    loss                 | 0.057       |
|    n_updates            | 1610        |
|    policy_gradient_loss | -0.013      |
|    std                  | 0.641       |
|    value_loss           | 0.257       |
-----------------------------------------
---------------------------------
| rollout/           |          |
|    ep_len_mean     | 84.8     |
|    ep_rew_mean     | -22.3    |
|    success_rate    | 0.93     |
| time/              |          |
|    fps             | 915      |
|    iterations      | 162      |
|    time_elapsed    | 362      |
|    total_timesteps | 331776   |
---------------------------------
----------------------------------------
| rollout/                |            |
|    ep_len_mean          | 79.6       |
|    ep_rew_mean          | -21.2      |
|    success_rate         | 0.97       |
| time/                   |            |
|    fps                  | 917        |
|    iterations           | 163        |
|    time_elapsed         | 363        |
|    total_timesteps      | 333824     |
| train/                  |            |
|    approx_kl            | 0.06858166 |
|    clip_fraction        | 0.259      |
|    clip_range           | 0.2        |
|    entropy_loss         | -6.69      |
|    explained_variance   | 0.982      |
|    learning_rate        | 0.0003     |
|    loss                 | 0.0537     |
|    n_updates            | 1620       |
|    policy_gradient_loss | -0.022     |
|    std                  | 0.644      |
|    value_loss           | 0.225      |
----------------------------------------
Eval num_timesteps=335000, episode_reward=-25.17 +/- 13.67
Episode length: 101.47 +/- 50.89
Success rate: 80.00%
-----------------------------------------
| eval/                   |             |
|    mean_ep_length       | 101         |
|    mean_reward          | -25.2       |
|    success_rate         | 0.8         |
| time/                   |             |
|    total_timesteps      | 335000      |
| train/                  |             |
|    approx_kl            | 0.020717598 |
|    clip_fraction        | 0.255       |
|    clip_range           | 0.2         |
|    entropy_loss         | -6.65       |
|    explained_variance   | 0.994       |
|    learning_rate        | 0.0003      |
|    loss                 | -0.00835    |
|    n_updates            | 1630        |
|    policy_gradient_loss | -0.016      |
|    std                  | 0.637       |
|    value_loss           | 0.126       |
-----------------------------------------
---------------------------------
| rollout/           |          |
|    ep_len_mean     | 77.9     |
|    ep_rew_mean     | -20.6    |
|    success_rate    | 0.97     |
| time/              |          |
|    fps             | 914      |
|    iterations      | 164      |
|    time_elapsed    | 367      |
|    total_timesteps | 335872   |
---------------------------------
-----------------------------------------
| rollout/                |             |
|    ep_len_mean          | 79.9        |
|    ep_rew_mean          | -21.4       |
|    success_rate         | 0.96        |
| time/                   |             |
|    fps                  | 916         |
|    iterations           | 165         |
|    time_elapsed         | 368         |
|    total_timesteps      | 337920      |
| train/                  |             |
|    approx_kl            | 0.024410155 |
|    clip_fraction        | 0.23        |
|    clip_range           | 0.2         |
|    entropy_loss         | -6.6        |
|    explained_variance   | 0.958       |
|    learning_rate        | 0.0003      |
|    loss                 | 0.0391      |
|    n_updates            | 1640        |
|    policy_gradient_loss | -0.0159     |
|    std                  | 0.634       |
|    value_loss           | 0.345       |
-----------------------------------------
-----------------------------------------
| rollout/                |             |
|    ep_len_mean          | 85.1        |
|    ep_rew_mean          | -22.7       |
|    success_rate         | 0.92        |
| time/                   |             |
|    fps                  | 918         |
|    iterations           | 166         |
|    time_elapsed         | 370         |
|    total_timesteps      | 339968      |
| train/                  |             |
|    approx_kl            | 0.018803537 |
|    clip_fraction        | 0.194       |
|    clip_range           | 0.2         |
|    entropy_loss         | -6.61       |
|    explained_variance   | 0.955       |
|    learning_rate        | 0.0003      |
|    loss                 | 0.0172      |
|    n_updates            | 1650        |
|    policy_gradient_loss | -0.014      |
|    std                  | 0.636       |
|    value_loss           | 0.311       |
-----------------------------------------
Eval num_timesteps=340000, episode_reward=-25.92 +/- 15.19
Episode length: 97.80 +/- 48.46
Success rate: 80.00%
-----------------------------------------
| eval/                   |             |
|    mean_ep_length       | 97.8        |
|    mean_reward          | -25.9       |
|    success_rate         | 0.8         |
| time/                   |             |
|    total_timesteps      | 340000      |
| train/                  |             |
|    approx_kl            | 0.018518046 |
|    clip_fraction        | 0.203       |
|    clip_range           | 0.2         |
|    entropy_loss         | -6.63       |
|    explained_variance   | 0.957       |
|    learning_rate        | 0.0003      |
|    loss                 | 0.0868      |
|    n_updates            | 1660        |
|    policy_gradient_loss | -0.0161     |
|    std                  | 0.638       |
|    value_loss           | 0.687       |
-----------------------------------------
---------------------------------
| rollout/           |          |
|    ep_len_mean     | 88.8     |
|    ep_rew_mean     | -23.7    |
|    success_rate    | 0.89     |
| time/              |          |
|    fps             | 916      |
|    iterations      | 167      |
|    time_elapsed    | 373      |
|    total_timesteps | 342016   |
---------------------------------
----------------------------------------
| rollout/                |            |
|    ep_len_mean          | 87.7       |
|    ep_rew_mean          | -23.8      |
|    success_rate         | 0.89       |
| time/                   |            |
|    fps                  | 917        |
|    iterations           | 168        |
|    time_elapsed         | 374        |
|    total_timesteps      | 344064     |
| train/                  |            |
|    approx_kl            | 0.02029298 |
|    clip_fraction        | 0.207      |
|    clip_range           | 0.2        |
|    entropy_loss         | -6.64      |
|    explained_variance   | 0.961      |
|    learning_rate        | 0.0003     |
|    loss                 | 0.47       |
|    n_updates            | 1670       |
|    policy_gradient_loss | -0.016     |
|    std                  | 0.638      |
|    value_loss           | 0.994      |
----------------------------------------
Eval num_timesteps=345000, episode_reward=-32.10 +/- 18.34
Episode length: 125.50 +/- 65.60
Success rate: 56.67%
-----------------------------------------
| eval/                   |             |
|    mean_ep_length       | 126         |
|    mean_reward          | -32.1       |
|    success_rate         | 0.567       |
| time/                   |             |
|    total_timesteps      | 345000      |
| train/                  |             |
|    approx_kl            | 0.021816734 |
|    clip_fraction        | 0.241       |
|    clip_range           | 0.2         |
|    entropy_loss         | -6.63       |
|    explained_variance   | 0.981       |
|    learning_rate        | 0.0003      |
|    loss                 | 0.177       |
|    n_updates            | 1680        |
|    policy_gradient_loss | -0.0184     |
|    std                  | 0.637       |
|    value_loss           | 0.765       |
-----------------------------------------
---------------------------------
| rollout/           |          |
|    ep_len_mean     | 89.7     |
|    ep_rew_mean     | -24.1    |
|    success_rate    | 0.88     |
| time/              |          |
|    fps             | 915      |
|    iterations      | 169      |
|    time_elapsed    | 378      |
|    total_timesteps | 346112   |
---------------------------------
----------------------------------------
| rollout/                |            |
|    ep_len_mean          | 87.3       |
|    ep_rew_mean          | -23.4      |
|    success_rate         | 0.89       |
| time/                   |            |
|    fps                  | 916        |
|    iterations           | 170        |
|    time_elapsed         | 379        |
|    total_timesteps      | 348160     |
| train/                  |            |
|    approx_kl            | 0.02358744 |
|    clip_fraction        | 0.217      |
|    clip_range           | 0.2        |
|    entropy_loss         | -6.64      |
|    explained_variance   | 0.979      |
|    learning_rate        | 0.0003     |
|    loss                 | 0.141      |
|    n_updates            | 1690       |
|    policy_gradient_loss | -0.0139    |
|    std                  | 0.637      |
|    value_loss           | 0.697      |
----------------------------------------
Eval num_timesteps=350000, episode_reward=-32.21 +/- 18.45
Episode length: 128.13 +/- 63.24
Success rate: 56.67%
-----------------------------------------
| eval/                   |             |
|    mean_ep_length       | 128         |
|    mean_reward          | -32.2       |
|    success_rate         | 0.567       |
| time/                   |             |
|    total_timesteps      | 350000      |
| train/                  |             |
|    approx_kl            | 0.017215364 |
|    clip_fraction        | 0.206       |
|    clip_range           | 0.2         |
|    entropy_loss         | -6.63       |
|    explained_variance   | 0.943       |
|    learning_rate        | 0.0003      |
|    loss                 | 0.141       |
|    n_updates            | 1700        |
|    policy_gradient_loss | -0.0141     |
|    std                  | 0.637       |
|    value_loss           | 1.07        |
-----------------------------------------
---------------------------------
| rollout/           |          |
|    ep_len_mean     | 82.9     |
|    ep_rew_mean     | -21.8    |
|    success_rate    | 0.93     |
| time/              |          |
|    fps             | 914      |
|    iterations      | 171      |
|    time_elapsed    | 383      |
|    total_timesteps | 350208   |
---------------------------------
-----------------------------------------
| rollout/                |             |
|    ep_len_mean          | 84.2        |
|    ep_rew_mean          | -22.2       |
|    success_rate         | 0.91        |
| time/                   |             |
|    fps                  | 915         |
|    iterations           | 172         |
|    time_elapsed         | 384         |
|    total_timesteps      | 352256      |
| train/                  |             |
|    approx_kl            | 0.019994427 |
|    clip_fraction        | 0.235       |
|    clip_range           | 0.2         |
|    entropy_loss         | -6.6        |
|    explained_variance   | 0.982       |
|    learning_rate        | 0.0003      |
|    loss                 | 0.138       |
|    n_updates            | 1710        |
|    policy_gradient_loss | -0.00938    |
|    std                  | 0.632       |
|    value_loss           | 0.388       |
-----------------------------------------
----------------------------------------
| rollout/                |            |
|    ep_len_mean          | 85.2       |
|    ep_rew_mean          | -22.1      |
|    success_rate         | 0.9        |
| time/                   |            |
|    fps                  | 917        |
|    iterations           | 173        |
|    time_elapsed         | 386        |
|    total_timesteps      | 354304     |
| train/                  |            |
|    approx_kl            | 0.01935758 |
|    clip_fraction        | 0.22       |
|    clip_range           | 0.2        |
|    entropy_loss         | -6.57      |
|    explained_variance   | 0.96       |
|    learning_rate        | 0.0003     |
|    loss                 | 0.212      |
|    n_updates            | 1720       |
|    policy_gradient_loss | -0.0137    |
|    std                  | 0.631      |
|    value_loss           | 0.666      |
----------------------------------------
Eval num_timesteps=355000, episode_reward=-25.84 +/- 14.38
Episode length: 90.00 +/- 38.65
Success rate: 83.33%
-----------------------------------------
| eval/                   |             |
|    mean_ep_length       | 90          |
|    mean_reward          | -25.8       |
|    success_rate         | 0.833       |
| time/                   |             |
|    total_timesteps      | 355000      |
| train/                  |             |
|    approx_kl            | 0.016820557 |
|    clip_fraction        | 0.199       |
|    clip_range           | 0.2         |
|    entropy_loss         | -6.59       |
|    explained_variance   | 0.968       |
|    learning_rate        | 0.0003      |
|    loss                 | 0.303       |
|    n_updates            | 1730        |
|    policy_gradient_loss | -0.0138     |
|    std                  | 0.635       |
|    value_loss           | 0.697       |
-----------------------------------------
---------------------------------
| rollout/           |          |
|    ep_len_mean     | 89.1     |
|    ep_rew_mean     | -23.7    |
|    success_rate    | 0.87     |
| time/              |          |
|    fps             | 915      |
|    iterations      | 174      |
|    time_elapsed    | 389      |
|    total_timesteps | 356352   |
---------------------------------
-----------------------------------------
| rollout/                |             |
|    ep_len_mean          | 92.3        |
|    ep_rew_mean          | -24.8       |
|    success_rate         | 0.85        |
| time/                   |             |
|    fps                  | 917         |
|    iterations           | 175         |
|    time_elapsed         | 390         |
|    total_timesteps      | 358400      |
| train/                  |             |
|    approx_kl            | 0.019054428 |
|    clip_fraction        | 0.215       |
|    clip_range           | 0.2         |
|    entropy_loss         | -6.59       |
|    explained_variance   | 0.967       |
|    learning_rate        | 0.0003      |
|    loss                 | 0.371       |
|    n_updates            | 1740        |
|    policy_gradient_loss | -0.0176     |
|    std                  | 0.631       |
|    value_loss           | 0.824       |
-----------------------------------------
Eval num_timesteps=360000, episode_reward=-27.90 +/- 15.72
Episode length: 105.63 +/- 51.94
Success rate: 76.67%
-----------------------------------------
| eval/                   |             |
|    mean_ep_length       | 106         |
|    mean_reward          | -27.9       |
|    success_rate         | 0.767       |
| time/                   |             |
|    total_timesteps      | 360000      |
| train/                  |             |
|    approx_kl            | 0.019606434 |
|    clip_fraction        | 0.212       |
|    clip_range           | 0.2         |
|    entropy_loss         | -6.57       |
|    explained_variance   | 0.966       |
|    learning_rate        | 0.0003      |
|    loss                 | 0.43        |
|    n_updates            | 1750        |
|    policy_gradient_loss | -0.0206     |
|    std                  | 0.631       |
|    value_loss           | 0.751       |
-----------------------------------------
---------------------------------
| rollout/           |          |
|    ep_len_mean     | 95.1     |
|    ep_rew_mean     | -25.5    |
|    success_rate    | 0.83     |
| time/              |          |
|    fps             | 915      |
|    iterations      | 176      |
|    time_elapsed    | 393      |
|    total_timesteps | 360448   |
---------------------------------
-----------------------------------------
| rollout/                |             |
|    ep_len_mean          | 94.1        |
|    ep_rew_mean          | -25.2       |
|    success_rate         | 0.84        |
| time/                   |             |
|    fps                  | 917         |
|    iterations           | 177         |
|    time_elapsed         | 395         |
|    total_timesteps      | 362496      |
| train/                  |             |
|    approx_kl            | 0.022035258 |
|    clip_fraction        | 0.208       |
|    clip_range           | 0.2         |
|    entropy_loss         | -6.58       |
|    explained_variance   | 0.982       |
|    learning_rate        | 0.0003      |
|    loss                 | 0.0765      |
|    n_updates            | 1760        |
|    policy_gradient_loss | -0.0118     |
|    std                  | 0.632       |
|    value_loss           | 0.509       |
-----------------------------------------
-----------------------------------------
| rollout/                |             |
|    ep_len_mean          | 84.5        |
|    ep_rew_mean          | -22.2       |
|    success_rate         | 0.92        |
| time/                   |             |
|    fps                  | 918         |
|    iterations           | 178         |
|    time_elapsed         | 396         |
|    total_timesteps      | 364544      |
| train/                  |             |
|    approx_kl            | 0.018458763 |
|    clip_fraction        | 0.204       |
|    clip_range           | 0.2         |
|    entropy_loss         | -6.59       |
|    explained_variance   | 0.963       |
|    learning_rate        | 0.0003      |
|    loss                 | 0.155       |
|    n_updates            | 1770        |
|    policy_gradient_loss | -0.011      |
|    std                  | 0.632       |
|    value_loss           | 0.953       |
-----------------------------------------
Eval num_timesteps=365000, episode_reward=-24.77 +/- 15.29
Episode length: 97.63 +/- 46.87
Success rate: 83.33%
-----------------------------------------
| eval/                   |             |
|    mean_ep_length       | 97.6        |
|    mean_reward          | -24.8       |
|    success_rate         | 0.833       |
| time/                   |             |
|    total_timesteps      | 365000      |
| train/                  |             |
|    approx_kl            | 0.023673909 |
|    clip_fraction        | 0.285       |
|    clip_range           | 0.2         |
|    entropy_loss         | -6.59       |
|    explained_variance   | 0.99        |
|    learning_rate        | 0.0003      |
|    loss                 | 0.0268      |
|    n_updates            | 1780        |
|    policy_gradient_loss | -0.0173     |
|    std                  | 0.631       |
|    value_loss           | 0.172       |
-----------------------------------------
---------------------------------
| rollout/           |          |
|    ep_len_mean     | 79.1     |
|    ep_rew_mean     | -20.4    |
|    success_rate    | 0.95     |
| time/              |          |
|    fps             | 916      |
|    iterations      | 179      |
|    time_elapsed    | 399      |
|    total_timesteps | 366592   |
---------------------------------
-----------------------------------------
| rollout/                |             |
|    ep_len_mean          | 79          |
|    ep_rew_mean          | -20.3       |
|    success_rate         | 0.95        |
| time/                   |             |
|    fps                  | 917         |
|    iterations           | 180         |
|    time_elapsed         | 401         |
|    total_timesteps      | 368640      |
| train/                  |             |
|    approx_kl            | 0.024328753 |
|    clip_fraction        | 0.27        |
|    clip_range           | 0.2         |
|    entropy_loss         | -6.56       |
|    explained_variance   | 0.99        |
|    learning_rate        | 0.0003      |
|    loss                 | 0.071       |
|    n_updates            | 1790        |
|    policy_gradient_loss | -0.0138     |
|    std                  | 0.629       |
|    value_loss           | 0.41        |
-----------------------------------------
Eval num_timesteps=370000, episode_reward=-23.88 +/- 13.71
Episode length: 86.13 +/- 33.42
Success rate: 93.33%
----------------------------------------
| eval/                   |            |
|    mean_ep_length       | 86.1       |
|    mean_reward          | -23.9      |
|    success_rate         | 0.933      |
| time/                   |            |
|    total_timesteps      | 370000     |
| train/                  |            |
|    approx_kl            | 0.02401676 |
|    clip_fraction        | 0.25       |
|    clip_range           | 0.2        |
|    entropy_loss         | -6.51      |
|    explained_variance   | 0.972      |
|    learning_rate        | 0.0003     |
|    loss                 | 0.0669     |
|    n_updates            | 1800       |
|    policy_gradient_loss | -0.0157    |
|    std                  | 0.623      |
|    value_loss           | 0.257      |
----------------------------------------
New best mean reward!
---------------------------------
| rollout/           |          |
|    ep_len_mean     | 78.8     |
|    ep_rew_mean     | -20.7    |
|    success_rate    | 0.95     |
| time/              |          |
|    fps             | 916      |
|    iterations      | 181      |
|    time_elapsed    | 404      |
|    total_timesteps | 370688   |
---------------------------------
-----------------------------------------
| rollout/                |             |
|    ep_len_mean          | 84.1        |
|    ep_rew_mean          | -22.3       |
|    success_rate         | 0.92        |
| time/                   |             |
|    fps                  | 917         |
|    iterations           | 182         |
|    time_elapsed         | 406         |
|    total_timesteps      | 372736      |
| train/                  |             |
|    approx_kl            | 0.020536501 |
|    clip_fraction        | 0.236       |
|    clip_range           | 0.2         |
|    entropy_loss         | -6.46       |
|    explained_variance   | 0.975       |
|    learning_rate        | 0.0003      |
|    loss                 | 0.0989      |
|    n_updates            | 1810        |
|    policy_gradient_loss | -0.0188     |
|    std                  | 0.621       |
|    value_loss           | 0.415       |
-----------------------------------------
-----------------------------------------
| rollout/                |             |
|    ep_len_mean          | 85.3        |
|    ep_rew_mean          | -22.6       |
|    success_rate         | 0.92        |
| time/                   |             |
|    fps                  | 919         |
|    iterations           | 183         |
|    time_elapsed         | 407         |
|    total_timesteps      | 374784      |
| train/                  |             |
|    approx_kl            | 0.017878504 |
|    clip_fraction        | 0.194       |
|    clip_range           | 0.2         |
|    entropy_loss         | -6.45       |
|    explained_variance   | 0.977       |
|    learning_rate        | 0.0003      |
|    loss                 | 0.0701      |
|    n_updates            | 1820        |
|    policy_gradient_loss | -0.00965    |
|    std                  | 0.621       |
|    value_loss           | 0.314       |
-----------------------------------------
Eval num_timesteps=375000, episode_reward=-23.79 +/- 15.47
Episode length: 98.17 +/- 51.54
Success rate: 80.00%
-----------------------------------------
| eval/                   |             |
|    mean_ep_length       | 98.2        |
|    mean_reward          | -23.8       |
|    success_rate         | 0.8         |
| time/                   |             |
|    total_timesteps      | 375000      |
| train/                  |             |
|    approx_kl            | 0.024389103 |
|    clip_fraction        | 0.251       |
|    clip_range           | 0.2         |
|    entropy_loss         | -6.46       |
|    explained_variance   | 0.988       |
|    learning_rate        | 0.0003      |
|    loss                 | 0.0287      |
|    n_updates            | 1830        |
|    policy_gradient_loss | -0.0132     |
|    std                  | 0.622       |
|    value_loss           | 0.219       |
-----------------------------------------
New best mean reward!
---------------------------------
| rollout/           |          |
|    ep_len_mean     | 85.4     |
|    ep_rew_mean     | -22.8    |
|    success_rate    | 0.92     |
| time/              |          |
|    fps             | 917      |
|    iterations      | 184      |
|    time_elapsed    | 410      |
|    total_timesteps | 376832   |
---------------------------------
----------------------------------------
| rollout/                |            |
|    ep_len_mean          | 87.9       |
|    ep_rew_mean          | -23.2      |
|    success_rate         | 0.9        |
| time/                   |            |
|    fps                  | 918        |
|    iterations           | 185        |
|    time_elapsed         | 412        |
|    total_timesteps      | 378880     |
| train/                  |            |
|    approx_kl            | 0.02263949 |
|    clip_fraction        | 0.236      |
|    clip_range           | 0.2        |
|    entropy_loss         | -6.48      |
|    explained_variance   | 0.985      |
|    learning_rate        | 0.0003     |
|    loss                 | 0.0251     |
|    n_updates            | 1840       |
|    policy_gradient_loss | -0.0185    |
|    std                  | 0.624      |
|    value_loss           | 0.413      |
----------------------------------------
Eval num_timesteps=380000, episode_reward=-20.99 +/- 10.53
Episode length: 78.97 +/- 33.58
Success rate: 90.00%
-----------------------------------------
| eval/                   |             |
|    mean_ep_length       | 79          |
|    mean_reward          | -21         |
|    success_rate         | 0.9         |
| time/                   |             |
|    total_timesteps      | 380000      |
| train/                  |             |
|    approx_kl            | 0.020307776 |
|    clip_fraction        | 0.204       |
|    clip_range           | 0.2         |
|    entropy_loss         | -6.47       |
|    explained_variance   | 0.945       |
|    learning_rate        | 0.0003      |
|    loss                 | 0.15        |
|    n_updates            | 1850        |
|    policy_gradient_loss | -0.0182     |
|    std                  | 0.622       |
|    value_loss           | 0.912       |
-----------------------------------------
New best mean reward!
---------------------------------
| rollout/           |          |
|    ep_len_mean     | 84.3     |
|    ep_rew_mean     | -22.5    |
|    success_rate    | 0.91     |
| time/              |          |
|    fps             | 917      |
|    iterations      | 186      |
|    time_elapsed    | 415      |
|    total_timesteps | 380928   |
---------------------------------
-----------------------------------------
| rollout/                |             |
|    ep_len_mean          | 81.9        |
|    ep_rew_mean          | -22.5       |
|    success_rate         | 0.93        |
| time/                   |             |
|    fps                  | 918         |
|    iterations           | 187         |
|    time_elapsed         | 416         |
|    total_timesteps      | 382976      |
| train/                  |             |
|    approx_kl            | 0.018591307 |
|    clip_fraction        | 0.251       |
|    clip_range           | 0.2         |
|    entropy_loss         | -6.46       |
|    explained_variance   | 0.977       |
|    learning_rate        | 0.0003      |
|    loss                 | 0.226       |
|    n_updates            | 1860        |
|    policy_gradient_loss | -0.0183     |
|    std                  | 0.62        |
|    value_loss           | 0.765       |
-----------------------------------------
Eval num_timesteps=385000, episode_reward=-25.78 +/- 12.12
Episode length: 96.87 +/- 47.22
Success rate: 83.33%
-----------------------------------------
| eval/                   |             |
|    mean_ep_length       | 96.9        |
|    mean_reward          | -25.8       |
|    success_rate         | 0.833       |
| time/                   |             |
|    total_timesteps      | 385000      |
| train/                  |             |
|    approx_kl            | 0.020930015 |
|    clip_fraction        | 0.267       |
|    clip_range           | 0.2         |
|    entropy_loss         | -6.45       |
|    explained_variance   | 0.993       |
|    learning_rate        | 0.0003      |
|    loss                 | 0.0046      |
|    n_updates            | 1870        |
|    policy_gradient_loss | -0.0115     |
|    std                  | 0.621       |
|    value_loss           | 0.137       |
-----------------------------------------
---------------------------------
| rollout/           |          |
|    ep_len_mean     | 79.9     |
|    ep_rew_mean     | -21.4    |
|    success_rate    | 0.94     |
| time/              |          |
|    fps             | 916      |
|    iterations      | 188      |
|    time_elapsed    | 420      |
|    total_timesteps | 385024   |
---------------------------------
-----------------------------------------
| rollout/                |             |
|    ep_len_mean          | 78.9        |
|    ep_rew_mean          | -21.4       |
|    success_rate         | 0.96        |
| time/                   |             |
|    fps                  | 917         |
|    iterations           | 189         |
|    time_elapsed         | 421         |
|    total_timesteps      | 387072      |
| train/                  |             |
|    approx_kl            | 0.022315526 |
|    clip_fraction        | 0.237       |
|    clip_range           | 0.2         |
|    entropy_loss         | -6.44       |
|    explained_variance   | 0.992       |
|    learning_rate        | 0.0003      |
|    loss                 | -0.0181     |
|    n_updates            | 1880        |
|    policy_gradient_loss | -0.0149     |
|    std                  | 0.619       |
|    value_loss           | 0.136       |
-----------------------------------------
-----------------------------------------
| rollout/                |             |
|    ep_len_mean          | 79          |
|    ep_rew_mean          | -21.2       |
|    success_rate         | 0.96        |
| time/                   |             |
|    fps                  | 919         |
|    iterations           | 190         |
|    time_elapsed         | 423         |
|    total_timesteps      | 389120      |
| train/                  |             |
|    approx_kl            | 0.019947043 |
|    clip_fraction        | 0.222       |
|    clip_range           | 0.2         |
|    entropy_loss         | -6.42       |
|    explained_variance   | 0.963       |
|    learning_rate        | 0.0003      |
|    loss                 | 0.0196      |
|    n_updates            | 1890        |
|    policy_gradient_loss | -0.015      |
|    std                  | 0.616       |
|    value_loss           | 0.196       |
-----------------------------------------
Eval num_timesteps=390000, episode_reward=-34.26 +/- 19.24
Episode length: 125.80 +/- 61.00
Success rate: 60.00%
-----------------------------------------
| eval/                   |             |
|    mean_ep_length       | 126         |
|    mean_reward          | -34.3       |
|    success_rate         | 0.6         |
| time/                   |             |
|    total_timesteps      | 390000      |
| train/                  |             |
|    approx_kl            | 0.023264129 |
|    clip_fraction        | 0.211       |
|    clip_range           | 0.2         |
|    entropy_loss         | -6.41       |
|    explained_variance   | 0.977       |
|    learning_rate        | 0.0003      |
|    loss                 | 0.178       |
|    n_updates            | 1900        |
|    policy_gradient_loss | -0.0165     |
|    std                  | 0.617       |
|    value_loss           | 0.353       |
-----------------------------------------
---------------------------------
| rollout/           |          |
|    ep_len_mean     | 79.8     |
|    ep_rew_mean     | -21.1    |
|    success_rate    | 0.94     |
| time/              |          |
|    fps             | 916      |
|    iterations      | 191      |
|    time_elapsed    | 426      |
|    total_timesteps | 391168   |
---------------------------------
-----------------------------------------
| rollout/                |             |
|    ep_len_mean          | 80.7        |
|    ep_rew_mean          | -21.6       |
|    success_rate         | 0.94        |
| time/                   |             |
|    fps                  | 918         |
|    iterations           | 192         |
|    time_elapsed         | 428         |
|    total_timesteps      | 393216      |
| train/                  |             |
|    approx_kl            | 0.021782745 |
|    clip_fraction        | 0.252       |
|    clip_range           | 0.2         |
|    entropy_loss         | -6.39       |
|    explained_variance   | 0.984       |
|    learning_rate        | 0.0003      |
|    loss                 | 0.0699      |
|    n_updates            | 1910        |
|    policy_gradient_loss | -0.016      |
|    std                  | 0.615       |
|    value_loss           | 0.676       |
-----------------------------------------
Eval num_timesteps=395000, episode_reward=-41.09 +/- 21.10
Episode length: 146.57 +/- 61.34
Success rate: 43.33%
-----------------------------------------
| eval/                   |             |
|    mean_ep_length       | 147         |
|    mean_reward          | -41.1       |
|    success_rate         | 0.433       |
| time/                   |             |
|    total_timesteps      | 395000      |
| train/                  |             |
|    approx_kl            | 0.046104938 |
|    clip_fraction        | 0.259       |
|    clip_range           | 0.2         |
|    entropy_loss         | -6.38       |
|    explained_variance   | 0.968       |
|    learning_rate        | 0.0003      |
|    loss                 | 0.0149      |
|    n_updates            | 1920        |
|    policy_gradient_loss | -0.0204     |
|    std                  | 0.613       |
|    value_loss           | 0.172       |
-----------------------------------------
---------------------------------
| rollout/           |          |
|    ep_len_mean     | 82.2     |
|    ep_rew_mean     | -21.5    |
|    success_rate    | 0.93     |
| time/              |          |
|    fps             | 915      |
|    iterations      | 193      |
|    time_elapsed    | 431      |
|    total_timesteps | 395264   |
---------------------------------
-----------------------------------------
| rollout/                |             |
|    ep_len_mean          | 83.2        |
|    ep_rew_mean          | -21.9       |
|    success_rate         | 0.92        |
| time/                   |             |
|    fps                  | 916         |
|    iterations           | 194         |
|    time_elapsed         | 433         |
|    total_timesteps      | 397312      |
| train/                  |             |
|    approx_kl            | 0.020397142 |
|    clip_fraction        | 0.23        |
|    clip_range           | 0.2         |
|    entropy_loss         | -6.36       |
|    explained_variance   | 0.968       |
|    learning_rate        | 0.0003      |
|    loss                 | -0.00807    |
|    n_updates            | 1930        |
|    policy_gradient_loss | -0.0156     |
|    std                  | 0.611       |
|    value_loss           | 0.242       |
-----------------------------------------
---------------------------------------
| rollout/                |           |
|    ep_len_mean          | 86.2      |
|    ep_rew_mean          | -23.7     |
|    success_rate         | 0.9       |
| time/                   |           |
|    fps                  | 918       |
|    iterations           | 195       |
|    time_elapsed         | 434       |
|    total_timesteps      | 399360    |
| train/                  |           |
|    approx_kl            | 0.0163946 |
|    clip_fraction        | 0.198     |
|    clip_range           | 0.2       |
|    entropy_loss         | -6.36     |
|    explained_variance   | 0.974     |
|    learning_rate        | 0.0003    |
|    loss                 | 0.0418    |
|    n_updates            | 1940      |
|    policy_gradient_loss | -0.0171   |
|    std                  | 0.614     |
|    value_loss           | 0.296     |
---------------------------------------
Eval num_timesteps=400000, episode_reward=-29.95 +/- 18.14
Episode length: 108.03 +/- 52.08
Success rate: 73.33%
-----------------------------------------
| eval/                   |             |
|    mean_ep_length       | 108         |
|    mean_reward          | -30         |
|    success_rate         | 0.733       |
| time/                   |             |
|    total_timesteps      | 400000      |
| train/                  |             |
|    approx_kl            | 0.020094533 |
|    clip_fraction        | 0.192       |
|    clip_range           | 0.2         |
|    entropy_loss         | -6.37       |
|    explained_variance   | 0.905       |
|    learning_rate        | 0.0003      |
|    loss                 | 0.212       |
|    n_updates            | 1950        |
|    policy_gradient_loss | -0.0167     |
|    std                  | 0.611       |
|    value_loss           | 1.06        |
-----------------------------------------
---------------------------------
| rollout/           |          |
|    ep_len_mean     | 91.2     |
|    ep_rew_mean     | -25.7    |
|    success_rate    | 0.86     |
| time/              |          |
|    fps             | 916      |
|    iterations      | 196      |
|    time_elapsed    | 437      |
|    total_timesteps | 401408   |
---------------------------------
-----------------------------------------
| rollout/                |             |
|    ep_len_mean          | 96.2        |
|    ep_rew_mean          | -27.4       |
|    success_rate         | 0.82        |
| time/                   |             |
|    fps                  | 918         |
|    iterations           | 197         |
|    time_elapsed         | 439         |
|    total_timesteps      | 403456      |
| train/                  |             |
|    approx_kl            | 0.015486722 |
|    clip_fraction        | 0.199       |
|    clip_range           | 0.2         |
|    entropy_loss         | -6.35       |
|    explained_variance   | 0.93        |
|    learning_rate        | 0.0003      |
|    loss                 | 0.376       |
|    n_updates            | 1960        |
|    policy_gradient_loss | -0.0162     |
|    std                  | 0.61        |
|    value_loss           | 1.69        |
-----------------------------------------
Eval num_timesteps=405000, episode_reward=-30.74 +/- 17.89
Episode length: 122.70 +/- 59.17
Success rate: 63.33%
-----------------------------------------
| eval/                   |             |
|    mean_ep_length       | 123         |
|    mean_reward          | -30.7       |
|    success_rate         | 0.633       |
| time/                   |             |
|    total_timesteps      | 405000      |
| train/                  |             |
|    approx_kl            | 0.017390301 |
|    clip_fraction        | 0.198       |
|    clip_range           | 0.2         |
|    entropy_loss         | -6.33       |
|    explained_variance   | 0.935       |
|    learning_rate        | 0.0003      |
|    loss                 | 0.298       |
|    n_updates            | 1970        |
|    policy_gradient_loss | -0.0213     |
|    std                  | 0.608       |
|    value_loss           | 2.24        |
-----------------------------------------
---------------------------------
| rollout/           |          |
|    ep_len_mean     | 97.9     |
|    ep_rew_mean     | -28.4    |
|    success_rate    | 0.8      |
| time/              |          |
|    fps             | 916      |
|    iterations      | 198      |
|    time_elapsed    | 442      |
|    total_timesteps | 405504   |
---------------------------------
-----------------------------------------
| rollout/                |             |
|    ep_len_mean          | 98          |
|    ep_rew_mean          | -28.4       |
|    success_rate         | 0.8         |
| time/                   |             |
|    fps                  | 917         |
|    iterations           | 199         |
|    time_elapsed         | 444         |
|    total_timesteps      | 407552      |
| train/                  |             |
|    approx_kl            | 0.022109898 |
|    clip_fraction        | 0.209       |
|    clip_range           | 0.2         |
|    entropy_loss         | -6.32       |
|    explained_variance   | 0.922       |
|    learning_rate        | 0.0003      |
|    loss                 | 0.879       |
|    n_updates            | 1980        |
|    policy_gradient_loss | -0.0177     |
|    std                  | 0.608       |
|    value_loss           | 2.4         |
-----------------------------------------
-----------------------------------------
| rollout/                |             |
|    ep_len_mean          | 96.3        |
|    ep_rew_mean          | -27.3       |
|    success_rate         | 0.81        |
| time/                   |             |
|    fps                  | 918         |
|    iterations           | 200         |
|    time_elapsed         | 445         |
|    total_timesteps      | 409600      |
| train/                  |             |
|    approx_kl            | 0.023424638 |
|    clip_fraction        | 0.225       |
|    clip_range           | 0.2         |
|    entropy_loss         | -6.3        |
|    explained_variance   | 0.941       |
|    learning_rate        | 0.0003      |
|    loss                 | 0.152       |
|    n_updates            | 1990        |
|    policy_gradient_loss | -0.0175     |
|    std                  | 0.606       |
|    value_loss           | 1.26        |
-----------------------------------------
Eval num_timesteps=410000, episode_reward=-32.98 +/- 14.92
Episode length: 120.67 +/- 57.96
Success rate: 63.33%
----------------------------------------
| eval/                   |            |
|    mean_ep_length       | 121        |
|    mean_reward          | -33        |
|    success_rate         | 0.633      |
| time/                   |            |
|    total_timesteps      | 410000     |
| train/                  |            |
|    approx_kl            | 0.02003526 |
|    clip_fraction        | 0.235      |
|    clip_range           | 0.2        |
|    entropy_loss         | -6.29      |
|    explained_variance   | 0.941      |
|    learning_rate        | 0.0003     |
|    loss                 | 1.21       |
|    n_updates            | 2000       |
|    policy_gradient_loss | -0.0169    |
|    std                  | 0.606      |
|    value_loss           | 3.16       |
----------------------------------------
---------------------------------
| rollout/           |          |
|    ep_len_mean     | 94.5     |
|    ep_rew_mean     | -26.3    |
|    success_rate    | 0.83     |
| time/              |          |
|    fps             | 916      |
|    iterations      | 201      |
|    time_elapsed    | 448      |
|    total_timesteps | 411648   |
---------------------------------
-----------------------------------------
| rollout/                |             |
|    ep_len_mean          | 92.6        |
|    ep_rew_mean          | -25.6       |
|    success_rate         | 0.85        |
| time/                   |             |
|    fps                  | 918         |
|    iterations           | 202         |
|    time_elapsed         | 450         |
|    total_timesteps      | 413696      |
| train/                  |             |
|    approx_kl            | 0.023798097 |
|    clip_fraction        | 0.247       |
|    clip_range           | 0.2         |
|    entropy_loss         | -6.29       |
|    explained_variance   | 0.949       |
|    learning_rate        | 0.0003      |
|    loss                 | 0.215       |
|    n_updates            | 2010        |
|    policy_gradient_loss | -0.0164     |
|    std                  | 0.605       |
|    value_loss           | 1.6         |
-----------------------------------------
Eval num_timesteps=415000, episode_reward=-42.83 +/- 19.82
Episode length: 152.23 +/- 60.52
Success rate: 33.33%
----------------------------------------
| eval/                   |            |
|    mean_ep_length       | 152        |
|    mean_reward          | -42.8      |
|    success_rate         | 0.333      |
| time/                   |            |
|    total_timesteps      | 415000     |
| train/                  |            |
|    approx_kl            | 0.02579328 |
|    clip_fraction        | 0.25       |
|    clip_range           | 0.2        |
|    entropy_loss         | -6.28      |
|    explained_variance   | 0.974      |
|    learning_rate        | 0.0003     |
|    loss                 | 0.127      |
|    n_updates            | 2020       |
|    policy_gradient_loss | -0.0151    |
|    std                  | 0.605      |
|    value_loss           | 0.544      |
----------------------------------------
---------------------------------
| rollout/           |          |
|    ep_len_mean     | 86.1     |
|    ep_rew_mean     | -23.6    |
|    success_rate    | 0.9      |
| time/              |          |
|    fps             | 915      |
|    iterations      | 203      |
|    time_elapsed    | 454      |
|    total_timesteps | 415744   |
---------------------------------
-----------------------------------------
| rollout/                |             |
|    ep_len_mean          | 85.8        |
|    ep_rew_mean          | -23.2       |
|    success_rate         | 0.91        |
| time/                   |             |
|    fps                  | 916         |
|    iterations           | 204         |
|    time_elapsed         | 455         |
|    total_timesteps      | 417792      |
| train/                  |             |
|    approx_kl            | 0.022930767 |
|    clip_fraction        | 0.269       |
|    clip_range           | 0.2         |
|    entropy_loss         | -6.29       |
|    explained_variance   | 0.978       |
|    learning_rate        | 0.0003      |
|    loss                 | 0.209       |
|    n_updates            | 2030        |
|    policy_gradient_loss | -0.0122     |
|    std                  | 0.606       |
|    value_loss           | 0.93        |
-----------------------------------------
-----------------------------------------
| rollout/                |             |
|    ep_len_mean          | 82.5        |
|    ep_rew_mean          | -21.7       |
|    success_rate         | 0.94        |
| time/                   |             |
|    fps                  | 917         |
|    iterations           | 205         |
|    time_elapsed         | 457         |
|    total_timesteps      | 419840      |
| train/                  |             |
|    approx_kl            | 0.030967094 |
|    clip_fraction        | 0.271       |
|    clip_range           | 0.2         |
|    entropy_loss         | -6.29       |
|    explained_variance   | 0.961       |
|    learning_rate        | 0.0003      |
|    loss                 | 0.0453      |
|    n_updates            | 2040        |
|    policy_gradient_loss | -0.0155     |
|    std                  | 0.606       |
|    value_loss           | 0.477       |
-----------------------------------------
Eval num_timesteps=420000, episode_reward=-39.51 +/- 17.52
Episode length: 142.97 +/- 61.30
Success rate: 46.67%
-----------------------------------------
| eval/                   |             |
|    mean_ep_length       | 143         |
|    mean_reward          | -39.5       |
|    success_rate         | 0.467       |
| time/                   |             |
|    total_timesteps      | 420000      |
| train/                  |             |
|    approx_kl            | 0.021585613 |
|    clip_fraction        | 0.236       |
|    clip_range           | 0.2         |
|    entropy_loss         | -6.31       |
|    explained_variance   | 0.952       |
|    learning_rate        | 0.0003      |
|    loss                 | 0.103       |
|    n_updates            | 2050        |
|    policy_gradient_loss | -0.0158     |
|    std                  | 0.609       |
|    value_loss           | 0.694       |
-----------------------------------------
---------------------------------
| rollout/           |          |
|    ep_len_mean     | 82.8     |
|    ep_rew_mean     | -22.1    |
|    success_rate    | 0.93     |
| time/              |          |
|    fps             | 915      |
|    iterations      | 206      |
|    time_elapsed    | 460      |
|    total_timesteps | 421888   |
---------------------------------
-----------------------------------------
| rollout/                |             |
|    ep_len_mean          | 86.8        |
|    ep_rew_mean          | -23.8       |
|    success_rate         | 0.89        |
| time/                   |             |
|    fps                  | 916         |
|    iterations           | 207         |
|    time_elapsed         | 462         |
|    total_timesteps      | 423936      |
| train/                  |             |
|    approx_kl            | 0.024175854 |
|    clip_fraction        | 0.228       |
|    clip_range           | 0.2         |
|    entropy_loss         | -6.3        |
|    explained_variance   | 0.967       |
|    learning_rate        | 0.0003      |
|    loss                 | 0.148       |
|    n_updates            | 2060        |
|    policy_gradient_loss | -0.0177     |
|    std                  | 0.606       |
|    value_loss           | 0.673       |
-----------------------------------------
Eval num_timesteps=425000, episode_reward=-34.98 +/- 15.58
Episode length: 128.87 +/- 58.40
Success rate: 56.67%
-----------------------------------------
| eval/                   |             |
|    mean_ep_length       | 129         |
|    mean_reward          | -35         |
|    success_rate         | 0.567       |
| time/                   |             |
|    total_timesteps      | 425000      |
| train/                  |             |
|    approx_kl            | 0.021983715 |
|    clip_fraction        | 0.214       |
|    clip_range           | 0.2         |
|    entropy_loss         | -6.29       |
|    explained_variance   | 0.947       |
|    learning_rate        | 0.0003      |
|    loss                 | 0.101       |
|    n_updates            | 2070        |
|    policy_gradient_loss | -0.0194     |
|    std                  | 0.608       |
|    value_loss           | 1.27        |
-----------------------------------------
---------------------------------
| rollout/           |          |
|    ep_len_mean     | 89.2     |
|    ep_rew_mean     | -24.2    |
|    success_rate    | 0.87     |
| time/              |          |
|    fps             | 914      |
|    iterations      | 208      |
|    time_elapsed    | 465      |
|    total_timesteps | 425984   |
---------------------------------
-----------------------------------------
| rollout/                |             |
|    ep_len_mean          | 89.6        |
|    ep_rew_mean          | -25.2       |
|    success_rate         | 0.86        |
| time/                   |             |
|    fps                  | 915         |
|    iterations           | 209         |
|    time_elapsed         | 467         |
|    total_timesteps      | 428032      |
| train/                  |             |
|    approx_kl            | 0.020141445 |
|    clip_fraction        | 0.217       |
|    clip_range           | 0.2         |
|    entropy_loss         | -6.32       |
|    explained_variance   | 0.954       |
|    learning_rate        | 0.0003      |
|    loss                 | 0.258       |
|    n_updates            | 2080        |
|    policy_gradient_loss | -0.0102     |
|    std                  | 0.611       |
|    value_loss           | 0.977       |
-----------------------------------------
Eval num_timesteps=430000, episode_reward=-28.29 +/- 15.76
Episode length: 114.10 +/- 61.16
Success rate: 66.67%
-----------------------------------------
| eval/                   |             |
|    mean_ep_length       | 114         |
|    mean_reward          | -28.3       |
|    success_rate         | 0.667       |
| time/                   |             |
|    total_timesteps      | 430000      |
| train/                  |             |
|    approx_kl            | 0.019611124 |
|    clip_fraction        | 0.23        |
|    clip_range           | 0.2         |
|    entropy_loss         | -6.33       |
|    explained_variance   | 0.959       |
|    learning_rate        | 0.0003      |
|    loss                 | 0.119       |
|    n_updates            | 2090        |
|    policy_gradient_loss | -0.0121     |
|    std                  | 0.609       |
|    value_loss           | 0.532       |
-----------------------------------------
---------------------------------
| rollout/           |          |
|    ep_len_mean     | 91.6     |
|    ep_rew_mean     | -26.3    |
|    success_rate    | 0.84     |
| time/              |          |
|    fps             | 914      |
|    iterations      | 210      |
|    time_elapsed    | 470      |
|    total_timesteps | 430080   |
---------------------------------
-----------------------------------------
| rollout/                |             |
|    ep_len_mean          | 90.3        |
|    ep_rew_mean          | -24.6       |
|    success_rate         | 0.86        |
| time/                   |             |
|    fps                  | 915         |
|    iterations           | 211         |
|    time_elapsed         | 472         |
|    total_timesteps      | 432128      |
| train/                  |             |
|    approx_kl            | 0.018352903 |
|    clip_fraction        | 0.201       |
|    clip_range           | 0.2         |
|    entropy_loss         | -6.3        |
|    explained_variance   | 0.931       |
|    learning_rate        | 0.0003      |
|    loss                 | 0.349       |
|    n_updates            | 2100        |
|    policy_gradient_loss | -0.0126     |
|    std                  | 0.606       |
|    value_loss           | 1.04        |
-----------------------------------------
-----------------------------------------
| rollout/                |             |
|    ep_len_mean          | 89.9        |
|    ep_rew_mean          | -24.3       |
|    success_rate         | 0.86        |
| time/                   |             |
|    fps                  | 916         |
|    iterations           | 212         |
|    time_elapsed         | 473         |
|    total_timesteps      | 434176      |
| train/                  |             |
|    approx_kl            | 0.019220732 |
|    clip_fraction        | 0.222       |
|    clip_range           | 0.2         |
|    entropy_loss         | -6.28       |
|    explained_variance   | 0.957       |
|    learning_rate        | 0.0003      |
|    loss                 | 0.414       |
|    n_updates            | 2110        |
|    policy_gradient_loss | -0.018      |
|    std                  | 0.606       |
|    value_loss           | 1.53        |
-----------------------------------------
Eval num_timesteps=435000, episode_reward=-23.48 +/- 11.11
Episode length: 89.93 +/- 44.27
Success rate: 86.67%
-----------------------------------------
| eval/                   |             |
|    mean_ep_length       | 89.9        |
|    mean_reward          | -23.5       |
|    success_rate         | 0.867       |
| time/                   |             |
|    total_timesteps      | 435000      |
| train/                  |             |
|    approx_kl            | 0.020334743 |
|    clip_fraction        | 0.264       |
|    clip_range           | 0.2         |
|    entropy_loss         | -6.29       |
|    explained_variance   | 0.948       |
|    learning_rate        | 0.0003      |
|    loss                 | 0.432       |
|    n_updates            | 2120        |
|    policy_gradient_loss | -0.0178     |
|    std                  | 0.607       |
|    value_loss           | 1.3         |
-----------------------------------------
---------------------------------
| rollout/           |          |
|    ep_len_mean     | 87.5     |
|    ep_rew_mean     | -23.9    |
|    success_rate    | 0.88     |
| time/              |          |
|    fps             | 914      |
|    iterations      | 213      |
|    time_elapsed    | 476      |
|    total_timesteps | 436224   |
---------------------------------
-----------------------------------------
| rollout/                |             |
|    ep_len_mean          | 87.7        |
|    ep_rew_mean          | -23.9       |
|    success_rate         | 0.88        |
| time/                   |             |
|    fps                  | 916         |
|    iterations           | 214         |
|    time_elapsed         | 478         |
|    total_timesteps      | 438272      |
| train/                  |             |
|    approx_kl            | 0.021959461 |
|    clip_fraction        | 0.241       |
|    clip_range           | 0.2         |
|    entropy_loss         | -6.28       |
|    explained_variance   | 0.962       |
|    learning_rate        | 0.0003      |
|    loss                 | 0.381       |
|    n_updates            | 2130        |
|    policy_gradient_loss | -0.0175     |
|    std                  | 0.604       |
|    value_loss           | 0.772       |
-----------------------------------------
Eval num_timesteps=440000, episode_reward=-22.37 +/- 11.40
Episode length: 86.23 +/- 38.90
Success rate: 90.00%
----------------------------------------
| eval/                   |            |
|    mean_ep_length       | 86.2       |
|    mean_reward          | -22.4      |
|    success_rate         | 0.9        |
| time/                   |            |
|    total_timesteps      | 440000     |
| train/                  |            |
|    approx_kl            | 0.03359707 |
|    clip_fraction        | 0.271      |
|    clip_range           | 0.2        |
|    entropy_loss         | -6.23      |
|    explained_variance   | 0.941      |
|    learning_rate        | 0.0003     |
|    loss                 | 0.06       |
|    n_updates            | 2140       |
|    policy_gradient_loss | -0.0137    |
|    std                  | 0.602      |
|    value_loss           | 0.609      |
----------------------------------------
---------------------------------
| rollout/           |          |
|    ep_len_mean     | 86.8     |
|    ep_rew_mean     | -23.2    |
|    success_rate    | 0.89     |
| time/              |          |
|    fps             | 914      |
|    iterations      | 215      |
|    time_elapsed    | 481      |
|    total_timesteps | 440320   |
---------------------------------
-----------------------------------------
| rollout/                |             |
|    ep_len_mean          | 90.5        |
|    ep_rew_mean          | -24         |
|    success_rate         | 0.87        |
| time/                   |             |
|    fps                  | 916         |
|    iterations           | 216         |
|    time_elapsed         | 482         |
|    total_timesteps      | 442368      |
| train/                  |             |
|    approx_kl            | 0.027715988 |
|    clip_fraction        | 0.273       |
|    clip_range           | 0.2         |
|    entropy_loss         | -6.19       |
|    explained_variance   | 0.977       |
|    learning_rate        | 0.0003      |
|    loss                 | 0.0411      |
|    n_updates            | 2150        |
|    policy_gradient_loss | -0.0202     |
|    std                  | 0.598       |
|    value_loss           | 0.392       |
-----------------------------------------
-----------------------------------------
| rollout/                |             |
|    ep_len_mean          | 89.2        |
|    ep_rew_mean          | -24.2       |
|    success_rate         | 0.87        |
| time/                   |             |
|    fps                  | 917         |
|    iterations           | 217         |
|    time_elapsed         | 484         |
|    total_timesteps      | 444416      |
| train/                  |             |
|    approx_kl            | 0.025042169 |
|    clip_fraction        | 0.241       |
|    clip_range           | 0.2         |
|    entropy_loss         | -6.18       |
|    explained_variance   | 0.942       |
|    learning_rate        | 0.0003      |
|    loss                 | 0.122       |
|    n_updates            | 2160        |
|    policy_gradient_loss | -0.0202     |
|    std                  | 0.597       |
|    value_loss           | 0.964       |
-----------------------------------------
Eval num_timesteps=445000, episode_reward=-24.34 +/- 14.85
Episode length: 97.37 +/- 52.36
Success rate: 80.00%
-----------------------------------------
| eval/                   |             |
|    mean_ep_length       | 97.4        |
|    mean_reward          | -24.3       |
|    success_rate         | 0.8         |
| time/                   |             |
|    total_timesteps      | 445000      |
| train/                  |             |
|    approx_kl            | 0.021207204 |
|    clip_fraction        | 0.237       |
|    clip_range           | 0.2         |
|    entropy_loss         | -6.18       |
|    explained_variance   | 0.929       |
|    learning_rate        | 0.0003      |
|    loss                 | 0.175       |
|    n_updates            | 2170        |
|    policy_gradient_loss | -0.0188     |
|    std                  | 0.599       |
|    value_loss           | 0.976       |
-----------------------------------------
---------------------------------
| rollout/           |          |
|    ep_len_mean     | 86.5     |
|    ep_rew_mean     | -23      |
|    success_rate    | 0.89     |
| time/              |          |
|    fps             | 915      |
|    iterations      | 218      |
|    time_elapsed    | 487      |
|    total_timesteps | 446464   |
---------------------------------
-----------------------------------------
| rollout/                |             |
|    ep_len_mean          | 83          |
|    ep_rew_mean          | -22.6       |
|    success_rate         | 0.91        |
| time/                   |             |
|    fps                  | 916         |
|    iterations           | 219         |
|    time_elapsed         | 489         |
|    total_timesteps      | 448512      |
| train/                  |             |
|    approx_kl            | 0.021092806 |
|    clip_fraction        | 0.254       |
|    clip_range           | 0.2         |
|    entropy_loss         | -6.19       |
|    explained_variance   | 0.964       |
|    learning_rate        | 0.0003      |
|    loss                 | 0.0891      |
|    n_updates            | 2180        |
|    policy_gradient_loss | -0.014      |
|    std                  | 0.598       |
|    value_loss           | 0.635       |
-----------------------------------------
Eval num_timesteps=450000, episode_reward=-25.00 +/- 11.84
Episode length: 99.47 +/- 50.98
Success rate: 80.00%
-----------------------------------------
| eval/                   |             |
|    mean_ep_length       | 99.5        |
|    mean_reward          | -25         |
|    success_rate         | 0.8         |
| time/                   |             |
|    total_timesteps      | 450000      |
| train/                  |             |
|    approx_kl            | 0.021763727 |
|    clip_fraction        | 0.233       |
|    clip_range           | 0.2         |
|    entropy_loss         | -6.18       |
|    explained_variance   | 0.978       |
|    learning_rate        | 0.0003      |
|    loss                 | 0.481       |
|    n_updates            | 2190        |
|    policy_gradient_loss | -0.0133     |
|    std                  | 0.599       |
|    value_loss           | 0.797       |
-----------------------------------------
---------------------------------
| rollout/           |          |
|    ep_len_mean     | 82       |
|    ep_rew_mean     | -22.8    |
|    success_rate    | 0.91     |
| time/              |          |
|    fps             | 915      |
|    iterations      | 220      |
|    time_elapsed    | 492      |
|    total_timesteps | 450560   |
---------------------------------
-----------------------------------------
| rollout/                |             |
|    ep_len_mean          | 79          |
|    ep_rew_mean          | -21.5       |
|    success_rate         | 0.95        |
| time/                   |             |
|    fps                  | 916         |
|    iterations           | 221         |
|    time_elapsed         | 493         |
|    total_timesteps      | 452608      |
| train/                  |             |
|    approx_kl            | 0.022911046 |
|    clip_fraction        | 0.264       |
|    clip_range           | 0.2         |
|    entropy_loss         | -6.17       |
|    explained_variance   | 0.967       |
|    learning_rate        | 0.0003      |
|    loss                 | 0.18        |
|    n_updates            | 2200        |
|    policy_gradient_loss | -0.0176     |
|    std                  | 0.597       |
|    value_loss           | 1.07        |
-----------------------------------------
----------------------------------------
| rollout/                |            |
|    ep_len_mean          | 79.5       |
|    ep_rew_mean          | -21.6      |
|    success_rate         | 0.95       |
| time/                   |            |
|    fps                  | 917        |
|    iterations           | 222        |
|    time_elapsed         | 495        |
|    total_timesteps      | 454656     |
| train/                  |            |
|    approx_kl            | 0.02301322 |
|    clip_fraction        | 0.292      |
|    clip_range           | 0.2        |
|    entropy_loss         | -6.18      |
|    explained_variance   | 0.987      |
|    learning_rate        | 0.0003     |
|    loss                 | 0.026      |
|    n_updates            | 2210       |
|    policy_gradient_loss | -0.0151    |
|    std                  | 0.599      |
|    value_loss           | 0.31       |
----------------------------------------
Eval num_timesteps=455000, episode_reward=-27.27 +/- 16.19
Episode length: 102.43 +/- 53.01
Success rate: 80.00%
-----------------------------------------
| eval/                   |             |
|    mean_ep_length       | 102         |
|    mean_reward          | -27.3       |
|    success_rate         | 0.8         |
| time/                   |             |
|    total_timesteps      | 455000      |
| train/                  |             |
|    approx_kl            | 0.029391346 |
|    clip_fraction        | 0.277       |
|    clip_range           | 0.2         |
|    entropy_loss         | -6.19       |
|    explained_variance   | 0.991       |
|    learning_rate        | 0.0003      |
|    loss                 | 0.00778     |
|    n_updates            | 2220        |
|    policy_gradient_loss | -0.0199     |
|    std                  | 0.6         |
|    value_loss           | 0.293       |
-----------------------------------------
---------------------------------
| rollout/           |          |
|    ep_len_mean     | 79.2     |
|    ep_rew_mean     | -21.8    |
|    success_rate    | 0.95     |
| time/              |          |
|    fps             | 916      |
|    iterations      | 223      |
|    time_elapsed    | 498      |
|    total_timesteps | 456704   |
---------------------------------
-----------------------------------------
| rollout/                |             |
|    ep_len_mean          | 77.5        |
|    ep_rew_mean          | -21         |
|    success_rate         | 0.96        |
| time/                   |             |
|    fps                  | 917         |
|    iterations           | 224         |
|    time_elapsed         | 500         |
|    total_timesteps      | 458752      |
| train/                  |             |
|    approx_kl            | 0.022895638 |
|    clip_fraction        | 0.249       |
|    clip_range           | 0.2         |
|    entropy_loss         | -6.19       |
|    explained_variance   | 0.97        |
|    learning_rate        | 0.0003      |
|    loss                 | 0.533       |
|    n_updates            | 2230        |
|    policy_gradient_loss | -0.0095     |
|    std                  | 0.599       |
|    value_loss           | 0.566       |
-----------------------------------------
Eval num_timesteps=460000, episode_reward=-22.92 +/- 11.36
Episode length: 83.97 +/- 39.63
Success rate: 90.00%
-----------------------------------------
| eval/                   |             |
|    mean_ep_length       | 84          |
|    mean_reward          | -22.9       |
|    success_rate         | 0.9         |
| time/                   |             |
|    total_timesteps      | 460000      |
| train/                  |             |
|    approx_kl            | 0.020157991 |
|    clip_fraction        | 0.227       |
|    clip_range           | 0.2         |
|    entropy_loss         | -6.17       |
|    explained_variance   | 0.984       |
|    learning_rate        | 0.0003      |
|    loss                 | 0.00937     |
|    n_updates            | 2240        |
|    policy_gradient_loss | -0.0164     |
|    std                  | 0.597       |
|    value_loss           | 0.218       |
-----------------------------------------
---------------------------------
| rollout/           |          |
|    ep_len_mean     | 80.1     |
|    ep_rew_mean     | -21.8    |
|    success_rate    | 0.94     |
| time/              |          |
|    fps             | 915      |
|    iterations      | 225      |
|    time_elapsed    | 503      |
|    total_timesteps | 460800   |
---------------------------------
-----------------------------------------
| rollout/                |             |
|    ep_len_mean          | 83.3        |
|    ep_rew_mean          | -23.3       |
|    success_rate         | 0.92        |
| time/                   |             |
|    fps                  | 917         |
|    iterations           | 226         |
|    time_elapsed         | 504         |
|    total_timesteps      | 462848      |
| train/                  |             |
|    approx_kl            | 0.019801728 |
|    clip_fraction        | 0.21        |
|    clip_range           | 0.2         |
|    entropy_loss         | -6.17       |
|    explained_variance   | 0.974       |
|    learning_rate        | 0.0003      |
|    loss                 | 2.08        |
|    n_updates            | 2250        |
|    policy_gradient_loss | -0.0157     |
|    std                  | 0.599       |
|    value_loss           | 0.995       |
-----------------------------------------
-----------------------------------------
| rollout/                |             |
|    ep_len_mean          | 86.3        |
|    ep_rew_mean          | -24.1       |
|    success_rate         | 0.89        |
| time/                   |             |
|    fps                  | 918         |
|    iterations           | 227         |
|    time_elapsed         | 506         |
|    total_timesteps      | 464896      |
| train/                  |             |
|    approx_kl            | 0.025864758 |
|    clip_fraction        | 0.249       |
|    clip_range           | 0.2         |
|    entropy_loss         | -6.17       |
|    explained_variance   | 0.964       |
|    learning_rate        | 0.0003      |
|    loss                 | 0.148       |
|    n_updates            | 2260        |
|    policy_gradient_loss | -0.02       |
|    std                  | 0.597       |
|    value_loss           | 0.576       |
-----------------------------------------
Eval num_timesteps=465000, episode_reward=-19.67 +/- 8.71
Episode length: 76.90 +/- 25.48
Success rate: 96.67%
-----------------------------------------
| eval/                   |             |
|    mean_ep_length       | 76.9        |
|    mean_reward          | -19.7       |
|    success_rate         | 0.967       |
| time/                   |             |
|    total_timesteps      | 465000      |
| train/                  |             |
|    approx_kl            | 0.021179033 |
|    clip_fraction        | 0.236       |
|    clip_range           | 0.2         |
|    entropy_loss         | -6.17       |
|    explained_variance   | 0.972       |
|    learning_rate        | 0.0003      |
|    loss                 | 0.132       |
|    n_updates            | 2270        |
|    policy_gradient_loss | -0.0203     |
|    std                  | 0.599       |
|    value_loss           | 0.756       |
-----------------------------------------
New best mean reward!
---------------------------------
| rollout/           |          |
|    ep_len_mean     | 84.4     |
|    ep_rew_mean     | -23.3    |
|    success_rate    | 0.92     |
| time/              |          |
|    fps             | 917      |
|    iterations      | 228      |
|    time_elapsed    | 509      |
|    total_timesteps | 466944   |
---------------------------------
---------------------------------------
| rollout/                |           |
|    ep_len_mean          | 84.9      |
|    ep_rew_mean          | -23.3     |
|    success_rate         | 0.92      |
| time/                   |           |
|    fps                  | 918       |
|    iterations           | 229       |
|    time_elapsed         | 510       |
|    total_timesteps      | 468992    |
| train/                  |           |
|    approx_kl            | 0.0248315 |
|    clip_fraction        | 0.25      |
|    clip_range           | 0.2       |
|    entropy_loss         | -6.19     |
|    explained_variance   | 0.975     |
|    learning_rate        | 0.0003    |
|    loss                 | 0.028     |
|    n_updates            | 2280      |
|    policy_gradient_loss | -0.0155   |
|    std                  | 0.598     |
|    value_loss           | 0.5       |
---------------------------------------
Eval num_timesteps=470000, episode_reward=-19.94 +/- 9.81
Episode length: 76.70 +/- 34.44
Success rate: 93.33%
-----------------------------------------
| eval/                   |             |
|    mean_ep_length       | 76.7        |
|    mean_reward          | -19.9       |
|    success_rate         | 0.933       |
| time/                   |             |
|    total_timesteps      | 470000      |
| train/                  |             |
|    approx_kl            | 0.034438614 |
|    clip_fraction        | 0.29        |
|    clip_range           | 0.2         |
|    entropy_loss         | -6.18       |
|    explained_variance   | 0.969       |
|    learning_rate        | 0.0003      |
|    loss                 | 0.0299      |
|    n_updates            | 2290        |
|    policy_gradient_loss | -0.0245     |
|    std                  | 0.597       |
|    value_loss           | 0.41        |
-----------------------------------------
---------------------------------
| rollout/           |          |
|    ep_len_mean     | 82.2     |
|    ep_rew_mean     | -22.4    |
|    success_rate    | 0.94     |
| time/              |          |
|    fps             | 916      |
|    iterations      | 230      |
|    time_elapsed    | 513      |
|    total_timesteps | 471040   |
---------------------------------
----------------------------------------
| rollout/                |            |
|    ep_len_mean          | 79.1       |
|    ep_rew_mean          | -21.7      |
|    success_rate         | 0.94       |
| time/                   |            |
|    fps                  | 917        |
|    iterations           | 231        |
|    time_elapsed         | 515        |
|    total_timesteps      | 473088     |
| train/                  |            |
|    approx_kl            | 0.02277153 |
|    clip_fraction        | 0.27       |
|    clip_range           | 0.2        |
|    entropy_loss         | -6.17      |
|    explained_variance   | 0.986      |
|    learning_rate        | 0.0003     |
|    loss                 | 0.0384     |
|    n_updates            | 2300       |
|    policy_gradient_loss | -0.0184    |
|    std                  | 0.596      |
|    value_loss           | 0.5        |
----------------------------------------
Eval num_timesteps=475000, episode_reward=-25.04 +/- 11.82
Episode length: 86.97 +/- 39.50
Success rate: 86.67%
-----------------------------------------
| eval/                   |             |
|    mean_ep_length       | 87          |
|    mean_reward          | -25         |
|    success_rate         | 0.867       |
| time/                   |             |
|    total_timesteps      | 475000      |
| train/                  |             |
|    approx_kl            | 0.020626038 |
|    clip_fraction        | 0.233       |
|    clip_range           | 0.2         |
|    entropy_loss         | -6.16       |
|    explained_variance   | 0.971       |
|    learning_rate        | 0.0003      |
|    loss                 | 0.269       |
|    n_updates            | 2310        |
|    policy_gradient_loss | -0.0177     |
|    std                  | 0.596       |
|    value_loss           | 0.595       |
-----------------------------------------
---------------------------------
| rollout/           |          |
|    ep_len_mean     | 76.5     |
|    ep_rew_mean     | -21.5    |
|    success_rate    | 0.95     |
| time/              |          |
|    fps             | 916      |
|    iterations      | 232      |
|    time_elapsed    | 518      |
|    total_timesteps | 475136   |
---------------------------------
----------------------------------------
| rollout/                |            |
|    ep_len_mean          | 76.3       |
|    ep_rew_mean          | -21.8      |
|    success_rate         | 0.94       |
| time/                   |            |
|    fps                  | 917        |
|    iterations           | 233        |
|    time_elapsed         | 520        |
|    total_timesteps      | 477184     |
| train/                  |            |
|    approx_kl            | 0.02123185 |
|    clip_fraction        | 0.245      |
|    clip_range           | 0.2        |
|    entropy_loss         | -6.16      |
|    explained_variance   | 0.995      |
|    learning_rate        | 0.0003     |
|    loss                 | 0.00291    |
|    n_updates            | 2320       |
|    policy_gradient_loss | -0.0167    |
|    std                  | 0.596      |
|    value_loss           | 0.124      |
----------------------------------------
-----------------------------------------
| rollout/                |             |
|    ep_len_mean          | 73.9        |
|    ep_rew_mean          | -20.3       |
|    success_rate         | 0.96        |
| time/                   |             |
|    fps                  | 918         |
|    iterations           | 234         |
|    time_elapsed         | 521         |
|    total_timesteps      | 479232      |
| train/                  |             |
|    approx_kl            | 0.028155852 |
|    clip_fraction        | 0.258       |
|    clip_range           | 0.2         |
|    entropy_loss         | -6.15       |
|    explained_variance   | 0.966       |
|    learning_rate        | 0.0003      |
|    loss                 | 0.148       |
|    n_updates            | 2330        |
|    policy_gradient_loss | -0.0189     |
|    std                  | 0.595       |
|    value_loss           | 0.831       |
-----------------------------------------
Eval num_timesteps=480000, episode_reward=-16.19 +/- 5.35
Episode length: 66.77 +/- 11.66
Success rate: 100.00%
-----------------------------------------
| eval/                   |             |
|    mean_ep_length       | 66.8        |
|    mean_reward          | -16.2       |
|    success_rate         | 1           |
| time/                   |             |
|    total_timesteps      | 480000      |
| train/                  |             |
|    approx_kl            | 0.025292438 |
|    clip_fraction        | 0.27        |
|    clip_range           | 0.2         |
|    entropy_loss         | -6.16       |
|    explained_variance   | 0.986       |
|    learning_rate        | 0.0003      |
|    loss                 | 0.244       |
|    n_updates            | 2340        |
|    policy_gradient_loss | -0.0176     |
|    std                  | 0.597       |
|    value_loss           | 0.406       |
-----------------------------------------
New best mean reward!
---------------------------------
| rollout/           |          |
|    ep_len_mean     | 75.5     |
|    ep_rew_mean     | -20.4    |
|    success_rate    | 0.96     |
| time/              |          |
|    fps             | 917      |
|    iterations      | 235      |
|    time_elapsed    | 524      |
|    total_timesteps | 481280   |
---------------------------------
-----------------------------------------
| rollout/                |             |
|    ep_len_mean          | 77.5        |
|    ep_rew_mean          | -20.4       |
|    success_rate         | 0.95        |
| time/                   |             |
|    fps                  | 918         |
|    iterations           | 236         |
|    time_elapsed         | 526         |
|    total_timesteps      | 483328      |
| train/                  |             |
|    approx_kl            | 0.025728565 |
|    clip_fraction        | 0.253       |
|    clip_range           | 0.2         |
|    entropy_loss         | -6.17       |
|    explained_variance   | 0.985       |
|    learning_rate        | 0.0003      |
|    loss                 | 0.0244      |
|    n_updates            | 2350        |
|    policy_gradient_loss | -0.0179     |
|    std                  | 0.596       |
|    value_loss           | 0.218       |
-----------------------------------------
Eval num_timesteps=485000, episode_reward=-24.64 +/- 12.62
Episode length: 93.40 +/- 48.78
Success rate: 83.33%
----------------------------------------
| eval/                   |            |
|    mean_ep_length       | 93.4       |
|    mean_reward          | -24.6      |
|    success_rate         | 0.833      |
| time/                   |            |
|    total_timesteps      | 485000     |
| train/                  |            |
|    approx_kl            | 0.02014247 |
|    clip_fraction        | 0.226      |
|    clip_range           | 0.2        |
|    entropy_loss         | -6.16      |
|    explained_variance   | 0.973      |
|    learning_rate        | 0.0003     |
|    loss                 | 0.021      |
|    n_updates            | 2360       |
|    policy_gradient_loss | -0.013     |
|    std                  | 0.596      |
|    value_loss           | 0.191      |
----------------------------------------
---------------------------------
| rollout/           |          |
|    ep_len_mean     | 79.1     |
|    ep_rew_mean     | -20.3    |
|    success_rate    | 0.94     |
| time/              |          |
|    fps             | 916      |
|    iterations      | 237      |
|    time_elapsed    | 529      |
|    total_timesteps | 485376   |
---------------------------------
-----------------------------------------
| rollout/                |             |
|    ep_len_mean          | 81.6        |
|    ep_rew_mean          | -21.2       |
|    success_rate         | 0.93        |
| time/                   |             |
|    fps                  | 917         |
|    iterations           | 238         |
|    time_elapsed         | 530         |
|    total_timesteps      | 487424      |
| train/                  |             |
|    approx_kl            | 0.021608833 |
|    clip_fraction        | 0.225       |
|    clip_range           | 0.2         |
|    entropy_loss         | -6.16       |
|    explained_variance   | 0.971       |
|    learning_rate        | 0.0003      |
|    loss                 | 0.0361      |
|    n_updates            | 2370        |
|    policy_gradient_loss | -0.0153     |
|    std                  | 0.595       |
|    value_loss           | 0.251       |
-----------------------------------------
-----------------------------------------
| rollout/                |             |
|    ep_len_mean          | 80.8        |
|    ep_rew_mean          | -21         |
|    success_rate         | 0.93        |
| time/                   |             |
|    fps                  | 918         |
|    iterations           | 239         |
|    time_elapsed         | 532         |
|    total_timesteps      | 489472      |
| train/                  |             |
|    approx_kl            | 0.021580445 |
|    clip_fraction        | 0.227       |
|    clip_range           | 0.2         |
|    entropy_loss         | -6.12       |
|    explained_variance   | 0.976       |
|    learning_rate        | 0.0003      |
|    loss                 | 0.0307      |
|    n_updates            | 2380        |
|    policy_gradient_loss | -0.0158     |
|    std                  | 0.591       |
|    value_loss           | 0.468       |
-----------------------------------------
Eval num_timesteps=490000, episode_reward=-27.96 +/- 17.18
Episode length: 104.43 +/- 58.43
Success rate: 73.33%
-----------------------------------------
| eval/                   |             |
|    mean_ep_length       | 104         |
|    mean_reward          | -28         |
|    success_rate         | 0.733       |
| time/                   |             |
|    total_timesteps      | 490000      |
| train/                  |             |
|    approx_kl            | 0.022553183 |
|    clip_fraction        | 0.24        |
|    clip_range           | 0.2         |
|    entropy_loss         | -6.11       |
|    explained_variance   | 0.986       |
|    learning_rate        | 0.0003      |
|    loss                 | 0.0334      |
|    n_updates            | 2390        |
|    policy_gradient_loss | -0.0142     |
|    std                  | 0.592       |
|    value_loss           | 0.284       |
-----------------------------------------
---------------------------------
| rollout/           |          |
|    ep_len_mean     | 78.7     |
|    ep_rew_mean     | -20.6    |
|    success_rate    | 0.94     |
| time/              |          |
|    fps             | 917      |
|    iterations      | 240      |
|    time_elapsed    | 535      |
|    total_timesteps | 491520   |
---------------------------------
----------------------------------------
| rollout/                |            |
|    ep_len_mean          | 80.4       |
|    ep_rew_mean          | -21.6      |
|    success_rate         | 0.93       |
| time/                   |            |
|    fps                  | 918        |
|    iterations           | 241        |
|    time_elapsed         | 537        |
|    total_timesteps      | 493568     |
| train/                  |            |
|    approx_kl            | 0.01881628 |
|    clip_fraction        | 0.214      |
|    clip_range           | 0.2        |
|    entropy_loss         | -6.11      |
|    explained_variance   | 0.979      |
|    learning_rate        | 0.0003     |
|    loss                 | 0.0704     |
|    n_updates            | 2400       |
|    policy_gradient_loss | -0.0145    |
|    std                  | 0.591      |
|    value_loss           | 0.449      |
----------------------------------------
Eval num_timesteps=495000, episode_reward=-35.21 +/- 16.82
Episode length: 132.40 +/- 64.04
Success rate: 50.00%
-----------------------------------------
| eval/                   |             |
|    mean_ep_length       | 132         |
|    mean_reward          | -35.2       |
|    success_rate         | 0.5         |
| time/                   |             |
|    total_timesteps      | 495000      |
| train/                  |             |
|    approx_kl            | 0.022679657 |
|    clip_fraction        | 0.249       |
|    clip_range           | 0.2         |
|    entropy_loss         | -6.11       |
|    explained_variance   | 0.982       |
|    learning_rate        | 0.0003      |
|    loss                 | 0.0459      |
|    n_updates            | 2410        |
|    policy_gradient_loss | -0.0179     |
|    std                  | 0.592       |
|    value_loss           | 0.332       |
-----------------------------------------
---------------------------------
| rollout/           |          |
|    ep_len_mean     | 82.7     |
|    ep_rew_mean     | -21.7    |
|    success_rate    | 0.91     |
| time/              |          |
|    fps             | 916      |
|    iterations      | 242      |
|    time_elapsed    | 540      |
|    total_timesteps | 495616   |
---------------------------------
-----------------------------------------
| rollout/                |             |
|    ep_len_mean          | 84.8        |
|    ep_rew_mean          | -22.4       |
|    success_rate         | 0.9         |
| time/                   |             |
|    fps                  | 917         |
|    iterations           | 243         |
|    time_elapsed         | 542         |
|    total_timesteps      | 497664      |
| train/                  |             |
|    approx_kl            | 0.015663845 |
|    clip_fraction        | 0.188       |
|    clip_range           | 0.2         |
|    entropy_loss         | -6.11       |
|    explained_variance   | 0.952       |
|    learning_rate        | 0.0003      |
|    loss                 | 0.26        |
|    n_updates            | 2420        |
|    policy_gradient_loss | -0.0171     |
|    std                  | 0.592       |
|    value_loss           | 1.46        |
-----------------------------------------
-----------------------------------------
| rollout/                |             |
|    ep_len_mean          | 85.6        |
|    ep_rew_mean          | -22.1       |
|    success_rate         | 0.88        |
| time/                   |             |
|    fps                  | 918         |
|    iterations           | 244         |
|    time_elapsed         | 543         |
|    total_timesteps      | 499712      |
| train/                  |             |
|    approx_kl            | 0.024407947 |
|    clip_fraction        | 0.246       |
|    clip_range           | 0.2         |
|    entropy_loss         | -6.11       |
|    explained_variance   | 0.965       |
|    learning_rate        | 0.0003      |
|    loss                 | 0.12        |
|    n_updates            | 2430        |
|    policy_gradient_loss | -0.0197     |
|    std                  | 0.591       |
|    value_loss           | 0.832       |
-----------------------------------------
Eval num_timesteps=500000, episode_reward=-22.21 +/- 11.42
Episode length: 84.23 +/- 40.46
Success rate: 90.00%
-----------------------------------------
| eval/                   |             |
|    mean_ep_length       | 84.2        |
|    mean_reward          | -22.2       |
|    success_rate         | 0.9         |
| time/                   |             |
|    total_timesteps      | 500000      |
| train/                  |             |
|    approx_kl            | 0.017802099 |
|    clip_fraction        | 0.206       |
|    clip_range           | 0.2         |
|    entropy_loss         | -6.1        |
|    explained_variance   | 0.947       |
|    learning_rate        | 0.0003      |
|    loss                 | 0.0587      |
|    n_updates            | 2440        |
|    policy_gradient_loss | -0.0104     |
|    std                  | 0.591       |
|    value_loss           | 0.704       |
-----------------------------------------
---------------------------------
| rollout/           |          |
|    ep_len_mean     | 87.3     |
|    ep_rew_mean     | -22.7    |
|    success_rate    | 0.87     |
| time/              |          |
|    fps             | 917      |
|    iterations      | 245      |
|    time_elapsed    | 546      |
|    total_timesteps | 501760   |
---------------------------------
Training complete. Best model: models\runs\avoid2_relvec_s0/best_model.zip
