Using cpu device
Run avoid_relvec_s1: 500000 steps
---------------------------------
| rollout/           |          |
|    ep_len_mean     | 200      |
|    ep_rew_mean     | -183     |
|    success_rate    | 0        |
| time/              |          |
|    fps             | 2006     |
|    iterations      | 1        |
|    time_elapsed    | 1        |
|    total_timesteps | 2048     |
---------------------------------
-----------------------------------------
| rollout/                |             |
|    ep_len_mean          | 200         |
|    ep_rew_mean          | -190        |
|    success_rate         | 0           |
| time/                   |             |
|    fps                  | 1688        |
|    iterations           | 2           |
|    time_elapsed         | 2           |
|    total_timesteps      | 4096        |
| train/                  |             |
|    approx_kl            | 0.012136216 |
|    clip_fraction        | 0.106       |
|    clip_range           | 0.2         |
|    entropy_loss         | -9.92       |
|    explained_variance   | -0.025      |
|    learning_rate        | 0.0003      |
|    loss                 | 4.33        |
|    n_updates            | 10          |
|    policy_gradient_loss | -0.015      |
|    std                  | 0.997       |
|    value_loss           | 76.7        |
-----------------------------------------
Eval num_timesteps=5000, episode_reward=-166.48 +/- 23.45
Episode length: 200.00 +/- 0.00
Success rate: 0.00%
------------------------------------------
| eval/                   |              |
|    mean_ep_length       | 200          |
|    mean_reward          | -166         |
|    success_rate         | 0            |
| time/                   |              |
|    total_timesteps      | 5000         |
| train/                  |              |
|    approx_kl            | 0.0077466974 |
|    clip_fraction        | 0.0842       |
|    clip_range           | 0.2          |
|    entropy_loss         | -9.9         |
|    explained_variance   | 0.0304       |
|    learning_rate        | 0.0003       |
|    loss                 | 24.3         |
|    n_updates            | 20           |
|    policy_gradient_loss | -0.0148      |
|    std                  | 0.992        |
|    value_loss           | 104          |
------------------------------------------
New best mean reward!
---------------------------------
| rollout/           |          |
|    ep_len_mean     | 200      |
|    ep_rew_mean     | -189     |
|    success_rate    | 0        |
| time/              |          |
|    fps             | 970      |
|    iterations      | 3        |
|    time_elapsed    | 6        |
|    total_timesteps | 6144     |
---------------------------------
-----------------------------------------
| rollout/                |             |
|    ep_len_mean          | 200         |
|    ep_rew_mean          | -184        |
|    success_rate         | 0           |
| time/                   |             |
|    fps                  | 1038        |
|    iterations           | 4           |
|    time_elapsed         | 7           |
|    total_timesteps      | 8192        |
| train/                  |             |
|    approx_kl            | 0.009740101 |
|    clip_fraction        | 0.0767      |
|    clip_range           | 0.2         |
|    entropy_loss         | -9.86       |
|    explained_variance   | 0.0188      |
|    learning_rate        | 0.0003      |
|    loss                 | 15.5        |
|    n_updates            | 30          |
|    policy_gradient_loss | -0.0142     |
|    std                  | 0.987       |
|    value_loss           | 77.4        |
-----------------------------------------
Eval num_timesteps=10000, episode_reward=-157.22 +/- 21.24
Episode length: 200.00 +/- 0.00
Success rate: 0.00%
-----------------------------------------
| eval/                   |             |
|    mean_ep_length       | 200         |
|    mean_reward          | -157        |
|    success_rate         | 0           |
| time/                   |             |
|    total_timesteps      | 10000       |
| train/                  |             |
|    approx_kl            | 0.010435028 |
|    clip_fraction        | 0.0736      |
|    clip_range           | 0.2         |
|    entropy_loss         | -9.82       |
|    explained_variance   | 0.0152      |
|    learning_rate        | 0.0003      |
|    loss                 | 8.95        |
|    n_updates            | 40          |
|    policy_gradient_loss | -0.0118     |
|    std                  | 0.981       |
|    value_loss           | 47.9        |
-----------------------------------------
New best mean reward!
---------------------------------
| rollout/           |          |
|    ep_len_mean     | 200      |
|    ep_rew_mean     | -181     |
|    success_rate    | 0        |
| time/              |          |
|    fps             | 854      |
|    iterations      | 5        |
|    time_elapsed    | 11       |
|    total_timesteps | 10240    |
---------------------------------
-----------------------------------------
| rollout/                |             |
|    ep_len_mean          | 200         |
|    ep_rew_mean          | -177        |
|    success_rate         | 0           |
| time/                   |             |
|    fps                  | 908         |
|    iterations           | 6           |
|    time_elapsed         | 13          |
|    total_timesteps      | 12288       |
| train/                  |             |
|    approx_kl            | 0.011174513 |
|    clip_fraction        | 0.0991      |
|    clip_range           | 0.2         |
|    entropy_loss         | -9.77       |
|    explained_variance   | 0.00169     |
|    learning_rate        | 0.0003      |
|    loss                 | 6.04        |
|    n_updates            | 50          |
|    policy_gradient_loss | -0.0139     |
|    std                  | 0.972       |
|    value_loss           | 34.8        |
-----------------------------------------
-----------------------------------------
| rollout/                |             |
|    ep_len_mean          | 200         |
|    ep_rew_mean          | -176        |
|    success_rate         | 0           |
| time/                   |             |
|    fps                  | 961         |
|    iterations           | 7           |
|    time_elapsed         | 14          |
|    total_timesteps      | 14336       |
| train/                  |             |
|    approx_kl            | 0.019276634 |
|    clip_fraction        | 0.145       |
|    clip_range           | 0.2         |
|    entropy_loss         | -9.68       |
|    explained_variance   | 0.00177     |
|    learning_rate        | 0.0003      |
|    loss                 | 3.63        |
|    n_updates            | 60          |
|    policy_gradient_loss | -0.0151     |
|    std                  | 0.959       |
|    value_loss           | 18.5        |
-----------------------------------------
Eval num_timesteps=15000, episode_reward=-142.35 +/- 22.29
Episode length: 200.00 +/- 0.00
Success rate: 0.00%
------------------------------------------
| eval/                   |              |
|    mean_ep_length       | 200          |
|    mean_reward          | -142         |
|    success_rate         | 0            |
| time/                   |              |
|    total_timesteps      | 15000        |
| train/                  |              |
|    approx_kl            | 0.0120642865 |
|    clip_fraction        | 0.0688       |
|    clip_range           | 0.2          |
|    entropy_loss         | -9.63        |
|    explained_variance   | 0.00633      |
|    learning_rate        | 0.0003       |
|    loss                 | 3.46         |
|    n_updates            | 70           |
|    policy_gradient_loss | -0.00542     |
|    std                  | 0.954        |
|    value_loss           | 17.7         |
------------------------------------------
New best mean reward!
---------------------------------
| rollout/           |          |
|    ep_len_mean     | 200      |
|    ep_rew_mean     | -174     |
|    success_rate    | 0        |
| time/              |          |
|    fps             | 864      |
|    iterations      | 8        |
|    time_elapsed    | 18       |
|    total_timesteps | 16384    |
---------------------------------
-----------------------------------------
| rollout/                |             |
|    ep_len_mean          | 200         |
|    ep_rew_mean          | -173        |
|    success_rate         | 0           |
| time/                   |             |
|    fps                  | 902         |
|    iterations           | 9           |
|    time_elapsed         | 20          |
|    total_timesteps      | 18432       |
| train/                  |             |
|    approx_kl            | 0.012150727 |
|    clip_fraction        | 0.0809      |
|    clip_range           | 0.2         |
|    entropy_loss         | -9.58       |
|    explained_variance   | 0.109       |
|    learning_rate        | 0.0003      |
|    loss                 | 0.796       |
|    n_updates            | 80          |
|    policy_gradient_loss | -0.0108     |
|    std                  | 0.945       |
|    value_loss           | 9.96        |
-----------------------------------------
Eval num_timesteps=20000, episode_reward=-129.80 +/- 17.03
Episode length: 200.00 +/- 0.00
Success rate: 0.00%
-----------------------------------------
| eval/                   |             |
|    mean_ep_length       | 200         |
|    mean_reward          | -130        |
|    success_rate         | 0           |
| time/                   |             |
|    total_timesteps      | 20000       |
| train/                  |             |
|    approx_kl            | 0.014609801 |
|    clip_fraction        | 0.124       |
|    clip_range           | 0.2         |
|    entropy_loss         | -9.52       |
|    explained_variance   | 0.681       |
|    learning_rate        | 0.0003      |
|    loss                 | 1           |
|    n_updates            | 90          |
|    policy_gradient_loss | -0.0178     |
|    std                  | 0.942       |
|    value_loss           | 6.64        |
-----------------------------------------
New best mean reward!
---------------------------------
| rollout/           |          |
|    ep_len_mean     | 200      |
|    ep_rew_mean     | -170     |
|    success_rate    | 0        |
| time/              |          |
|    fps             | 841      |
|    iterations      | 10       |
|    time_elapsed    | 24       |
|    total_timesteps | 20480    |
---------------------------------
----------------------------------------
| rollout/                |            |
|    ep_len_mean          | 200        |
|    ep_rew_mean          | -165       |
|    success_rate         | 0          |
| time/                   |            |
|    fps                  | 873        |
|    iterations           | 11         |
|    time_elapsed         | 25         |
|    total_timesteps      | 22528      |
| train/                  |            |
|    approx_kl            | 0.01314795 |
|    clip_fraction        | 0.11       |
|    clip_range           | 0.2        |
|    entropy_loss         | -9.52      |
|    explained_variance   | 0.818      |
|    learning_rate        | 0.0003     |
|    loss                 | 0.655      |
|    n_updates            | 100        |
|    policy_gradient_loss | -0.016     |
|    std                  | 0.947      |
|    value_loss           | 5.96       |
----------------------------------------
-----------------------------------------
| rollout/                |             |
|    ep_len_mean          | 200         |
|    ep_rew_mean          | -159        |
|    success_rate         | 0           |
| time/                   |             |
|    fps                  | 902         |
|    iterations           | 12          |
|    time_elapsed         | 27          |
|    total_timesteps      | 24576       |
| train/                  |             |
|    approx_kl            | 0.020295367 |
|    clip_fraction        | 0.218       |
|    clip_range           | 0.2         |
|    entropy_loss         | -9.5        |
|    explained_variance   | 0.943       |
|    learning_rate        | 0.0003      |
|    loss                 | 1.02        |
|    n_updates            | 110         |
|    policy_gradient_loss | -0.0247     |
|    std                  | 0.937       |
|    value_loss           | 2.12        |
-----------------------------------------
Eval num_timesteps=25000, episode_reward=-110.37 +/- 10.94
Episode length: 200.00 +/- 0.00
Success rate: 0.00%
----------------------------------------
| eval/                   |            |
|    mean_ep_length       | 200        |
|    mean_reward          | -110       |
|    success_rate         | 0          |
| time/                   |            |
|    total_timesteps      | 25000      |
| train/                  |            |
|    approx_kl            | 0.01792543 |
|    clip_fraction        | 0.193      |
|    clip_range           | 0.2        |
|    entropy_loss         | -9.47      |
|    explained_variance   | 0.968      |
|    learning_rate        | 0.0003     |
|    loss                 | 0.508      |
|    n_updates            | 120        |
|    policy_gradient_loss | -0.0232    |
|    std                  | 0.936      |
|    value_loss           | 1.79       |
----------------------------------------
New best mean reward!
---------------------------------
| rollout/           |          |
|    ep_len_mean     | 200      |
|    ep_rew_mean     | -153     |
|    success_rate    | 0        |
| time/              |          |
|    fps             | 851      |
|    iterations      | 13       |
|    time_elapsed    | 31       |
|    total_timesteps | 26624    |
---------------------------------
----------------------------------------
| rollout/                |            |
|    ep_len_mean          | 200        |
|    ep_rew_mean          | -148       |
|    success_rate         | 0          |
| time/                   |            |
|    fps                  | 875        |
|    iterations           | 14         |
|    time_elapsed         | 32         |
|    total_timesteps      | 28672      |
| train/                  |            |
|    approx_kl            | 0.01483451 |
|    clip_fraction        | 0.195      |
|    clip_range           | 0.2        |
|    entropy_loss         | -9.46      |
|    explained_variance   | 0.963      |
|    learning_rate        | 0.0003     |
|    loss                 | 0.472      |
|    n_updates            | 130        |
|    policy_gradient_loss | -0.0244    |
|    std                  | 0.935      |
|    value_loss           | 2.26       |
----------------------------------------
Eval num_timesteps=30000, episode_reward=-109.90 +/- 10.34
Episode length: 200.00 +/- 0.00
Success rate: 0.00%
-----------------------------------------
| eval/                   |             |
|    mean_ep_length       | 200         |
|    mean_reward          | -110        |
|    success_rate         | 0           |
| time/                   |             |
|    total_timesteps      | 30000       |
| train/                  |             |
|    approx_kl            | 0.014300941 |
|    clip_fraction        | 0.164       |
|    clip_range           | 0.2         |
|    entropy_loss         | -9.45       |
|    explained_variance   | 0.959       |
|    learning_rate        | 0.0003      |
|    loss                 | 0.409       |
|    n_updates            | 140         |
|    policy_gradient_loss | -0.0196     |
|    std                  | 0.934       |
|    value_loss           | 1.52        |
-----------------------------------------
New best mean reward!
---------------------------------
| rollout/           |          |
|    ep_len_mean     | 200      |
|    ep_rew_mean     | -143     |
|    success_rate    | 0        |
| time/              |          |
|    fps             | 832      |
|    iterations      | 15       |
|    time_elapsed    | 36       |
|    total_timesteps | 30720    |
---------------------------------
------------------------------------------
| rollout/                |              |
|    ep_len_mean          | 200          |
|    ep_rew_mean          | -138         |
|    success_rate         | 0            |
| time/                   |              |
|    fps                  | 854          |
|    iterations           | 16           |
|    time_elapsed         | 38           |
|    total_timesteps      | 32768        |
| train/                  |              |
|    approx_kl            | 0.0137168635 |
|    clip_fraction        | 0.152        |
|    clip_range           | 0.2          |
|    entropy_loss         | -9.44        |
|    explained_variance   | 0.944        |
|    learning_rate        | 0.0003       |
|    loss                 | 0.321        |
|    n_updates            | 150          |
|    policy_gradient_loss | -0.0209      |
|    std                  | 0.934        |
|    value_loss           | 1.57         |
------------------------------------------
-----------------------------------------
| rollout/                |             |
|    ep_len_mean          | 200         |
|    ep_rew_mean          | -132        |
|    success_rate         | 0           |
| time/                   |             |
|    fps                  | 874         |
|    iterations           | 17          |
|    time_elapsed         | 39          |
|    total_timesteps      | 34816       |
| train/                  |             |
|    approx_kl            | 0.015675128 |
|    clip_fraction        | 0.171       |
|    clip_range           | 0.2         |
|    entropy_loss         | -9.44       |
|    explained_variance   | 0.937       |
|    learning_rate        | 0.0003      |
|    loss                 | 0.662       |
|    n_updates            | 160         |
|    policy_gradient_loss | -0.0217     |
|    std                  | 0.932       |
|    value_loss           | 1.57        |
-----------------------------------------
Eval num_timesteps=35000, episode_reward=-100.72 +/- 8.72
Episode length: 200.00 +/- 0.00
Success rate: 0.00%
-----------------------------------------
| eval/                   |             |
|    mean_ep_length       | 200         |
|    mean_reward          | -101        |
|    success_rate         | 0           |
| time/                   |             |
|    total_timesteps      | 35000       |
| train/                  |             |
|    approx_kl            | 0.016507853 |
|    clip_fraction        | 0.177       |
|    clip_range           | 0.2         |
|    entropy_loss         | -9.4        |
|    explained_variance   | 0.957       |
|    learning_rate        | 0.0003      |
|    loss                 | 0.158       |
|    n_updates            | 170         |
|    policy_gradient_loss | -0.021      |
|    std                  | 0.927       |
|    value_loss           | 0.807       |
-----------------------------------------
New best mean reward!
---------------------------------
| rollout/           |          |
|    ep_len_mean     | 200      |
|    ep_rew_mean     | -125     |
|    success_rate    | 0        |
| time/              |          |
|    fps             | 841      |
|    iterations      | 18       |
|    time_elapsed    | 43       |
|    total_timesteps | 36864    |
---------------------------------
------------------------------------------
| rollout/                |              |
|    ep_len_mean          | 200          |
|    ep_rew_mean          | -119         |
|    success_rate         | 0            |
| time/                   |              |
|    fps                  | 858          |
|    iterations           | 19           |
|    time_elapsed         | 45           |
|    total_timesteps      | 38912        |
| train/                  |              |
|    approx_kl            | 0.0141009055 |
|    clip_fraction        | 0.143        |
|    clip_range           | 0.2          |
|    entropy_loss         | -9.37        |
|    explained_variance   | 0.838        |
|    learning_rate        | 0.0003       |
|    loss                 | 0.215        |
|    n_updates            | 180          |
|    policy_gradient_loss | -0.0188      |
|    std                  | 0.922        |
|    value_loss           | 1.07         |
------------------------------------------
Eval num_timesteps=40000, episode_reward=-97.56 +/- 7.97
Episode length: 200.00 +/- 0.00
Success rate: 0.00%
-----------------------------------------
| eval/                   |             |
|    mean_ep_length       | 200         |
|    mean_reward          | -97.6       |
|    success_rate         | 0           |
| time/                   |             |
|    total_timesteps      | 40000       |
| train/                  |             |
|    approx_kl            | 0.015760893 |
|    clip_fraction        | 0.166       |
|    clip_range           | 0.2         |
|    entropy_loss         | -9.34       |
|    explained_variance   | 0.889       |
|    learning_rate        | 0.0003      |
|    loss                 | 0.285       |
|    n_updates            | 190         |
|    policy_gradient_loss | -0.0206     |
|    std                  | 0.92        |
|    value_loss           | 0.893       |
-----------------------------------------
New best mean reward!
---------------------------------
| rollout/           |          |
|    ep_len_mean     | 200      |
|    ep_rew_mean     | -115     |
|    success_rate    | 0        |
| time/              |          |
|    fps             | 828      |
|    iterations      | 20       |
|    time_elapsed    | 49       |
|    total_timesteps | 40960    |
---------------------------------
-----------------------------------------
| rollout/                |             |
|    ep_len_mean          | 200         |
|    ep_rew_mean          | -111        |
|    success_rate         | 0           |
| time/                   |             |
|    fps                  | 844         |
|    iterations           | 21          |
|    time_elapsed         | 50          |
|    total_timesteps      | 43008       |
| train/                  |             |
|    approx_kl            | 0.016040653 |
|    clip_fraction        | 0.2         |
|    clip_range           | 0.2         |
|    entropy_loss         | -9.32       |
|    explained_variance   | 0.964       |
|    learning_rate        | 0.0003      |
|    loss                 | 0.15        |
|    n_updates            | 200         |
|    policy_gradient_loss | -0.0258     |
|    std                  | 0.915       |
|    value_loss           | 0.487       |
-----------------------------------------
Eval num_timesteps=45000, episode_reward=-87.34 +/- 8.29
Episode length: 200.00 +/- 0.00
Success rate: 0.00%
-----------------------------------------
| eval/                   |             |
|    mean_ep_length       | 200         |
|    mean_reward          | -87.3       |
|    success_rate         | 0           |
| time/                   |             |
|    total_timesteps      | 45000       |
| train/                  |             |
|    approx_kl            | 0.015827686 |
|    clip_fraction        | 0.2         |
|    clip_range           | 0.2         |
|    entropy_loss         | -9.3        |
|    explained_variance   | 0.966       |
|    learning_rate        | 0.0003      |
|    loss                 | 0.116       |
|    n_updates            | 210         |
|    policy_gradient_loss | -0.0253     |
|    std                  | 0.915       |
|    value_loss           | 0.515       |
-----------------------------------------
New best mean reward!
---------------------------------
| rollout/           |          |
|    ep_len_mean     | 200      |
|    ep_rew_mean     | -108     |
|    success_rate    | 0        |
| time/              |          |
|    fps             | 820      |
|    iterations      | 22       |
|    time_elapsed    | 54       |
|    total_timesteps | 45056    |
---------------------------------
-----------------------------------------
| rollout/                |             |
|    ep_len_mean          | 200         |
|    ep_rew_mean          | -103        |
|    success_rate         | 0           |
| time/                   |             |
|    fps                  | 833         |
|    iterations           | 23          |
|    time_elapsed         | 56          |
|    total_timesteps      | 47104       |
| train/                  |             |
|    approx_kl            | 0.015031634 |
|    clip_fraction        | 0.183       |
|    clip_range           | 0.2         |
|    entropy_loss         | -9.29       |
|    explained_variance   | 0.95        |
|    learning_rate        | 0.0003      |
|    loss                 | 0.139       |
|    n_updates            | 220         |
|    policy_gradient_loss | -0.0208     |
|    std                  | 0.913       |
|    value_loss           | 0.495       |
-----------------------------------------
-----------------------------------------
| rollout/                |             |
|    ep_len_mean          | 200         |
|    ep_rew_mean          | -100        |
|    success_rate         | 0           |
| time/                   |             |
|    fps                  | 847         |
|    iterations           | 24          |
|    time_elapsed         | 57          |
|    total_timesteps      | 49152       |
| train/                  |             |
|    approx_kl            | 0.013284577 |
|    clip_fraction        | 0.197       |
|    clip_range           | 0.2         |
|    entropy_loss         | -9.26       |
|    explained_variance   | 0.968       |
|    learning_rate        | 0.0003      |
|    loss                 | 0.117       |
|    n_updates            | 230         |
|    policy_gradient_loss | -0.0245     |
|    std                  | 0.909       |
|    value_loss           | 0.523       |
-----------------------------------------
Eval num_timesteps=50000, episode_reward=-64.82 +/- 10.89
Episode length: 193.37 +/- 25.33
Success rate: 3.33%
-----------------------------------------
| eval/                   |             |
|    mean_ep_length       | 193         |
|    mean_reward          | -64.8       |
|    success_rate         | 0.0333      |
| time/                   |             |
|    total_timesteps      | 50000       |
| train/                  |             |
|    approx_kl            | 0.015271902 |
|    clip_fraction        | 0.167       |
|    clip_range           | 0.2         |
|    entropy_loss         | -9.25       |
|    explained_variance   | 0.974       |
|    learning_rate        | 0.0003      |
|    loss                 | 0.0801      |
|    n_updates            | 240         |
|    policy_gradient_loss | -0.0201     |
|    std                  | 0.908       |
|    value_loss           | 0.402       |
-----------------------------------------
New best mean reward!
---------------------------------
| rollout/           |          |
|    ep_len_mean     | 199      |
|    ep_rew_mean     | -94.1    |
|    success_rate    | 0.01     |
| time/              |          |
|    fps             | 824      |
|    iterations      | 25       |
|    time_elapsed    | 62       |
|    total_timesteps | 51200    |
---------------------------------
-----------------------------------------
| rollout/                |             |
|    ep_len_mean          | 198         |
|    ep_rew_mean          | -90.1       |
|    success_rate         | 0.01        |
| time/                   |             |
|    fps                  | 836         |
|    iterations           | 26          |
|    time_elapsed         | 63          |
|    total_timesteps      | 53248       |
| train/                  |             |
|    approx_kl            | 0.015990311 |
|    clip_fraction        | 0.181       |
|    clip_range           | 0.2         |
|    entropy_loss         | -9.23       |
|    explained_variance   | 0.861       |
|    learning_rate        | 0.0003      |
|    loss                 | 2.22        |
|    n_updates            | 250         |
|    policy_gradient_loss | -0.0206     |
|    std                  | 0.904       |
|    value_loss           | 3.12        |
-----------------------------------------
Eval num_timesteps=55000, episode_reward=-66.66 +/- 13.24
Episode length: 194.57 +/- 20.45
Success rate: 3.33%
----------------------------------------
| eval/                   |            |
|    mean_ep_length       | 195        |
|    mean_reward          | -66.7      |
|    success_rate         | 0.0333     |
| time/                   |            |
|    total_timesteps      | 55000      |
| train/                  |            |
|    approx_kl            | 0.01272301 |
|    clip_fraction        | 0.125      |
|    clip_range           | 0.2        |
|    entropy_loss         | -9.2       |
|    explained_variance   | 0.954      |
|    learning_rate        | 0.0003     |
|    loss                 | 1.35       |
|    n_updates            | 260        |
|    policy_gradient_loss | -0.0135    |
|    std                  | 0.901      |
|    value_loss           | 1.48       |
----------------------------------------
---------------------------------
| rollout/           |          |
|    ep_len_mean     | 198      |
|    ep_rew_mean     | -86.7    |
|    success_rate    | 0.02     |
| time/              |          |
|    fps             | 816      |
|    iterations      | 27       |
|    time_elapsed    | 67       |
|    total_timesteps | 55296    |
---------------------------------
-----------------------------------------
| rollout/                |             |
|    ep_len_mean          | 197         |
|    ep_rew_mean          | -83.3       |
|    success_rate         | 0.03        |
| time/                   |             |
|    fps                  | 827         |
|    iterations           | 28          |
|    time_elapsed         | 69          |
|    total_timesteps      | 57344       |
| train/                  |             |
|    approx_kl            | 0.011121602 |
|    clip_fraction        | 0.113       |
|    clip_range           | 0.2         |
|    entropy_loss         | -9.17       |
|    explained_variance   | 0.941       |
|    learning_rate        | 0.0003      |
|    loss                 | 1.36        |
|    n_updates            | 270         |
|    policy_gradient_loss | -0.0132     |
|    std                  | 0.899       |
|    value_loss           | 2.73        |
-----------------------------------------
-----------------------------------------
| rollout/                |             |
|    ep_len_mean          | 196         |
|    ep_rew_mean          | -78.8       |
|    success_rate         | 0.05        |
| time/                   |             |
|    fps                  | 838         |
|    iterations           | 29          |
|    time_elapsed         | 70          |
|    total_timesteps      | 59392       |
| train/                  |             |
|    approx_kl            | 0.013182217 |
|    clip_fraction        | 0.139       |
|    clip_range           | 0.2         |
|    entropy_loss         | -9.15       |
|    explained_variance   | 0.915       |
|    learning_rate        | 0.0003      |
|    loss                 | 0.948       |
|    n_updates            | 280         |
|    policy_gradient_loss | -0.0148     |
|    std                  | 0.895       |
|    value_loss           | 3.16        |
-----------------------------------------
Eval num_timesteps=60000, episode_reward=-60.92 +/- 14.41
Episode length: 187.93 +/- 31.93
Success rate: 13.33%
-----------------------------------------
| eval/                   |             |
|    mean_ep_length       | 188         |
|    mean_reward          | -60.9       |
|    success_rate         | 0.133       |
| time/                   |             |
|    total_timesteps      | 60000       |
| train/                  |             |
|    approx_kl            | 0.012102958 |
|    clip_fraction        | 0.125       |
|    clip_range           | 0.2         |
|    entropy_loss         | -9.11       |
|    explained_variance   | 0.969       |
|    learning_rate        | 0.0003      |
|    loss                 | 0.417       |
|    n_updates            | 290         |
|    policy_gradient_loss | -0.0138     |
|    std                  | 0.889       |
|    value_loss           | 1.51        |
-----------------------------------------
New best mean reward!
---------------------------------
| rollout/           |          |
|    ep_len_mean     | 194      |
|    ep_rew_mean     | -75.1    |
|    success_rate    | 0.07     |
| time/              |          |
|    fps             | 820      |
|    iterations      | 30       |
|    time_elapsed    | 74       |
|    total_timesteps | 61440    |
---------------------------------
-----------------------------------------
| rollout/                |             |
|    ep_len_mean          | 193         |
|    ep_rew_mean          | -70.9       |
|    success_rate         | 0.09        |
| time/                   |             |
|    fps                  | 829         |
|    iterations           | 31          |
|    time_elapsed         | 76          |
|    total_timesteps      | 63488       |
| train/                  |             |
|    approx_kl            | 0.014041185 |
|    clip_fraction        | 0.139       |
|    clip_range           | 0.2         |
|    entropy_loss         | -9.07       |
|    explained_variance   | 0.911       |
|    learning_rate        | 0.0003      |
|    loss                 | 0.685       |
|    n_updates            | 300         |
|    policy_gradient_loss | -0.0158     |
|    std                  | 0.883       |
|    value_loss           | 5.27        |
-----------------------------------------
Eval num_timesteps=65000, episode_reward=-48.74 +/- 19.11
Episode length: 167.20 +/- 50.49
Success rate: 30.00%
-----------------------------------------
| eval/                   |             |
|    mean_ep_length       | 167         |
|    mean_reward          | -48.7       |
|    success_rate         | 0.3         |
| time/                   |             |
|    total_timesteps      | 65000       |
| train/                  |             |
|    approx_kl            | 0.015976083 |
|    clip_fraction        | 0.143       |
|    clip_range           | 0.2         |
|    entropy_loss         | -9.03       |
|    explained_variance   | 0.926       |
|    learning_rate        | 0.0003      |
|    loss                 | 3.54        |
|    n_updates            | 310         |
|    policy_gradient_loss | -0.0136     |
|    std                  | 0.879       |
|    value_loss           | 4.76        |
-----------------------------------------
New best mean reward!
---------------------------------
| rollout/           |          |
|    ep_len_mean     | 191      |
|    ep_rew_mean     | -67.1    |
|    success_rate    | 0.13     |
| time/              |          |
|    fps             | 813      |
|    iterations      | 32       |
|    time_elapsed    | 80       |
|    total_timesteps | 65536    |
---------------------------------
-----------------------------------------
| rollout/                |             |
|    ep_len_mean          | 190         |
|    ep_rew_mean          | -64.5       |
|    success_rate         | 0.15        |
| time/                   |             |
|    fps                  | 823         |
|    iterations           | 33          |
|    time_elapsed         | 82          |
|    total_timesteps      | 67584       |
| train/                  |             |
|    approx_kl            | 0.014492568 |
|    clip_fraction        | 0.157       |
|    clip_range           | 0.2         |
|    entropy_loss         | -9          |
|    explained_variance   | 0.885       |
|    learning_rate        | 0.0003      |
|    loss                 | 3.88        |
|    n_updates            | 320         |
|    policy_gradient_loss | -0.0171     |
|    std                  | 0.878       |
|    value_loss           | 7.86        |
-----------------------------------------
----------------------------------------
| rollout/                |            |
|    ep_len_mean          | 187        |
|    ep_rew_mean          | -61.9      |
|    success_rate         | 0.18       |
| time/                   |            |
|    fps                  | 832        |
|    iterations           | 34         |
|    time_elapsed         | 83         |
|    total_timesteps      | 69632      |
| train/                  |            |
|    approx_kl            | 0.01695524 |
|    clip_fraction        | 0.193      |
|    clip_range           | 0.2        |
|    entropy_loss         | -8.99      |
|    explained_variance   | 0.937      |
|    learning_rate        | 0.0003     |
|    loss                 | 0.635      |
|    n_updates            | 330        |
|    policy_gradient_loss | -0.0198    |
|    std                  | 0.874      |
|    value_loss           | 4.19       |
----------------------------------------
Eval num_timesteps=70000, episode_reward=-45.42 +/- 16.13
Episode length: 165.97 +/- 49.76
Success rate: 33.33%
-----------------------------------------
| eval/                   |             |
|    mean_ep_length       | 166         |
|    mean_reward          | -45.4       |
|    success_rate         | 0.333       |
| time/                   |             |
|    total_timesteps      | 70000       |
| train/                  |             |
|    approx_kl            | 0.018203847 |
|    clip_fraction        | 0.193       |
|    clip_range           | 0.2         |
|    entropy_loss         | -8.95       |
|    explained_variance   | 0.942       |
|    learning_rate        | 0.0003      |
|    loss                 | 0.656       |
|    n_updates            | 340         |
|    policy_gradient_loss | -0.0156     |
|    std                  | 0.868       |
|    value_loss           | 4.07        |
-----------------------------------------
New best mean reward!
---------------------------------
| rollout/           |          |
|    ep_len_mean     | 182      |
|    ep_rew_mean     | -58.3    |
|    success_rate    | 0.24     |
| time/              |          |
|    fps             | 820      |
|    iterations      | 35       |
|    time_elapsed    | 87       |
|    total_timesteps | 71680    |
---------------------------------
-----------------------------------------
| rollout/                |             |
|    ep_len_mean          | 178         |
|    ep_rew_mean          | -56.2       |
|    success_rate         | 0.28        |
| time/                   |             |
|    fps                  | 829         |
|    iterations           | 36          |
|    time_elapsed         | 88          |
|    total_timesteps      | 73728       |
| train/                  |             |
|    approx_kl            | 0.013306364 |
|    clip_fraction        | 0.169       |
|    clip_range           | 0.2         |
|    entropy_loss         | -8.92       |
|    explained_variance   | 0.941       |
|    learning_rate        | 0.0003      |
|    loss                 | 0.56        |
|    n_updates            | 350         |
|    policy_gradient_loss | -0.0196     |
|    std                  | 0.869       |
|    value_loss           | 4.88        |
-----------------------------------------
Eval num_timesteps=75000, episode_reward=-50.57 +/- 13.32
Episode length: 187.57 +/- 33.48
Success rate: 13.33%
------------------------------------------
| eval/                   |              |
|    mean_ep_length       | 188          |
|    mean_reward          | -50.6        |
|    success_rate         | 0.133        |
| time/                   |              |
|    total_timesteps      | 75000        |
| train/                  |              |
|    approx_kl            | 0.0142498715 |
|    clip_fraction        | 0.159        |
|    clip_range           | 0.2          |
|    entropy_loss         | -8.93        |
|    explained_variance   | 0.967        |
|    learning_rate        | 0.0003       |
|    loss                 | 1.35         |
|    n_updates            | 360          |
|    policy_gradient_loss | -0.0156      |
|    std                  | 0.87         |
|    value_loss           | 3.32         |
------------------------------------------
---------------------------------
| rollout/           |          |
|    ep_len_mean     | 179      |
|    ep_rew_mean     | -55      |
|    success_rate    | 0.29     |
| time/              |          |
|    fps             | 815      |
|    iterations      | 37       |
|    time_elapsed    | 92       |
|    total_timesteps | 75776    |
---------------------------------
-----------------------------------------
| rollout/                |             |
|    ep_len_mean          | 177         |
|    ep_rew_mean          | -54.6       |
|    success_rate         | 0.29        |
| time/                   |             |
|    fps                  | 824         |
|    iterations           | 38          |
|    time_elapsed         | 94          |
|    total_timesteps      | 77824       |
| train/                  |             |
|    approx_kl            | 0.015585094 |
|    clip_fraction        | 0.197       |
|    clip_range           | 0.2         |
|    entropy_loss         | -8.9        |
|    explained_variance   | 0.979       |
|    learning_rate        | 0.0003      |
|    loss                 | 0.539       |
|    n_updates            | 370         |
|    policy_gradient_loss | -0.0188     |
|    std                  | 0.864       |
|    value_loss           | 1.63        |
-----------------------------------------
-----------------------------------------
| rollout/                |             |
|    ep_len_mean          | 176         |
|    ep_rew_mean          | -53.5       |
|    success_rate         | 0.31        |
| time/                   |             |
|    fps                  | 832         |
|    iterations           | 39          |
|    time_elapsed         | 95          |
|    total_timesteps      | 79872       |
| train/                  |             |
|    approx_kl            | 0.013550591 |
|    clip_fraction        | 0.163       |
|    clip_range           | 0.2         |
|    entropy_loss         | -8.89       |
|    explained_variance   | 0.973       |
|    learning_rate        | 0.0003      |
|    loss                 | 0.539       |
|    n_updates            | 380         |
|    policy_gradient_loss | -0.0142     |
|    std                  | 0.865       |
|    value_loss           | 1.49        |
-----------------------------------------
Eval num_timesteps=80000, episode_reward=-56.88 +/- 14.14
Episode length: 192.43 +/- 28.36
Success rate: 6.67%
----------------------------------------
| eval/                   |            |
|    mean_ep_length       | 192        |
|    mean_reward          | -56.9      |
|    success_rate         | 0.0667     |
| time/                   |            |
|    total_timesteps      | 80000      |
| train/                  |            |
|    approx_kl            | 0.01565366 |
|    clip_fraction        | 0.204      |
|    clip_range           | 0.2        |
|    entropy_loss         | -8.85      |
|    explained_variance   | 0.981      |
|    learning_rate        | 0.0003     |
|    loss                 | 0.202      |
|    n_updates            | 390        |
|    policy_gradient_loss | -0.0173    |
|    std                  | 0.857      |
|    value_loss           | 1.83       |
----------------------------------------
---------------------------------
| rollout/           |          |
|    ep_len_mean     | 175      |
|    ep_rew_mean     | -52.6    |
|    success_rate    | 0.32     |
| time/              |          |
|    fps             | 819      |
|    iterations      | 40       |
|    time_elapsed    | 99       |
|    total_timesteps | 81920    |
---------------------------------
-----------------------------------------
| rollout/                |             |
|    ep_len_mean          | 176         |
|    ep_rew_mean          | -51.6       |
|    success_rate         | 0.3         |
| time/                   |             |
|    fps                  | 827         |
|    iterations           | 41          |
|    time_elapsed         | 101         |
|    total_timesteps      | 83968       |
| train/                  |             |
|    approx_kl            | 0.017301071 |
|    clip_fraction        | 0.204       |
|    clip_range           | 0.2         |
|    entropy_loss         | -8.79       |
|    explained_variance   | 0.979       |
|    learning_rate        | 0.0003      |
|    loss                 | 0.412       |
|    n_updates            | 400         |
|    policy_gradient_loss | -0.0192     |
|    std                  | 0.85        |
|    value_loss           | 0.906       |
-----------------------------------------
Eval num_timesteps=85000, episode_reward=-58.13 +/- 14.94
Episode length: 192.23 +/- 24.85
Success rate: 6.67%
-----------------------------------------
| eval/                   |             |
|    mean_ep_length       | 192         |
|    mean_reward          | -58.1       |
|    success_rate         | 0.0667      |
| time/                   |             |
|    total_timesteps      | 85000       |
| train/                  |             |
|    approx_kl            | 0.016282562 |
|    clip_fraction        | 0.221       |
|    clip_range           | 0.2         |
|    entropy_loss         | -8.72       |
|    explained_variance   | 0.995       |
|    learning_rate        | 0.0003      |
|    loss                 | 0.0357      |
|    n_updates            | 410         |
|    policy_gradient_loss | -0.0162     |
|    std                  | 0.841       |
|    value_loss           | 0.447       |
-----------------------------------------
---------------------------------
| rollout/           |          |
|    ep_len_mean     | 176      |
|    ep_rew_mean     | -51.3    |
|    success_rate    | 0.3      |
| time/              |          |
|    fps             | 815      |
|    iterations      | 42       |
|    time_elapsed    | 105      |
|    total_timesteps | 86016    |
---------------------------------
-----------------------------------------
| rollout/                |             |
|    ep_len_mean          | 180         |
|    ep_rew_mean          | -52.6       |
|    success_rate         | 0.26        |
| time/                   |             |
|    fps                  | 822         |
|    iterations           | 43          |
|    time_elapsed         | 107         |
|    total_timesteps      | 88064       |
| train/                  |             |
|    approx_kl            | 0.020037517 |
|    clip_fraction        | 0.222       |
|    clip_range           | 0.2         |
|    entropy_loss         | -8.67       |
|    explained_variance   | 0.988       |
|    learning_rate        | 0.0003      |
|    loss                 | 0.0838      |
|    n_updates            | 420         |
|    policy_gradient_loss | -0.0238     |
|    std                  | 0.837       |
|    value_loss           | 0.475       |
-----------------------------------------
Eval num_timesteps=90000, episode_reward=-63.92 +/- 12.59
Episode length: 196.33 +/- 19.75
Success rate: 3.33%
-----------------------------------------
| eval/                   |             |
|    mean_ep_length       | 196         |
|    mean_reward          | -63.9       |
|    success_rate         | 0.0333      |
| time/                   |             |
|    total_timesteps      | 90000       |
| train/                  |             |
|    approx_kl            | 0.016542781 |
|    clip_fraction        | 0.196       |
|    clip_range           | 0.2         |
|    entropy_loss         | -8.62       |
|    explained_variance   | 0.992       |
|    learning_rate        | 0.0003      |
|    loss                 | 0.0224      |
|    n_updates            | 430         |
|    policy_gradient_loss | -0.0169     |
|    std                  | 0.83        |
|    value_loss           | 0.379       |
-----------------------------------------
---------------------------------
| rollout/           |          |
|    ep_len_mean     | 182      |
|    ep_rew_mean     | -53.1    |
|    success_rate    | 0.24     |
| time/              |          |
|    fps             | 810      |
|    iterations      | 44       |
|    time_elapsed    | 111      |
|    total_timesteps | 90112    |
---------------------------------
-----------------------------------------
| rollout/                |             |
|    ep_len_mean          | 183         |
|    ep_rew_mean          | -53.2       |
|    success_rate         | 0.22        |
| time/                   |             |
|    fps                  | 817         |
|    iterations           | 45          |
|    time_elapsed         | 112         |
|    total_timesteps      | 92160       |
| train/                  |             |
|    approx_kl            | 0.014016377 |
|    clip_fraction        | 0.183       |
|    clip_range           | 0.2         |
|    entropy_loss         | -8.59       |
|    explained_variance   | 0.991       |
|    learning_rate        | 0.0003      |
|    loss                 | 0.124       |
|    n_updates            | 440         |
|    policy_gradient_loss | -0.0149     |
|    std                  | 0.83        |
|    value_loss           | 0.435       |
-----------------------------------------
-----------------------------------------
| rollout/                |             |
|    ep_len_mean          | 184         |
|    ep_rew_mean          | -53.6       |
|    success_rate         | 0.21        |
| time/                   |             |
|    fps                  | 824         |
|    iterations           | 46          |
|    time_elapsed         | 114         |
|    total_timesteps      | 94208       |
| train/                  |             |
|    approx_kl            | 0.016276604 |
|    clip_fraction        | 0.21        |
|    clip_range           | 0.2         |
|    entropy_loss         | -8.6        |
|    explained_variance   | 0.982       |
|    learning_rate        | 0.0003      |
|    loss                 | 0.131       |
|    n_updates            | 450         |
|    policy_gradient_loss | -0.0203     |
|    std                  | 0.832       |
|    value_loss           | 0.966       |
-----------------------------------------
Eval num_timesteps=95000, episode_reward=-61.31 +/- 18.67
Episode length: 188.03 +/- 36.03
Success rate: 10.00%
-----------------------------------------
| eval/                   |             |
|    mean_ep_length       | 188         |
|    mean_reward          | -61.3       |
|    success_rate         | 0.1         |
| time/                   |             |
|    total_timesteps      | 95000       |
| train/                  |             |
|    approx_kl            | 0.016974915 |
|    clip_fraction        | 0.194       |
|    clip_range           | 0.2         |
|    entropy_loss         | -8.57       |
|    explained_variance   | 0.993       |
|    learning_rate        | 0.0003      |
|    loss                 | 0.11        |
|    n_updates            | 460         |
|    policy_gradient_loss | -0.0146     |
|    std                  | 0.826       |
|    value_loss           | 0.374       |
-----------------------------------------
---------------------------------
| rollout/           |          |
|    ep_len_mean     | 183      |
|    ep_rew_mean     | -53.1    |
|    success_rate    | 0.21     |
| time/              |          |
|    fps             | 813      |
|    iterations      | 47       |
|    time_elapsed    | 118      |
|    total_timesteps | 96256    |
---------------------------------
-----------------------------------------
| rollout/                |             |
|    ep_len_mean          | 184         |
|    ep_rew_mean          | -53.5       |
|    success_rate         | 0.21        |
| time/                   |             |
|    fps                  | 819         |
|    iterations           | 48          |
|    time_elapsed         | 120         |
|    total_timesteps      | 98304       |
| train/                  |             |
|    approx_kl            | 0.014862074 |
|    clip_fraction        | 0.163       |
|    clip_range           | 0.2         |
|    entropy_loss         | -8.54       |
|    explained_variance   | 0.99        |
|    learning_rate        | 0.0003      |
|    loss                 | 0.136       |
|    n_updates            | 470         |
|    policy_gradient_loss | -0.0164     |
|    std                  | 0.824       |
|    value_loss           | 0.452       |
-----------------------------------------
Eval num_timesteps=100000, episode_reward=-70.61 +/- 18.55
Episode length: 191.87 +/- 30.52
Success rate: 6.67%
-----------------------------------------
| eval/                   |             |
|    mean_ep_length       | 192         |
|    mean_reward          | -70.6       |
|    success_rate         | 0.0667      |
| time/                   |             |
|    total_timesteps      | 100000      |
| train/                  |             |
|    approx_kl            | 0.013181203 |
|    clip_fraction        | 0.143       |
|    clip_range           | 0.2         |
|    entropy_loss         | -8.52       |
|    explained_variance   | 0.971       |
|    learning_rate        | 0.0003      |
|    loss                 | 0.475       |
|    n_updates            | 480         |
|    policy_gradient_loss | -0.0135     |
|    std                  | 0.821       |
|    value_loss           | 1.98        |
-----------------------------------------
---------------------------------
| rollout/           |          |
|    ep_len_mean     | 185      |
|    ep_rew_mean     | -54.4    |
|    success_rate    | 0.19     |
| time/              |          |
|    fps             | 809      |
|    iterations      | 49       |
|    time_elapsed    | 124      |
|    total_timesteps | 100352   |
---------------------------------
-----------------------------------------
| rollout/                |             |
|    ep_len_mean          | 182         |
|    ep_rew_mean          | -54.1       |
|    success_rate         | 0.2         |
| time/                   |             |
|    fps                  | 815         |
|    iterations           | 50          |
|    time_elapsed         | 125         |
|    total_timesteps      | 102400      |
| train/                  |             |
|    approx_kl            | 0.015869044 |
|    clip_fraction        | 0.207       |
|    clip_range           | 0.2         |
|    entropy_loss         | -8.51       |
|    explained_variance   | 0.994       |
|    learning_rate        | 0.0003      |
|    loss                 | 0.0109      |
|    n_updates            | 490         |
|    policy_gradient_loss | -0.0217     |
|    std                  | 0.822       |
|    value_loss           | 0.252       |
-----------------------------------------
-----------------------------------------
| rollout/                |             |
|    ep_len_mean          | 180         |
|    ep_rew_mean          | -53.4       |
|    success_rate         | 0.21        |
| time/                   |             |
|    fps                  | 821         |
|    iterations           | 51          |
|    time_elapsed         | 127         |
|    total_timesteps      | 104448      |
| train/                  |             |
|    approx_kl            | 0.016130198 |
|    clip_fraction        | 0.191       |
|    clip_range           | 0.2         |
|    entropy_loss         | -8.5        |
|    explained_variance   | 0.99        |
|    learning_rate        | 0.0003      |
|    loss                 | 0.0897      |
|    n_updates            | 500         |
|    policy_gradient_loss | -0.015      |
|    std                  | 0.821       |
|    value_loss           | 0.5         |
-----------------------------------------
Eval num_timesteps=105000, episode_reward=-53.56 +/- 20.35
Episode length: 178.07 +/- 44.31
Success rate: 20.00%
-----------------------------------------
| eval/                   |             |
|    mean_ep_length       | 178         |
|    mean_reward          | -53.6       |
|    success_rate         | 0.2         |
| time/                   |             |
|    total_timesteps      | 105000      |
| train/                  |             |
|    approx_kl            | 0.015113767 |
|    clip_fraction        | 0.172       |
|    clip_range           | 0.2         |
|    entropy_loss         | -8.48       |
|    explained_variance   | 0.988       |
|    learning_rate        | 0.0003      |
|    loss                 | 0.153       |
|    n_updates            | 510         |
|    policy_gradient_loss | -0.0139     |
|    std                  | 0.818       |
|    value_loss           | 0.521       |
-----------------------------------------
---------------------------------
| rollout/           |          |
|    ep_len_mean     | 177      |
|    ep_rew_mean     | -52.1    |
|    success_rate    | 0.25     |
| time/              |          |
|    fps             | 812      |
|    iterations      | 52       |
|    time_elapsed    | 131      |
|    total_timesteps | 106496   |
---------------------------------
-----------------------------------------
| rollout/                |             |
|    ep_len_mean          | 177         |
|    ep_rew_mean          | -51.5       |
|    success_rate         | 0.26        |
| time/                   |             |
|    fps                  | 818         |
|    iterations           | 53          |
|    time_elapsed         | 132         |
|    total_timesteps      | 108544      |
| train/                  |             |
|    approx_kl            | 0.014734978 |
|    clip_fraction        | 0.166       |
|    clip_range           | 0.2         |
|    entropy_loss         | -8.45       |
|    explained_variance   | 0.972       |
|    learning_rate        | 0.0003      |
|    loss                 | 0.18        |
|    n_updates            | 520         |
|    policy_gradient_loss | -0.0181     |
|    std                  | 0.812       |
|    value_loss           | 1           |
-----------------------------------------
Eval num_timesteps=110000, episode_reward=-56.33 +/- 16.34
Episode length: 185.13 +/- 37.99
Success rate: 13.33%
-----------------------------------------
| eval/                   |             |
|    mean_ep_length       | 185         |
|    mean_reward          | -56.3       |
|    success_rate         | 0.133       |
| time/                   |             |
|    total_timesteps      | 110000      |
| train/                  |             |
|    approx_kl            | 0.014655107 |
|    clip_fraction        | 0.2         |
|    clip_range           | 0.2         |
|    entropy_loss         | -8.44       |
|    explained_variance   | 0.992       |
|    learning_rate        | 0.0003      |
|    loss                 | 0.0895      |
|    n_updates            | 530         |
|    policy_gradient_loss | -0.0187     |
|    std                  | 0.814       |
|    value_loss           | 0.398       |
-----------------------------------------
---------------------------------
| rollout/           |          |
|    ep_len_mean     | 172      |
|    ep_rew_mean     | -49.7    |
|    success_rate    | 0.31     |
| time/              |          |
|    fps             | 809      |
|    iterations      | 54       |
|    time_elapsed    | 136      |
|    total_timesteps | 110592   |
---------------------------------
-----------------------------------------
| rollout/                |             |
|    ep_len_mean          | 169         |
|    ep_rew_mean          | -48.6       |
|    success_rate         | 0.34        |
| time/                   |             |
|    fps                  | 814         |
|    iterations           | 55          |
|    time_elapsed         | 138         |
|    total_timesteps      | 112640      |
| train/                  |             |
|    approx_kl            | 0.016512018 |
|    clip_fraction        | 0.205       |
|    clip_range           | 0.2         |
|    entropy_loss         | -8.4        |
|    explained_variance   | 0.994       |
|    learning_rate        | 0.0003      |
|    loss                 | 0.0588      |
|    n_updates            | 540         |
|    policy_gradient_loss | -0.0194     |
|    std                  | 0.807       |
|    value_loss           | 0.282       |
-----------------------------------------
----------------------------------------
| rollout/                |            |
|    ep_len_mean          | 168        |
|    ep_rew_mean          | -47.2      |
|    success_rate         | 0.35       |
| time/                   |            |
|    fps                  | 820        |
|    iterations           | 56         |
|    time_elapsed         | 139        |
|    total_timesteps      | 114688     |
| train/                  |            |
|    approx_kl            | 0.01697253 |
|    clip_fraction        | 0.168      |
|    clip_range           | 0.2        |
|    entropy_loss         | -8.37      |
|    explained_variance   | 0.97       |
|    learning_rate        | 0.0003     |
|    loss                 | 0.209      |
|    n_updates            | 550        |
|    policy_gradient_loss | -0.0133    |
|    std                  | 0.807      |
|    value_loss           | 1.42       |
----------------------------------------
Eval num_timesteps=115000, episode_reward=-49.78 +/- 20.60
Episode length: 166.97 +/- 49.87
Success rate: 30.00%
-----------------------------------------
| eval/                   |             |
|    mean_ep_length       | 167         |
|    mean_reward          | -49.8       |
|    success_rate         | 0.3         |
| time/                   |             |
|    total_timesteps      | 115000      |
| train/                  |             |
|    approx_kl            | 0.014761345 |
|    clip_fraction        | 0.168       |
|    clip_range           | 0.2         |
|    entropy_loss         | -8.37       |
|    explained_variance   | 0.98        |
|    learning_rate        | 0.0003      |
|    loss                 | 0.176       |
|    n_updates            | 560         |
|    policy_gradient_loss | -0.0157     |
|    std                  | 0.808       |
|    value_loss           | 0.537       |
-----------------------------------------
---------------------------------
| rollout/           |          |
|    ep_len_mean     | 166      |
|    ep_rew_mean     | -46.4    |
|    success_rate    | 0.37     |
| time/              |          |
|    fps             | 812      |
|    iterations      | 57       |
|    time_elapsed    | 143      |
|    total_timesteps | 116736   |
---------------------------------
-----------------------------------------
| rollout/                |             |
|    ep_len_mean          | 159         |
|    ep_rew_mean          | -44         |
|    success_rate         | 0.44        |
| time/                   |             |
|    fps                  | 817         |
|    iterations           | 58          |
|    time_elapsed         | 145         |
|    total_timesteps      | 118784      |
| train/                  |             |
|    approx_kl            | 0.013704898 |
|    clip_fraction        | 0.146       |
|    clip_range           | 0.2         |
|    entropy_loss         | -8.37       |
|    explained_variance   | 0.977       |
|    learning_rate        | 0.0003      |
|    loss                 | 0.124       |
|    n_updates            | 570         |
|    policy_gradient_loss | -0.0122     |
|    std                  | 0.806       |
|    value_loss           | 0.743       |
-----------------------------------------
Eval num_timesteps=120000, episode_reward=-40.97 +/- 17.98
Episode length: 151.60 +/- 52.99
Success rate: 43.33%
----------------------------------------
| eval/                   |            |
|    mean_ep_length       | 152        |
|    mean_reward          | -41        |
|    success_rate         | 0.433      |
| time/                   |            |
|    total_timesteps      | 120000     |
| train/                  |            |
|    approx_kl            | 0.01194118 |
|    clip_fraction        | 0.14       |
|    clip_range           | 0.2        |
|    entropy_loss         | -8.35      |
|    explained_variance   | 0.965      |
|    learning_rate        | 0.0003     |
|    loss                 | 0.367      |
|    n_updates            | 580        |
|    policy_gradient_loss | -0.0148    |
|    std                  | 0.804      |
|    value_loss           | 1.73       |
----------------------------------------
New best mean reward!
---------------------------------
| rollout/           |          |
|    ep_len_mean     | 155      |
|    ep_rew_mean     | -42.6    |
|    success_rate    | 0.49     |
| time/              |          |
|    fps             | 811      |
|    iterations      | 59       |
|    time_elapsed    | 148      |
|    total_timesteps | 120832   |
---------------------------------
-----------------------------------------
| rollout/                |             |
|    ep_len_mean          | 148         |
|    ep_rew_mean          | -41.4       |
|    success_rate         | 0.54        |
| time/                   |             |
|    fps                  | 815         |
|    iterations           | 60          |
|    time_elapsed         | 150         |
|    total_timesteps      | 122880      |
| train/                  |             |
|    approx_kl            | 0.016470619 |
|    clip_fraction        | 0.177       |
|    clip_range           | 0.2         |
|    entropy_loss         | -8.32       |
|    explained_variance   | 0.981       |
|    learning_rate        | 0.0003      |
|    loss                 | 0.364       |
|    n_updates            | 590         |
|    policy_gradient_loss | -0.0165     |
|    std                  | 0.8         |
|    value_loss           | 0.982       |
-----------------------------------------
-----------------------------------------
| rollout/                |             |
|    ep_len_mean          | 147         |
|    ep_rew_mean          | -41         |
|    success_rate         | 0.53        |
| time/                   |             |
|    fps                  | 820         |
|    iterations           | 61          |
|    time_elapsed         | 152         |
|    total_timesteps      | 124928      |
| train/                  |             |
|    approx_kl            | 0.013859366 |
|    clip_fraction        | 0.16        |
|    clip_range           | 0.2         |
|    entropy_loss         | -8.32       |
|    explained_variance   | 0.974       |
|    learning_rate        | 0.0003      |
|    loss                 | 0.614       |
|    n_updates            | 600         |
|    policy_gradient_loss | -0.0139     |
|    std                  | 0.805       |
|    value_loss           | 1.15        |
-----------------------------------------
Eval num_timesteps=125000, episode_reward=-38.86 +/- 22.31
Episode length: 126.70 +/- 49.07
Success rate: 70.00%
-----------------------------------------
| eval/                   |             |
|    mean_ep_length       | 127         |
|    mean_reward          | -38.9       |
|    success_rate         | 0.7         |
| time/                   |             |
|    total_timesteps      | 125000      |
| train/                  |             |
|    approx_kl            | 0.018740837 |
|    clip_fraction        | 0.218       |
|    clip_range           | 0.2         |
|    entropy_loss         | -8.36       |
|    explained_variance   | 0.984       |
|    learning_rate        | 0.0003      |
|    loss                 | 0.0706      |
|    n_updates            | 610         |
|    policy_gradient_loss | -0.02       |
|    std                  | 0.81        |
|    value_loss           | 0.618       |
-----------------------------------------
New best mean reward!
---------------------------------
| rollout/           |          |
|    ep_len_mean     | 141      |
|    ep_rew_mean     | -38.9    |
|    success_rate    | 0.57     |
| time/              |          |
|    fps             | 815      |
|    iterations      | 62       |
|    time_elapsed    | 155      |
|    total_timesteps | 126976   |
---------------------------------
-----------------------------------------
| rollout/                |             |
|    ep_len_mean          | 137         |
|    ep_rew_mean          | -38.2       |
|    success_rate         | 0.59        |
| time/                   |             |
|    fps                  | 820         |
|    iterations           | 63          |
|    time_elapsed         | 157         |
|    total_timesteps      | 129024      |
| train/                  |             |
|    approx_kl            | 0.012770167 |
|    clip_fraction        | 0.144       |
|    clip_range           | 0.2         |
|    entropy_loss         | -8.38       |
|    explained_variance   | 0.91        |
|    learning_rate        | 0.0003      |
|    loss                 | 0.398       |
|    n_updates            | 620         |
|    policy_gradient_loss | -0.0151     |
|    std                  | 0.81        |
|    value_loss           | 1.81        |
-----------------------------------------
Eval num_timesteps=130000, episode_reward=-37.33 +/- 19.44
Episode length: 141.53 +/- 59.12
Success rate: 50.00%
----------------------------------------
| eval/                   |            |
|    mean_ep_length       | 142        |
|    mean_reward          | -37.3      |
|    success_rate         | 0.5        |
| time/                   |            |
|    total_timesteps      | 130000     |
| train/                  |            |
|    approx_kl            | 0.01646046 |
|    clip_fraction        | 0.175      |
|    clip_range           | 0.2        |
|    entropy_loss         | -8.37      |
|    explained_variance   | 0.899      |
|    learning_rate        | 0.0003     |
|    loss                 | 0.466      |
|    n_updates            | 630        |
|    policy_gradient_loss | -0.0175    |
|    std                  | 0.805      |
|    value_loss           | 1.82       |
----------------------------------------
New best mean reward!
---------------------------------
| rollout/           |          |
|    ep_len_mean     | 138      |
|    ep_rew_mean     | -37.8    |
|    success_rate    | 0.59     |
| time/              |          |
|    fps             | 814      |
|    iterations      | 64       |
|    time_elapsed    | 160      |
|    total_timesteps | 131072   |
---------------------------------
----------------------------------------
| rollout/                |            |
|    ep_len_mean          | 140        |
|    ep_rew_mean          | -38.1      |
|    success_rate         | 0.58       |
| time/                   |            |
|    fps                  | 819        |
|    iterations           | 65         |
|    time_elapsed         | 162        |
|    total_timesteps      | 133120     |
| train/                  |            |
|    approx_kl            | 0.01849278 |
|    clip_fraction        | 0.17       |
|    clip_range           | 0.2        |
|    entropy_loss         | -8.32      |
|    explained_variance   | 0.942      |
|    learning_rate        | 0.0003     |
|    loss                 | 0.243      |
|    n_updates            | 640        |
|    policy_gradient_loss | -0.0156    |
|    std                  | 0.799      |
|    value_loss           | 1.37       |
----------------------------------------
Eval num_timesteps=135000, episode_reward=-40.84 +/- 18.14
Episode length: 150.23 +/- 55.44
Success rate: 43.33%
-----------------------------------------
| eval/                   |             |
|    mean_ep_length       | 150         |
|    mean_reward          | -40.8       |
|    success_rate         | 0.433       |
| time/                   |             |
|    total_timesteps      | 135000      |
| train/                  |             |
|    approx_kl            | 0.017439837 |
|    clip_fraction        | 0.177       |
|    clip_range           | 0.2         |
|    entropy_loss         | -8.28       |
|    explained_variance   | 0.972       |
|    learning_rate        | 0.0003      |
|    loss                 | 0.261       |
|    n_updates            | 650         |
|    policy_gradient_loss | -0.0112     |
|    std                  | 0.796       |
|    value_loss           | 0.93        |
-----------------------------------------
---------------------------------
| rollout/           |          |
|    ep_len_mean     | 141      |
|    ep_rew_mean     | -38.4    |
|    success_rate    | 0.57     |
| time/              |          |
|    fps             | 812      |
|    iterations      | 66       |
|    time_elapsed    | 166      |
|    total_timesteps | 135168   |
---------------------------------
-----------------------------------------
| rollout/                |             |
|    ep_len_mean          | 135         |
|    ep_rew_mean          | -36.6       |
|    success_rate         | 0.62        |
| time/                   |             |
|    fps                  | 816         |
|    iterations           | 67          |
|    time_elapsed         | 167         |
|    total_timesteps      | 137216      |
| train/                  |             |
|    approx_kl            | 0.015554657 |
|    clip_fraction        | 0.176       |
|    clip_range           | 0.2         |
|    entropy_loss         | -8.24       |
|    explained_variance   | 0.981       |
|    learning_rate        | 0.0003      |
|    loss                 | 0.268       |
|    n_updates            | 660         |
|    policy_gradient_loss | -0.0161     |
|    std                  | 0.792       |
|    value_loss           | 0.61        |
-----------------------------------------
-----------------------------------------
| rollout/                |             |
|    ep_len_mean          | 129         |
|    ep_rew_mean          | -34.1       |
|    success_rate         | 0.7         |
| time/                   |             |
|    fps                  | 820         |
|    iterations           | 68          |
|    time_elapsed         | 169         |
|    total_timesteps      | 139264      |
| train/                  |             |
|    approx_kl            | 0.015831146 |
|    clip_fraction        | 0.188       |
|    clip_range           | 0.2         |
|    entropy_loss         | -8.22       |
|    explained_variance   | 0.962       |
|    learning_rate        | 0.0003      |
|    loss                 | 0.429       |
|    n_updates            | 670         |
|    policy_gradient_loss | -0.0172     |
|    std                  | 0.789       |
|    value_loss           | 1.31        |
-----------------------------------------
Eval num_timesteps=140000, episode_reward=-30.10 +/- 16.31
Episode length: 115.37 +/- 52.46
Success rate: 73.33%
-----------------------------------------
| eval/                   |             |
|    mean_ep_length       | 115         |
|    mean_reward          | -30.1       |
|    success_rate         | 0.733       |
| time/                   |             |
|    total_timesteps      | 140000      |
| train/                  |             |
|    approx_kl            | 0.017005263 |
|    clip_fraction        | 0.202       |
|    clip_range           | 0.2         |
|    entropy_loss         | -8.2        |
|    explained_variance   | 0.989       |
|    learning_rate        | 0.0003      |
|    loss                 | 0.202       |
|    n_updates            | 680         |
|    policy_gradient_loss | -0.019      |
|    std                  | 0.79        |
|    value_loss           | 0.445       |
-----------------------------------------
New best mean reward!
---------------------------------
| rollout/           |          |
|    ep_len_mean     | 127      |
|    ep_rew_mean     | -33      |
|    success_rate    | 0.74     |
| time/              |          |
|    fps             | 816      |
|    iterations      | 69       |
|    time_elapsed    | 173      |
|    total_timesteps | 141312   |
---------------------------------
------------------------------------------
| rollout/                |              |
|    ep_len_mean          | 123          |
|    ep_rew_mean          | -32.2        |
|    success_rate         | 0.77         |
| time/                   |              |
|    fps                  | 820          |
|    iterations           | 70           |
|    time_elapsed         | 174          |
|    total_timesteps      | 143360       |
| train/                  |              |
|    approx_kl            | 0.0154189635 |
|    clip_fraction        | 0.182        |
|    clip_range           | 0.2          |
|    entropy_loss         | -8.22        |
|    explained_variance   | 0.971        |
|    learning_rate        | 0.0003       |
|    loss                 | 0.24         |
|    n_updates            | 690          |
|    policy_gradient_loss | -0.0183      |
|    std                  | 0.794        |
|    value_loss           | 0.735        |
------------------------------------------
Eval num_timesteps=145000, episode_reward=-40.11 +/- 23.53
Episode length: 143.20 +/- 59.54
Success rate: 50.00%
-----------------------------------------
| eval/                   |             |
|    mean_ep_length       | 143         |
|    mean_reward          | -40.1       |
|    success_rate         | 0.5         |
| time/                   |             |
|    total_timesteps      | 145000      |
| train/                  |             |
|    approx_kl            | 0.013943903 |
|    clip_fraction        | 0.178       |
|    clip_range           | 0.2         |
|    entropy_loss         | -8.23       |
|    explained_variance   | 0.968       |
|    learning_rate        | 0.0003      |
|    loss                 | 0.322       |
|    n_updates            | 700         |
|    policy_gradient_loss | -0.0167     |
|    std                  | 0.793       |
|    value_loss           | 1.04        |
-----------------------------------------
---------------------------------
| rollout/           |          |
|    ep_len_mean     | 117      |
|    ep_rew_mean     | -30.8    |
|    success_rate    | 0.81     |
| time/              |          |
|    fps             | 814      |
|    iterations      | 71       |
|    time_elapsed    | 178      |
|    total_timesteps | 145408   |
---------------------------------
------------------------------------------
| rollout/                |              |
|    ep_len_mean          | 116          |
|    ep_rew_mean          | -30.6        |
|    success_rate         | 0.81         |
| time/                   |              |
|    fps                  | 818          |
|    iterations           | 72           |
|    time_elapsed         | 180          |
|    total_timesteps      | 147456       |
| train/                  |              |
|    approx_kl            | 0.0140606295 |
|    clip_fraction        | 0.168        |
|    clip_range           | 0.2          |
|    entropy_loss         | -8.24        |
|    explained_variance   | 0.973        |
|    learning_rate        | 0.0003       |
|    loss                 | 0.145        |
|    n_updates            | 710          |
|    policy_gradient_loss | -0.0145      |
|    std                  | 0.794        |
|    value_loss           | 0.825        |
------------------------------------------
-----------------------------------------
| rollout/                |             |
|    ep_len_mean          | 115         |
|    ep_rew_mean          | -30         |
|    success_rate         | 0.81        |
| time/                   |             |
|    fps                  | 822         |
|    iterations           | 73          |
|    time_elapsed         | 181         |
|    total_timesteps      | 149504      |
| train/                  |             |
|    approx_kl            | 0.015545195 |
|    clip_fraction        | 0.176       |
|    clip_range           | 0.2         |
|    entropy_loss         | -8.23       |
|    explained_variance   | 0.956       |
|    learning_rate        | 0.0003      |
|    loss                 | 0.142       |
|    n_updates            | 720         |
|    policy_gradient_loss | -0.0162     |
|    std                  | 0.793       |
|    value_loss           | 0.979       |
-----------------------------------------
Eval num_timesteps=150000, episode_reward=-47.91 +/- 23.59
Episode length: 160.10 +/- 52.99
Success rate: 36.67%
-----------------------------------------
| eval/                   |             |
|    mean_ep_length       | 160         |
|    mean_reward          | -47.9       |
|    success_rate         | 0.367       |
| time/                   |             |
|    total_timesteps      | 150000      |
| train/                  |             |
|    approx_kl            | 0.014812326 |
|    clip_fraction        | 0.156       |
|    clip_range           | 0.2         |
|    entropy_loss         | -8.23       |
|    explained_variance   | 0.947       |
|    learning_rate        | 0.0003      |
|    loss                 | 0.526       |
|    n_updates            | 730         |
|    policy_gradient_loss | -0.0155     |
|    std                  | 0.793       |
|    value_loss           | 1.43        |
-----------------------------------------
---------------------------------
| rollout/           |          |
|    ep_len_mean     | 119      |
|    ep_rew_mean     | -32.2    |
|    success_rate    | 0.75     |
| time/              |          |
|    fps             | 816      |
|    iterations      | 74       |
|    time_elapsed    | 185      |
|    total_timesteps | 151552   |
---------------------------------
-----------------------------------------
| rollout/                |             |
|    ep_len_mean          | 113         |
|    ep_rew_mean          | -31.3       |
|    success_rate         | 0.78        |
| time/                   |             |
|    fps                  | 819         |
|    iterations           | 75          |
|    time_elapsed         | 187         |
|    total_timesteps      | 153600      |
| train/                  |             |
|    approx_kl            | 0.015488412 |
|    clip_fraction        | 0.158       |
|    clip_range           | 0.2         |
|    entropy_loss         | -8.2        |
|    explained_variance   | 0.95        |
|    learning_rate        | 0.0003      |
|    loss                 | 0.698       |
|    n_updates            | 740         |
|    policy_gradient_loss | -0.0158     |
|    std                  | 0.787       |
|    value_loss           | 1.97        |
-----------------------------------------
Eval num_timesteps=155000, episode_reward=-46.73 +/- 24.84
Episode length: 154.43 +/- 56.30
Success rate: 40.00%
-----------------------------------------
| eval/                   |             |
|    mean_ep_length       | 154         |
|    mean_reward          | -46.7       |
|    success_rate         | 0.4         |
| time/                   |             |
|    total_timesteps      | 155000      |
| train/                  |             |
|    approx_kl            | 0.014880878 |
|    clip_fraction        | 0.147       |
|    clip_range           | 0.2         |
|    entropy_loss         | -8.17       |
|    explained_variance   | 0.928       |
|    learning_rate        | 0.0003      |
|    loss                 | 0.749       |
|    n_updates            | 750         |
|    policy_gradient_loss | -0.0165     |
|    std                  | 0.786       |
|    value_loss           | 2.71        |
-----------------------------------------
---------------------------------
| rollout/           |          |
|    ep_len_mean     | 116      |
|    ep_rew_mean     | -31.8    |
|    success_rate    | 0.77     |
| time/              |          |
|    fps             | 813      |
|    iterations      | 76       |
|    time_elapsed    | 191      |
|    total_timesteps | 155648   |
---------------------------------
-----------------------------------------
| rollout/                |             |
|    ep_len_mean          | 118         |
|    ep_rew_mean          | -32.4       |
|    success_rate         | 0.74        |
| time/                   |             |
|    fps                  | 817         |
|    iterations           | 77          |
|    time_elapsed         | 192         |
|    total_timesteps      | 157696      |
| train/                  |             |
|    approx_kl            | 0.024202608 |
|    clip_fraction        | 0.268       |
|    clip_range           | 0.2         |
|    entropy_loss         | -8.15       |
|    explained_variance   | 0.982       |
|    learning_rate        | 0.0003      |
|    loss                 | 0.256       |
|    n_updates            | 760         |
|    policy_gradient_loss | -0.0161     |
|    std                  | 0.784       |
|    value_loss           | 0.687       |
-----------------------------------------
-----------------------------------------
| rollout/                |             |
|    ep_len_mean          | 114         |
|    ep_rew_mean          | -31.2       |
|    success_rate         | 0.74        |
| time/                   |             |
|    fps                  | 821         |
|    iterations           | 78          |
|    time_elapsed         | 194         |
|    total_timesteps      | 159744      |
| train/                  |             |
|    approx_kl            | 0.017840154 |
|    clip_fraction        | 0.171       |
|    clip_range           | 0.2         |
|    entropy_loss         | -8.14       |
|    explained_variance   | 0.953       |
|    learning_rate        | 0.0003      |
|    loss                 | 0.609       |
|    n_updates            | 770         |
|    policy_gradient_loss | -0.0137     |
|    std                  | 0.783       |
|    value_loss           | 1.27        |
-----------------------------------------
Eval num_timesteps=160000, episode_reward=-40.85 +/- 21.82
Episode length: 143.43 +/- 62.08
Success rate: 43.33%
------------------------------------------
| eval/                   |              |
|    mean_ep_length       | 143          |
|    mean_reward          | -40.8        |
|    success_rate         | 0.433        |
| time/                   |              |
|    total_timesteps      | 160000       |
| train/                  |              |
|    approx_kl            | 0.0153686125 |
|    clip_fraction        | 0.16         |
|    clip_range           | 0.2          |
|    entropy_loss         | -8.14        |
|    explained_variance   | 0.939        |
|    learning_rate        | 0.0003       |
|    loss                 | 0.481        |
|    n_updates            | 780          |
|    policy_gradient_loss | -0.0177      |
|    std                  | 0.785        |
|    value_loss           | 2.44         |
------------------------------------------
---------------------------------
| rollout/           |          |
|    ep_len_mean     | 115      |
|    ep_rew_mean     | -31.9    |
|    success_rate    | 0.74     |
| time/              |          |
|    fps             | 816      |
|    iterations      | 79       |
|    time_elapsed    | 198      |
|    total_timesteps | 161792   |
---------------------------------
-----------------------------------------
| rollout/                |             |
|    ep_len_mean          | 114         |
|    ep_rew_mean          | -31.1       |
|    success_rate         | 0.75        |
| time/                   |             |
|    fps                  | 819         |
|    iterations           | 80          |
|    time_elapsed         | 199         |
|    total_timesteps      | 163840      |
| train/                  |             |
|    approx_kl            | 0.018122744 |
|    clip_fraction        | 0.174       |
|    clip_range           | 0.2         |
|    entropy_loss         | -8.13       |
|    explained_variance   | 0.957       |
|    learning_rate        | 0.0003      |
|    loss                 | 0.274       |
|    n_updates            | 790         |
|    policy_gradient_loss | -0.0131     |
|    std                  | 0.781       |
|    value_loss           | 1.54        |
-----------------------------------------
Eval num_timesteps=165000, episode_reward=-36.61 +/- 22.19
Episode length: 127.60 +/- 60.09
Success rate: 60.00%
-----------------------------------------
| eval/                   |             |
|    mean_ep_length       | 128         |
|    mean_reward          | -36.6       |
|    success_rate         | 0.6         |
| time/                   |             |
|    total_timesteps      | 165000      |
| train/                  |             |
|    approx_kl            | 0.019691972 |
|    clip_fraction        | 0.192       |
|    clip_range           | 0.2         |
|    entropy_loss         | -8.1        |
|    explained_variance   | 0.962       |
|    learning_rate        | 0.0003      |
|    loss                 | 0.445       |
|    n_updates            | 800         |
|    policy_gradient_loss | -0.0157     |
|    std                  | 0.778       |
|    value_loss           | 1.63        |
-----------------------------------------
---------------------------------
| rollout/           |          |
|    ep_len_mean     | 111      |
|    ep_rew_mean     | -30      |
|    success_rate    | 0.76     |
| time/              |          |
|    fps             | 815      |
|    iterations      | 81       |
|    time_elapsed    | 203      |
|    total_timesteps | 165888   |
---------------------------------
-----------------------------------------
| rollout/                |             |
|    ep_len_mean          | 115         |
|    ep_rew_mean          | -31.2       |
|    success_rate         | 0.71        |
| time/                   |             |
|    fps                  | 818         |
|    iterations           | 82          |
|    time_elapsed         | 205         |
|    total_timesteps      | 167936      |
| train/                  |             |
|    approx_kl            | 0.017332941 |
|    clip_fraction        | 0.181       |
|    clip_range           | 0.2         |
|    entropy_loss         | -8.08       |
|    explained_variance   | 0.969       |
|    learning_rate        | 0.0003      |
|    loss                 | 0.332       |
|    n_updates            | 810         |
|    policy_gradient_loss | -0.016      |
|    std                  | 0.778       |
|    value_loss           | 1.04        |
-----------------------------------------
-----------------------------------------
| rollout/                |             |
|    ep_len_mean          | 109         |
|    ep_rew_mean          | -29.3       |
|    success_rate         | 0.76        |
| time/                   |             |
|    fps                  | 821         |
|    iterations           | 83          |
|    time_elapsed         | 206         |
|    total_timesteps      | 169984      |
| train/                  |             |
|    approx_kl            | 0.019616008 |
|    clip_fraction        | 0.209       |
|    clip_range           | 0.2         |
|    entropy_loss         | -8.07       |
|    explained_variance   | 0.972       |
|    learning_rate        | 0.0003      |
|    loss                 | 0.114       |
|    n_updates            | 820         |
|    policy_gradient_loss | -0.016      |
|    std                  | 0.777       |
|    value_loss           | 0.427       |
-----------------------------------------
Eval num_timesteps=170000, episode_reward=-41.45 +/- 20.99
Episode length: 144.10 +/- 58.66
Success rate: 46.67%
-----------------------------------------
| eval/                   |             |
|    mean_ep_length       | 144         |
|    mean_reward          | -41.5       |
|    success_rate         | 0.467       |
| time/                   |             |
|    total_timesteps      | 170000      |
| train/                  |             |
|    approx_kl            | 0.017279135 |
|    clip_fraction        | 0.178       |
|    clip_range           | 0.2         |
|    entropy_loss         | -8.04       |
|    explained_variance   | 0.945       |
|    learning_rate        | 0.0003      |
|    loss                 | 0.578       |
|    n_updates            | 830         |
|    policy_gradient_loss | -0.0151     |
|    std                  | 0.772       |
|    value_loss           | 1.95        |
-----------------------------------------
---------------------------------
| rollout/           |          |
|    ep_len_mean     | 116      |
|    ep_rew_mean     | -31.2    |
|    success_rate    | 0.71     |
| time/              |          |
|    fps             | 817      |
|    iterations      | 84       |
|    time_elapsed    | 210      |
|    total_timesteps | 172032   |
---------------------------------
-----------------------------------------
| rollout/                |             |
|    ep_len_mean          | 115         |
|    ep_rew_mean          | -30.6       |
|    success_rate         | 0.7         |
| time/                   |             |
|    fps                  | 820         |
|    iterations           | 85          |
|    time_elapsed         | 212         |
|    total_timesteps      | 174080      |
| train/                  |             |
|    approx_kl            | 0.017810956 |
|    clip_fraction        | 0.179       |
|    clip_range           | 0.2         |
|    entropy_loss         | -8.02       |
|    explained_variance   | 0.945       |
|    learning_rate        | 0.0003      |
|    loss                 | 0.532       |
|    n_updates            | 840         |
|    policy_gradient_loss | -0.0146     |
|    std                  | 0.771       |
|    value_loss           | 1.46        |
-----------------------------------------
Eval num_timesteps=175000, episode_reward=-42.13 +/- 21.60
Episode length: 138.40 +/- 58.80
Success rate: 53.33%
-----------------------------------------
| eval/                   |             |
|    mean_ep_length       | 138         |
|    mean_reward          | -42.1       |
|    success_rate         | 0.533       |
| time/                   |             |
|    total_timesteps      | 175000      |
| train/                  |             |
|    approx_kl            | 0.015902728 |
|    clip_fraction        | 0.195       |
|    clip_range           | 0.2         |
|    entropy_loss         | -8          |
|    explained_variance   | 0.942       |
|    learning_rate        | 0.0003      |
|    loss                 | 0.374       |
|    n_updates            | 850         |
|    policy_gradient_loss | -0.0154     |
|    std                  | 0.768       |
|    value_loss           | 1.25        |
-----------------------------------------
---------------------------------
| rollout/           |          |
|    ep_len_mean     | 118      |
|    ep_rew_mean     | -31.8    |
|    success_rate    | 0.68     |
| time/              |          |
|    fps             | 816      |
|    iterations      | 86       |
|    time_elapsed    | 215      |
|    total_timesteps | 176128   |
---------------------------------
-----------------------------------------
| rollout/                |             |
|    ep_len_mean          | 119         |
|    ep_rew_mean          | -32.4       |
|    success_rate         | 0.68        |
| time/                   |             |
|    fps                  | 819         |
|    iterations           | 87          |
|    time_elapsed         | 217         |
|    total_timesteps      | 178176      |
| train/                  |             |
|    approx_kl            | 0.016299011 |
|    clip_fraction        | 0.168       |
|    clip_range           | 0.2         |
|    entropy_loss         | -7.99       |
|    explained_variance   | 0.953       |
|    learning_rate        | 0.0003      |
|    loss                 | 0.485       |
|    n_updates            | 860         |
|    policy_gradient_loss | -0.0135     |
|    std                  | 0.769       |
|    value_loss           | 1.67        |
-----------------------------------------
Eval num_timesteps=180000, episode_reward=-41.42 +/- 22.38
Episode length: 137.07 +/- 59.49
Success rate: 53.33%
---------------------------------------
| eval/                   |           |
|    mean_ep_length       | 137       |
|    mean_reward          | -41.4     |
|    success_rate         | 0.533     |
| time/                   |           |
|    total_timesteps      | 180000    |
| train/                  |           |
|    approx_kl            | 0.0176888 |
|    clip_fraction        | 0.188     |
|    clip_range           | 0.2       |
|    entropy_loss         | -8        |
|    explained_variance   | 0.941     |
|    learning_rate        | 0.0003    |
|    loss                 | 0.757     |
|    n_updates            | 870       |
|    policy_gradient_loss | -0.017    |
|    std                  | 0.769     |
|    value_loss           | 2.02      |
---------------------------------------
---------------------------------
| rollout/           |          |
|    ep_len_mean     | 119      |
|    ep_rew_mean     | -32.3    |
|    success_rate    | 0.69     |
| time/              |          |
|    fps             | 815      |
|    iterations      | 88       |
|    time_elapsed    | 221      |
|    total_timesteps | 180224   |
---------------------------------
-----------------------------------------
| rollout/                |             |
|    ep_len_mean          | 117         |
|    ep_rew_mean          | -31.9       |
|    success_rate         | 0.7         |
| time/                   |             |
|    fps                  | 818         |
|    iterations           | 89          |
|    time_elapsed         | 222         |
|    total_timesteps      | 182272      |
| train/                  |             |
|    approx_kl            | 0.014179565 |
|    clip_fraction        | 0.171       |
|    clip_range           | 0.2         |
|    entropy_loss         | -8          |
|    explained_variance   | 0.918       |
|    learning_rate        | 0.0003      |
|    loss                 | 0.601       |
|    n_updates            | 880         |
|    policy_gradient_loss | -0.0158     |
|    std                  | 0.768       |
|    value_loss           | 2.69        |
-----------------------------------------
----------------------------------------
| rollout/                |            |
|    ep_len_mean          | 111        |
|    ep_rew_mean          | -29.8      |
|    success_rate         | 0.78       |
| time/                   |            |
|    fps                  | 821        |
|    iterations           | 90         |
|    time_elapsed         | 224        |
|    total_timesteps      | 184320     |
| train/                  |            |
|    approx_kl            | 0.01903938 |
|    clip_fraction        | 0.198      |
|    clip_range           | 0.2        |
|    entropy_loss         | -7.97      |
|    explained_variance   | 0.925      |
|    learning_rate        | 0.0003     |
|    loss                 | 1.06       |
|    n_updates            | 890        |
|    policy_gradient_loss | -0.0175    |
|    std                  | 0.764      |
|    value_loss           | 3.25       |
----------------------------------------
Eval num_timesteps=185000, episode_reward=-28.57 +/- 18.41
Episode length: 99.67 +/- 51.56
Success rate: 80.00%
-----------------------------------------
| eval/                   |             |
|    mean_ep_length       | 99.7        |
|    mean_reward          | -28.6       |
|    success_rate         | 0.8         |
| time/                   |             |
|    total_timesteps      | 185000      |
| train/                  |             |
|    approx_kl            | 0.019224085 |
|    clip_fraction        | 0.221       |
|    clip_range           | 0.2         |
|    entropy_loss         | -7.95       |
|    explained_variance   | 0.951       |
|    learning_rate        | 0.0003      |
|    loss                 | 0.168       |
|    n_updates            | 900         |
|    policy_gradient_loss | -0.0128     |
|    std                  | 0.764       |
|    value_loss           | 1.08        |
-----------------------------------------
New best mean reward!
---------------------------------
| rollout/           |          |
|    ep_len_mean     | 108      |
|    ep_rew_mean     | -28.8    |
|    success_rate    | 0.81     |
| time/              |          |
|    fps             | 818      |
|    iterations      | 91       |
|    time_elapsed    | 227      |
|    total_timesteps | 186368   |
---------------------------------
-----------------------------------------
| rollout/                |             |
|    ep_len_mean          | 105         |
|    ep_rew_mean          | -28.6       |
|    success_rate         | 0.82        |
| time/                   |             |
|    fps                  | 820         |
|    iterations           | 92          |
|    time_elapsed         | 229         |
|    total_timesteps      | 188416      |
| train/                  |             |
|    approx_kl            | 0.021820597 |
|    clip_fraction        | 0.23        |
|    clip_range           | 0.2         |
|    entropy_loss         | -7.9        |
|    explained_variance   | 0.973       |
|    learning_rate        | 0.0003      |
|    loss                 | 0.225       |
|    n_updates            | 910         |
|    policy_gradient_loss | -0.0155     |
|    std                  | 0.755       |
|    value_loss           | 0.821       |
-----------------------------------------
Eval num_timesteps=190000, episode_reward=-43.33 +/- 18.09
Episode length: 155.47 +/- 63.20
Success rate: 33.33%
-----------------------------------------
| eval/                   |             |
|    mean_ep_length       | 155         |
|    mean_reward          | -43.3       |
|    success_rate         | 0.333       |
| time/                   |             |
|    total_timesteps      | 190000      |
| train/                  |             |
|    approx_kl            | 0.017292935 |
|    clip_fraction        | 0.181       |
|    clip_range           | 0.2         |
|    entropy_loss         | -7.85       |
|    explained_variance   | 0.931       |
|    learning_rate        | 0.0003      |
|    loss                 | 0.392       |
|    n_updates            | 920         |
|    policy_gradient_loss | -0.0114     |
|    std                  | 0.751       |
|    value_loss           | 1.61        |
-----------------------------------------
---------------------------------
| rollout/           |          |
|    ep_len_mean     | 99.9     |
|    ep_rew_mean     | -27.3    |
|    success_rate    | 0.84     |
| time/              |          |
|    fps             | 815      |
|    iterations      | 93       |
|    time_elapsed    | 233      |
|    total_timesteps | 190464   |
---------------------------------
-----------------------------------------
| rollout/                |             |
|    ep_len_mean          | 98.5        |
|    ep_rew_mean          | -27.6       |
|    success_rate         | 0.86        |
| time/                   |             |
|    fps                  | 818         |
|    iterations           | 94          |
|    time_elapsed         | 235         |
|    total_timesteps      | 192512      |
| train/                  |             |
|    approx_kl            | 0.016806785 |
|    clip_fraction        | 0.19        |
|    clip_range           | 0.2         |
|    entropy_loss         | -7.81       |
|    explained_variance   | 0.972       |
|    learning_rate        | 0.0003      |
|    loss                 | 0.185       |
|    n_updates            | 930         |
|    policy_gradient_loss | -0.0168     |
|    std                  | 0.748       |
|    value_loss           | 0.868       |
-----------------------------------------
-----------------------------------------
| rollout/                |             |
|    ep_len_mean          | 99.3        |
|    ep_rew_mean          | -27.6       |
|    success_rate         | 0.84        |
| time/                   |             |
|    fps                  | 821         |
|    iterations           | 95          |
|    time_elapsed         | 236         |
|    total_timesteps      | 194560      |
| train/                  |             |
|    approx_kl            | 0.019585826 |
|    clip_fraction        | 0.205       |
|    clip_range           | 0.2         |
|    entropy_loss         | -7.81       |
|    explained_variance   | 0.966       |
|    learning_rate        | 0.0003      |
|    loss                 | 0.157       |
|    n_updates            | 940         |
|    policy_gradient_loss | -0.0176     |
|    std                  | 0.75        |
|    value_loss           | 0.751       |
-----------------------------------------
Eval num_timesteps=195000, episode_reward=-50.34 +/- 22.00
Episode length: 167.90 +/- 56.20
Success rate: 23.33%
-----------------------------------------
| eval/                   |             |
|    mean_ep_length       | 168         |
|    mean_reward          | -50.3       |
|    success_rate         | 0.233       |
| time/                   |             |
|    total_timesteps      | 195000      |
| train/                  |             |
|    approx_kl            | 0.016768422 |
|    clip_fraction        | 0.189       |
|    clip_range           | 0.2         |
|    entropy_loss         | -7.81       |
|    explained_variance   | 0.939       |
|    learning_rate        | 0.0003      |
|    loss                 | 0.541       |
|    n_updates            | 950         |
|    policy_gradient_loss | -0.0159     |
|    std                  | 0.748       |
|    value_loss           | 1.49        |
-----------------------------------------
---------------------------------
| rollout/           |          |
|    ep_len_mean     | 102      |
|    ep_rew_mean     | -27.8    |
|    success_rate    | 0.81     |
| time/              |          |
|    fps             | 816      |
|    iterations      | 96       |
|    time_elapsed    | 240      |
|    total_timesteps | 196608   |
---------------------------------
-----------------------------------------
| rollout/                |             |
|    ep_len_mean          | 100         |
|    ep_rew_mean          | -26.8       |
|    success_rate         | 0.82        |
| time/                   |             |
|    fps                  | 818         |
|    iterations           | 97          |
|    time_elapsed         | 242         |
|    total_timesteps      | 198656      |
| train/                  |             |
|    approx_kl            | 0.017462086 |
|    clip_fraction        | 0.19        |
|    clip_range           | 0.2         |
|    entropy_loss         | -7.78       |
|    explained_variance   | 0.949       |
|    learning_rate        | 0.0003      |
|    loss                 | 0.942       |
|    n_updates            | 960         |
|    policy_gradient_loss | -0.0142     |
|    std                  | 0.745       |
|    value_loss           | 2           |
-----------------------------------------
Eval num_timesteps=200000, episode_reward=-27.16 +/- 16.20
Episode length: 101.10 +/- 56.99
Success rate: 76.67%
-----------------------------------------
| eval/                   |             |
|    mean_ep_length       | 101         |
|    mean_reward          | -27.2       |
|    success_rate         | 0.767       |
| time/                   |             |
|    total_timesteps      | 200000      |
| train/                  |             |
|    approx_kl            | 0.024700373 |
|    clip_fraction        | 0.225       |
|    clip_range           | 0.2         |
|    entropy_loss         | -7.77       |
|    explained_variance   | 0.949       |
|    learning_rate        | 0.0003      |
|    loss                 | 0.226       |
|    n_updates            | 970         |
|    policy_gradient_loss | -0.0187     |
|    std                  | 0.746       |
|    value_loss           | 1.29        |
-----------------------------------------
New best mean reward!
---------------------------------
| rollout/           |          |
|    ep_len_mean     | 101      |
|    ep_rew_mean     | -26.9    |
|    success_rate    | 0.81     |
| time/              |          |
|    fps             | 816      |
|    iterations      | 98       |
|    time_elapsed    | 245      |
|    total_timesteps | 200704   |
---------------------------------
-----------------------------------------
| rollout/                |             |
|    ep_len_mean          | 103         |
|    ep_rew_mean          | -26.9       |
|    success_rate         | 0.8         |
| time/                   |             |
|    fps                  | 818         |
|    iterations           | 99          |
|    time_elapsed         | 247         |
|    total_timesteps      | 202752      |
| train/                  |             |
|    approx_kl            | 0.017520582 |
|    clip_fraction        | 0.192       |
|    clip_range           | 0.2         |
|    entropy_loss         | -7.76       |
|    explained_variance   | 0.944       |
|    learning_rate        | 0.0003      |
|    loss                 | 0.538       |
|    n_updates            | 980         |
|    policy_gradient_loss | -0.0166     |
|    std                  | 0.744       |
|    value_loss           | 1.4         |
-----------------------------------------
-----------------------------------------
| rollout/                |             |
|    ep_len_mean          | 103         |
|    ep_rew_mean          | -27.2       |
|    success_rate         | 0.79        |
| time/                   |             |
|    fps                  | 821         |
|    iterations           | 100         |
|    time_elapsed         | 249         |
|    total_timesteps      | 204800      |
| train/                  |             |
|    approx_kl            | 0.014635928 |
|    clip_fraction        | 0.207       |
|    clip_range           | 0.2         |
|    entropy_loss         | -7.75       |
|    explained_variance   | 0.936       |
|    learning_rate        | 0.0003      |
|    loss                 | 0.278       |
|    n_updates            | 990         |
|    policy_gradient_loss | -0.0138     |
|    std                  | 0.743       |
|    value_loss           | 2.1         |
-----------------------------------------
Eval num_timesteps=205000, episode_reward=-44.91 +/- 10.61
Episode length: 177.43 +/- 40.58
Success rate: 23.33%
-----------------------------------------
| eval/                   |             |
|    mean_ep_length       | 177         |
|    mean_reward          | -44.9       |
|    success_rate         | 0.233       |
| time/                   |             |
|    total_timesteps      | 205000      |
| train/                  |             |
|    approx_kl            | 0.018122854 |
|    clip_fraction        | 0.192       |
|    clip_range           | 0.2         |
|    entropy_loss         | -7.74       |
|    explained_variance   | 0.941       |
|    learning_rate        | 0.0003      |
|    loss                 | 0.636       |
|    n_updates            | 1000        |
|    policy_gradient_loss | -0.0143     |
|    std                  | 0.743       |
|    value_loss           | 1.91        |
-----------------------------------------
---------------------------------
| rollout/           |          |
|    ep_len_mean     | 99.5     |
|    ep_rew_mean     | -26.3    |
|    success_rate    | 0.81     |
| time/              |          |
|    fps             | 815      |
|    iterations      | 101      |
|    time_elapsed    | 253      |
|    total_timesteps | 206848   |
---------------------------------
-----------------------------------------
| rollout/                |             |
|    ep_len_mean          | 99.4        |
|    ep_rew_mean          | -26.1       |
|    success_rate         | 0.82        |
| time/                   |             |
|    fps                  | 817         |
|    iterations           | 102         |
|    time_elapsed         | 255         |
|    total_timesteps      | 208896      |
| train/                  |             |
|    approx_kl            | 0.017692797 |
|    clip_fraction        | 0.206       |
|    clip_range           | 0.2         |
|    entropy_loss         | -7.73       |
|    explained_variance   | 0.967       |
|    learning_rate        | 0.0003      |
|    loss                 | 0.421       |
|    n_updates            | 1010        |
|    policy_gradient_loss | -0.0138     |
|    std                  | 0.74        |
|    value_loss           | 1.44        |
-----------------------------------------
Eval num_timesteps=210000, episode_reward=-23.32 +/- 14.17
Episode length: 89.30 +/- 40.08
Success rate: 90.00%
-----------------------------------------
| eval/                   |             |
|    mean_ep_length       | 89.3        |
|    mean_reward          | -23.3       |
|    success_rate         | 0.9         |
| time/                   |             |
|    total_timesteps      | 210000      |
| train/                  |             |
|    approx_kl            | 0.022707194 |
|    clip_fraction        | 0.238       |
|    clip_range           | 0.2         |
|    entropy_loss         | -7.68       |
|    explained_variance   | 0.966       |
|    learning_rate        | 0.0003      |
|    loss                 | 1.01        |
|    n_updates            | 1020        |
|    policy_gradient_loss | -0.0214     |
|    std                  | 0.734       |
|    value_loss           | 1.45        |
-----------------------------------------
New best mean reward!
---------------------------------
| rollout/           |          |
|    ep_len_mean     | 93.1     |
|    ep_rew_mean     | -24.1    |
|    success_rate    | 0.87     |
| time/              |          |
|    fps             | 814      |
|    iterations      | 103      |
|    time_elapsed    | 259      |
|    total_timesteps | 210944   |
---------------------------------
----------------------------------------
| rollout/                |            |
|    ep_len_mean          | 89.1       |
|    ep_rew_mean          | -23.2      |
|    success_rate         | 0.9        |
| time/                   |            |
|    fps                  | 816        |
|    iterations           | 104        |
|    time_elapsed         | 260        |
|    total_timesteps      | 212992     |
| train/                  |            |
|    approx_kl            | 0.02434099 |
|    clip_fraction        | 0.283      |
|    clip_range           | 0.2        |
|    entropy_loss         | -7.6       |
|    explained_variance   | 0.99       |
|    learning_rate        | 0.0003     |
|    loss                 | 0.0683     |
|    n_updates            | 1030       |
|    policy_gradient_loss | -0.0193    |
|    std                  | 0.726      |
|    value_loss           | 0.311      |
----------------------------------------
Eval num_timesteps=215000, episode_reward=-36.59 +/- 17.10
Episode length: 136.33 +/- 57.98
Success rate: 60.00%
-----------------------------------------
| eval/                   |             |
|    mean_ep_length       | 136         |
|    mean_reward          | -36.6       |
|    success_rate         | 0.6         |
| time/                   |             |
|    total_timesteps      | 215000      |
| train/                  |             |
|    approx_kl            | 0.022820214 |
|    clip_fraction        | 0.243       |
|    clip_range           | 0.2         |
|    entropy_loss         | -7.55       |
|    explained_variance   | 0.969       |
|    learning_rate        | 0.0003      |
|    loss                 | 0.0998      |
|    n_updates            | 1040        |
|    policy_gradient_loss | -0.0163     |
|    std                  | 0.723       |
|    value_loss           | 0.523       |
-----------------------------------------
---------------------------------
| rollout/           |          |
|    ep_len_mean     | 83.9     |
|    ep_rew_mean     | -21.9    |
|    success_rate    | 0.95     |
| time/              |          |
|    fps             | 811      |
|    iterations      | 105      |
|    time_elapsed    | 265      |
|    total_timesteps | 215040   |
---------------------------------
-----------------------------------------
| rollout/                |             |
|    ep_len_mean          | 82          |
|    ep_rew_mean          | -22.1       |
|    success_rate         | 0.96        |
| time/                   |             |
|    fps                  | 813         |
|    iterations           | 106         |
|    time_elapsed         | 266         |
|    total_timesteps      | 217088      |
| train/                  |             |
|    approx_kl            | 0.020664504 |
|    clip_fraction        | 0.239       |
|    clip_range           | 0.2         |
|    entropy_loss         | -7.49       |
|    explained_variance   | 0.993       |
|    learning_rate        | 0.0003      |
|    loss                 | 0.0219      |
|    n_updates            | 1050        |
|    policy_gradient_loss | -0.0191     |
|    std                  | 0.717       |
|    value_loss           | 0.186       |
-----------------------------------------
-----------------------------------------
| rollout/                |             |
|    ep_len_mean          | 84.5        |
|    ep_rew_mean          | -23         |
|    success_rate         | 0.95        |
| time/                   |             |
|    fps                  | 814         |
|    iterations           | 107         |
|    time_elapsed         | 268         |
|    total_timesteps      | 219136      |
| train/                  |             |
|    approx_kl            | 0.014294308 |
|    clip_fraction        | 0.186       |
|    clip_range           | 0.2         |
|    entropy_loss         | -7.49       |
|    explained_variance   | 0.96        |
|    learning_rate        | 0.0003      |
|    loss                 | 0.216       |
|    n_updates            | 1060        |
|    policy_gradient_loss | -0.0137     |
|    std                  | 0.721       |
|    value_loss           | 0.891       |
-----------------------------------------
Eval num_timesteps=220000, episode_reward=-38.96 +/- 20.85
Episode length: 133.53 +/- 65.92
Success rate: 46.67%
----------------------------------------
| eval/                   |            |
|    mean_ep_length       | 134        |
|    mean_reward          | -39        |
|    success_rate         | 0.467      |
| time/                   |            |
|    total_timesteps      | 220000     |
| train/                  |            |
|    approx_kl            | 0.02121223 |
|    clip_fraction        | 0.247      |
|    clip_range           | 0.2        |
|    entropy_loss         | -7.51      |
|    explained_variance   | 0.99       |
|    learning_rate        | 0.0003     |
|    loss                 | 0.0899     |
|    n_updates            | 1070       |
|    policy_gradient_loss | -0.0166    |
|    std                  | 0.72       |
|    value_loss           | 0.203      |
----------------------------------------
---------------------------------
| rollout/           |          |
|    ep_len_mean     | 86.4     |
|    ep_rew_mean     | -23.6    |
|    success_rate    | 0.93     |
| time/              |          |
|    fps             | 787      |
|    iterations      | 108      |
|    time_elapsed    | 281      |
|    total_timesteps | 221184   |
---------------------------------
----------------------------------------
| rollout/                |            |
|    ep_len_mean          | 92.1       |
|    ep_rew_mean          | -25.5      |
|    success_rate         | 0.88       |
| time/                   |            |
|    fps                  | 759        |
|    iterations           | 109        |
|    time_elapsed         | 293        |
|    total_timesteps      | 223232     |
| train/                  |            |
|    approx_kl            | 0.02193306 |
|    clip_fraction        | 0.207      |
|    clip_range           | 0.2        |
|    entropy_loss         | -7.5       |
|    explained_variance   | 0.918      |
|    learning_rate        | 0.0003     |
|    loss                 | 0.228      |
|    n_updates            | 1080       |
|    policy_gradient_loss | -0.0149    |
|    std                  | 0.72       |
|    value_loss           | 0.624      |
----------------------------------------
Eval num_timesteps=225000, episode_reward=-39.97 +/- 21.76
Episode length: 149.43 +/- 67.50
Success rate: 40.00%
-----------------------------------------
| eval/                   |             |
|    mean_ep_length       | 149         |
|    mean_reward          | -40         |
|    success_rate         | 0.4         |
| time/                   |             |
|    total_timesteps      | 225000      |
| train/                  |             |
|    approx_kl            | 0.014906083 |
|    clip_fraction        | 0.191       |
|    clip_range           | 0.2         |
|    entropy_loss         | -7.49       |
|    explained_variance   | 0.92        |
|    learning_rate        | 0.0003      |
|    loss                 | 0.366       |
|    n_updates            | 1090        |
|    policy_gradient_loss | -0.016      |
|    std                  | 0.718       |
|    value_loss           | 1.47        |
-----------------------------------------
---------------------------------
| rollout/           |          |
|    ep_len_mean     | 95.6     |
|    ep_rew_mean     | -26.3    |
|    success_rate    | 0.85     |
| time/              |          |
|    fps             | 698      |
|    iterations      | 110      |
|    time_elapsed    | 322      |
|    total_timesteps | 225280   |
---------------------------------
----------------------------------------
| rollout/                |            |
|    ep_len_mean          | 95.4       |
|    ep_rew_mean          | -25.8      |
|    success_rate         | 0.86       |
| time/                   |            |
|    fps                  | 677        |
|    iterations           | 111        |
|    time_elapsed         | 335        |
|    total_timesteps      | 227328     |
| train/                  |            |
|    approx_kl            | 0.01652102 |
|    clip_fraction        | 0.17       |
|    clip_range           | 0.2        |
|    entropy_loss         | -7.47      |
|    explained_variance   | 0.943      |
|    learning_rate        | 0.0003     |
|    loss                 | 0.274      |
|    n_updates            | 1100       |
|    policy_gradient_loss | -0.0162    |
|    std                  | 0.717      |
|    value_loss           | 1.68       |
----------------------------------------
-----------------------------------------
| rollout/                |             |
|    ep_len_mean          | 96.6        |
|    ep_rew_mean          | -25.6       |
|    success_rate         | 0.84        |
| time/                   |             |
|    fps                  | 658         |
|    iterations           | 112         |
|    time_elapsed         | 348         |
|    total_timesteps      | 229376      |
| train/                  |             |
|    approx_kl            | 0.018312737 |
|    clip_fraction        | 0.202       |
|    clip_range           | 0.2         |
|    entropy_loss         | -7.45       |
|    explained_variance   | 0.972       |
|    learning_rate        | 0.0003      |
|    loss                 | 0.118       |
|    n_updates            | 1110        |
|    policy_gradient_loss | -0.0173     |
|    std                  | 0.715       |
|    value_loss           | 0.738       |
-----------------------------------------
Eval num_timesteps=230000, episode_reward=-39.77 +/- 18.73
Episode length: 157.03 +/- 63.23
Success rate: 33.33%
----------------------------------------
| eval/                   |            |
|    mean_ep_length       | 157        |
|    mean_reward          | -39.8      |
|    success_rate         | 0.333      |
| time/                   |            |
|    total_timesteps      | 230000     |
| train/                  |            |
|    approx_kl            | 0.01540327 |
|    clip_fraction        | 0.171      |
|    clip_range           | 0.2        |
|    entropy_loss         | -7.43      |
|    explained_variance   | 0.933      |
|    learning_rate        | 0.0003     |
|    loss                 | 0.541      |
|    n_updates            | 1120       |
|    policy_gradient_loss | -0.0185    |
|    std                  | 0.713      |
|    value_loss           | 1.78       |
----------------------------------------
---------------------------------
| rollout/           |          |
|    ep_len_mean     | 96.3     |
|    ep_rew_mean     | -26      |
|    success_rate    | 0.83     |
| time/              |          |
|    fps             | 615      |
|    iterations      | 113      |
|    time_elapsed    | 375      |
|    total_timesteps | 231424   |
---------------------------------
-----------------------------------------
| rollout/                |             |
|    ep_len_mean          | 91.2        |
|    ep_rew_mean          | -25.1       |
|    success_rate         | 0.88        |
| time/                   |             |
|    fps                  | 599         |
|    iterations           | 114         |
|    time_elapsed         | 389         |
|    total_timesteps      | 233472      |
| train/                  |             |
|    approx_kl            | 0.016860515 |
|    clip_fraction        | 0.164       |
|    clip_range           | 0.2         |
|    entropy_loss         | -7.42       |
|    explained_variance   | 0.94        |
|    learning_rate        | 0.0003      |
|    loss                 | 1.1         |
|    n_updates            | 1130        |
|    policy_gradient_loss | -0.0164     |
|    std                  | 0.713       |
|    value_loss           | 2.06        |
-----------------------------------------
Eval num_timesteps=235000, episode_reward=-43.06 +/- 13.99
Episode length: 166.67 +/- 52.67
Success rate: 33.33%
-----------------------------------------
| eval/                   |             |
|    mean_ep_length       | 167         |
|    mean_reward          | -43.1       |
|    success_rate         | 0.333       |
| time/                   |             |
|    total_timesteps      | 235000      |
| train/                  |             |
|    approx_kl            | 0.019627746 |
|    clip_fraction        | 0.215       |
|    clip_range           | 0.2         |
|    entropy_loss         | -7.42       |
|    explained_variance   | 0.985       |
|    learning_rate        | 0.0003      |
|    loss                 | 0.102       |
|    n_updates            | 1140        |
|    policy_gradient_loss | -0.0161     |
|    std                  | 0.713       |
|    value_loss           | 0.541       |
-----------------------------------------
---------------------------------
| rollout/           |          |
|    ep_len_mean     | 89.1     |
|    ep_rew_mean     | -24.6    |
|    success_rate    | 0.9      |
| time/              |          |
|    fps             | 561      |
|    iterations      | 115      |
|    time_elapsed    | 419      |
|    total_timesteps | 235520   |
---------------------------------
----------------------------------------
| rollout/                |            |
|    ep_len_mean          | 89.2       |
|    ep_rew_mean          | -25.2      |
|    success_rate         | 0.9        |
| time/                   |            |
|    fps                  | 549        |
|    iterations           | 116        |
|    time_elapsed         | 432        |
|    total_timesteps      | 237568     |
| train/                  |            |
|    approx_kl            | 0.01971082 |
|    clip_fraction        | 0.242      |
|    clip_range           | 0.2        |
|    entropy_loss         | -7.38      |
|    explained_variance   | 0.994      |
|    learning_rate        | 0.0003     |
|    loss                 | 0.0613     |
|    n_updates            | 1150       |
|    policy_gradient_loss | -0.0117    |
|    std                  | 0.709      |
|    value_loss           | 0.138      |
----------------------------------------
-----------------------------------------
| rollout/                |             |
|    ep_len_mean          | 90.2        |
|    ep_rew_mean          | -25.2       |
|    success_rate         | 0.9         |
| time/                   |             |
|    fps                  | 538         |
|    iterations           | 117         |
|    time_elapsed         | 444         |
|    total_timesteps      | 239616      |
| train/                  |             |
|    approx_kl            | 0.017205719 |
|    clip_fraction        | 0.207       |
|    clip_range           | 0.2         |
|    entropy_loss         | -7.36       |
|    explained_variance   | 0.966       |
|    learning_rate        | 0.0003      |
|    loss                 | 0.862       |
|    n_updates            | 1160        |
|    policy_gradient_loss | -0.0128     |
|    std                  | 0.707       |
|    value_loss           | 1.28        |
-----------------------------------------
Eval num_timesteps=240000, episode_reward=-34.33 +/- 20.09
Episode length: 135.37 +/- 60.76
Success rate: 60.00%
-----------------------------------------
| eval/                   |             |
|    mean_ep_length       | 135         |
|    mean_reward          | -34.3       |
|    success_rate         | 0.6         |
| time/                   |             |
|    total_timesteps      | 240000      |
| train/                  |             |
|    approx_kl            | 0.018843327 |
|    clip_fraction        | 0.177       |
|    clip_range           | 0.2         |
|    entropy_loss         | -7.36       |
|    explained_variance   | 0.946       |
|    learning_rate        | 0.0003      |
|    loss                 | 0.207       |
|    n_updates            | 1170        |
|    policy_gradient_loss | -0.0148     |
|    std                  | 0.709       |
|    value_loss           | 1.42        |
-----------------------------------------
---------------------------------
| rollout/           |          |
|    ep_len_mean     | 85.3     |
|    ep_rew_mean     | -23.2    |
|    success_rate    | 0.92     |
| time/              |          |
|    fps             | 511      |
|    iterations      | 118      |
|    time_elapsed    | 472      |
|    total_timesteps | 241664   |
---------------------------------
-----------------------------------------
| rollout/                |             |
|    ep_len_mean          | 84.9        |
|    ep_rew_mean          | -23         |
|    success_rate         | 0.91        |
| time/                   |             |
|    fps                  | 501         |
|    iterations           | 119         |
|    time_elapsed         | 485         |
|    total_timesteps      | 243712      |
| train/                  |             |
|    approx_kl            | 0.020790994 |
|    clip_fraction        | 0.22        |
|    clip_range           | 0.2         |
|    entropy_loss         | -7.34       |
|    explained_variance   | 0.979       |
|    learning_rate        | 0.0003      |
|    loss                 | 0.268       |
|    n_updates            | 1180        |
|    policy_gradient_loss | -0.0142     |
|    std                  | 0.706       |
|    value_loss           | 0.681       |
-----------------------------------------
Eval num_timesteps=245000, episode_reward=-47.95 +/- 16.07
Episode length: 176.93 +/- 47.10
Success rate: 30.00%
-----------------------------------------
| eval/                   |             |
|    mean_ep_length       | 177         |
|    mean_reward          | -48         |
|    success_rate         | 0.3         |
| time/                   |             |
|    total_timesteps      | 245000      |
| train/                  |             |
|    approx_kl            | 0.021156404 |
|    clip_fraction        | 0.22        |
|    clip_range           | 0.2         |
|    entropy_loss         | -7.31       |
|    explained_variance   | 0.988       |
|    learning_rate        | 0.0003      |
|    loss                 | 0.0112      |
|    n_updates            | 1190        |
|    policy_gradient_loss | -0.0153     |
|    std                  | 0.702       |
|    value_loss           | 0.221       |
-----------------------------------------
---------------------------------
| rollout/           |          |
|    ep_len_mean     | 78.7     |
|    ep_rew_mean     | -21      |
|    success_rate    | 0.95     |
| time/              |          |
|    fps             | 475      |
|    iterations      | 120      |
|    time_elapsed    | 516      |
|    total_timesteps | 245760   |
---------------------------------
-----------------------------------------
| rollout/                |             |
|    ep_len_mean          | 76.9        |
|    ep_rew_mean          | -20         |
|    success_rate         | 0.96        |
| time/                   |             |
|    fps                  | 467         |
|    iterations           | 121         |
|    time_elapsed         | 529         |
|    total_timesteps      | 247808      |
| train/                  |             |
|    approx_kl            | 0.018742418 |
|    clip_fraction        | 0.208       |
|    clip_range           | 0.2         |
|    entropy_loss         | -7.26       |
|    explained_variance   | 0.998       |
|    learning_rate        | 0.0003      |
|    loss                 | 0.0236      |
|    n_updates            | 1200        |
|    policy_gradient_loss | -0.0121     |
|    std                  | 0.696       |
|    value_loss           | 0.0853      |
-----------------------------------------
-----------------------------------------
| rollout/                |             |
|    ep_len_mean          | 77.6        |
|    ep_rew_mean          | -20.4       |
|    success_rate         | 0.96        |
| time/                   |             |
|    fps                  | 464         |
|    iterations           | 122         |
|    time_elapsed         | 537         |
|    total_timesteps      | 249856      |
| train/                  |             |
|    approx_kl            | 0.018282695 |
|    clip_fraction        | 0.228       |
|    clip_range           | 0.2         |
|    entropy_loss         | -7.24       |
|    explained_variance   | 0.963       |
|    learning_rate        | 0.0003      |
|    loss                 | 0.0644      |
|    n_updates            | 1210        |
|    policy_gradient_loss | -0.0187     |
|    std                  | 0.696       |
|    value_loss           | 0.412       |
-----------------------------------------
Eval num_timesteps=250000, episode_reward=-28.59 +/- 13.68
Episode length: 104.63 +/- 53.27
Success rate: 76.67%
-----------------------------------------
| eval/                   |             |
|    mean_ep_length       | 105         |
|    mean_reward          | -28.6       |
|    success_rate         | 0.767       |
| time/                   |             |
|    total_timesteps      | 250000      |
| train/                  |             |
|    approx_kl            | 0.022315074 |
|    clip_fraction        | 0.242       |
|    clip_range           | 0.2         |
|    entropy_loss         | -7.21       |
|    explained_variance   | 0.982       |
|    learning_rate        | 0.0003      |
|    loss                 | 0.243       |
|    n_updates            | 1220        |
|    policy_gradient_loss | -0.0173     |
|    std                  | 0.69        |
|    value_loss           | 0.297       |
-----------------------------------------
---------------------------------
| rollout/           |          |
|    ep_len_mean     | 81.9     |
|    ep_rew_mean     | -21.7    |
|    success_rate    | 0.92     |
| time/              |          |
|    fps             | 465      |
|    iterations      | 123      |
|    time_elapsed    | 541      |
|    total_timesteps | 251904   |
---------------------------------
-----------------------------------------
| rollout/                |             |
|    ep_len_mean          | 84.1        |
|    ep_rew_mean          | -22.4       |
|    success_rate         | 0.91        |
| time/                   |             |
|    fps                  | 467         |
|    iterations           | 124         |
|    time_elapsed         | 542         |
|    total_timesteps      | 253952      |
| train/                  |             |
|    approx_kl            | 0.016185356 |
|    clip_fraction        | 0.171       |
|    clip_range           | 0.2         |
|    entropy_loss         | -7.19       |
|    explained_variance   | 0.959       |
|    learning_rate        | 0.0003      |
|    loss                 | 0.126       |
|    n_updates            | 1230        |
|    policy_gradient_loss | -0.0167     |
|    std                  | 0.692       |
|    value_loss           | 1.29        |
-----------------------------------------
Eval num_timesteps=255000, episode_reward=-29.38 +/- 26.21
Episode length: 101.90 +/- 58.02
Success rate: 76.67%
-----------------------------------------
| eval/                   |             |
|    mean_ep_length       | 102         |
|    mean_reward          | -29.4       |
|    success_rate         | 0.767       |
| time/                   |             |
|    total_timesteps      | 255000      |
| train/                  |             |
|    approx_kl            | 0.019439269 |
|    clip_fraction        | 0.193       |
|    clip_range           | 0.2         |
|    entropy_loss         | -7.17       |
|    explained_variance   | 0.989       |
|    learning_rate        | 0.0003      |
|    loss                 | 0.0144      |
|    n_updates            | 1240        |
|    policy_gradient_loss | -0.0139     |
|    std                  | 0.688       |
|    value_loss           | 0.265       |
-----------------------------------------
---------------------------------
| rollout/           |          |
|    ep_len_mean     | 85.9     |
|    ep_rew_mean     | -22.8    |
|    success_rate    | 0.92     |
| time/              |          |
|    fps             | 468      |
|    iterations      | 125      |
|    time_elapsed    | 546      |
|    total_timesteps | 256000   |
---------------------------------
-----------------------------------------
| rollout/                |             |
|    ep_len_mean          | 87.1        |
|    ep_rew_mean          | -23.3       |
|    success_rate         | 0.91        |
| time/                   |             |
|    fps                  | 470         |
|    iterations           | 126         |
|    time_elapsed         | 548         |
|    total_timesteps      | 258048      |
| train/                  |             |
|    approx_kl            | 0.021291092 |
|    clip_fraction        | 0.228       |
|    clip_range           | 0.2         |
|    entropy_loss         | -7.17       |
|    explained_variance   | 0.978       |
|    learning_rate        | 0.0003      |
|    loss                 | 0.071       |
|    n_updates            | 1250        |
|    policy_gradient_loss | -0.0186     |
|    std                  | 0.692       |
|    value_loss           | 0.458       |
-----------------------------------------
Eval num_timesteps=260000, episode_reward=-26.24 +/- 13.86
Episode length: 101.27 +/- 49.65
Success rate: 90.00%
-----------------------------------------
| eval/                   |             |
|    mean_ep_length       | 101         |
|    mean_reward          | -26.2       |
|    success_rate         | 0.9         |
| time/                   |             |
|    total_timesteps      | 260000      |
| train/                  |             |
|    approx_kl            | 0.016451944 |
|    clip_fraction        | 0.167       |
|    clip_range           | 0.2         |
|    entropy_loss         | -7.18       |
|    explained_variance   | 0.956       |
|    learning_rate        | 0.0003      |
|    loss                 | 0.268       |
|    n_updates            | 1260        |
|    policy_gradient_loss | -0.0165     |
|    std                  | 0.689       |
|    value_loss           | 1.15        |
-----------------------------------------
---------------------------------
| rollout/           |          |
|    ep_len_mean     | 86.6     |
|    ep_rew_mean     | -23.7    |
|    success_rate    | 0.93     |
| time/              |          |
|    fps             | 461      |
|    iterations      | 127      |
|    time_elapsed    | 563      |
|    total_timesteps | 260096   |
---------------------------------
-----------------------------------------
| rollout/                |             |
|    ep_len_mean          | 85.2        |
|    ep_rew_mean          | -23.2       |
|    success_rate         | 0.94        |
| time/                   |             |
|    fps                  | 454         |
|    iterations           | 128         |
|    time_elapsed         | 576         |
|    total_timesteps      | 262144      |
| train/                  |             |
|    approx_kl            | 0.017846357 |
|    clip_fraction        | 0.226       |
|    clip_range           | 0.2         |
|    entropy_loss         | -7.19       |
|    explained_variance   | 0.971       |
|    learning_rate        | 0.0003      |
|    loss                 | 0.283       |
|    n_updates            | 1270        |
|    policy_gradient_loss | -0.0145     |
|    std                  | 0.694       |
|    value_loss           | 1.02        |
-----------------------------------------
----------------------------------------
| rollout/                |            |
|    ep_len_mean          | 82.8       |
|    ep_rew_mean          | -22.4      |
|    success_rate         | 0.94       |
| time/                   |            |
|    fps                  | 448        |
|    iterations           | 129        |
|    time_elapsed         | 589        |
|    total_timesteps      | 264192     |
| train/                  |            |
|    approx_kl            | 0.02509034 |
|    clip_fraction        | 0.228      |
|    clip_range           | 0.2        |
|    entropy_loss         | -7.22      |
|    explained_variance   | 0.972      |
|    learning_rate        | 0.0003     |
|    loss                 | 0.247      |
|    n_updates            | 1280       |
|    policy_gradient_loss | -0.0147    |
|    std                  | 0.694      |
|    value_loss           | 0.675      |
----------------------------------------
Eval num_timesteps=265000, episode_reward=-51.47 +/- 21.76
Episode length: 172.03 +/- 53.85
Success rate: 26.67%
-----------------------------------------
| eval/                   |             |
|    mean_ep_length       | 172         |
|    mean_reward          | -51.5       |
|    success_rate         | 0.267       |
| time/                   |             |
|    total_timesteps      | 265000      |
| train/                  |             |
|    approx_kl            | 0.014735014 |
|    clip_fraction        | 0.194       |
|    clip_range           | 0.2         |
|    entropy_loss         | -7.21       |
|    explained_variance   | 0.962       |
|    learning_rate        | 0.0003      |
|    loss                 | 0.175       |
|    n_updates            | 1290        |
|    policy_gradient_loss | -0.0149     |
|    std                  | 0.695       |
|    value_loss           | 0.81        |
-----------------------------------------
---------------------------------
| rollout/           |          |
|    ep_len_mean     | 82.8     |
|    ep_rew_mean     | -22.8    |
|    success_rate    | 0.94     |
| time/              |          |
|    fps             | 437      |
|    iterations      | 130      |
|    time_elapsed    | 608      |
|    total_timesteps | 266240   |
---------------------------------
-----------------------------------------
| rollout/                |             |
|    ep_len_mean          | 84.3        |
|    ep_rew_mean          | -23.2       |
|    success_rate         | 0.91        |
| time/                   |             |
|    fps                  | 439         |
|    iterations           | 131         |
|    time_elapsed         | 610         |
|    total_timesteps      | 268288      |
| train/                  |             |
|    approx_kl            | 0.019728538 |
|    clip_fraction        | 0.191       |
|    clip_range           | 0.2         |
|    entropy_loss         | -7.22       |
|    explained_variance   | 0.947       |
|    learning_rate        | 0.0003      |
|    loss                 | 0.503       |
|    n_updates            | 1300        |
|    policy_gradient_loss | -0.0173     |
|    std                  | 0.696       |
|    value_loss           | 1.33        |
-----------------------------------------
Eval num_timesteps=270000, episode_reward=-51.27 +/- 17.69
Episode length: 176.43 +/- 52.96
Success rate: 16.67%
-----------------------------------------
| eval/                   |             |
|    mean_ep_length       | 176         |
|    mean_reward          | -51.3       |
|    success_rate         | 0.167       |
| time/                   |             |
|    total_timesteps      | 270000      |
| train/                  |             |
|    approx_kl            | 0.017318415 |
|    clip_fraction        | 0.191       |
|    clip_range           | 0.2         |
|    entropy_loss         | -7.2        |
|    explained_variance   | 0.92        |
|    learning_rate        | 0.0003      |
|    loss                 | 1.27        |
|    n_updates            | 1310        |
|    policy_gradient_loss | -0.0147     |
|    std                  | 0.693       |
|    value_loss           | 3.1         |
-----------------------------------------
---------------------------------
| rollout/           |          |
|    ep_len_mean     | 83.3     |
|    ep_rew_mean     | -23      |
|    success_rate    | 0.91     |
| time/              |          |
|    fps             | 439      |
|    iterations      | 132      |
|    time_elapsed    | 614      |
|    total_timesteps | 270336   |
---------------------------------
-----------------------------------------
| rollout/                |             |
|    ep_len_mean          | 84.2        |
|    ep_rew_mean          | -23.6       |
|    success_rate         | 0.9         |
| time/                   |             |
|    fps                  | 441         |
|    iterations           | 133         |
|    time_elapsed         | 616         |
|    total_timesteps      | 272384      |
| train/                  |             |
|    approx_kl            | 0.018631728 |
|    clip_fraction        | 0.214       |
|    clip_range           | 0.2         |
|    entropy_loss         | -7.17       |
|    explained_variance   | 0.97        |
|    learning_rate        | 0.0003      |
|    loss                 | 0.353       |
|    n_updates            | 1320        |
|    policy_gradient_loss | -0.0136     |
|    std                  | 0.688       |
|    value_loss           | 1.04        |
-----------------------------------------
-----------------------------------------
| rollout/                |             |
|    ep_len_mean          | 87.8        |
|    ep_rew_mean          | -24.5       |
|    success_rate         | 0.88        |
| time/                   |             |
|    fps                  | 444         |
|    iterations           | 134         |
|    time_elapsed         | 618         |
|    total_timesteps      | 274432      |
| train/                  |             |
|    approx_kl            | 0.014962506 |
|    clip_fraction        | 0.207       |
|    clip_range           | 0.2         |
|    entropy_loss         | -7.13       |
|    explained_variance   | 0.948       |
|    learning_rate        | 0.0003      |
|    loss                 | 0.794       |
|    n_updates            | 1330        |
|    policy_gradient_loss | -0.018      |
|    std                  | 0.685       |
|    value_loss           | 1.82        |
-----------------------------------------
Eval num_timesteps=275000, episode_reward=-52.15 +/- 14.65
Episode length: 187.50 +/- 34.40
Success rate: 20.00%
-----------------------------------------
| eval/                   |             |
|    mean_ep_length       | 188         |
|    mean_reward          | -52.1       |
|    success_rate         | 0.2         |
| time/                   |             |
|    total_timesteps      | 275000      |
| train/                  |             |
|    approx_kl            | 0.020347528 |
|    clip_fraction        | 0.195       |
|    clip_range           | 0.2         |
|    entropy_loss         | -7.11       |
|    explained_variance   | 0.938       |
|    learning_rate        | 0.0003      |
|    loss                 | 0.0727      |
|    n_updates            | 1340        |
|    policy_gradient_loss | -0.0132     |
|    std                  | 0.684       |
|    value_loss           | 1.42        |
-----------------------------------------
---------------------------------
| rollout/           |          |
|    ep_len_mean     | 89.2     |
|    ep_rew_mean     | -24.2    |
|    success_rate    | 0.9      |
| time/              |          |
|    fps             | 444      |
|    iterations      | 135      |
|    time_elapsed    | 622      |
|    total_timesteps | 276480   |
---------------------------------
-----------------------------------------
| rollout/                |             |
|    ep_len_mean          | 93.8        |
|    ep_rew_mean          | -25.4       |
|    success_rate         | 0.88        |
| time/                   |             |
|    fps                  | 446         |
|    iterations           | 136         |
|    time_elapsed         | 624         |
|    total_timesteps      | 278528      |
| train/                  |             |
|    approx_kl            | 0.020352423 |
|    clip_fraction        | 0.231       |
|    clip_range           | 0.2         |
|    entropy_loss         | -7.1        |
|    explained_variance   | 0.943       |
|    learning_rate        | 0.0003      |
|    loss                 | 0.177       |
|    n_updates            | 1350        |
|    policy_gradient_loss | -0.0136     |
|    std                  | 0.683       |
|    value_loss           | 1.96        |
-----------------------------------------
Eval num_timesteps=280000, episode_reward=-48.71 +/- 10.24
Episode length: 188.80 +/- 27.00
Success rate: 30.00%
-----------------------------------------
| eval/                   |             |
|    mean_ep_length       | 189         |
|    mean_reward          | -48.7       |
|    success_rate         | 0.3         |
| time/                   |             |
|    total_timesteps      | 280000      |
| train/                  |             |
|    approx_kl            | 0.018233083 |
|    clip_fraction        | 0.188       |
|    clip_range           | 0.2         |
|    entropy_loss         | -7.09       |
|    explained_variance   | 0.923       |
|    learning_rate        | 0.0003      |
|    loss                 | 0.383       |
|    n_updates            | 1360        |
|    policy_gradient_loss | -0.0155     |
|    std                  | 0.682       |
|    value_loss           | 1.9         |
-----------------------------------------
---------------------------------
| rollout/           |          |
|    ep_len_mean     | 95       |
|    ep_rew_mean     | -26.2    |
|    success_rate    | 0.87     |
| time/              |          |
|    fps             | 446      |
|    iterations      | 137      |
|    time_elapsed    | 628      |
|    total_timesteps | 280576   |
---------------------------------
-----------------------------------------
| rollout/                |             |
|    ep_len_mean          | 93.6        |
|    ep_rew_mean          | -26.4       |
|    success_rate         | 0.87        |
| time/                   |             |
|    fps                  | 448         |
|    iterations           | 138         |
|    time_elapsed         | 630         |
|    total_timesteps      | 282624      |
| train/                  |             |
|    approx_kl            | 0.026583372 |
|    clip_fraction        | 0.218       |
|    clip_range           | 0.2         |
|    entropy_loss         | -7.09       |
|    explained_variance   | 0.922       |
|    learning_rate        | 0.0003      |
|    loss                 | 0.382       |
|    n_updates            | 1370        |
|    policy_gradient_loss | -0.0146     |
|    std                  | 0.682       |
|    value_loss           | 1.41        |
-----------------------------------------
-----------------------------------------
| rollout/                |             |
|    ep_len_mean          | 84.8        |
|    ep_rew_mean          | -23.9       |
|    success_rate         | 0.91        |
| time/                   |             |
|    fps                  | 449         |
|    iterations           | 139         |
|    time_elapsed         | 632         |
|    total_timesteps      | 284672      |
| train/                  |             |
|    approx_kl            | 0.019499188 |
|    clip_fraction        | 0.228       |
|    clip_range           | 0.2         |
|    entropy_loss         | -7.08       |
|    explained_variance   | 0.972       |
|    learning_rate        | 0.0003      |
|    loss                 | 0.114       |
|    n_updates            | 1380        |
|    policy_gradient_loss | -0.00998    |
|    std                  | 0.682       |
|    value_loss           | 1.13        |
-----------------------------------------
Eval num_timesteps=285000, episode_reward=-21.23 +/- 11.17
Episode length: 78.70 +/- 35.23
Success rate: 93.33%
-----------------------------------------
| eval/                   |             |
|    mean_ep_length       | 78.7        |
|    mean_reward          | -21.2       |
|    success_rate         | 0.933       |
| time/                   |             |
|    total_timesteps      | 285000      |
| train/                  |             |
|    approx_kl            | 0.022429472 |
|    clip_fraction        | 0.251       |
|    clip_range           | 0.2         |
|    entropy_loss         | -7.08       |
|    explained_variance   | 0.947       |
|    learning_rate        | 0.0003      |
|    loss                 | 0.374       |
|    n_updates            | 1390        |
|    policy_gradient_loss | -0.015      |
|    std                  | 0.681       |
|    value_loss           | 1.33        |
-----------------------------------------
New best mean reward!
---------------------------------
| rollout/           |          |
|    ep_len_mean     | 83.3     |
|    ep_rew_mean     | -23.2    |
|    success_rate    | 0.91     |
| time/              |          |
|    fps             | 447      |
|    iterations      | 140      |
|    time_elapsed    | 640      |
|    total_timesteps | 286720   |
---------------------------------
----------------------------------------
| rollout/                |            |
|    ep_len_mean          | 82.5       |
|    ep_rew_mean          | -22.5      |
|    success_rate         | 0.92       |
| time/                   |            |
|    fps                  | 449        |
|    iterations           | 141        |
|    time_elapsed         | 642        |
|    total_timesteps      | 288768     |
| train/                  |            |
|    approx_kl            | 0.02401576 |
|    clip_fraction        | 0.226      |
|    clip_range           | 0.2        |
|    entropy_loss         | -7.07      |
|    explained_variance   | 0.937      |
|    learning_rate        | 0.0003     |
|    loss                 | 0.215      |
|    n_updates            | 1400       |
|    policy_gradient_loss | -0.0145    |
|    std                  | 0.68       |
|    value_loss           | 1.39       |
----------------------------------------
Eval num_timesteps=290000, episode_reward=-24.79 +/- 13.44
Episode length: 81.93 +/- 33.68
Success rate: 90.00%
---------------------------------------
| eval/                   |           |
|    mean_ep_length       | 81.9      |
|    mean_reward          | -24.8     |
|    success_rate         | 0.9       |
| time/                   |           |
|    total_timesteps      | 290000    |
| train/                  |           |
|    approx_kl            | 0.0181522 |
|    clip_fraction        | 0.234     |
|    clip_range           | 0.2       |
|    entropy_loss         | -7.06     |
|    explained_variance   | 0.974     |
|    learning_rate        | 0.0003    |
|    loss                 | 0.177     |
|    n_updates            | 1410      |
|    policy_gradient_loss | -0.0129   |
|    std                  | 0.679     |
|    value_loss           | 0.937     |
---------------------------------------
---------------------------------
| rollout/           |          |
|    ep_len_mean     | 81.7     |
|    ep_rew_mean     | -21.6    |
|    success_rate    | 0.93     |
| time/              |          |
|    fps             | 450      |
|    iterations      | 142      |
|    time_elapsed    | 646      |
|    total_timesteps | 290816   |
---------------------------------
----------------------------------------
| rollout/                |            |
|    ep_len_mean          | 83.5       |
|    ep_rew_mean          | -23        |
|    success_rate         | 0.92       |
| time/                   |            |
|    fps                  | 448        |
|    iterations           | 143        |
|    time_elapsed         | 653        |
|    total_timesteps      | 292864     |
| train/                  |            |
|    approx_kl            | 0.02064278 |
|    clip_fraction        | 0.237      |
|    clip_range           | 0.2        |
|    entropy_loss         | -7.04      |
|    explained_variance   | 0.978      |
|    learning_rate        | 0.0003     |
|    loss                 | 0.308      |
|    n_updates            | 1420       |
|    policy_gradient_loss | -0.0165    |
|    std                  | 0.678      |
|    value_loss           | 0.658      |
----------------------------------------
-----------------------------------------
| rollout/                |             |
|    ep_len_mean          | 77.5        |
|    ep_rew_mean          | -21.3       |
|    success_rate         | 0.96        |
| time/                   |             |
|    fps                  | 442         |
|    iterations           | 144         |
|    time_elapsed         | 666         |
|    total_timesteps      | 294912      |
| train/                  |             |
|    approx_kl            | 0.016699528 |
|    clip_fraction        | 0.218       |
|    clip_range           | 0.2         |
|    entropy_loss         | -7.03       |
|    explained_variance   | 0.985       |
|    learning_rate        | 0.0003      |
|    loss                 | 0.0728      |
|    n_updates            | 1430        |
|    policy_gradient_loss | -0.0112     |
|    std                  | 0.677       |
|    value_loss           | 0.52        |
-----------------------------------------
Eval num_timesteps=295000, episode_reward=-24.80 +/- 17.38
Episode length: 84.30 +/- 40.64
Success rate: 90.00%
-----------------------------------------
| eval/                   |             |
|    mean_ep_length       | 84.3        |
|    mean_reward          | -24.8       |
|    success_rate         | 0.9         |
| time/                   |             |
|    total_timesteps      | 295000      |
| train/                  |             |
|    approx_kl            | 0.025195621 |
|    clip_fraction        | 0.235       |
|    clip_range           | 0.2         |
|    entropy_loss         | -7.04       |
|    explained_variance   | 0.969       |
|    learning_rate        | 0.0003      |
|    loss                 | 0.0872      |
|    n_updates            | 1440        |
|    policy_gradient_loss | -0.0146     |
|    std                  | 0.681       |
|    value_loss           | 0.522       |
-----------------------------------------
---------------------------------
| rollout/           |          |
|    ep_len_mean     | 76.4     |
|    ep_rew_mean     | -21.2    |
|    success_rate    | 0.96     |
| time/              |          |
|    fps             | 431      |
|    iterations      | 145      |
|    time_elapsed    | 688      |
|    total_timesteps | 296960   |
---------------------------------
-----------------------------------------
| rollout/                |             |
|    ep_len_mean          | 78.5        |
|    ep_rew_mean          | -21.9       |
|    success_rate         | 0.94        |
| time/                   |             |
|    fps                  | 433         |
|    iterations           | 146         |
|    time_elapsed         | 689         |
|    total_timesteps      | 299008      |
| train/                  |             |
|    approx_kl            | 0.018888425 |
|    clip_fraction        | 0.213       |
|    clip_range           | 0.2         |
|    entropy_loss         | -7.04       |
|    explained_variance   | 0.976       |
|    learning_rate        | 0.0003      |
|    loss                 | 0.148       |
|    n_updates            | 1450        |
|    policy_gradient_loss | -0.0146     |
|    std                  | 0.679       |
|    value_loss           | 1.1         |
-----------------------------------------
Eval num_timesteps=300000, episode_reward=-19.40 +/- 9.87
Episode length: 74.70 +/- 26.85
Success rate: 96.67%
-----------------------------------------
| eval/                   |             |
|    mean_ep_length       | 74.7        |
|    mean_reward          | -19.4       |
|    success_rate         | 0.967       |
| time/                   |             |
|    total_timesteps      | 300000      |
| train/                  |             |
|    approx_kl            | 0.022150662 |
|    clip_fraction        | 0.226       |
|    clip_range           | 0.2         |
|    entropy_loss         | -7.01       |
|    explained_variance   | 0.927       |
|    learning_rate        | 0.0003      |
|    loss                 | 0.108       |
|    n_updates            | 1460        |
|    policy_gradient_loss | -0.0129     |
|    std                  | 0.676       |
|    value_loss           | 0.982       |
-----------------------------------------
New best mean reward!
---------------------------------
| rollout/           |          |
|    ep_len_mean     | 81.1     |
|    ep_rew_mean     | -22.5    |
|    success_rate    | 0.92     |
| time/              |          |
|    fps             | 434      |
|    iterations      | 147      |
|    time_elapsed    | 693      |
|    total_timesteps | 301056   |
---------------------------------
-----------------------------------------
| rollout/                |             |
|    ep_len_mean          | 81.5        |
|    ep_rew_mean          | -22.8       |
|    success_rate         | 0.9         |
| time/                   |             |
|    fps                  | 436         |
|    iterations           | 148         |
|    time_elapsed         | 694         |
|    total_timesteps      | 303104      |
| train/                  |             |
|    approx_kl            | 0.017516285 |
|    clip_fraction        | 0.196       |
|    clip_range           | 0.2         |
|    entropy_loss         | -7          |
|    explained_variance   | 0.925       |
|    learning_rate        | 0.0003      |
|    loss                 | 0.449       |
|    n_updates            | 1470        |
|    policy_gradient_loss | -0.0193     |
|    std                  | 0.676       |
|    value_loss           | 2.29        |
-----------------------------------------
Eval num_timesteps=305000, episode_reward=-18.04 +/- 6.69
Episode length: 69.47 +/- 10.68
Success rate: 100.00%
-----------------------------------------
| eval/                   |             |
|    mean_ep_length       | 69.5        |
|    mean_reward          | -18         |
|    success_rate         | 1           |
| time/                   |             |
|    total_timesteps      | 305000      |
| train/                  |             |
|    approx_kl            | 0.019181864 |
|    clip_fraction        | 0.18        |
|    clip_range           | 0.2         |
|    entropy_loss         | -6.99       |
|    explained_variance   | 0.926       |
|    learning_rate        | 0.0003      |
|    loss                 | 0.934       |
|    n_updates            | 1480        |
|    policy_gradient_loss | -0.0169     |
|    std                  | 0.674       |
|    value_loss           | 2.68        |
-----------------------------------------
New best mean reward!
---------------------------------
| rollout/           |          |
|    ep_len_mean     | 83.2     |
|    ep_rew_mean     | -23.8    |
|    success_rate    | 0.89     |
| time/              |          |
|    fps             | 437      |
|    iterations      | 149      |
|    time_elapsed    | 697      |
|    total_timesteps | 305152   |
---------------------------------
----------------------------------------
| rollout/                |            |
|    ep_len_mean          | 78         |
|    ep_rew_mean          | -22        |
|    success_rate         | 0.92       |
| time/                   |            |
|    fps                  | 438        |
|    iterations           | 150        |
|    time_elapsed         | 699        |
|    total_timesteps      | 307200     |
| train/                  |            |
|    approx_kl            | 0.02352833 |
|    clip_fraction        | 0.232      |
|    clip_range           | 0.2        |
|    entropy_loss         | -6.99      |
|    explained_variance   | 0.96       |
|    learning_rate        | 0.0003     |
|    loss                 | 1.03       |
|    n_updates            | 1490       |
|    policy_gradient_loss | -0.0113    |
|    std                  | 0.675      |
|    value_loss           | 2.07       |
----------------------------------------
-----------------------------------------
| rollout/                |             |
|    ep_len_mean          | 76.6        |
|    ep_rew_mean          | -21.5       |
|    success_rate         | 0.93        |
| time/                   |             |
|    fps                  | 440         |
|    iterations           | 151         |
|    time_elapsed         | 701         |
|    total_timesteps      | 309248      |
| train/                  |             |
|    approx_kl            | 0.019501667 |
|    clip_fraction        | 0.234       |
|    clip_range           | 0.2         |
|    entropy_loss         | -6.97       |
|    explained_variance   | 0.961       |
|    learning_rate        | 0.0003      |
|    loss                 | 0.052       |
|    n_updates            | 1500        |
|    policy_gradient_loss | -0.014      |
|    std                  | 0.672       |
|    value_loss           | 1.3         |
-----------------------------------------
Eval num_timesteps=310000, episode_reward=-21.86 +/- 9.93
Episode length: 73.80 +/- 26.35
Success rate: 93.33%
-----------------------------------------
| eval/                   |             |
|    mean_ep_length       | 73.8        |
|    mean_reward          | -21.9       |
|    success_rate         | 0.933       |
| time/                   |             |
|    total_timesteps      | 310000      |
| train/                  |             |
|    approx_kl            | 0.023412876 |
|    clip_fraction        | 0.272       |
|    clip_range           | 0.2         |
|    entropy_loss         | -6.94       |
|    explained_variance   | 0.986       |
|    learning_rate        | 0.0003      |
|    loss                 | 0.376       |
|    n_updates            | 1510        |
|    policy_gradient_loss | -0.00998    |
|    std                  | 0.669       |
|    value_loss           | 0.574       |
-----------------------------------------
---------------------------------
| rollout/           |          |
|    ep_len_mean     | 74.3     |
|    ep_rew_mean     | -20      |
|    success_rate    | 0.96     |
| time/              |          |
|    fps             | 441      |
|    iterations      | 152      |
|    time_elapsed    | 705      |
|    total_timesteps | 311296   |
---------------------------------
-----------------------------------------
| rollout/                |             |
|    ep_len_mean          | 77.7        |
|    ep_rew_mean          | -20.8       |
|    success_rate         | 0.94        |
| time/                   |             |
|    fps                  | 438         |
|    iterations           | 153         |
|    time_elapsed         | 714         |
|    total_timesteps      | 313344      |
| train/                  |             |
|    approx_kl            | 0.021328691 |
|    clip_fraction        | 0.262       |
|    clip_range           | 0.2         |
|    entropy_loss         | -6.91       |
|    explained_variance   | 0.993       |
|    learning_rate        | 0.0003      |
|    loss                 | -0.00154    |
|    n_updates            | 1520        |
|    policy_gradient_loss | -0.0159     |
|    std                  | 0.667       |
|    value_loss           | 0.183       |
-----------------------------------------
Eval num_timesteps=315000, episode_reward=-23.31 +/- 15.59
Episode length: 82.97 +/- 40.43
Success rate: 90.00%
-----------------------------------------
| eval/                   |             |
|    mean_ep_length       | 83          |
|    mean_reward          | -23.3       |
|    success_rate         | 0.9         |
| time/                   |             |
|    total_timesteps      | 315000      |
| train/                  |             |
|    approx_kl            | 0.021125073 |
|    clip_fraction        | 0.229       |
|    clip_range           | 0.2         |
|    entropy_loss         | -6.92       |
|    explained_variance   | 0.94        |
|    learning_rate        | 0.0003      |
|    loss                 | 0.127       |
|    n_updates            | 1530        |
|    policy_gradient_loss | -0.0141     |
|    std                  | 0.671       |
|    value_loss           | 0.711       |
-----------------------------------------
---------------------------------
| rollout/           |          |
|    ep_len_mean     | 78.1     |
|    ep_rew_mean     | -21.9    |
|    success_rate    | 0.94     |
| time/              |          |
|    fps             | 427      |
|    iterations      | 154      |
|    time_elapsed    | 737      |
|    total_timesteps | 315392   |
---------------------------------
-----------------------------------------
| rollout/                |             |
|    ep_len_mean          | 79.5        |
|    ep_rew_mean          | -22.1       |
|    success_rate         | 0.94        |
| time/                   |             |
|    fps                  | 422         |
|    iterations           | 155         |
|    time_elapsed         | 750         |
|    total_timesteps      | 317440      |
| train/                  |             |
|    approx_kl            | 0.018981677 |
|    clip_fraction        | 0.191       |
|    clip_range           | 0.2         |
|    entropy_loss         | -6.95       |
|    explained_variance   | 0.931       |
|    learning_rate        | 0.0003      |
|    loss                 | 0.136       |
|    n_updates            | 1540        |
|    policy_gradient_loss | -0.0158     |
|    std                  | 0.673       |
|    value_loss           | 0.953       |
-----------------------------------------
----------------------------------------
| rollout/                |            |
|    ep_len_mean          | 82.2       |
|    ep_rew_mean          | -23.3      |
|    success_rate         | 0.92       |
| time/                   |            |
|    fps                  | 417        |
|    iterations           | 156        |
|    time_elapsed         | 764        |
|    total_timesteps      | 319488     |
| train/                  |            |
|    approx_kl            | 0.02062381 |
|    clip_fraction        | 0.221      |
|    clip_range           | 0.2        |
|    entropy_loss         | -6.96      |
|    explained_variance   | 0.971      |
|    learning_rate        | 0.0003     |
|    loss                 | 0.597      |
|    n_updates            | 1550       |
|    policy_gradient_loss | -0.0143    |
|    std                  | 0.673      |
|    value_loss           | 0.652      |
----------------------------------------
Eval num_timesteps=320000, episode_reward=-27.86 +/- 21.77
Episode length: 95.73 +/- 52.94
Success rate: 80.00%
-----------------------------------------
| eval/                   |             |
|    mean_ep_length       | 95.7        |
|    mean_reward          | -27.9       |
|    success_rate         | 0.8         |
| time/                   |             |
|    total_timesteps      | 320000      |
| train/                  |             |
|    approx_kl            | 0.016863625 |
|    clip_fraction        | 0.21        |
|    clip_range           | 0.2         |
|    entropy_loss         | -6.97       |
|    explained_variance   | 0.94        |
|    learning_rate        | 0.0003      |
|    loss                 | 0.396       |
|    n_updates            | 1560        |
|    policy_gradient_loss | -0.0129     |
|    std                  | 0.673       |
|    value_loss           | 1.91        |
-----------------------------------------
---------------------------------
| rollout/           |          |
|    ep_len_mean     | 81.6     |
|    ep_rew_mean     | -23.5    |
|    success_rate    | 0.92     |
| time/              |          |
|    fps             | 412      |
|    iterations      | 157      |
|    time_elapsed    | 779      |
|    total_timesteps | 321536   |
---------------------------------
-----------------------------------------
| rollout/                |             |
|    ep_len_mean          | 84.3        |
|    ep_rew_mean          | -23.5       |
|    success_rate         | 0.91        |
| time/                   |             |
|    fps                  | 414         |
|    iterations           | 158         |
|    time_elapsed         | 781         |
|    total_timesteps      | 323584      |
| train/                  |             |
|    approx_kl            | 0.014067209 |
|    clip_fraction        | 0.169       |
|    clip_range           | 0.2         |
|    entropy_loss         | -6.97       |
|    explained_variance   | 0.933       |
|    learning_rate        | 0.0003      |
|    loss                 | 1.09        |
|    n_updates            | 1570        |
|    policy_gradient_loss | -0.0121     |
|    std                  | 0.673       |
|    value_loss           | 2.97        |
-----------------------------------------
Eval num_timesteps=325000, episode_reward=-30.27 +/- 24.70
Episode length: 100.13 +/- 55.53
Success rate: 76.67%
-----------------------------------------
| eval/                   |             |
|    mean_ep_length       | 100         |
|    mean_reward          | -30.3       |
|    success_rate         | 0.767       |
| time/                   |             |
|    total_timesteps      | 325000      |
| train/                  |             |
|    approx_kl            | 0.016564699 |
|    clip_fraction        | 0.195       |
|    clip_range           | 0.2         |
|    entropy_loss         | -6.94       |
|    explained_variance   | 0.928       |
|    learning_rate        | 0.0003      |
|    loss                 | 1.25        |
|    n_updates            | 1580        |
|    policy_gradient_loss | -0.0148     |
|    std                  | 0.667       |
|    value_loss           | 2.66        |
-----------------------------------------
---------------------------------
| rollout/           |          |
|    ep_len_mean     | 83       |
|    ep_rew_mean     | -23.1    |
|    success_rate    | 0.9      |
| time/              |          |
|    fps             | 414      |
|    iterations      | 159      |
|    time_elapsed    | 784      |
|    total_timesteps | 325632   |
---------------------------------
-----------------------------------------
| rollout/                |             |
|    ep_len_mean          | 81.7        |
|    ep_rew_mean          | -23         |
|    success_rate         | 0.91        |
| time/                   |             |
|    fps                  | 414         |
|    iterations           | 160         |
|    time_elapsed         | 790         |
|    total_timesteps      | 327680      |
| train/                  |             |
|    approx_kl            | 0.021720659 |
|    clip_fraction        | 0.244       |
|    clip_range           | 0.2         |
|    entropy_loss         | -6.9        |
|    explained_variance   | 0.955       |
|    learning_rate        | 0.0003      |
|    loss                 | 0.161       |
|    n_updates            | 1590        |
|    policy_gradient_loss | -0.00966    |
|    std                  | 0.665       |
|    value_loss           | 0.806       |
-----------------------------------------
-----------------------------------------
| rollout/                |             |
|    ep_len_mean          | 82.1        |
|    ep_rew_mean          | -22.7       |
|    success_rate         | 0.92        |
| time/                   |             |
|    fps                  | 410         |
|    iterations           | 161         |
|    time_elapsed         | 803         |
|    total_timesteps      | 329728      |
| train/                  |             |
|    approx_kl            | 0.024060026 |
|    clip_fraction        | 0.255       |
|    clip_range           | 0.2         |
|    entropy_loss         | -6.88       |
|    explained_variance   | 0.96        |
|    learning_rate        | 0.0003      |
|    loss                 | 0.73        |
|    n_updates            | 1600        |
|    policy_gradient_loss | -0.0121     |
|    std                  | 0.663       |
|    value_loss           | 1.22        |
-----------------------------------------
Eval num_timesteps=330000, episode_reward=-24.25 +/- 19.60
Episode length: 82.37 +/- 40.55
Success rate: 90.00%
-----------------------------------------
| eval/                   |             |
|    mean_ep_length       | 82.4        |
|    mean_reward          | -24.2       |
|    success_rate         | 0.9         |
| time/                   |             |
|    total_timesteps      | 330000      |
| train/                  |             |
|    approx_kl            | 0.018777043 |
|    clip_fraction        | 0.209       |
|    clip_range           | 0.2         |
|    entropy_loss         | -6.9        |
|    explained_variance   | 0.911       |
|    learning_rate        | 0.0003      |
|    loss                 | 0.206       |
|    n_updates            | 1610        |
|    policy_gradient_loss | -0.0174     |
|    std                  | 0.667       |
|    value_loss           | 2.91        |
-----------------------------------------
---------------------------------
| rollout/           |          |
|    ep_len_mean     | 81       |
|    ep_rew_mean     | -22.4    |
|    success_rate    | 0.92     |
| time/              |          |
|    fps             | 401      |
|    iterations      | 162      |
|    time_elapsed    | 827      |
|    total_timesteps | 331776   |
---------------------------------
-----------------------------------------
| rollout/                |             |
|    ep_len_mean          | 82.7        |
|    ep_rew_mean          | -23         |
|    success_rate         | 0.92        |
| time/                   |             |
|    fps                  | 397         |
|    iterations           | 163         |
|    time_elapsed         | 840         |
|    total_timesteps      | 333824      |
| train/                  |             |
|    approx_kl            | 0.019885257 |
|    clip_fraction        | 0.211       |
|    clip_range           | 0.2         |
|    entropy_loss         | -6.92       |
|    explained_variance   | 0.938       |
|    learning_rate        | 0.0003      |
|    loss                 | 1.82        |
|    n_updates            | 1620        |
|    policy_gradient_loss | -0.0125     |
|    std                  | 0.666       |
|    value_loss           | 2.2         |
-----------------------------------------
Eval num_timesteps=335000, episode_reward=-25.27 +/- 21.22
Episode length: 83.30 +/- 46.57
Success rate: 86.67%
-----------------------------------------
| eval/                   |             |
|    mean_ep_length       | 83.3        |
|    mean_reward          | -25.3       |
|    success_rate         | 0.867       |
| time/                   |             |
|    total_timesteps      | 335000      |
| train/                  |             |
|    approx_kl            | 0.016521273 |
|    clip_fraction        | 0.226       |
|    clip_range           | 0.2         |
|    entropy_loss         | -6.92       |
|    explained_variance   | 0.939       |
|    learning_rate        | 0.0003      |
|    loss                 | 0.143       |
|    n_updates            | 1630        |
|    policy_gradient_loss | -0.0124     |
|    std                  | 0.668       |
|    value_loss           | 2.35        |
-----------------------------------------
---------------------------------
| rollout/           |          |
|    ep_len_mean     | 83       |
|    ep_rew_mean     | -23      |
|    success_rate    | 0.92     |
| time/              |          |
|    fps             | 398      |
|    iterations      | 164      |
|    time_elapsed    | 843      |
|    total_timesteps | 335872   |
---------------------------------
-----------------------------------------
| rollout/                |             |
|    ep_len_mean          | 78.6        |
|    ep_rew_mean          | -21.8       |
|    success_rate         | 0.95        |
| time/                   |             |
|    fps                  | 399         |
|    iterations           | 165         |
|    time_elapsed         | 845         |
|    total_timesteps      | 337920      |
| train/                  |             |
|    approx_kl            | 0.025204308 |
|    clip_fraction        | 0.261       |
|    clip_range           | 0.2         |
|    entropy_loss         | -6.9        |
|    explained_variance   | 0.964       |
|    learning_rate        | 0.0003      |
|    loss                 | 0.328       |
|    n_updates            | 1640        |
|    policy_gradient_loss | -0.0109     |
|    std                  | 0.664       |
|    value_loss           | 1.28        |
-----------------------------------------
-----------------------------------------
| rollout/                |             |
|    ep_len_mean          | 77.7        |
|    ep_rew_mean          | -21.8       |
|    success_rate         | 0.96        |
| time/                   |             |
|    fps                  | 401         |
|    iterations           | 166         |
|    time_elapsed         | 847         |
|    total_timesteps      | 339968      |
| train/                  |             |
|    approx_kl            | 0.024059718 |
|    clip_fraction        | 0.282       |
|    clip_range           | 0.2         |
|    entropy_loss         | -6.82       |
|    explained_variance   | 0.99        |
|    learning_rate        | 0.0003      |
|    loss                 | 0.000591    |
|    n_updates            | 1650        |
|    policy_gradient_loss | -0.0109     |
|    std                  | 0.654       |
|    value_loss           | 0.189       |
-----------------------------------------
Eval num_timesteps=340000, episode_reward=-17.38 +/- 6.41
Episode length: 67.17 +/- 11.71
Success rate: 100.00%
-----------------------------------------
| eval/                   |             |
|    mean_ep_length       | 67.2        |
|    mean_reward          | -17.4       |
|    success_rate         | 1           |
| time/                   |             |
|    total_timesteps      | 340000      |
| train/                  |             |
|    approx_kl            | 0.021542234 |
|    clip_fraction        | 0.228       |
|    clip_range           | 0.2         |
|    entropy_loss         | -6.75       |
|    explained_variance   | 0.946       |
|    learning_rate        | 0.0003      |
|    loss                 | 0.0263      |
|    n_updates            | 1660        |
|    policy_gradient_loss | -0.0129     |
|    std                  | 0.651       |
|    value_loss           | 0.663       |
-----------------------------------------
New best mean reward!
---------------------------------
| rollout/           |          |
|    ep_len_mean     | 73.8     |
|    ep_rew_mean     | -20.5    |
|    success_rate    | 0.99     |
| time/              |          |
|    fps             | 400      |
|    iterations      | 167      |
|    time_elapsed    | 854      |
|    total_timesteps | 342016   |
---------------------------------
-----------------------------------------
| rollout/                |             |
|    ep_len_mean          | 74.1        |
|    ep_rew_mean          | -20.1       |
|    success_rate         | 0.98        |
| time/                   |             |
|    fps                  | 395         |
|    iterations           | 168         |
|    time_elapsed         | 869         |
|    total_timesteps      | 344064      |
| train/                  |             |
|    approx_kl            | 0.018835127 |
|    clip_fraction        | 0.244       |
|    clip_range           | 0.2         |
|    entropy_loss         | -6.7        |
|    explained_variance   | 0.997       |
|    learning_rate        | 0.0003      |
|    loss                 | 0.0221      |
|    n_updates            | 1670        |
|    policy_gradient_loss | -0.0135     |
|    std                  | 0.645       |
|    value_loss           | 0.0865      |
-----------------------------------------
Eval num_timesteps=345000, episode_reward=-17.93 +/- 6.70
Episode length: 69.90 +/- 11.90
Success rate: 100.00%
-----------------------------------------
| eval/                   |             |
|    mean_ep_length       | 69.9        |
|    mean_reward          | -17.9       |
|    success_rate         | 1           |
| time/                   |             |
|    total_timesteps      | 345000      |
| train/                  |             |
|    approx_kl            | 0.026516318 |
|    clip_fraction        | 0.236       |
|    clip_range           | 0.2         |
|    entropy_loss         | -6.67       |
|    explained_variance   | 0.968       |
|    learning_rate        | 0.0003      |
|    loss                 | 0.0826      |
|    n_updates            | 1680        |
|    policy_gradient_loss | -0.018      |
|    std                  | 0.643       |
|    value_loss           | 0.326       |
-----------------------------------------
---------------------------------
| rollout/           |          |
|    ep_len_mean     | 73.7     |
|    ep_rew_mean     | -19.6    |
|    success_rate    | 0.99     |
| time/              |          |
|    fps             | 386      |
|    iterations      | 169      |
|    time_elapsed    | 895      |
|    total_timesteps | 346112   |
---------------------------------
-----------------------------------------
| rollout/                |             |
|    ep_len_mean          | 75.1        |
|    ep_rew_mean          | -19.6       |
|    success_rate         | 0.99        |
| time/                   |             |
|    fps                  | 381         |
|    iterations           | 170         |
|    time_elapsed         | 911         |
|    total_timesteps      | 348160      |
| train/                  |             |
|    approx_kl            | 0.023777213 |
|    clip_fraction        | 0.245       |
|    clip_range           | 0.2         |
|    entropy_loss         | -6.63       |
|    explained_variance   | 0.985       |
|    learning_rate        | 0.0003      |
|    loss                 | 0.316       |
|    n_updates            | 1690        |
|    policy_gradient_loss | -0.02       |
|    std                  | 0.637       |
|    value_loss           | 0.393       |
-----------------------------------------
Eval num_timesteps=350000, episode_reward=-25.51 +/- 17.71
Episode length: 79.93 +/- 34.08
Success rate: 93.33%
-----------------------------------------
| eval/                   |             |
|    mean_ep_length       | 79.9        |
|    mean_reward          | -25.5       |
|    success_rate         | 0.933       |
| time/                   |             |
|    total_timesteps      | 350000      |
| train/                  |             |
|    approx_kl            | 0.025373006 |
|    clip_fraction        | 0.296       |
|    clip_range           | 0.2         |
|    entropy_loss         | -6.6        |
|    explained_variance   | 0.996       |
|    learning_rate        | 0.0003      |
|    loss                 | 0.0415      |
|    n_updates            | 1700        |
|    policy_gradient_loss | -0.0154     |
|    std                  | 0.638       |
|    value_loss           | 0.111       |
-----------------------------------------
---------------------------------
| rollout/           |          |
|    ep_len_mean     | 73.5     |
|    ep_rew_mean     | -19.3    |
|    success_rate    | 1        |
| time/              |          |
|    fps             | 377      |
|    iterations      | 171      |
|    time_elapsed    | 926      |
|    total_timesteps | 350208   |
---------------------------------
-----------------------------------------
| rollout/                |             |
|    ep_len_mean          | 74.7        |
|    ep_rew_mean          | -19.9       |
|    success_rate         | 1           |
| time/                   |             |
|    fps                  | 379         |
|    iterations           | 172         |
|    time_elapsed         | 928         |
|    total_timesteps      | 352256      |
| train/                  |             |
|    approx_kl            | 0.021549571 |
|    clip_fraction        | 0.258       |
|    clip_range           | 0.2         |
|    entropy_loss         | -6.6        |
|    explained_variance   | 0.999       |
|    learning_rate        | 0.0003      |
|    loss                 | -0.0123     |
|    n_updates            | 1710        |
|    policy_gradient_loss | -0.0175     |
|    std                  | 0.639       |
|    value_loss           | 0.0585      |
-----------------------------------------
-----------------------------------------
| rollout/                |             |
|    ep_len_mean          | 71.6        |
|    ep_rew_mean          | -19.4       |
|    success_rate         | 1           |
| time/                   |             |
|    fps                  | 380         |
|    iterations           | 173         |
|    time_elapsed         | 930         |
|    total_timesteps      | 354304      |
| train/                  |             |
|    approx_kl            | 0.016790574 |
|    clip_fraction        | 0.235       |
|    clip_range           | 0.2         |
|    entropy_loss         | -6.61       |
|    explained_variance   | 0.999       |
|    learning_rate        | 0.0003      |
|    loss                 | 0.00488     |
|    n_updates            | 1720        |
|    policy_gradient_loss | -0.0156     |
|    std                  | 0.64        |
|    value_loss           | 0.0413      |
-----------------------------------------
Eval num_timesteps=355000, episode_reward=-20.78 +/- 11.35
Episode length: 73.93 +/- 24.94
Success rate: 96.67%
---------------------------------------
| eval/                   |           |
|    mean_ep_length       | 73.9      |
|    mean_reward          | -20.8     |
|    success_rate         | 0.967     |
| time/                   |           |
|    total_timesteps      | 355000    |
| train/                  |           |
|    approx_kl            | 0.0171382 |
|    clip_fraction        | 0.236     |
|    clip_range           | 0.2       |
|    entropy_loss         | -6.63     |
|    explained_variance   | 0.999     |
|    learning_rate        | 0.0003    |
|    loss                 | 0.0297    |
|    n_updates            | 1730      |
|    policy_gradient_loss | -0.0156   |
|    std                  | 0.643     |
|    value_loss           | 0.049     |
---------------------------------------
---------------------------------
| rollout/           |          |
|    ep_len_mean     | 71.8     |
|    ep_rew_mean     | -19.6    |
|    success_rate    | 1        |
| time/              |          |
|    fps             | 381      |
|    iterations      | 174      |
|    time_elapsed    | 933      |
|    total_timesteps | 356352   |
---------------------------------
-----------------------------------------
| rollout/                |             |
|    ep_len_mean          | 72.5        |
|    ep_rew_mean          | -19.8       |
|    success_rate         | 0.99        |
| time/                   |             |
|    fps                  | 383         |
|    iterations           | 175         |
|    time_elapsed         | 935         |
|    total_timesteps      | 358400      |
| train/                  |             |
|    approx_kl            | 0.021064728 |
|    clip_fraction        | 0.26        |
|    clip_range           | 0.2         |
|    entropy_loss         | -6.62       |
|    explained_variance   | 0.999       |
|    learning_rate        | 0.0003      |
|    loss                 | -0.000453   |
|    n_updates            | 1740        |
|    policy_gradient_loss | -0.0166     |
|    std                  | 0.639       |
|    value_loss           | 0.0348      |
-----------------------------------------
Eval num_timesteps=360000, episode_reward=-20.56 +/- 14.62
Episode length: 73.40 +/- 26.37
Success rate: 96.67%
-----------------------------------------
| eval/                   |             |
|    mean_ep_length       | 73.4        |
|    mean_reward          | -20.6       |
|    success_rate         | 0.967       |
| time/                   |             |
|    total_timesteps      | 360000      |
| train/                  |             |
|    approx_kl            | 0.020863038 |
|    clip_fraction        | 0.205       |
|    clip_range           | 0.2         |
|    entropy_loss         | -6.6        |
|    explained_variance   | 0.946       |
|    learning_rate        | 0.0003      |
|    loss                 | 0.00618     |
|    n_updates            | 1750        |
|    policy_gradient_loss | -0.0113     |
|    std                  | 0.639       |
|    value_loss           | 0.312       |
-----------------------------------------
---------------------------------
| rollout/           |          |
|    ep_len_mean     | 73.7     |
|    ep_rew_mean     | -20.5    |
|    success_rate    | 0.99     |
| time/              |          |
|    fps             | 384      |
|    iterations      | 176      |
|    time_elapsed    | 938      |
|    total_timesteps | 360448   |
---------------------------------
-----------------------------------------
| rollout/                |             |
|    ep_len_mean          | 74.8        |
|    ep_rew_mean          | -21         |
|    success_rate         | 0.99        |
| time/                   |             |
|    fps                  | 385         |
|    iterations           | 177         |
|    time_elapsed         | 940         |
|    total_timesteps      | 362496      |
| train/                  |             |
|    approx_kl            | 0.016835593 |
|    clip_fraction        | 0.211       |
|    clip_range           | 0.2         |
|    entropy_loss         | -6.59       |
|    explained_variance   | 0.999       |
|    learning_rate        | 0.0003      |
|    loss                 | -0.0222     |
|    n_updates            | 1760        |
|    policy_gradient_loss | -0.0133     |
|    std                  | 0.638       |
|    value_loss           | 0.0338      |
-----------------------------------------
----------------------------------------
| rollout/                |            |
|    ep_len_mean          | 76.1       |
|    ep_rew_mean          | -21.6      |
|    success_rate         | 0.97       |
| time/                   |            |
|    fps                  | 386        |
|    iterations           | 178        |
|    time_elapsed         | 942        |
|    total_timesteps      | 364544     |
| train/                  |            |
|    approx_kl            | 0.01870299 |
|    clip_fraction        | 0.253      |
|    clip_range           | 0.2        |
|    entropy_loss         | -6.58      |
|    explained_variance   | 0.999      |
|    learning_rate        | 0.0003     |
|    loss                 | 0.0119     |
|    n_updates            | 1770       |
|    policy_gradient_loss | -0.02      |
|    std                  | 0.637      |
|    value_loss           | 0.0313     |
----------------------------------------
Eval num_timesteps=365000, episode_reward=-21.35 +/- 13.49
Episode length: 79.13 +/- 33.63
Success rate: 93.33%
-----------------------------------------
| eval/                   |             |
|    mean_ep_length       | 79.1        |
|    mean_reward          | -21.4       |
|    success_rate         | 0.933       |
| time/                   |             |
|    total_timesteps      | 365000      |
| train/                  |             |
|    approx_kl            | 0.020025179 |
|    clip_fraction        | 0.209       |
|    clip_range           | 0.2         |
|    entropy_loss         | -6.56       |
|    explained_variance   | 0.951       |
|    learning_rate        | 0.0003      |
|    loss                 | 0.0391      |
|    n_updates            | 1780        |
|    policy_gradient_loss | -0.0138     |
|    std                  | 0.635       |
|    value_loss           | 0.547       |
-----------------------------------------
---------------------------------
| rollout/           |          |
|    ep_len_mean     | 74.7     |
|    ep_rew_mean     | -20.8    |
|    success_rate    | 0.98     |
| time/              |          |
|    fps             | 387      |
|    iterations      | 179      |
|    time_elapsed    | 945      |
|    total_timesteps | 366592   |
---------------------------------
-----------------------------------------
| rollout/                |             |
|    ep_len_mean          | 76.1        |
|    ep_rew_mean          | -21.4       |
|    success_rate         | 0.95        |
| time/                   |             |
|    fps                  | 389         |
|    iterations           | 180         |
|    time_elapsed         | 947         |
|    total_timesteps      | 368640      |
| train/                  |             |
|    approx_kl            | 0.019169956 |
|    clip_fraction        | 0.249       |
|    clip_range           | 0.2         |
|    entropy_loss         | -6.53       |
|    explained_variance   | 0.995       |
|    learning_rate        | 0.0003      |
|    loss                 | 0.0452      |
|    n_updates            | 1790        |
|    policy_gradient_loss | -0.0162     |
|    std                  | 0.631       |
|    value_loss           | 0.071       |
-----------------------------------------
Eval num_timesteps=370000, episode_reward=-26.40 +/- 18.21
Episode length: 91.40 +/- 49.51
Success rate: 83.33%
-----------------------------------------
| eval/                   |             |
|    mean_ep_length       | 91.4        |
|    mean_reward          | -26.4       |
|    success_rate         | 0.833       |
| time/                   |             |
|    total_timesteps      | 370000      |
| train/                  |             |
|    approx_kl            | 0.016470866 |
|    clip_fraction        | 0.183       |
|    clip_range           | 0.2         |
|    entropy_loss         | -6.51       |
|    explained_variance   | 0.929       |
|    learning_rate        | 0.0003      |
|    loss                 | 0.374       |
|    n_updates            | 1800        |
|    policy_gradient_loss | -0.0158     |
|    std                  | 0.633       |
|    value_loss           | 1.04        |
-----------------------------------------
---------------------------------
| rollout/           |          |
|    ep_len_mean     | 79.2     |
|    ep_rew_mean     | -23.1    |
|    success_rate    | 0.93     |
| time/              |          |
|    fps             | 390      |
|    iterations      | 181      |
|    time_elapsed    | 950      |
|    total_timesteps | 370688   |
---------------------------------
-----------------------------------------
| rollout/                |             |
|    ep_len_mean          | 78.7        |
|    ep_rew_mean          | -22.9       |
|    success_rate         | 0.94        |
| time/                   |             |
|    fps                  | 391         |
|    iterations           | 182         |
|    time_elapsed         | 952         |
|    total_timesteps      | 372736      |
| train/                  |             |
|    approx_kl            | 0.014326698 |
|    clip_fraction        | 0.181       |
|    clip_range           | 0.2         |
|    entropy_loss         | -6.53       |
|    explained_variance   | 0.947       |
|    learning_rate        | 0.0003      |
|    loss                 | 0.262       |
|    n_updates            | 1810        |
|    policy_gradient_loss | -0.018      |
|    std                  | 0.634       |
|    value_loss           | 1.41        |
-----------------------------------------
---------------------------------------
| rollout/                |           |
|    ep_len_mean          | 77.8      |
|    ep_rew_mean          | -22.2     |
|    success_rate         | 0.95      |
| time/                   |           |
|    fps                  | 392       |
|    iterations           | 183       |
|    time_elapsed         | 954       |
|    total_timesteps      | 374784    |
| train/                  |           |
|    approx_kl            | 0.0222269 |
|    clip_fraction        | 0.238     |
|    clip_range           | 0.2       |
|    entropy_loss         | -6.53     |
|    explained_variance   | 0.979     |
|    learning_rate        | 0.0003    |
|    loss                 | 0.0974    |
|    n_updates            | 1820      |
|    policy_gradient_loss | -0.0174   |
|    std                  | 0.633     |
|    value_loss           | 0.508     |
---------------------------------------
Eval num_timesteps=375000, episode_reward=-23.24 +/- 16.68
Episode length: 78.97 +/- 33.72
Success rate: 93.33%
-----------------------------------------
| eval/                   |             |
|    mean_ep_length       | 79          |
|    mean_reward          | -23.2       |
|    success_rate         | 0.933       |
| time/                   |             |
|    total_timesteps      | 375000      |
| train/                  |             |
|    approx_kl            | 0.021798735 |
|    clip_fraction        | 0.242       |
|    clip_range           | 0.2         |
|    entropy_loss         | -6.51       |
|    explained_variance   | 0.993       |
|    learning_rate        | 0.0003      |
|    loss                 | 0.0152      |
|    n_updates            | 1830        |
|    policy_gradient_loss | -0.0125     |
|    std                  | 0.63        |
|    value_loss           | 0.117       |
-----------------------------------------
---------------------------------
| rollout/           |          |
|    ep_len_mean     | 75.6     |
|    ep_rew_mean     | -21.2    |
|    success_rate    | 0.96     |
| time/              |          |
|    fps             | 393      |
|    iterations      | 184      |
|    time_elapsed    | 957      |
|    total_timesteps | 376832   |
---------------------------------
-----------------------------------------
| rollout/                |             |
|    ep_len_mean          | 73.5        |
|    ep_rew_mean          | -20.3       |
|    success_rate         | 0.98        |
| time/                   |             |
|    fps                  | 395         |
|    iterations           | 185         |
|    time_elapsed         | 959         |
|    total_timesteps      | 378880      |
| train/                  |             |
|    approx_kl            | 0.016037375 |
|    clip_fraction        | 0.204       |
|    clip_range           | 0.2         |
|    entropy_loss         | -6.49       |
|    explained_variance   | 0.95        |
|    learning_rate        | 0.0003      |
|    loss                 | 0.178       |
|    n_updates            | 1840        |
|    policy_gradient_loss | -0.0115     |
|    std                  | 0.628       |
|    value_loss           | 1.47        |
-----------------------------------------
Eval num_timesteps=380000, episode_reward=-22.54 +/- 8.29
Episode length: 78.50 +/- 24.91
Success rate: 96.67%
-----------------------------------------
| eval/                   |             |
|    mean_ep_length       | 78.5        |
|    mean_reward          | -22.5       |
|    success_rate         | 0.967       |
| time/                   |             |
|    total_timesteps      | 380000      |
| train/                  |             |
|    approx_kl            | 0.023771506 |
|    clip_fraction        | 0.294       |
|    clip_range           | 0.2         |
|    entropy_loss         | -6.46       |
|    explained_variance   | 0.969       |
|    learning_rate        | 0.0003      |
|    loss                 | 0.295       |
|    n_updates            | 1850        |
|    policy_gradient_loss | -0.0144     |
|    std                  | 0.625       |
|    value_loss           | 0.584       |
-----------------------------------------
---------------------------------
| rollout/           |          |
|    ep_len_mean     | 77.4     |
|    ep_rew_mean     | -21.9    |
|    success_rate    | 0.95     |
| time/              |          |
|    fps             | 395      |
|    iterations      | 186      |
|    time_elapsed    | 962      |
|    total_timesteps | 380928   |
---------------------------------
----------------------------------------
| rollout/                |            |
|    ep_len_mean          | 78.2       |
|    ep_rew_mean          | -22.3      |
|    success_rate         | 0.94       |
| time/                   |            |
|    fps                  | 397        |
|    iterations           | 187        |
|    time_elapsed         | 964        |
|    total_timesteps      | 382976     |
| train/                  |            |
|    approx_kl            | 0.02009685 |
|    clip_fraction        | 0.229      |
|    clip_range           | 0.2        |
|    entropy_loss         | -6.44      |
|    explained_variance   | 0.954      |
|    learning_rate        | 0.0003     |
|    loss                 | 0.164      |
|    n_updates            | 1860       |
|    policy_gradient_loss | -0.0173    |
|    std                  | 0.625      |
|    value_loss           | 1.22       |
----------------------------------------
Eval num_timesteps=385000, episode_reward=-23.98 +/- 12.93
Episode length: 83.53 +/- 40.25
Success rate: 90.00%
-----------------------------------------
| eval/                   |             |
|    mean_ep_length       | 83.5        |
|    mean_reward          | -24         |
|    success_rate         | 0.9         |
| time/                   |             |
|    total_timesteps      | 385000      |
| train/                  |             |
|    approx_kl            | 0.021165846 |
|    clip_fraction        | 0.228       |
|    clip_range           | 0.2         |
|    entropy_loss         | -6.42       |
|    explained_variance   | 0.976       |
|    learning_rate        | 0.0003      |
|    loss                 | 0.0533      |
|    n_updates            | 1870        |
|    policy_gradient_loss | -0.0131     |
|    std                  | 0.622       |
|    value_loss           | 0.981       |
-----------------------------------------
---------------------------------
| rollout/           |          |
|    ep_len_mean     | 79       |
|    ep_rew_mean     | -22.5    |
|    success_rate    | 0.95     |
| time/              |          |
|    fps             | 397      |
|    iterations      | 188      |
|    time_elapsed    | 967      |
|    total_timesteps | 385024   |
---------------------------------
-----------------------------------------
| rollout/                |             |
|    ep_len_mean          | 83          |
|    ep_rew_mean          | -23.8       |
|    success_rate         | 0.92        |
| time/                   |             |
|    fps                  | 399         |
|    iterations           | 189         |
|    time_elapsed         | 969         |
|    total_timesteps      | 387072      |
| train/                  |             |
|    approx_kl            | 0.018738281 |
|    clip_fraction        | 0.215       |
|    clip_range           | 0.2         |
|    entropy_loss         | -6.4        |
|    explained_variance   | 0.973       |
|    learning_rate        | 0.0003      |
|    loss                 | 0.127       |
|    n_updates            | 1880        |
|    policy_gradient_loss | -0.0114     |
|    std                  | 0.621       |
|    value_loss           | 0.68        |
-----------------------------------------
-----------------------------------------
| rollout/                |             |
|    ep_len_mean          | 76.9        |
|    ep_rew_mean          | -21.3       |
|    success_rate         | 0.96        |
| time/                   |             |
|    fps                  | 400         |
|    iterations           | 190         |
|    time_elapsed         | 971         |
|    total_timesteps      | 389120      |
| train/                  |             |
|    approx_kl            | 0.020212356 |
|    clip_fraction        | 0.241       |
|    clip_range           | 0.2         |
|    entropy_loss         | -6.4        |
|    explained_variance   | 0.951       |
|    learning_rate        | 0.0003      |
|    loss                 | 0.413       |
|    n_updates            | 1890        |
|    policy_gradient_loss | -0.0145     |
|    std                  | 0.62        |
|    value_loss           | 1.35        |
-----------------------------------------
Eval num_timesteps=390000, episode_reward=-20.67 +/- 9.13
Episode length: 84.83 +/- 42.29
Success rate: 90.00%
-----------------------------------------
| eval/                   |             |
|    mean_ep_length       | 84.8        |
|    mean_reward          | -20.7       |
|    success_rate         | 0.9         |
| time/                   |             |
|    total_timesteps      | 390000      |
| train/                  |             |
|    approx_kl            | 0.025542619 |
|    clip_fraction        | 0.299       |
|    clip_range           | 0.2         |
|    entropy_loss         | -6.35       |
|    explained_variance   | 0.989       |
|    learning_rate        | 0.0003      |
|    loss                 | 0.0384      |
|    n_updates            | 1900        |
|    policy_gradient_loss | -0.0166     |
|    std                  | 0.615       |
|    value_loss           | 0.152       |
-----------------------------------------
---------------------------------
| rollout/           |          |
|    ep_len_mean     | 79.1     |
|    ep_rew_mean     | -21.8    |
|    success_rate    | 0.95     |
| time/              |          |
|    fps             | 401      |
|    iterations      | 191      |
|    time_elapsed    | 974      |
|    total_timesteps | 391168   |
---------------------------------
----------------------------------------
| rollout/                |            |
|    ep_len_mean          | 74.3       |
|    ep_rew_mean          | -19.9      |
|    success_rate         | 0.96       |
| time/                   |            |
|    fps                  | 402        |
|    iterations           | 192        |
|    time_elapsed         | 976        |
|    total_timesteps      | 393216     |
| train/                  |            |
|    approx_kl            | 0.02280552 |
|    clip_fraction        | 0.254      |
|    clip_range           | 0.2        |
|    entropy_loss         | -6.32      |
|    explained_variance   | 0.983      |
|    learning_rate        | 0.0003     |
|    loss                 | 0.346      |
|    n_updates            | 1910       |
|    policy_gradient_loss | -0.0139    |
|    std                  | 0.615      |
|    value_loss           | 0.767      |
----------------------------------------
Eval num_timesteps=395000, episode_reward=-18.53 +/- 9.26
Episode length: 70.67 +/- 25.97
Success rate: 96.67%
-----------------------------------------
| eval/                   |             |
|    mean_ep_length       | 70.7        |
|    mean_reward          | -18.5       |
|    success_rate         | 0.967       |
| time/                   |             |
|    total_timesteps      | 395000      |
| train/                  |             |
|    approx_kl            | 0.028640654 |
|    clip_fraction        | 0.301       |
|    clip_range           | 0.2         |
|    entropy_loss         | -6.3        |
|    explained_variance   | 0.989       |
|    learning_rate        | 0.0003      |
|    loss                 | 0.217       |
|    n_updates            | 1920        |
|    policy_gradient_loss | -0.0123     |
|    std                  | 0.613       |
|    value_loss           | 0.393       |
-----------------------------------------
---------------------------------
| rollout/           |          |
|    ep_len_mean     | 72.2     |
|    ep_rew_mean     | -18.9    |
|    success_rate    | 0.97     |
| time/              |          |
|    fps             | 403      |
|    iterations      | 193      |
|    time_elapsed    | 979      |
|    total_timesteps | 395264   |
---------------------------------
-----------------------------------------
| rollout/                |             |
|    ep_len_mean          | 71.5        |
|    ep_rew_mean          | -18.5       |
|    success_rate         | 0.97        |
| time/                   |             |
|    fps                  | 404         |
|    iterations           | 194         |
|    time_elapsed         | 981         |
|    total_timesteps      | 397312      |
| train/                  |             |
|    approx_kl            | 0.017014746 |
|    clip_fraction        | 0.243       |
|    clip_range           | 0.2         |
|    entropy_loss         | -6.28       |
|    explained_variance   | 0.982       |
|    learning_rate        | 0.0003      |
|    loss                 | 0.00833     |
|    n_updates            | 1930        |
|    policy_gradient_loss | -0.0147     |
|    std                  | 0.611       |
|    value_loss           | 0.207       |
-----------------------------------------
-----------------------------------------
| rollout/                |             |
|    ep_len_mean          | 76.9        |
|    ep_rew_mean          | -20.8       |
|    success_rate         | 0.93        |
| time/                   |             |
|    fps                  | 406         |
|    iterations           | 195         |
|    time_elapsed         | 983         |
|    total_timesteps      | 399360      |
| train/                  |             |
|    approx_kl            | 0.028128352 |
|    clip_fraction        | 0.258       |
|    clip_range           | 0.2         |
|    entropy_loss         | -6.27       |
|    explained_variance   | 0.957       |
|    learning_rate        | 0.0003      |
|    loss                 | 0.375       |
|    n_updates            | 1940        |
|    policy_gradient_loss | -0.0145     |
|    std                  | 0.612       |
|    value_loss           | 0.662       |
-----------------------------------------
Eval num_timesteps=400000, episode_reward=-22.99 +/- 11.25
Episode length: 96.50 +/- 52.40
Success rate: 80.00%
----------------------------------------
| eval/                   |            |
|    mean_ep_length       | 96.5       |
|    mean_reward          | -23        |
|    success_rate         | 0.8        |
| time/                   |            |
|    total_timesteps      | 400000     |
| train/                  |            |
|    approx_kl            | 0.01754469 |
|    clip_fraction        | 0.192      |
|    clip_range           | 0.2        |
|    entropy_loss         | -6.28      |
|    explained_variance   | 0.971      |
|    learning_rate        | 0.0003     |
|    loss                 | 0.26       |
|    n_updates            | 1950       |
|    policy_gradient_loss | -0.00964   |
|    std                  | 0.612      |
|    value_loss           | 0.868      |
----------------------------------------
---------------------------------
| rollout/           |          |
|    ep_len_mean     | 77.7     |
|    ep_rew_mean     | -21.1    |
|    success_rate    | 0.95     |
| time/              |          |
|    fps             | 406      |
|    iterations      | 196      |
|    time_elapsed    | 986      |
|    total_timesteps | 401408   |
---------------------------------
-----------------------------------------
| rollout/                |             |
|    ep_len_mean          | 76.8        |
|    ep_rew_mean          | -21.3       |
|    success_rate         | 0.96        |
| time/                   |             |
|    fps                  | 408         |
|    iterations           | 197         |
|    time_elapsed         | 988         |
|    total_timesteps      | 403456      |
| train/                  |             |
|    approx_kl            | 0.020833764 |
|    clip_fraction        | 0.251       |
|    clip_range           | 0.2         |
|    entropy_loss         | -6.28       |
|    explained_variance   | 0.998       |
|    learning_rate        | 0.0003      |
|    loss                 | -0.0189     |
|    n_updates            | 1960        |
|    policy_gradient_loss | -0.0145     |
|    std                  | 0.612       |
|    value_loss           | 0.0768      |
-----------------------------------------
Eval num_timesteps=405000, episode_reward=-22.27 +/- 7.79
Episode length: 92.83 +/- 44.66
Success rate: 90.00%
-----------------------------------------
| eval/                   |             |
|    mean_ep_length       | 92.8        |
|    mean_reward          | -22.3       |
|    success_rate         | 0.9         |
| time/                   |             |
|    total_timesteps      | 405000      |
| train/                  |             |
|    approx_kl            | 0.023775436 |
|    clip_fraction        | 0.279       |
|    clip_range           | 0.2         |
|    entropy_loss         | -6.29       |
|    explained_variance   | 0.99        |
|    learning_rate        | 0.0003      |
|    loss                 | -0.00544    |
|    n_updates            | 1970        |
|    policy_gradient_loss | -0.0175     |
|    std                  | 0.616       |
|    value_loss           | 0.118       |
-----------------------------------------
---------------------------------
| rollout/           |          |
|    ep_len_mean     | 76.7     |
|    ep_rew_mean     | -21.4    |
|    success_rate    | 0.97     |
| time/              |          |
|    fps             | 408      |
|    iterations      | 198      |
|    time_elapsed    | 991      |
|    total_timesteps | 405504   |
---------------------------------
----------------------------------------
| rollout/                |            |
|    ep_len_mean          | 77         |
|    ep_rew_mean          | -20.8      |
|    success_rate         | 0.96       |
| time/                   |            |
|    fps                  | 410        |
|    iterations           | 199        |
|    time_elapsed         | 993        |
|    total_timesteps      | 407552     |
| train/                  |            |
|    approx_kl            | 0.02706809 |
|    clip_fraction        | 0.255      |
|    clip_range           | 0.2        |
|    entropy_loss         | -6.3       |
|    explained_variance   | 0.977      |
|    learning_rate        | 0.0003     |
|    loss                 | 0.0765     |
|    n_updates            | 1980       |
|    policy_gradient_loss | -0.0136    |
|    std                  | 0.616      |
|    value_loss           | 0.423      |
----------------------------------------
----------------------------------------
| rollout/                |            |
|    ep_len_mean          | 78         |
|    ep_rew_mean          | -21        |
|    success_rate         | 0.95       |
| time/                   |            |
|    fps                  | 410        |
|    iterations           | 200        |
|    time_elapsed         | 999        |
|    total_timesteps      | 409600     |
| train/                  |            |
|    approx_kl            | 0.01787105 |
|    clip_fraction        | 0.242      |
|    clip_range           | 0.2        |
|    entropy_loss         | -6.3       |
|    explained_variance   | 0.978      |
|    learning_rate        | 0.0003     |
|    loss                 | 0.0717     |
|    n_updates            | 1990       |
|    policy_gradient_loss | -0.0178    |
|    std                  | 0.616      |
|    value_loss           | 0.658      |
----------------------------------------
Eval num_timesteps=410000, episode_reward=-21.16 +/- 8.37
Episode length: 88.30 +/- 35.99
Success rate: 93.33%
-----------------------------------------
| eval/                   |             |
|    mean_ep_length       | 88.3        |
|    mean_reward          | -21.2       |
|    success_rate         | 0.933       |
| time/                   |             |
|    total_timesteps      | 410000      |
| train/                  |             |
|    approx_kl            | 0.021451764 |
|    clip_fraction        | 0.231       |
|    clip_range           | 0.2         |
|    entropy_loss         | -6.3        |
|    explained_variance   | 0.991       |
|    learning_rate        | 0.0003      |
|    loss                 | 0.0167      |
|    n_updates            | 2000        |
|    policy_gradient_loss | -0.0128     |
|    std                  | 0.615       |
|    value_loss           | 0.189       |
-----------------------------------------
---------------------------------
| rollout/           |          |
|    ep_len_mean     | 80.2     |
|    ep_rew_mean     | -21.9    |
|    success_rate    | 0.93     |
| time/              |          |
|    fps             | 410      |
|    iterations      | 201      |
|    time_elapsed    | 1002     |
|    total_timesteps | 411648   |
---------------------------------
----------------------------------------
| rollout/                |            |
|    ep_len_mean          | 79.2       |
|    ep_rew_mean          | -21.4      |
|    success_rate         | 0.94       |
| time/                   |            |
|    fps                  | 411        |
|    iterations           | 202        |
|    time_elapsed         | 1004       |
|    total_timesteps      | 413696     |
| train/                  |            |
|    approx_kl            | 0.02230063 |
|    clip_fraction        | 0.225      |
|    clip_range           | 0.2        |
|    entropy_loss         | -6.3       |
|    explained_variance   | 0.982      |
|    learning_rate        | 0.0003     |
|    loss                 | 0.183      |
|    n_updates            | 2010       |
|    policy_gradient_loss | -0.0147    |
|    std                  | 0.616      |
|    value_loss           | 0.644      |
----------------------------------------
Eval num_timesteps=415000, episode_reward=-22.05 +/- 7.21
Episode length: 77.10 +/- 25.43
Success rate: 96.67%
-----------------------------------------
| eval/                   |             |
|    mean_ep_length       | 77.1        |
|    mean_reward          | -22         |
|    success_rate         | 0.967       |
| time/                   |             |
|    total_timesteps      | 415000      |
| train/                  |             |
|    approx_kl            | 0.019956037 |
|    clip_fraction        | 0.242       |
|    clip_range           | 0.2         |
|    entropy_loss         | -6.32       |
|    explained_variance   | 0.977       |
|    learning_rate        | 0.0003      |
|    loss                 | 0.0499      |
|    n_updates            | 2020        |
|    policy_gradient_loss | -0.0168     |
|    std                  | 0.618       |
|    value_loss           | 0.321       |
-----------------------------------------
---------------------------------
| rollout/           |          |
|    ep_len_mean     | 78.4     |
|    ep_rew_mean     | -21.2    |
|    success_rate    | 0.94     |
| time/              |          |
|    fps             | 412      |
|    iterations      | 203      |
|    time_elapsed    | 1007     |
|    total_timesteps | 415744   |
---------------------------------
-----------------------------------------
| rollout/                |             |
|    ep_len_mean          | 79.7        |
|    ep_rew_mean          | -22.2       |
|    success_rate         | 0.93        |
| time/                   |             |
|    fps                  | 413         |
|    iterations           | 204         |
|    time_elapsed         | 1010        |
|    total_timesteps      | 417792      |
| train/                  |             |
|    approx_kl            | 0.019302519 |
|    clip_fraction        | 0.205       |
|    clip_range           | 0.2         |
|    entropy_loss         | -6.31       |
|    explained_variance   | 0.963       |
|    learning_rate        | 0.0003      |
|    loss                 | 0.193       |
|    n_updates            | 2030        |
|    policy_gradient_loss | -0.0175     |
|    std                  | 0.615       |
|    value_loss           | 0.505       |
-----------------------------------------
-----------------------------------------
| rollout/                |             |
|    ep_len_mean          | 80.2        |
|    ep_rew_mean          | -22         |
|    success_rate         | 0.94        |
| time/                   |             |
|    fps                  | 414         |
|    iterations           | 205         |
|    time_elapsed         | 1011        |
|    total_timesteps      | 419840      |
| train/                  |             |
|    approx_kl            | 0.018666755 |
|    clip_fraction        | 0.223       |
|    clip_range           | 0.2         |
|    entropy_loss         | -6.3        |
|    explained_variance   | 0.969       |
|    learning_rate        | 0.0003      |
|    loss                 | 0.0607      |
|    n_updates            | 2040        |
|    policy_gradient_loss | -0.0143     |
|    std                  | 0.616       |
|    value_loss           | 0.572       |
-----------------------------------------
Eval num_timesteps=420000, episode_reward=-23.88 +/- 9.51
Episode length: 92.77 +/- 45.96
Success rate: 86.67%
----------------------------------------
| eval/                   |            |
|    mean_ep_length       | 92.8       |
|    mean_reward          | -23.9      |
|    success_rate         | 0.867      |
| time/                   |            |
|    total_timesteps      | 420000     |
| train/                  |            |
|    approx_kl            | 0.02369273 |
|    clip_fraction        | 0.205      |
|    clip_range           | 0.2        |
|    entropy_loss         | -6.28      |
|    explained_variance   | 0.954      |
|    learning_rate        | 0.0003     |
|    loss                 | 0.078      |
|    n_updates            | 2050       |
|    policy_gradient_loss | -0.0123    |
|    std                  | 0.615      |
|    value_loss           | 1.27       |
----------------------------------------
---------------------------------
| rollout/           |          |
|    ep_len_mean     | 81.3     |
|    ep_rew_mean     | -22.3    |
|    success_rate    | 0.93     |
| time/              |          |
|    fps             | 415      |
|    iterations      | 206      |
|    time_elapsed    | 1015     |
|    total_timesteps | 421888   |
---------------------------------
-----------------------------------------
| rollout/                |             |
|    ep_len_mean          | 80          |
|    ep_rew_mean          | -21.8       |
|    success_rate         | 0.94        |
| time/                   |             |
|    fps                  | 416         |
|    iterations           | 207         |
|    time_elapsed         | 1017        |
|    total_timesteps      | 423936      |
| train/                  |             |
|    approx_kl            | 0.019062253 |
|    clip_fraction        | 0.239       |
|    clip_range           | 0.2         |
|    entropy_loss         | -6.25       |
|    explained_variance   | 0.972       |
|    learning_rate        | 0.0003      |
|    loss                 | 0.183       |
|    n_updates            | 2060        |
|    policy_gradient_loss | -0.0142     |
|    std                  | 0.61        |
|    value_loss           | 0.698       |
-----------------------------------------
Eval num_timesteps=425000, episode_reward=-20.89 +/- 13.38
Episode length: 79.80 +/- 36.93
Success rate: 93.33%
-----------------------------------------
| eval/                   |             |
|    mean_ep_length       | 79.8        |
|    mean_reward          | -20.9       |
|    success_rate         | 0.933       |
| time/                   |             |
|    total_timesteps      | 425000      |
| train/                  |             |
|    approx_kl            | 0.021952394 |
|    clip_fraction        | 0.261       |
|    clip_range           | 0.2         |
|    entropy_loss         | -6.21       |
|    explained_variance   | 0.981       |
|    learning_rate        | 0.0003      |
|    loss                 | 0.126       |
|    n_updates            | 2070        |
|    policy_gradient_loss | -0.0147     |
|    std                  | 0.608       |
|    value_loss           | 0.353       |
-----------------------------------------
---------------------------------
| rollout/           |          |
|    ep_len_mean     | 77.6     |
|    ep_rew_mean     | -20.8    |
|    success_rate    | 0.95     |
| time/              |          |
|    fps             | 417      |
|    iterations      | 208      |
|    time_elapsed    | 1020     |
|    total_timesteps | 425984   |
---------------------------------
-----------------------------------------
| rollout/                |             |
|    ep_len_mean          | 73.5        |
|    ep_rew_mean          | -19.8       |
|    success_rate         | 0.97        |
| time/                   |             |
|    fps                  | 418         |
|    iterations           | 209         |
|    time_elapsed         | 1022        |
|    total_timesteps      | 428032      |
| train/                  |             |
|    approx_kl            | 0.022336435 |
|    clip_fraction        | 0.256       |
|    clip_range           | 0.2         |
|    entropy_loss         | -6.2        |
|    explained_variance   | 0.98        |
|    learning_rate        | 0.0003      |
|    loss                 | 0.0871      |
|    n_updates            | 2080        |
|    policy_gradient_loss | -0.0123     |
|    std                  | 0.609       |
|    value_loss           | 0.461       |
-----------------------------------------
Eval num_timesteps=430000, episode_reward=-22.53 +/- 9.55
Episode length: 83.73 +/- 29.34
Success rate: 96.67%
---------------------------------------
| eval/                   |           |
|    mean_ep_length       | 83.7      |
|    mean_reward          | -22.5     |
|    success_rate         | 0.967     |
| time/                   |           |
|    total_timesteps      | 430000    |
| train/                  |           |
|    approx_kl            | 0.0207412 |
|    clip_fraction        | 0.273     |
|    clip_range           | 0.2       |
|    entropy_loss         | -6.2      |
|    explained_variance   | 0.982     |
|    learning_rate        | 0.0003    |
|    loss                 | 0.00709   |
|    n_updates            | 2090      |
|    policy_gradient_loss | -0.00908  |
|    std                  | 0.608     |
|    value_loss           | 0.322     |
---------------------------------------
---------------------------------
| rollout/           |          |
|    ep_len_mean     | 73.3     |
|    ep_rew_mean     | -19.7    |
|    success_rate    | 0.97     |
| time/              |          |
|    fps             | 419      |
|    iterations      | 210      |
|    time_elapsed    | 1025     |
|    total_timesteps | 430080   |
---------------------------------
-----------------------------------------
| rollout/                |             |
|    ep_len_mean          | 72.6        |
|    ep_rew_mean          | -19.4       |
|    success_rate         | 0.97        |
| time/                   |             |
|    fps                  | 420         |
|    iterations           | 211         |
|    time_elapsed         | 1027        |
|    total_timesteps      | 432128      |
| train/                  |             |
|    approx_kl            | 0.022176858 |
|    clip_fraction        | 0.258       |
|    clip_range           | 0.2         |
|    entropy_loss         | -6.19       |
|    explained_variance   | 0.995       |
|    learning_rate        | 0.0003      |
|    loss                 | 0.00423     |
|    n_updates            | 2100        |
|    policy_gradient_loss | -0.0176     |
|    std                  | 0.607       |
|    value_loss           | 0.0599      |
-----------------------------------------
----------------------------------------
| rollout/                |            |
|    ep_len_mean          | 71.9       |
|    ep_rew_mean          | -19.2      |
|    success_rate         | 0.98       |
| time/                   |            |
|    fps                  | 421        |
|    iterations           | 212        |
|    time_elapsed         | 1029       |
|    total_timesteps      | 434176     |
| train/                  |            |
|    approx_kl            | 0.02185832 |
|    clip_fraction        | 0.249      |
|    clip_range           | 0.2        |
|    entropy_loss         | -6.18      |
|    explained_variance   | 0.97       |
|    learning_rate        | 0.0003     |
|    loss                 | 0.122      |
|    n_updates            | 2110       |
|    policy_gradient_loss | -0.00795   |
|    std                  | 0.609      |
|    value_loss           | 0.461      |
----------------------------------------
Eval num_timesteps=435000, episode_reward=-19.29 +/- 5.34
Episode length: 76.67 +/- 24.96
Success rate: 100.00%
----------------------------------------
| eval/                   |            |
|    mean_ep_length       | 76.7       |
|    mean_reward          | -19.3      |
|    success_rate         | 1          |
| time/                   |            |
|    total_timesteps      | 435000     |
| train/                  |            |
|    approx_kl            | 0.02194722 |
|    clip_fraction        | 0.255      |
|    clip_range           | 0.2        |
|    entropy_loss         | -6.16      |
|    explained_variance   | 0.999      |
|    learning_rate        | 0.0003     |
|    loss                 | 0.00923    |
|    n_updates            | 2120       |
|    policy_gradient_loss | -0.0174    |
|    std                  | 0.604      |
|    value_loss           | 0.054      |
----------------------------------------
---------------------------------
| rollout/           |          |
|    ep_len_mean     | 73.2     |
|    ep_rew_mean     | -19.9    |
|    success_rate    | 0.97     |
| time/              |          |
|    fps             | 422      |
|    iterations      | 213      |
|    time_elapsed    | 1033     |
|    total_timesteps | 436224   |
---------------------------------
-----------------------------------------
| rollout/                |             |
|    ep_len_mean          | 74.2        |
|    ep_rew_mean          | -20.2       |
|    success_rate         | 0.96        |
| time/                   |             |
|    fps                  | 423         |
|    iterations           | 214         |
|    time_elapsed         | 1034        |
|    total_timesteps      | 438272      |
| train/                  |             |
|    approx_kl            | 0.017485078 |
|    clip_fraction        | 0.222       |
|    clip_range           | 0.2         |
|    entropy_loss         | -6.14       |
|    explained_variance   | 0.945       |
|    learning_rate        | 0.0003      |
|    loss                 | 0.216       |
|    n_updates            | 2130        |
|    policy_gradient_loss | -0.0102     |
|    std                  | 0.605       |
|    value_loss           | 0.501       |
-----------------------------------------
Eval num_timesteps=440000, episode_reward=-26.35 +/- 12.99
Episode length: 93.87 +/- 48.01
Success rate: 86.67%
-----------------------------------------
| eval/                   |             |
|    mean_ep_length       | 93.9        |
|    mean_reward          | -26.3       |
|    success_rate         | 0.867       |
| time/                   |             |
|    total_timesteps      | 440000      |
| train/                  |             |
|    approx_kl            | 0.024565563 |
|    clip_fraction        | 0.219       |
|    clip_range           | 0.2         |
|    entropy_loss         | -6.14       |
|    explained_variance   | 0.96        |
|    learning_rate        | 0.0003      |
|    loss                 | 0.0942      |
|    n_updates            | 2140        |
|    policy_gradient_loss | -0.012      |
|    std                  | 0.604       |
|    value_loss           | 1.23        |
-----------------------------------------
---------------------------------
| rollout/           |          |
|    ep_len_mean     | 79       |
|    ep_rew_mean     | -21.9    |
|    success_rate    | 0.93     |
| time/              |          |
|    fps             | 424      |
|    iterations      | 215      |
|    time_elapsed    | 1038     |
|    total_timesteps | 440320   |
---------------------------------
-----------------------------------------
| rollout/                |             |
|    ep_len_mean          | 77.9        |
|    ep_rew_mean          | -21.3       |
|    success_rate         | 0.93        |
| time/                   |             |
|    fps                  | 425         |
|    iterations           | 216         |
|    time_elapsed         | 1040        |
|    total_timesteps      | 442368      |
| train/                  |             |
|    approx_kl            | 0.019236434 |
|    clip_fraction        | 0.18        |
|    clip_range           | 0.2         |
|    entropy_loss         | -6.15       |
|    explained_variance   | 0.921       |
|    learning_rate        | 0.0003      |
|    loss                 | 2.35        |
|    n_updates            | 2150        |
|    policy_gradient_loss | -0.0127     |
|    std                  | 0.607       |
|    value_loss           | 2.58        |
-----------------------------------------
-----------------------------------------
| rollout/                |             |
|    ep_len_mean          | 75.2        |
|    ep_rew_mean          | -20.3       |
|    success_rate         | 0.95        |
| time/                   |             |
|    fps                  | 426         |
|    iterations           | 217         |
|    time_elapsed         | 1042        |
|    total_timesteps      | 444416      |
| train/                  |             |
|    approx_kl            | 0.020118853 |
|    clip_fraction        | 0.249       |
|    clip_range           | 0.2         |
|    entropy_loss         | -6.17       |
|    explained_variance   | 0.979       |
|    learning_rate        | 0.0003      |
|    loss                 | 0.0684      |
|    n_updates            | 2160        |
|    policy_gradient_loss | -0.014      |
|    std                  | 0.608       |
|    value_loss           | 0.694       |
-----------------------------------------
Eval num_timesteps=445000, episode_reward=-24.19 +/- 13.22
Episode length: 99.40 +/- 56.32
Success rate: 76.67%
-----------------------------------------
| eval/                   |             |
|    mean_ep_length       | 99.4        |
|    mean_reward          | -24.2       |
|    success_rate         | 0.767       |
| time/                   |             |
|    total_timesteps      | 445000      |
| train/                  |             |
|    approx_kl            | 0.028210528 |
|    clip_fraction        | 0.291       |
|    clip_range           | 0.2         |
|    entropy_loss         | -6.13       |
|    explained_variance   | 0.986       |
|    learning_rate        | 0.0003      |
|    loss                 | 0.0181      |
|    n_updates            | 2170        |
|    policy_gradient_loss | -0.0131     |
|    std                  | 0.603       |
|    value_loss           | 0.168       |
-----------------------------------------
---------------------------------
| rollout/           |          |
|    ep_len_mean     | 72.4     |
|    ep_rew_mean     | -19.1    |
|    success_rate    | 0.97     |
| time/              |          |
|    fps             | 426      |
|    iterations      | 218      |
|    time_elapsed    | 1045     |
|    total_timesteps | 446464   |
---------------------------------
-----------------------------------------
| rollout/                |             |
|    ep_len_mean          | 73.3        |
|    ep_rew_mean          | -19.3       |
|    success_rate         | 0.97        |
| time/                   |             |
|    fps                  | 428         |
|    iterations           | 219         |
|    time_elapsed         | 1047        |
|    total_timesteps      | 448512      |
| train/                  |             |
|    approx_kl            | 0.024437916 |
|    clip_fraction        | 0.279       |
|    clip_range           | 0.2         |
|    entropy_loss         | -6.08       |
|    explained_variance   | 0.995       |
|    learning_rate        | 0.0003      |
|    loss                 | 0.0235      |
|    n_updates            | 2180        |
|    policy_gradient_loss | -0.0174     |
|    std                  | 0.6         |
|    value_loss           | 0.152       |
-----------------------------------------
Eval num_timesteps=450000, episode_reward=-20.78 +/- 9.06
Episode length: 78.17 +/- 42.14
Success rate: 90.00%
-----------------------------------------
| eval/                   |             |
|    mean_ep_length       | 78.2        |
|    mean_reward          | -20.8       |
|    success_rate         | 0.9         |
| time/                   |             |
|    total_timesteps      | 450000      |
| train/                  |             |
|    approx_kl            | 0.021670364 |
|    clip_fraction        | 0.237       |
|    clip_range           | 0.2         |
|    entropy_loss         | -6.1        |
|    explained_variance   | 0.968       |
|    learning_rate        | 0.0003      |
|    loss                 | 0.0208      |
|    n_updates            | 2190        |
|    policy_gradient_loss | -0.0104     |
|    std                  | 0.605       |
|    value_loss           | 0.247       |
-----------------------------------------
---------------------------------
| rollout/           |          |
|    ep_len_mean     | 73.4     |
|    ep_rew_mean     | -19.3    |
|    success_rate    | 0.97     |
| time/              |          |
|    fps             | 428      |
|    iterations      | 220      |
|    time_elapsed    | 1051     |
|    total_timesteps | 450560   |
---------------------------------
---------------------------------------
| rollout/                |           |
|    ep_len_mean          | 78.2      |
|    ep_rew_mean          | -21.8     |
|    success_rate         | 0.94      |
| time/                   |           |
|    fps                  | 429       |
|    iterations           | 221       |
|    time_elapsed         | 1053      |
|    total_timesteps      | 452608    |
| train/                  |           |
|    approx_kl            | 0.0192342 |
|    clip_fraction        | 0.241     |
|    clip_range           | 0.2       |
|    entropy_loss         | -6.12     |
|    explained_variance   | 0.997     |
|    learning_rate        | 0.0003    |
|    loss                 | 0.0111    |
|    n_updates            | 2200      |
|    policy_gradient_loss | -0.0123   |
|    std                  | 0.603     |
|    value_loss           | 0.0769    |
---------------------------------------
----------------------------------------
| rollout/                |            |
|    ep_len_mean          | 79.6       |
|    ep_rew_mean          | -23        |
|    success_rate         | 0.94       |
| time/                   |            |
|    fps                  | 430        |
|    iterations           | 222        |
|    time_elapsed         | 1055       |
|    total_timesteps      | 454656     |
| train/                  |            |
|    approx_kl            | 0.01991898 |
|    clip_fraction        | 0.232      |
|    clip_range           | 0.2        |
|    entropy_loss         | -6.1       |
|    explained_variance   | 0.938      |
|    learning_rate        | 0.0003     |
|    loss                 | -0.00583   |
|    n_updates            | 2210       |
|    policy_gradient_loss | -0.0133    |
|    std                  | 0.6        |
|    value_loss           | 0.537      |
----------------------------------------
Eval num_timesteps=455000, episode_reward=-22.09 +/- 9.74
Episode length: 93.17 +/- 50.50
Success rate: 90.00%
-----------------------------------------
| eval/                   |             |
|    mean_ep_length       | 93.2        |
|    mean_reward          | -22.1       |
|    success_rate         | 0.9         |
| time/                   |             |
|    total_timesteps      | 455000      |
| train/                  |             |
|    approx_kl            | 0.017580116 |
|    clip_fraction        | 0.219       |
|    clip_range           | 0.2         |
|    entropy_loss         | -6.08       |
|    explained_variance   | 0.98        |
|    learning_rate        | 0.0003      |
|    loss                 | 0.474       |
|    n_updates            | 2220        |
|    policy_gradient_loss | -0.0136     |
|    std                  | 0.597       |
|    value_loss           | 0.863       |
-----------------------------------------
---------------------------------
| rollout/           |          |
|    ep_len_mean     | 80.1     |
|    ep_rew_mean     | -23.1    |
|    success_rate    | 0.92     |
| time/              |          |
|    fps             | 431      |
|    iterations      | 223      |
|    time_elapsed    | 1058     |
|    total_timesteps | 456704   |
---------------------------------
-----------------------------------------
| rollout/                |             |
|    ep_len_mean          | 78.3        |
|    ep_rew_mean          | -22.2       |
|    success_rate         | 0.93        |
| time/                   |             |
|    fps                  | 432         |
|    iterations           | 224         |
|    time_elapsed         | 1060        |
|    total_timesteps      | 458752      |
| train/                  |             |
|    approx_kl            | 0.021485025 |
|    clip_fraction        | 0.226       |
|    clip_range           | 0.2         |
|    entropy_loss         | -6.07       |
|    explained_variance   | 0.956       |
|    learning_rate        | 0.0003      |
|    loss                 | 0.0441      |
|    n_updates            | 2230        |
|    policy_gradient_loss | -0.0137     |
|    std                  | 0.598       |
|    value_loss           | 0.753       |
-----------------------------------------
Eval num_timesteps=460000, episode_reward=-30.89 +/- 14.95
Episode length: 116.97 +/- 59.46
Success rate: 66.67%
-----------------------------------------
| eval/                   |             |
|    mean_ep_length       | 117         |
|    mean_reward          | -30.9       |
|    success_rate         | 0.667       |
| time/                   |             |
|    total_timesteps      | 460000      |
| train/                  |             |
|    approx_kl            | 0.017737351 |
|    clip_fraction        | 0.243       |
|    clip_range           | 0.2         |
|    entropy_loss         | -6.07       |
|    explained_variance   | 0.988       |
|    learning_rate        | 0.0003      |
|    loss                 | 0.0231      |
|    n_updates            | 2240        |
|    policy_gradient_loss | -0.0111     |
|    std                  | 0.597       |
|    value_loss           | 0.142       |
-----------------------------------------
---------------------------------
| rollout/           |          |
|    ep_len_mean     | 75.9     |
|    ep_rew_mean     | -21      |
|    success_rate    | 0.95     |
| time/              |          |
|    fps             | 432      |
|    iterations      | 225      |
|    time_elapsed    | 1064     |
|    total_timesteps | 460800   |
---------------------------------
-----------------------------------------
| rollout/                |             |
|    ep_len_mean          | 76.6        |
|    ep_rew_mean          | -21.1       |
|    success_rate         | 0.94        |
| time/                   |             |
|    fps                  | 433         |
|    iterations           | 226         |
|    time_elapsed         | 1066        |
|    total_timesteps      | 462848      |
| train/                  |             |
|    approx_kl            | 0.016916584 |
|    clip_fraction        | 0.238       |
|    clip_range           | 0.2         |
|    entropy_loss         | -6.07       |
|    explained_variance   | 0.975       |
|    learning_rate        | 0.0003      |
|    loss                 | 0.12        |
|    n_updates            | 2250        |
|    policy_gradient_loss | -0.0106     |
|    std                  | 0.597       |
|    value_loss           | 0.585       |
-----------------------------------------
-----------------------------------------
| rollout/                |             |
|    ep_len_mean          | 78.1        |
|    ep_rew_mean          | -21         |
|    success_rate         | 0.94        |
| time/                   |             |
|    fps                  | 435         |
|    iterations           | 227         |
|    time_elapsed         | 1068        |
|    total_timesteps      | 464896      |
| train/                  |             |
|    approx_kl            | 0.023119561 |
|    clip_fraction        | 0.245       |
|    clip_range           | 0.2         |
|    entropy_loss         | -6.07       |
|    explained_variance   | 0.981       |
|    learning_rate        | 0.0003      |
|    loss                 | 0.155       |
|    n_updates            | 2260        |
|    policy_gradient_loss | -0.0182     |
|    std                  | 0.597       |
|    value_loss           | 0.52        |
-----------------------------------------
Eval num_timesteps=465000, episode_reward=-26.35 +/- 20.13
Episode length: 91.63 +/- 49.11
Success rate: 83.33%
-----------------------------------------
| eval/                   |             |
|    mean_ep_length       | 91.6        |
|    mean_reward          | -26.3       |
|    success_rate         | 0.833       |
| time/                   |             |
|    total_timesteps      | 465000      |
| train/                  |             |
|    approx_kl            | 0.022557378 |
|    clip_fraction        | 0.234       |
|    clip_range           | 0.2         |
|    entropy_loss         | -6.08       |
|    explained_variance   | 0.979       |
|    learning_rate        | 0.0003      |
|    loss                 | 0.0587      |
|    n_updates            | 2270        |
|    policy_gradient_loss | -0.0153     |
|    std                  | 0.599       |
|    value_loss           | 0.701       |
-----------------------------------------
---------------------------------
| rollout/           |          |
|    ep_len_mean     | 80.5     |
|    ep_rew_mean     | -21.6    |
|    success_rate    | 0.93     |
| time/              |          |
|    fps             | 435      |
|    iterations      | 228      |
|    time_elapsed    | 1072     |
|    total_timesteps | 466944   |
---------------------------------
-----------------------------------------
| rollout/                |             |
|    ep_len_mean          | 81.4        |
|    ep_rew_mean          | -21.4       |
|    success_rate         | 0.92        |
| time/                   |             |
|    fps                  | 436         |
|    iterations           | 229         |
|    time_elapsed         | 1074        |
|    total_timesteps      | 468992      |
| train/                  |             |
|    approx_kl            | 0.018024381 |
|    clip_fraction        | 0.189       |
|    clip_range           | 0.2         |
|    entropy_loss         | -6.09       |
|    explained_variance   | 0.929       |
|    learning_rate        | 0.0003      |
|    loss                 | 0.284       |
|    n_updates            | 2280        |
|    policy_gradient_loss | -0.0115     |
|    std                  | 0.599       |
|    value_loss           | 1.25        |
-----------------------------------------
Eval num_timesteps=470000, episode_reward=-23.10 +/- 14.35
Episode length: 83.30 +/- 39.80
Success rate: 90.00%
-----------------------------------------
| eval/                   |             |
|    mean_ep_length       | 83.3        |
|    mean_reward          | -23.1       |
|    success_rate         | 0.9         |
| time/                   |             |
|    total_timesteps      | 470000      |
| train/                  |             |
|    approx_kl            | 0.023165476 |
|    clip_fraction        | 0.23        |
|    clip_range           | 0.2         |
|    entropy_loss         | -6.08       |
|    explained_variance   | 0.968       |
|    learning_rate        | 0.0003      |
|    loss                 | 0.349       |
|    n_updates            | 2290        |
|    policy_gradient_loss | -0.0106     |
|    std                  | 0.597       |
|    value_loss           | 0.579       |
-----------------------------------------
---------------------------------
| rollout/           |          |
|    ep_len_mean     | 78.9     |
|    ep_rew_mean     | -20.8    |
|    success_rate    | 0.94     |
| time/              |          |
|    fps             | 437      |
|    iterations      | 230      |
|    time_elapsed    | 1077     |
|    total_timesteps | 471040   |
---------------------------------
-----------------------------------------
| rollout/                |             |
|    ep_len_mean          | 78.6        |
|    ep_rew_mean          | -20.8       |
|    success_rate         | 0.95        |
| time/                   |             |
|    fps                  | 438         |
|    iterations           | 231         |
|    time_elapsed         | 1079        |
|    total_timesteps      | 473088      |
| train/                  |             |
|    approx_kl            | 0.027565522 |
|    clip_fraction        | 0.247       |
|    clip_range           | 0.2         |
|    entropy_loss         | -6.06       |
|    explained_variance   | 0.978       |
|    learning_rate        | 0.0003      |
|    loss                 | 0.0979      |
|    n_updates            | 2300        |
|    policy_gradient_loss | -0.0125     |
|    std                  | 0.595       |
|    value_loss           | 0.408       |
-----------------------------------------
Eval num_timesteps=475000, episode_reward=-24.71 +/- 14.13
Episode length: 86.70 +/- 38.82
Success rate: 90.00%
-----------------------------------------
| eval/                   |             |
|    mean_ep_length       | 86.7        |
|    mean_reward          | -24.7       |
|    success_rate         | 0.9         |
| time/                   |             |
|    total_timesteps      | 475000      |
| train/                  |             |
|    approx_kl            | 0.024348289 |
|    clip_fraction        | 0.241       |
|    clip_range           | 0.2         |
|    entropy_loss         | -6.05       |
|    explained_variance   | 0.972       |
|    learning_rate        | 0.0003      |
|    loss                 | 0.228       |
|    n_updates            | 2310        |
|    policy_gradient_loss | -0.0148     |
|    std                  | 0.595       |
|    value_loss           | 0.853       |
-----------------------------------------
---------------------------------
| rollout/           |          |
|    ep_len_mean     | 78.8     |
|    ep_rew_mean     | -20.8    |
|    success_rate    | 0.94     |
| time/              |          |
|    fps             | 438      |
|    iterations      | 232      |
|    time_elapsed    | 1083     |
|    total_timesteps | 475136   |
---------------------------------
-----------------------------------------
| rollout/                |             |
|    ep_len_mean          | 78.7        |
|    ep_rew_mean          | -21.2       |
|    success_rate         | 0.94        |
| time/                   |             |
|    fps                  | 439         |
|    iterations           | 233         |
|    time_elapsed         | 1085        |
|    total_timesteps      | 477184      |
| train/                  |             |
|    approx_kl            | 0.022306275 |
|    clip_fraction        | 0.234       |
|    clip_range           | 0.2         |
|    entropy_loss         | -6.06       |
|    explained_variance   | 0.984       |
|    learning_rate        | 0.0003      |
|    loss                 | 0.0666      |
|    n_updates            | 2320        |
|    policy_gradient_loss | -0.0126     |
|    std                  | 0.596       |
|    value_loss           | 0.225       |
-----------------------------------------
-----------------------------------------
| rollout/                |             |
|    ep_len_mean          | 79.2        |
|    ep_rew_mean          | -21.4       |
|    success_rate         | 0.93        |
| time/                   |             |
|    fps                  | 440         |
|    iterations           | 234         |
|    time_elapsed         | 1086        |
|    total_timesteps      | 479232      |
| train/                  |             |
|    approx_kl            | 0.023643898 |
|    clip_fraction        | 0.269       |
|    clip_range           | 0.2         |
|    entropy_loss         | -6.07       |
|    explained_variance   | 0.992       |
|    learning_rate        | 0.0003      |
|    loss                 | 0.0287      |
|    n_updates            | 2330        |
|    policy_gradient_loss | -0.0202     |
|    std                  | 0.596       |
|    value_loss           | 0.165       |
-----------------------------------------
Eval num_timesteps=480000, episode_reward=-22.30 +/- 9.44
Episode length: 79.47 +/- 33.35
Success rate: 93.33%
-----------------------------------------
| eval/                   |             |
|    mean_ep_length       | 79.5        |
|    mean_reward          | -22.3       |
|    success_rate         | 0.933       |
| time/                   |             |
|    total_timesteps      | 480000      |
| train/                  |             |
|    approx_kl            | 0.020590892 |
|    clip_fraction        | 0.224       |
|    clip_range           | 0.2         |
|    entropy_loss         | -6.08       |
|    explained_variance   | 0.906       |
|    learning_rate        | 0.0003      |
|    loss                 | 0.0822      |
|    n_updates            | 2340        |
|    policy_gradient_loss | -0.0179     |
|    std                  | 0.599       |
|    value_loss           | 0.728       |
-----------------------------------------
---------------------------------
| rollout/           |          |
|    ep_len_mean     | 77.8     |
|    ep_rew_mean     | -21.5    |
|    success_rate    | 0.93     |
| time/              |          |
|    fps             | 441      |
|    iterations      | 235      |
|    time_elapsed    | 1090     |
|    total_timesteps | 481280   |
---------------------------------
-----------------------------------------
| rollout/                |             |
|    ep_len_mean          | 76.5        |
|    ep_rew_mean          | -20.7       |
|    success_rate         | 0.94        |
| time/                   |             |
|    fps                  | 442         |
|    iterations           | 236         |
|    time_elapsed         | 1092        |
|    total_timesteps      | 483328      |
| train/                  |             |
|    approx_kl            | 0.022867657 |
|    clip_fraction        | 0.273       |
|    clip_range           | 0.2         |
|    entropy_loss         | -6.1        |
|    explained_variance   | 0.979       |
|    learning_rate        | 0.0003      |
|    loss                 | 0.128       |
|    n_updates            | 2350        |
|    policy_gradient_loss | -0.0148     |
|    std                  | 0.598       |
|    value_loss           | 0.461       |
-----------------------------------------
Eval num_timesteps=485000, episode_reward=-24.31 +/- 17.42
Episode length: 84.03 +/- 46.28
Success rate: 86.67%
-----------------------------------------
| eval/                   |             |
|    mean_ep_length       | 84          |
|    mean_reward          | -24.3       |
|    success_rate         | 0.867       |
| time/                   |             |
|    total_timesteps      | 485000      |
| train/                  |             |
|    approx_kl            | 0.022797119 |
|    clip_fraction        | 0.223       |
|    clip_range           | 0.2         |
|    entropy_loss         | -6.1        |
|    explained_variance   | 0.969       |
|    learning_rate        | 0.0003      |
|    loss                 | 0.0241      |
|    n_updates            | 2360        |
|    policy_gradient_loss | -0.0129     |
|    std                  | 0.598       |
|    value_loss           | 0.213       |
-----------------------------------------
---------------------------------
| rollout/           |          |
|    ep_len_mean     | 75.7     |
|    ep_rew_mean     | -20.7    |
|    success_rate    | 0.95     |
| time/              |          |
|    fps             | 442      |
|    iterations      | 237      |
|    time_elapsed    | 1095     |
|    total_timesteps | 485376   |
---------------------------------
---------------------------------------
| rollout/                |           |
|    ep_len_mean          | 74.5      |
|    ep_rew_mean          | -19.8     |
|    success_rate         | 0.97      |
| time/                   |           |
|    fps                  | 443       |
|    iterations           | 238       |
|    time_elapsed         | 1097      |
|    total_timesteps      | 487424    |
| train/                  |           |
|    approx_kl            | 0.0210657 |
|    clip_fraction        | 0.279     |
|    clip_range           | 0.2       |
|    entropy_loss         | -6.08     |
|    explained_variance   | 0.998     |
|    learning_rate        | 0.0003    |
|    loss                 | -0.0224   |
|    n_updates            | 2370      |
|    policy_gradient_loss | -0.014    |
|    std                  | 0.596     |
|    value_loss           | 0.0518    |
---------------------------------------
-----------------------------------------
| rollout/                |             |
|    ep_len_mean          | 74.5        |
|    ep_rew_mean          | -19.3       |
|    success_rate         | 0.98        |
| time/                   |             |
|    fps                  | 445         |
|    iterations           | 239         |
|    time_elapsed         | 1099        |
|    total_timesteps      | 489472      |
| train/                  |             |
|    approx_kl            | 0.023552975 |
|    clip_fraction        | 0.229       |
|    clip_range           | 0.2         |
|    entropy_loss         | -6.08       |
|    explained_variance   | 0.976       |
|    learning_rate        | 0.0003      |
|    loss                 | 0.0263      |
|    n_updates            | 2380        |
|    policy_gradient_loss | -0.0111     |
|    std                  | 0.597       |
|    value_loss           | 0.279       |
-----------------------------------------
Eval num_timesteps=490000, episode_reward=-24.38 +/- 16.45
Episode length: 88.87 +/- 44.84
Success rate: 86.67%
-----------------------------------------
| eval/                   |             |
|    mean_ep_length       | 88.9        |
|    mean_reward          | -24.4       |
|    success_rate         | 0.867       |
| time/                   |             |
|    total_timesteps      | 490000      |
| train/                  |             |
|    approx_kl            | 0.023131382 |
|    clip_fraction        | 0.273       |
|    clip_range           | 0.2         |
|    entropy_loss         | -6.07       |
|    explained_variance   | 0.997       |
|    learning_rate        | 0.0003      |
|    loss                 | 0.015       |
|    n_updates            | 2390        |
|    policy_gradient_loss | -0.0129     |
|    std                  | 0.595       |
|    value_loss           | 0.0587      |
-----------------------------------------
---------------------------------
| rollout/           |          |
|    ep_len_mean     | 74.1     |
|    ep_rew_mean     | -19.3    |
|    success_rate    | 0.98     |
| time/              |          |
|    fps             | 445      |
|    iterations      | 240      |
|    time_elapsed    | 1103     |
|    total_timesteps | 491520   |
---------------------------------
-----------------------------------------
| rollout/                |             |
|    ep_len_mean          | 74.9        |
|    ep_rew_mean          | -20.1       |
|    success_rate         | 0.97        |
| time/                   |             |
|    fps                  | 446         |
|    iterations           | 241         |
|    time_elapsed         | 1105        |
|    total_timesteps      | 493568      |
| train/                  |             |
|    approx_kl            | 0.019221462 |
|    clip_fraction        | 0.23        |
|    clip_range           | 0.2         |
|    entropy_loss         | -6.06       |
|    explained_variance   | 0.963       |
|    learning_rate        | 0.0003      |
|    loss                 | 0.000787    |
|    n_updates            | 2400        |
|    policy_gradient_loss | -0.0109     |
|    std                  | 0.596       |
|    value_loss           | 0.185       |
-----------------------------------------
Eval num_timesteps=495000, episode_reward=-24.46 +/- 16.18
Episode length: 85.50 +/- 39.19
Success rate: 86.67%
-----------------------------------------
| eval/                   |             |
|    mean_ep_length       | 85.5        |
|    mean_reward          | -24.5       |
|    success_rate         | 0.867       |
| time/                   |             |
|    total_timesteps      | 495000      |
| train/                  |             |
|    approx_kl            | 0.016211472 |
|    clip_fraction        | 0.204       |
|    clip_range           | 0.2         |
|    entropy_loss         | -6.08       |
|    explained_variance   | 0.956       |
|    learning_rate        | 0.0003      |
|    loss                 | 0.211       |
|    n_updates            | 2410        |
|    policy_gradient_loss | -0.0134     |
|    std                  | 0.599       |
|    value_loss           | 0.812       |
-----------------------------------------
---------------------------------
| rollout/           |          |
|    ep_len_mean     | 73.8     |
|    ep_rew_mean     | -19.6    |
|    success_rate    | 0.97     |
| time/              |          |
|    fps             | 446      |
|    iterations      | 242      |
|    time_elapsed    | 1109     |
|    total_timesteps | 495616   |
---------------------------------
-----------------------------------------
| rollout/                |             |
|    ep_len_mean          | 75          |
|    ep_rew_mean          | -20.5       |
|    success_rate         | 0.96        |
| time/                   |             |
|    fps                  | 447         |
|    iterations           | 243         |
|    time_elapsed         | 1111        |
|    total_timesteps      | 497664      |
| train/                  |             |
|    approx_kl            | 0.024193991 |
|    clip_fraction        | 0.292       |
|    clip_range           | 0.2         |
|    entropy_loss         | -6.04       |
|    explained_variance   | 0.995       |
|    learning_rate        | 0.0003      |
|    loss                 | -0.0316     |
|    n_updates            | 2420        |
|    policy_gradient_loss | -0.0167     |
|    std                  | 0.592       |
|    value_loss           | 0.0873      |
-----------------------------------------
-----------------------------------------
| rollout/                |             |
|    ep_len_mean          | 73.7        |
|    ep_rew_mean          | -19.7       |
|    success_rate         | 0.97        |
| time/                   |             |
|    fps                  | 448         |
|    iterations           | 244         |
|    time_elapsed         | 1112        |
|    total_timesteps      | 499712      |
| train/                  |             |
|    approx_kl            | 0.034057844 |
|    clip_fraction        | 0.267       |
|    clip_range           | 0.2         |
|    entropy_loss         | -6.03       |
|    explained_variance   | 0.975       |
|    learning_rate        | 0.0003      |
|    loss                 | 0.0333      |
|    n_updates            | 2430        |
|    policy_gradient_loss | -0.0223     |
|    std                  | 0.593       |
|    value_loss           | 0.213       |
-----------------------------------------
Eval num_timesteps=500000, episode_reward=-28.78 +/- 19.74
Episode length: 99.77 +/- 56.16
Success rate: 76.67%
----------------------------------------
| eval/                   |            |
|    mean_ep_length       | 99.8       |
|    mean_reward          | -28.8      |
|    success_rate         | 0.767      |
| time/                   |            |
|    total_timesteps      | 500000     |
| train/                  |            |
|    approx_kl            | 0.02158266 |
|    clip_fraction        | 0.252      |
|    clip_range           | 0.2        |
|    entropy_loss         | -6.01      |
|    explained_variance   | 0.988      |
|    learning_rate        | 0.0003     |
|    loss                 | 0.0358     |
|    n_updates            | 2440       |
|    policy_gradient_loss | -0.0161    |
|    std                  | 0.59       |
|    value_loss           | 0.18       |
----------------------------------------
---------------------------------
| rollout/           |          |
|    ep_len_mean     | 73.7     |
|    ep_rew_mean     | -20.2    |
|    success_rate    | 0.96     |
| time/              |          |
|    fps             | 449      |
|    iterations      | 245      |
|    time_elapsed    | 1116     |
|    total_timesteps | 501760   |
---------------------------------
Training complete. Best model: models\runs\avoid_relvec_s1/best_model.zip
