Using cpu device
Run ppo_basic_s2: 500000 steps
---------------------------------
| rollout/           |          |
|    ep_len_mean     | 200      |
|    ep_rew_mean     | -187     |
|    success_rate    | 0        |
| time/              |          |
|    fps             | 1760     |
|    iterations      | 1        |
|    time_elapsed    | 1        |
|    total_timesteps | 2048     |
---------------------------------
-----------------------------------------
| rollout/                |             |
|    ep_len_mean          | 200         |
|    ep_rew_mean          | -184        |
|    success_rate         | 0           |
| time/                   |             |
|    fps                  | 1482        |
|    iterations           | 2           |
|    time_elapsed         | 2           |
|    total_timesteps      | 4096        |
| train/                  |             |
|    approx_kl            | 0.010547831 |
|    clip_fraction        | 0.0846      |
|    clip_range           | 0.2         |
|    entropy_loss         | -9.93       |
|    explained_variance   | -0.00726    |
|    learning_rate        | 0.0003      |
|    loss                 | 7.53        |
|    n_updates            | 10          |
|    policy_gradient_loss | -0.0128     |
|    std                  | 0.997       |
|    value_loss           | 95.8        |
-----------------------------------------
Eval num_timesteps=5000, episode_reward=-172.89 +/- 22.63
Episode length: 200.00 +/- 0.00
Success rate: 0.00%
-----------------------------------------
| eval/                   |             |
|    mean_ep_length       | 200         |
|    mean_reward          | -173        |
|    success_rate         | 0           |
| time/                   |             |
|    total_timesteps      | 5000        |
| train/                  |             |
|    approx_kl            | 0.009117321 |
|    clip_fraction        | 0.0543      |
|    clip_range           | 0.2         |
|    entropy_loss         | -9.91       |
|    explained_variance   | -0.00714    |
|    learning_rate        | 0.0003      |
|    loss                 | 15          |
|    n_updates            | 20          |
|    policy_gradient_loss | -0.00997    |
|    std                  | 0.995       |
|    value_loss           | 78.1        |
-----------------------------------------
New best mean reward!
---------------------------------
| rollout/           |          |
|    ep_len_mean     | 200      |
|    ep_rew_mean     | -181     |
|    success_rate    | 0        |
| time/              |          |
|    fps             | 857      |
|    iterations      | 3        |
|    time_elapsed    | 7        |
|    total_timesteps | 6144     |
---------------------------------
-----------------------------------------
| rollout/                |             |
|    ep_len_mean          | 200         |
|    ep_rew_mean          | -181        |
|    success_rate         | 0           |
| time/                   |             |
|    fps                  | 926         |
|    iterations           | 4           |
|    time_elapsed         | 8           |
|    total_timesteps      | 8192        |
| train/                  |             |
|    approx_kl            | 0.010383541 |
|    clip_fraction        | 0.0801      |
|    clip_range           | 0.2         |
|    entropy_loss         | -9.87       |
|    explained_variance   | 0.0285      |
|    learning_rate        | 0.0003      |
|    loss                 | 16.3        |
|    n_updates            | 30          |
|    policy_gradient_loss | -0.0121     |
|    std                  | 0.987       |
|    value_loss           | 69.1        |
-----------------------------------------
Eval num_timesteps=10000, episode_reward=-154.42 +/- 24.81
Episode length: 200.00 +/- 0.00
Success rate: 0.00%
------------------------------------------
| eval/                   |              |
|    mean_ep_length       | 200          |
|    mean_reward          | -154         |
|    success_rate         | 0            |
| time/                   |              |
|    total_timesteps      | 10000        |
| train/                  |              |
|    approx_kl            | 0.0119764265 |
|    clip_fraction        | 0.098        |
|    clip_range           | 0.2          |
|    entropy_loss         | -9.84        |
|    explained_variance   | -0.00347     |
|    learning_rate        | 0.0003       |
|    loss                 | 8.65         |
|    n_updates            | 40           |
|    policy_gradient_loss | -0.0162      |
|    std                  | 0.988        |
|    value_loss           | 52.6         |
------------------------------------------
New best mean reward!
---------------------------------
| rollout/           |          |
|    ep_len_mean     | 200      |
|    ep_rew_mean     | -177     |
|    success_rate    | 0        |
| time/              |          |
|    fps             | 767      |
|    iterations      | 5        |
|    time_elapsed    | 13       |
|    total_timesteps | 10240    |
---------------------------------
-----------------------------------------
| rollout/                |             |
|    ep_len_mean          | 200         |
|    ep_rew_mean          | -176        |
|    success_rate         | 0           |
| time/                   |             |
|    fps                  | 819         |
|    iterations           | 6           |
|    time_elapsed         | 14          |
|    total_timesteps      | 12288       |
| train/                  |             |
|    approx_kl            | 0.012080327 |
|    clip_fraction        | 0.0917      |
|    clip_range           | 0.2         |
|    entropy_loss         | -9.84       |
|    explained_variance   | -0.00191    |
|    learning_rate        | 0.0003      |
|    loss                 | 3.05        |
|    n_updates            | 50          |
|    policy_gradient_loss | -0.0115     |
|    std                  | 0.984       |
|    value_loss           | 28.5        |
-----------------------------------------
-----------------------------------------
| rollout/                |             |
|    ep_len_mean          | 200         |
|    ep_rew_mean          | -174        |
|    success_rate         | 0           |
| time/                   |             |
|    fps                  | 856         |
|    iterations           | 7           |
|    time_elapsed         | 16          |
|    total_timesteps      | 14336       |
| train/                  |             |
|    approx_kl            | 0.013361521 |
|    clip_fraction        | 0.111       |
|    clip_range           | 0.2         |
|    entropy_loss         | -9.82       |
|    explained_variance   | -0.000581   |
|    learning_rate        | 0.0003      |
|    loss                 | 2.97        |
|    n_updates            | 60          |
|    policy_gradient_loss | -0.0137     |
|    std                  | 0.983       |
|    value_loss           | 23.7        |
-----------------------------------------
Eval num_timesteps=15000, episode_reward=-142.01 +/- 21.56
Episode length: 200.00 +/- 0.00
Success rate: 0.00%
-----------------------------------------
| eval/                   |             |
|    mean_ep_length       | 200         |
|    mean_reward          | -142        |
|    success_rate         | 0           |
| time/                   |             |
|    total_timesteps      | 15000       |
| train/                  |             |
|    approx_kl            | 0.014812654 |
|    clip_fraction        | 0.131       |
|    clip_range           | 0.2         |
|    entropy_loss         | -9.81       |
|    explained_variance   | -0.00134    |
|    learning_rate        | 0.0003      |
|    loss                 | 2.92        |
|    n_updates            | 70          |
|    policy_gradient_loss | -0.00851    |
|    std                  | 0.985       |
|    value_loss           | 17.4        |
-----------------------------------------
New best mean reward!
---------------------------------
| rollout/           |          |
|    ep_len_mean     | 200      |
|    ep_rew_mean     | -174     |
|    success_rate    | 0        |
| time/              |          |
|    fps             | 774      |
|    iterations      | 8        |
|    time_elapsed    | 21       |
|    total_timesteps | 16384    |
---------------------------------
------------------------------------------
| rollout/                |              |
|    ep_len_mean          | 200          |
|    ep_rew_mean          | -173         |
|    success_rate         | 0            |
| time/                   |              |
|    fps                  | 806          |
|    iterations           | 9            |
|    time_elapsed         | 22           |
|    total_timesteps      | 18432        |
| train/                  |              |
|    approx_kl            | 0.0151796825 |
|    clip_fraction        | 0.0718       |
|    clip_range           | 0.2          |
|    entropy_loss         | -9.83        |
|    explained_variance   | -0.00137     |
|    learning_rate        | 0.0003       |
|    loss                 | 3.02         |
|    n_updates            | 80           |
|    policy_gradient_loss | -0.00836     |
|    std                  | 0.984        |
|    value_loss           | 13.8         |
------------------------------------------
Eval num_timesteps=20000, episode_reward=-145.49 +/- 24.22
Episode length: 200.00 +/- 0.00
Success rate: 0.00%
-----------------------------------------
| eval/                   |             |
|    mean_ep_length       | 200         |
|    mean_reward          | -145        |
|    success_rate         | 0           |
| time/                   |             |
|    total_timesteps      | 20000       |
| train/                  |             |
|    approx_kl            | 0.011063659 |
|    clip_fraction        | 0.0937      |
|    clip_range           | 0.2         |
|    entropy_loss         | -9.8        |
|    explained_variance   | -0.00056    |
|    learning_rate        | 0.0003      |
|    loss                 | 2.16        |
|    n_updates            | 90          |
|    policy_gradient_loss | -0.00909    |
|    std                  | 0.977       |
|    value_loss           | 6.38        |
-----------------------------------------
---------------------------------
| rollout/           |          |
|    ep_len_mean     | 200      |
|    ep_rew_mean     | -172     |
|    success_rate    | 0        |
| time/              |          |
|    fps             | 747      |
|    iterations      | 10       |
|    time_elapsed    | 27       |
|    total_timesteps | 20480    |
---------------------------------
-----------------------------------------
| rollout/                |             |
|    ep_len_mean          | 200         |
|    ep_rew_mean          | -168        |
|    success_rate         | 0           |
| time/                   |             |
|    fps                  | 774         |
|    iterations           | 11          |
|    time_elapsed         | 29          |
|    total_timesteps      | 22528       |
| train/                  |             |
|    approx_kl            | 0.012787929 |
|    clip_fraction        | 0.085       |
|    clip_range           | 0.2         |
|    entropy_loss         | -9.78       |
|    explained_variance   | -0.00227    |
|    learning_rate        | 0.0003      |
|    loss                 | 2.39        |
|    n_updates            | 100         |
|    policy_gradient_loss | -0.0096     |
|    std                  | 0.98        |
|    value_loss           | 6.6         |
-----------------------------------------
----------------------------------------
| rollout/                |            |
|    ep_len_mean          | 200        |
|    ep_rew_mean          | -165       |
|    success_rate         | 0          |
| time/                   |            |
|    fps                  | 798        |
|    iterations           | 12         |
|    time_elapsed         | 30         |
|    total_timesteps      | 24576      |
| train/                  |            |
|    approx_kl            | 0.01080318 |
|    clip_fraction        | 0.102      |
|    clip_range           | 0.2        |
|    entropy_loss         | -9.79      |
|    explained_variance   | 0.00498    |
|    learning_rate        | 0.0003     |
|    loss                 | 0.97       |
|    n_updates            | 110        |
|    policy_gradient_loss | -0.0136    |
|    std                  | 0.979      |
|    value_loss           | 5.02       |
----------------------------------------
Eval num_timesteps=25000, episode_reward=-142.01 +/- 18.68
Episode length: 200.00 +/- 0.00
Success rate: 0.00%
-----------------------------------------
| eval/                   |             |
|    mean_ep_length       | 200         |
|    mean_reward          | -142        |
|    success_rate         | 0           |
| time/                   |             |
|    total_timesteps      | 25000       |
| train/                  |             |
|    approx_kl            | 0.014465997 |
|    clip_fraction        | 0.162       |
|    clip_range           | 0.2         |
|    entropy_loss         | -9.78       |
|    explained_variance   | 0.684       |
|    learning_rate        | 0.0003      |
|    loss                 | 0.414       |
|    n_updates            | 120         |
|    policy_gradient_loss | -0.0195     |
|    std                  | 0.979       |
|    value_loss           | 1.83        |
-----------------------------------------
---------------------------------
| rollout/           |          |
|    ep_len_mean     | 200      |
|    ep_rew_mean     | -162     |
|    success_rate    | 0        |
| time/              |          |
|    fps             | 752      |
|    iterations      | 13       |
|    time_elapsed    | 35       |
|    total_timesteps | 26624    |
---------------------------------
----------------------------------------
| rollout/                |            |
|    ep_len_mean          | 200        |
|    ep_rew_mean          | -159       |
|    success_rate         | 0          |
| time/                   |            |
|    fps                  | 773        |
|    iterations           | 14         |
|    time_elapsed         | 37         |
|    total_timesteps      | 28672      |
| train/                  |            |
|    approx_kl            | 0.01312178 |
|    clip_fraction        | 0.143      |
|    clip_range           | 0.2        |
|    entropy_loss         | -9.76      |
|    explained_variance   | 0.824      |
|    learning_rate        | 0.0003     |
|    loss                 | 0.511      |
|    n_updates            | 130        |
|    policy_gradient_loss | -0.0175    |
|    std                  | 0.974      |
|    value_loss           | 1.6        |
----------------------------------------
Eval num_timesteps=30000, episode_reward=-127.94 +/- 16.98
Episode length: 200.00 +/- 0.00
Success rate: 0.00%
-----------------------------------------
| eval/                   |             |
|    mean_ep_length       | 200         |
|    mean_reward          | -128        |
|    success_rate         | 0           |
| time/                   |             |
|    total_timesteps      | 30000       |
| train/                  |             |
|    approx_kl            | 0.019665727 |
|    clip_fraction        | 0.225       |
|    clip_range           | 0.2         |
|    entropy_loss         | -9.73       |
|    explained_variance   | 0.917       |
|    learning_rate        | 0.0003      |
|    loss                 | 0.521       |
|    n_updates            | 140         |
|    policy_gradient_loss | -0.0292     |
|    std                  | 0.971       |
|    value_loss           | 1.46        |
-----------------------------------------
New best mean reward!
---------------------------------
| rollout/           |          |
|    ep_len_mean     | 200      |
|    ep_rew_mean     | -156     |
|    success_rate    | 0        |
| time/              |          |
|    fps             | 737      |
|    iterations      | 15       |
|    time_elapsed    | 41       |
|    total_timesteps | 30720    |
---------------------------------
----------------------------------------
| rollout/                |            |
|    ep_len_mean          | 200        |
|    ep_rew_mean          | -152       |
|    success_rate         | 0          |
| time/                   |            |
|    fps                  | 755        |
|    iterations           | 16         |
|    time_elapsed         | 43         |
|    total_timesteps      | 32768      |
| train/                  |            |
|    approx_kl            | 0.01301074 |
|    clip_fraction        | 0.151      |
|    clip_range           | 0.2        |
|    entropy_loss         | -9.71      |
|    explained_variance   | 0.94       |
|    learning_rate        | 0.0003     |
|    loss                 | 0.672      |
|    n_updates            | 150        |
|    policy_gradient_loss | -0.0202    |
|    std                  | 0.968      |
|    value_loss           | 1.9        |
----------------------------------------
-----------------------------------------
| rollout/                |             |
|    ep_len_mean          | 200         |
|    ep_rew_mean          | -147        |
|    success_rate         | 0           |
| time/                   |             |
|    fps                  | 772         |
|    iterations           | 17          |
|    time_elapsed         | 45          |
|    total_timesteps      | 34816       |
| train/                  |             |
|    approx_kl            | 0.015246559 |
|    clip_fraction        | 0.187       |
|    clip_range           | 0.2         |
|    entropy_loss         | -9.68       |
|    explained_variance   | 0.958       |
|    learning_rate        | 0.0003      |
|    loss                 | 0.614       |
|    n_updates            | 160         |
|    policy_gradient_loss | -0.0275     |
|    std                  | 0.964       |
|    value_loss           | 2.01        |
-----------------------------------------
Eval num_timesteps=35000, episode_reward=-126.81 +/- 21.58
Episode length: 200.00 +/- 0.00
Success rate: 0.00%
-----------------------------------------
| eval/                   |             |
|    mean_ep_length       | 200         |
|    mean_reward          | -127        |
|    success_rate         | 0           |
| time/                   |             |
|    total_timesteps      | 35000       |
| train/                  |             |
|    approx_kl            | 0.012368909 |
|    clip_fraction        | 0.148       |
|    clip_range           | 0.2         |
|    entropy_loss         | -9.67       |
|    explained_variance   | 0.98        |
|    learning_rate        | 0.0003      |
|    loss                 | 0.996       |
|    n_updates            | 170         |
|    policy_gradient_loss | -0.0231     |
|    std                  | 0.963       |
|    value_loss           | 3.01        |
-----------------------------------------
New best mean reward!
---------------------------------
| rollout/           |          |
|    ep_len_mean     | 200      |
|    ep_rew_mean     | -142     |
|    success_rate    | 0        |
| time/              |          |
|    fps             | 739      |
|    iterations      | 18       |
|    time_elapsed    | 49       |
|    total_timesteps | 36864    |
---------------------------------
-----------------------------------------
| rollout/                |             |
|    ep_len_mean          | 200         |
|    ep_rew_mean          | -140        |
|    success_rate         | 0           |
| time/                   |             |
|    fps                  | 754         |
|    iterations           | 19          |
|    time_elapsed         | 51          |
|    total_timesteps      | 38912       |
| train/                  |             |
|    approx_kl            | 0.013525687 |
|    clip_fraction        | 0.148       |
|    clip_range           | 0.2         |
|    entropy_loss         | -9.65       |
|    explained_variance   | 0.985       |
|    learning_rate        | 0.0003      |
|    loss                 | 2.04        |
|    n_updates            | 180         |
|    policy_gradient_loss | -0.0236     |
|    std                  | 0.959       |
|    value_loss           | 4.94        |
-----------------------------------------
Eval num_timesteps=40000, episode_reward=-134.91 +/- 27.85
Episode length: 200.00 +/- 0.00
Success rate: 0.00%
------------------------------------------
| eval/                   |              |
|    mean_ep_length       | 200          |
|    mean_reward          | -135         |
|    success_rate         | 0            |
| time/                   |              |
|    total_timesteps      | 40000        |
| train/                  |              |
|    approx_kl            | 0.0073657287 |
|    clip_fraction        | 0.0621       |
|    clip_range           | 0.2          |
|    entropy_loss         | -9.64        |
|    explained_variance   | 0.966        |
|    learning_rate        | 0.0003       |
|    loss                 | 3.12         |
|    n_updates            | 190          |
|    policy_gradient_loss | -0.0122      |
|    std                  | 0.959        |
|    value_loss           | 8.66         |
------------------------------------------
---------------------------------
| rollout/           |          |
|    ep_len_mean     | 200      |
|    ep_rew_mean     | -136     |
|    success_rate    | 0        |
| time/              |          |
|    fps             | 725      |
|    iterations      | 20       |
|    time_elapsed    | 56       |
|    total_timesteps | 40960    |
---------------------------------
-----------------------------------------
| rollout/                |             |
|    ep_len_mean          | 200         |
|    ep_rew_mean          | -132        |
|    success_rate         | 0           |
| time/                   |             |
|    fps                  | 738         |
|    iterations           | 21          |
|    time_elapsed         | 58          |
|    total_timesteps      | 43008       |
| train/                  |             |
|    approx_kl            | 0.008729119 |
|    clip_fraction        | 0.0958      |
|    clip_range           | 0.2         |
|    entropy_loss         | -9.63       |
|    explained_variance   | 0.961       |
|    learning_rate        | 0.0003      |
|    loss                 | 2.7         |
|    n_updates            | 200         |
|    policy_gradient_loss | -0.0145     |
|    std                  | 0.958       |
|    value_loss           | 7.91        |
-----------------------------------------
Eval num_timesteps=45000, episode_reward=-142.75 +/- 21.62
Episode length: 200.00 +/- 0.00
Success rate: 0.00%
-----------------------------------------
| eval/                   |             |
|    mean_ep_length       | 200         |
|    mean_reward          | -143        |
|    success_rate         | 0           |
| time/                   |             |
|    total_timesteps      | 45000       |
| train/                  |             |
|    approx_kl            | 0.009993464 |
|    clip_fraction        | 0.0923      |
|    clip_range           | 0.2         |
|    entropy_loss         | -9.63       |
|    explained_variance   | 0.965       |
|    learning_rate        | 0.0003      |
|    loss                 | 1.65        |
|    n_updates            | 210         |
|    policy_gradient_loss | -0.0119     |
|    std                  | 0.957       |
|    value_loss           | 6.08        |
-----------------------------------------
---------------------------------
| rollout/           |          |
|    ep_len_mean     | 200      |
|    ep_rew_mean     | -132     |
|    success_rate    | 0        |
| time/              |          |
|    fps             | 712      |
|    iterations      | 22       |
|    time_elapsed    | 63       |
|    total_timesteps | 45056    |
---------------------------------
-----------------------------------------
| rollout/                |             |
|    ep_len_mean          | 200         |
|    ep_rew_mean          | -130        |
|    success_rate         | 0           |
| time/                   |             |
|    fps                  | 724         |
|    iterations           | 23          |
|    time_elapsed         | 64          |
|    total_timesteps      | 47104       |
| train/                  |             |
|    approx_kl            | 0.007852408 |
|    clip_fraction        | 0.0866      |
|    clip_range           | 0.2         |
|    entropy_loss         | -9.61       |
|    explained_variance   | 0.938       |
|    learning_rate        | 0.0003      |
|    loss                 | 3.77        |
|    n_updates            | 220         |
|    policy_gradient_loss | -0.0113     |
|    std                  | 0.953       |
|    value_loss           | 9.86        |
-----------------------------------------
-----------------------------------------
| rollout/                |             |
|    ep_len_mean          | 200         |
|    ep_rew_mean          | -129        |
|    success_rate         | 0           |
| time/                   |             |
|    fps                  | 736         |
|    iterations           | 24          |
|    time_elapsed         | 66          |
|    total_timesteps      | 49152       |
| train/                  |             |
|    approx_kl            | 0.010414965 |
|    clip_fraction        | 0.108       |
|    clip_range           | 0.2         |
|    entropy_loss         | -9.59       |
|    explained_variance   | 0.952       |
|    learning_rate        | 0.0003      |
|    loss                 | 2.37        |
|    n_updates            | 230         |
|    policy_gradient_loss | -0.0132     |
|    std                  | 0.953       |
|    value_loss           | 7.52        |
-----------------------------------------
Eval num_timesteps=50000, episode_reward=-153.85 +/- 22.82
Episode length: 200.00 +/- 0.00
Success rate: 0.00%
------------------------------------------
| eval/                   |              |
|    mean_ep_length       | 200          |
|    mean_reward          | -154         |
|    success_rate         | 0            |
| time/                   |              |
|    total_timesteps      | 50000        |
| train/                  |              |
|    approx_kl            | 0.0066028107 |
|    clip_fraction        | 0.0655       |
|    clip_range           | 0.2          |
|    entropy_loss         | -9.59        |
|    explained_variance   | 0.953        |
|    learning_rate        | 0.0003       |
|    loss                 | 1.91         |
|    n_updates            | 240          |
|    policy_gradient_loss | -0.01        |
|    std                  | 0.952        |
|    value_loss           | 6.5          |
------------------------------------------
---------------------------------
| rollout/           |          |
|    ep_len_mean     | 200      |
|    ep_rew_mean     | -132     |
|    success_rate    | 0        |
| time/              |          |
|    fps             | 711      |
|    iterations      | 25       |
|    time_elapsed    | 71       |
|    total_timesteps | 51200    |
---------------------------------
-----------------------------------------
| rollout/                |             |
|    ep_len_mean          | 200         |
|    ep_rew_mean          | -134        |
|    success_rate         | 0           |
| time/                   |             |
|    fps                  | 722         |
|    iterations           | 26          |
|    time_elapsed         | 73          |
|    total_timesteps      | 53248       |
| train/                  |             |
|    approx_kl            | 0.009536825 |
|    clip_fraction        | 0.104       |
|    clip_range           | 0.2         |
|    entropy_loss         | -9.58       |
|    explained_variance   | 0.945       |
|    learning_rate        | 0.0003      |
|    loss                 | 1.9         |
|    n_updates            | 250         |
|    policy_gradient_loss | -0.0141     |
|    std                  | 0.95        |
|    value_loss           | 7.57        |
-----------------------------------------
Eval num_timesteps=55000, episode_reward=-145.47 +/- 25.58
Episode length: 200.00 +/- 0.00
Success rate: 0.00%
-----------------------------------------
| eval/                   |             |
|    mean_ep_length       | 200         |
|    mean_reward          | -145        |
|    success_rate         | 0           |
| time/                   |             |
|    total_timesteps      | 55000       |
| train/                  |             |
|    approx_kl            | 0.015304675 |
|    clip_fraction        | 0.185       |
|    clip_range           | 0.2         |
|    entropy_loss         | -9.56       |
|    explained_variance   | 0.971       |
|    learning_rate        | 0.0003      |
|    loss                 | 1.53        |
|    n_updates            | 260         |
|    policy_gradient_loss | -0.0245     |
|    std                  | 0.947       |
|    value_loss           | 5.08        |
-----------------------------------------
---------------------------------
| rollout/           |          |
|    ep_len_mean     | 200      |
|    ep_rew_mean     | -133     |
|    success_rate    | 0        |
| time/              |          |
|    fps             | 705      |
|    iterations      | 27       |
|    time_elapsed    | 78       |
|    total_timesteps | 55296    |
---------------------------------
-----------------------------------------
| rollout/                |             |
|    ep_len_mean          | 200         |
|    ep_rew_mean          | -135        |
|    success_rate         | 0           |
| time/                   |             |
|    fps                  | 715         |
|    iterations           | 28          |
|    time_elapsed         | 80          |
|    total_timesteps      | 57344       |
| train/                  |             |
|    approx_kl            | 0.013299671 |
|    clip_fraction        | 0.15        |
|    clip_range           | 0.2         |
|    entropy_loss         | -9.54       |
|    explained_variance   | 0.987       |
|    learning_rate        | 0.0003      |
|    loss                 | 1.45        |
|    n_updates            | 270         |
|    policy_gradient_loss | -0.0149     |
|    std                  | 0.944       |
|    value_loss           | 4.07        |
-----------------------------------------
------------------------------------------
| rollout/                |              |
|    ep_len_mean          | 200          |
|    ep_rew_mean          | -133         |
|    success_rate         | 0            |
| time/                   |              |
|    fps                  | 725          |
|    iterations           | 29           |
|    time_elapsed         | 81           |
|    total_timesteps      | 59392        |
| train/                  |              |
|    approx_kl            | 0.0117100105 |
|    clip_fraction        | 0.151        |
|    clip_range           | 0.2          |
|    entropy_loss         | -9.51        |
|    explained_variance   | 0.985        |
|    learning_rate        | 0.0003       |
|    loss                 | 1.35         |
|    n_updates            | 280          |
|    policy_gradient_loss | -0.0165      |
|    std                  | 0.94         |
|    value_loss           | 3.68         |
------------------------------------------
Eval num_timesteps=60000, episode_reward=-135.71 +/- 24.42
Episode length: 200.00 +/- 0.00
Success rate: 0.00%
-----------------------------------------
| eval/                   |             |
|    mean_ep_length       | 200         |
|    mean_reward          | -136        |
|    success_rate         | 0           |
| time/                   |             |
|    total_timesteps      | 60000       |
| train/                  |             |
|    approx_kl            | 0.010377944 |
|    clip_fraction        | 0.135       |
|    clip_range           | 0.2         |
|    entropy_loss         | -9.5        |
|    explained_variance   | 0.978       |
|    learning_rate        | 0.0003      |
|    loss                 | 1.92        |
|    n_updates            | 290         |
|    policy_gradient_loss | -0.0171     |
|    std                  | 0.941       |
|    value_loss           | 4.1         |
-----------------------------------------
---------------------------------
| rollout/           |          |
|    ep_len_mean     | 200      |
|    ep_rew_mean     | -132     |
|    success_rate    | 0        |
| time/              |          |
|    fps             | 709      |
|    iterations      | 30       |
|    time_elapsed    | 86       |
|    total_timesteps | 61440    |
---------------------------------
-----------------------------------------
| rollout/                |             |
|    ep_len_mean          | 200         |
|    ep_rew_mean          | -131        |
|    success_rate         | 0           |
| time/                   |             |
|    fps                  | 718         |
|    iterations           | 31          |
|    time_elapsed         | 88          |
|    total_timesteps      | 63488       |
| train/                  |             |
|    approx_kl            | 0.013641339 |
|    clip_fraction        | 0.156       |
|    clip_range           | 0.2         |
|    entropy_loss         | -9.49       |
|    explained_variance   | 0.974       |
|    learning_rate        | 0.0003      |
|    loss                 | 0.772       |
|    n_updates            | 300         |
|    policy_gradient_loss | -0.0137     |
|    std                  | 0.937       |
|    value_loss           | 2.93        |
-----------------------------------------
Eval num_timesteps=65000, episode_reward=-126.93 +/- 24.30
Episode length: 200.00 +/- 0.00
Success rate: 0.00%
----------------------------------------
| eval/                   |            |
|    mean_ep_length       | 200        |
|    mean_reward          | -127       |
|    success_rate         | 0          |
| time/                   |            |
|    total_timesteps      | 65000      |
| train/                  |            |
|    approx_kl            | 0.01156605 |
|    clip_fraction        | 0.113      |
|    clip_range           | 0.2        |
|    entropy_loss         | -9.47      |
|    explained_variance   | 0.966      |
|    learning_rate        | 0.0003     |
|    loss                 | 0.703      |
|    n_updates            | 310        |
|    policy_gradient_loss | -0.011     |
|    std                  | 0.936      |
|    value_loss           | 2.71       |
----------------------------------------
---------------------------------
| rollout/           |          |
|    ep_len_mean     | 200      |
|    ep_rew_mean     | -130     |
|    success_rate    | 0        |
| time/              |          |
|    fps             | 705      |
|    iterations      | 32       |
|    time_elapsed    | 92       |
|    total_timesteps | 65536    |
---------------------------------
-----------------------------------------
| rollout/                |             |
|    ep_len_mean          | 200         |
|    ep_rew_mean          | -127        |
|    success_rate         | 0           |
| time/                   |             |
|    fps                  | 714         |
|    iterations           | 33          |
|    time_elapsed         | 94          |
|    total_timesteps      | 67584       |
| train/                  |             |
|    approx_kl            | 0.011758537 |
|    clip_fraction        | 0.144       |
|    clip_range           | 0.2         |
|    entropy_loss         | -9.43       |
|    explained_variance   | 0.987       |
|    learning_rate        | 0.0003      |
|    loss                 | 0.763       |
|    n_updates            | 320         |
|    policy_gradient_loss | -0.0163     |
|    std                  | 0.926       |
|    value_loss           | 2.61        |
-----------------------------------------
-----------------------------------------
| rollout/                |             |
|    ep_len_mean          | 200         |
|    ep_rew_mean          | -122        |
|    success_rate         | 0           |
| time/                   |             |
|    fps                  | 723         |
|    iterations           | 34          |
|    time_elapsed         | 96          |
|    total_timesteps      | 69632       |
| train/                  |             |
|    approx_kl            | 0.011699416 |
|    clip_fraction        | 0.153       |
|    clip_range           | 0.2         |
|    entropy_loss         | -9.36       |
|    explained_variance   | 0.99        |
|    learning_rate        | 0.0003      |
|    loss                 | 0.535       |
|    n_updates            | 330         |
|    policy_gradient_loss | -0.0141     |
|    std                  | 0.919       |
|    value_loss           | 1.76        |
-----------------------------------------
Eval num_timesteps=70000, episode_reward=-102.51 +/- 28.09
Episode length: 193.00 +/- 26.27
Success rate: 6.67%
-----------------------------------------
| eval/                   |             |
|    mean_ep_length       | 193         |
|    mean_reward          | -103        |
|    success_rate         | 0.0667      |
| time/                   |             |
|    total_timesteps      | 70000       |
| train/                  |             |
|    approx_kl            | 0.013821308 |
|    clip_fraction        | 0.184       |
|    clip_range           | 0.2         |
|    entropy_loss         | -9.3        |
|    explained_variance   | 0.991       |
|    learning_rate        | 0.0003      |
|    loss                 | 0.341       |
|    n_updates            | 340         |
|    policy_gradient_loss | -0.0148     |
|    std                  | 0.91        |
|    value_loss           | 1.31        |
-----------------------------------------
New best mean reward!
---------------------------------
| rollout/           |          |
|    ep_len_mean     | 200      |
|    ep_rew_mean     | -117     |
|    success_rate    | 0        |
| time/              |          |
|    fps             | 711      |
|    iterations      | 35       |
|    time_elapsed    | 100      |
|    total_timesteps | 71680    |
---------------------------------
-----------------------------------------
| rollout/                |             |
|    ep_len_mean          | 200         |
|    ep_rew_mean          | -115        |
|    success_rate         | 0           |
| time/                   |             |
|    fps                  | 719         |
|    iterations           | 36          |
|    time_elapsed         | 102         |
|    total_timesteps      | 73728       |
| train/                  |             |
|    approx_kl            | 0.012100892 |
|    clip_fraction        | 0.149       |
|    clip_range           | 0.2         |
|    entropy_loss         | -9.25       |
|    explained_variance   | 0.991       |
|    learning_rate        | 0.0003      |
|    loss                 | 0.724       |
|    n_updates            | 350         |
|    policy_gradient_loss | -0.0154     |
|    std                  | 0.906       |
|    value_loss           | 2.07        |
-----------------------------------------
Eval num_timesteps=75000, episode_reward=-107.31 +/- 22.02
Episode length: 200.00 +/- 0.00
Success rate: 0.00%
-----------------------------------------
| eval/                   |             |
|    mean_ep_length       | 200         |
|    mean_reward          | -107        |
|    success_rate         | 0           |
| time/                   |             |
|    total_timesteps      | 75000       |
| train/                  |             |
|    approx_kl            | 0.011211531 |
|    clip_fraction        | 0.146       |
|    clip_range           | 0.2         |
|    entropy_loss         | -9.22       |
|    explained_variance   | 0.99        |
|    learning_rate        | 0.0003      |
|    loss                 | 0.357       |
|    n_updates            | 360         |
|    policy_gradient_loss | -0.0141     |
|    std                  | 0.903       |
|    value_loss           | 1.33        |
-----------------------------------------
---------------------------------
| rollout/           |          |
|    ep_len_mean     | 200      |
|    ep_rew_mean     | -111     |
|    success_rate    | 0.01     |
| time/              |          |
|    fps             | 705      |
|    iterations      | 37       |
|    time_elapsed    | 107      |
|    total_timesteps | 75776    |
---------------------------------
-----------------------------------------
| rollout/                |             |
|    ep_len_mean          | 200         |
|    ep_rew_mean          | -107        |
|    success_rate         | 0.01        |
| time/                   |             |
|    fps                  | 712         |
|    iterations           | 38          |
|    time_elapsed         | 109         |
|    total_timesteps      | 77824       |
| train/                  |             |
|    approx_kl            | 0.011162902 |
|    clip_fraction        | 0.145       |
|    clip_range           | 0.2         |
|    entropy_loss         | -9.18       |
|    explained_variance   | 0.987       |
|    learning_rate        | 0.0003      |
|    loss                 | 0.389       |
|    n_updates            | 370         |
|    policy_gradient_loss | -0.0148     |
|    std                  | 0.897       |
|    value_loss           | 1.38        |
-----------------------------------------
-----------------------------------------
| rollout/                |             |
|    ep_len_mean          | 197         |
|    ep_rew_mean          | -104        |
|    success_rate         | 0.04        |
| time/                   |             |
|    fps                  | 719         |
|    iterations           | 39          |
|    time_elapsed         | 111         |
|    total_timesteps      | 79872       |
| train/                  |             |
|    approx_kl            | 0.018013807 |
|    clip_fraction        | 0.202       |
|    clip_range           | 0.2         |
|    entropy_loss         | -9.11       |
|    explained_variance   | 0.993       |
|    learning_rate        | 0.0003      |
|    loss                 | 0.295       |
|    n_updates            | 380         |
|    policy_gradient_loss | -0.0225     |
|    std                  | 0.886       |
|    value_loss           | 1.14        |
-----------------------------------------
Eval num_timesteps=80000, episode_reward=-84.85 +/- 24.16
Episode length: 186.43 +/- 34.88
Success rate: 13.33%
-----------------------------------------
| eval/                   |             |
|    mean_ep_length       | 186         |
|    mean_reward          | -84.9       |
|    success_rate         | 0.133       |
| time/                   |             |
|    total_timesteps      | 80000       |
| train/                  |             |
|    approx_kl            | 0.013810818 |
|    clip_fraction        | 0.188       |
|    clip_range           | 0.2         |
|    entropy_loss         | -9.07       |
|    explained_variance   | 0.993       |
|    learning_rate        | 0.0003      |
|    loss                 | 0.316       |
|    n_updates            | 390         |
|    policy_gradient_loss | -0.0172     |
|    std                  | 0.886       |
|    value_loss           | 1.04        |
-----------------------------------------
New best mean reward!
---------------------------------
| rollout/           |          |
|    ep_len_mean     | 197      |
|    ep_rew_mean     | -102     |
|    success_rate    | 0.04     |
| time/              |          |
|    fps             | 706      |
|    iterations      | 40       |
|    time_elapsed    | 115      |
|    total_timesteps | 81920    |
---------------------------------
-----------------------------------------
| rollout/                |             |
|    ep_len_mean          | 197         |
|    ep_rew_mean          | -99.2       |
|    success_rate         | 0.04        |
| time/                   |             |
|    fps                  | 713         |
|    iterations           | 41          |
|    time_elapsed         | 117         |
|    total_timesteps      | 83968       |
| train/                  |             |
|    approx_kl            | 0.014002765 |
|    clip_fraction        | 0.18        |
|    clip_range           | 0.2         |
|    entropy_loss         | -9.04       |
|    explained_variance   | 0.991       |
|    learning_rate        | 0.0003      |
|    loss                 | 0.34        |
|    n_updates            | 400         |
|    policy_gradient_loss | -0.0183     |
|    std                  | 0.879       |
|    value_loss           | 0.989       |
-----------------------------------------
Eval num_timesteps=85000, episode_reward=-92.22 +/- 13.31
Episode length: 200.00 +/- 0.00
Success rate: 0.00%
-----------------------------------------
| eval/                   |             |
|    mean_ep_length       | 200         |
|    mean_reward          | -92.2       |
|    success_rate         | 0           |
| time/                   |             |
|    total_timesteps      | 85000       |
| train/                  |             |
|    approx_kl            | 0.016241461 |
|    clip_fraction        | 0.178       |
|    clip_range           | 0.2         |
|    entropy_loss         | -8.97       |
|    explained_variance   | 0.995       |
|    learning_rate        | 0.0003      |
|    loss                 | 0.314       |
|    n_updates            | 410         |
|    policy_gradient_loss | -0.0192     |
|    std                  | 0.869       |
|    value_loss           | 1.13        |
-----------------------------------------
---------------------------------
| rollout/           |          |
|    ep_len_mean     | 197      |
|    ep_rew_mean     | -95.5    |
|    success_rate    | 0.04     |
| time/              |          |
|    fps             | 699      |
|    iterations      | 42       |
|    time_elapsed    | 122      |
|    total_timesteps | 86016    |
---------------------------------
----------------------------------------
| rollout/                |            |
|    ep_len_mean          | 197        |
|    ep_rew_mean          | -94.2      |
|    success_rate         | 0.04       |
| time/                   |            |
|    fps                  | 705        |
|    iterations           | 43         |
|    time_elapsed         | 124        |
|    total_timesteps      | 88064      |
| train/                  |            |
|    approx_kl            | 0.01384747 |
|    clip_fraction        | 0.179      |
|    clip_range           | 0.2        |
|    entropy_loss         | -8.89      |
|    explained_variance   | 0.992      |
|    learning_rate        | 0.0003     |
|    loss                 | 0.293      |
|    n_updates            | 420        |
|    policy_gradient_loss | -0.0152    |
|    std                  | 0.859      |
|    value_loss           | 0.985      |
----------------------------------------
Eval num_timesteps=90000, episode_reward=-93.10 +/- 11.03
Episode length: 200.00 +/- 0.00
Success rate: 0.00%
-----------------------------------------
| eval/                   |             |
|    mean_ep_length       | 200         |
|    mean_reward          | -93.1       |
|    success_rate         | 0           |
| time/                   |             |
|    total_timesteps      | 90000       |
| train/                  |             |
|    approx_kl            | 0.016201833 |
|    clip_fraction        | 0.151       |
|    clip_range           | 0.2         |
|    entropy_loss         | -8.83       |
|    explained_variance   | 0.991       |
|    learning_rate        | 0.0003      |
|    loss                 | 0.158       |
|    n_updates            | 430         |
|    policy_gradient_loss | -0.0154     |
|    std                  | 0.855       |
|    value_loss           | 0.671       |
-----------------------------------------
---------------------------------
| rollout/           |          |
|    ep_len_mean     | 197      |
|    ep_rew_mean     | -92.7    |
|    success_rate    | 0.04     |
| time/              |          |
|    fps             | 694      |
|    iterations      | 44       |
|    time_elapsed    | 129      |
|    total_timesteps | 90112    |
---------------------------------
------------------------------------------
| rollout/                |              |
|    ep_len_mean          | 197          |
|    ep_rew_mean          | -89.8        |
|    success_rate         | 0.04         |
| time/                   |              |
|    fps                  | 699          |
|    iterations           | 45           |
|    time_elapsed         | 131          |
|    total_timesteps      | 92160        |
| train/                  |              |
|    approx_kl            | 0.0121916095 |
|    clip_fraction        | 0.111        |
|    clip_range           | 0.2          |
|    entropy_loss         | -8.78        |
|    explained_variance   | 0.992        |
|    learning_rate        | 0.0003       |
|    loss                 | 0.604        |
|    n_updates            | 440          |
|    policy_gradient_loss | -0.0117      |
|    std                  | 0.847        |
|    value_loss           | 1.61         |
------------------------------------------
-----------------------------------------
| rollout/                |             |
|    ep_len_mean          | 198         |
|    ep_rew_mean          | -88         |
|    success_rate         | 0.03        |
| time/                   |             |
|    fps                  | 705         |
|    iterations           | 46          |
|    time_elapsed         | 133         |
|    total_timesteps      | 94208       |
| train/                  |             |
|    approx_kl            | 0.013246549 |
|    clip_fraction        | 0.153       |
|    clip_range           | 0.2         |
|    entropy_loss         | -8.72       |
|    explained_variance   | 0.993       |
|    learning_rate        | 0.0003      |
|    loss                 | 0.385       |
|    n_updates            | 450         |
|    policy_gradient_loss | -0.0116     |
|    std                  | 0.839       |
|    value_loss           | 0.847       |
-----------------------------------------
Eval num_timesteps=95000, episode_reward=-80.92 +/- 16.64
Episode length: 192.83 +/- 26.93
Success rate: 6.67%
-----------------------------------------
| eval/                   |             |
|    mean_ep_length       | 193         |
|    mean_reward          | -80.9       |
|    success_rate         | 0.0667      |
| time/                   |             |
|    total_timesteps      | 95000       |
| train/                  |             |
|    approx_kl            | 0.011801846 |
|    clip_fraction        | 0.127       |
|    clip_range           | 0.2         |
|    entropy_loss         | -8.71       |
|    explained_variance   | 0.99        |
|    learning_rate        | 0.0003      |
|    loss                 | 0.238       |
|    n_updates            | 460         |
|    policy_gradient_loss | -0.00923    |
|    std                  | 0.844       |
|    value_loss           | 0.94        |
-----------------------------------------
New best mean reward!
---------------------------------
| rollout/           |          |
|    ep_len_mean     | 196      |
|    ep_rew_mean     | -86.4    |
|    success_rate    | 0.04     |
| time/              |          |
|    fps             | 694      |
|    iterations      | 47       |
|    time_elapsed    | 138      |
|    total_timesteps | 96256    |
---------------------------------
-----------------------------------------
| rollout/                |             |
|    ep_len_mean          | 197         |
|    ep_rew_mean          | -86.1       |
|    success_rate         | 0.03        |
| time/                   |             |
|    fps                  | 700         |
|    iterations           | 48          |
|    time_elapsed         | 140         |
|    total_timesteps      | 98304       |
| train/                  |             |
|    approx_kl            | 0.013651393 |
|    clip_fraction        | 0.161       |
|    clip_range           | 0.2         |
|    entropy_loss         | -8.73       |
|    explained_variance   | 0.991       |
|    learning_rate        | 0.0003      |
|    loss                 | 0.302       |
|    n_updates            | 470         |
|    policy_gradient_loss | -0.0149     |
|    std                  | 0.844       |
|    value_loss           | 1.1         |
-----------------------------------------
Eval num_timesteps=100000, episode_reward=-77.07 +/- 25.49
Episode length: 184.60 +/- 39.27
Success rate: 13.33%
-----------------------------------------
| eval/                   |             |
|    mean_ep_length       | 185         |
|    mean_reward          | -77.1       |
|    success_rate         | 0.133       |
| time/                   |             |
|    total_timesteps      | 100000      |
| train/                  |             |
|    approx_kl            | 0.016745463 |
|    clip_fraction        | 0.183       |
|    clip_range           | 0.2         |
|    entropy_loss         | -8.73       |
|    explained_variance   | 0.989       |
|    learning_rate        | 0.0003      |
|    loss                 | 0.41        |
|    n_updates            | 480         |
|    policy_gradient_loss | -0.0132     |
|    std                  | 0.845       |
|    value_loss           | 1.05        |
-----------------------------------------
New best mean reward!
---------------------------------
| rollout/           |          |
|    ep_len_mean     | 198      |
|    ep_rew_mean     | -85      |
|    success_rate    | 0.02     |
| time/              |          |
|    fps             | 691      |
|    iterations      | 49       |
|    time_elapsed    | 145      |
|    total_timesteps | 100352   |
---------------------------------
-----------------------------------------
| rollout/                |             |
|    ep_len_mean          | 198         |
|    ep_rew_mean          | -84.2       |
|    success_rate         | 0.02        |
| time/                   |             |
|    fps                  | 697         |
|    iterations           | 50          |
|    time_elapsed         | 146         |
|    total_timesteps      | 102400      |
| train/                  |             |
|    approx_kl            | 0.013511523 |
|    clip_fraction        | 0.155       |
|    clip_range           | 0.2         |
|    entropy_loss         | -8.69       |
|    explained_variance   | 0.99        |
|    learning_rate        | 0.0003      |
|    loss                 | 0.734       |
|    n_updates            | 490         |
|    policy_gradient_loss | -0.0143     |
|    std                  | 0.835       |
|    value_loss           | 1.12        |
-----------------------------------------
-----------------------------------------
| rollout/                |             |
|    ep_len_mean          | 198         |
|    ep_rew_mean          | -82.4       |
|    success_rate         | 0.02        |
| time/                   |             |
|    fps                  | 702         |
|    iterations           | 51          |
|    time_elapsed         | 148         |
|    total_timesteps      | 104448      |
| train/                  |             |
|    approx_kl            | 0.016707037 |
|    clip_fraction        | 0.188       |
|    clip_range           | 0.2         |
|    entropy_loss         | -8.59       |
|    explained_variance   | 0.993       |
|    learning_rate        | 0.0003      |
|    loss                 | 0.142       |
|    n_updates            | 500         |
|    policy_gradient_loss | -0.0174     |
|    std                  | 0.822       |
|    value_loss           | 0.687       |
-----------------------------------------
Eval num_timesteps=105000, episode_reward=-91.04 +/- 13.52
Episode length: 196.43 +/- 19.21
Success rate: 3.33%
-----------------------------------------
| eval/                   |             |
|    mean_ep_length       | 196         |
|    mean_reward          | -91         |
|    success_rate         | 0.0333      |
| time/                   |             |
|    total_timesteps      | 105000      |
| train/                  |             |
|    approx_kl            | 0.013403381 |
|    clip_fraction        | 0.141       |
|    clip_range           | 0.2         |
|    entropy_loss         | -8.52       |
|    explained_variance   | 0.988       |
|    learning_rate        | 0.0003      |
|    loss                 | 0.211       |
|    n_updates            | 510         |
|    policy_gradient_loss | -0.00912    |
|    std                  | 0.821       |
|    value_loss           | 0.613       |
-----------------------------------------
---------------------------------
| rollout/           |          |
|    ep_len_mean     | 198      |
|    ep_rew_mean     | -82.1    |
|    success_rate    | 0.03     |
| time/              |          |
|    fps             | 693      |
|    iterations      | 52       |
|    time_elapsed    | 153      |
|    total_timesteps | 106496   |
---------------------------------
-----------------------------------------
| rollout/                |             |
|    ep_len_mean          | 197         |
|    ep_rew_mean          | -80.4       |
|    success_rate         | 0.04        |
| time/                   |             |
|    fps                  | 698         |
|    iterations           | 53          |
|    time_elapsed         | 155         |
|    total_timesteps      | 108544      |
| train/                  |             |
|    approx_kl            | 0.011057807 |
|    clip_fraction        | 0.162       |
|    clip_range           | 0.2         |
|    entropy_loss         | -8.51       |
|    explained_variance   | 0.983       |
|    learning_rate        | 0.0003      |
|    loss                 | 0.212       |
|    n_updates            | 520         |
|    policy_gradient_loss | -0.0113     |
|    std                  | 0.816       |
|    value_loss           | 0.953       |
-----------------------------------------
Eval num_timesteps=110000, episode_reward=-82.41 +/- 13.62
Episode length: 196.07 +/- 21.18
Success rate: 3.33%
----------------------------------------
| eval/                   |            |
|    mean_ep_length       | 196        |
|    mean_reward          | -82.4      |
|    success_rate         | 0.0333     |
| time/                   |            |
|    total_timesteps      | 110000     |
| train/                  |            |
|    approx_kl            | 0.01028396 |
|    clip_fraction        | 0.123      |
|    clip_range           | 0.2        |
|    entropy_loss         | -8.48      |
|    explained_variance   | 0.99       |
|    learning_rate        | 0.0003     |
|    loss                 | 0.194      |
|    n_updates            | 530        |
|    policy_gradient_loss | -0.0104    |
|    std                  | 0.815      |
|    value_loss           | 0.625      |
----------------------------------------
---------------------------------
| rollout/           |          |
|    ep_len_mean     | 196      |
|    ep_rew_mean     | -78.7    |
|    success_rate    | 0.06     |
| time/              |          |
|    fps             | 689      |
|    iterations      | 54       |
|    time_elapsed    | 160      |
|    total_timesteps | 110592   |
---------------------------------
-----------------------------------------
| rollout/                |             |
|    ep_len_mean          | 196         |
|    ep_rew_mean          | -78.1       |
|    success_rate         | 0.06        |
| time/                   |             |
|    fps                  | 693         |
|    iterations           | 55          |
|    time_elapsed         | 162         |
|    total_timesteps      | 112640      |
| train/                  |             |
|    approx_kl            | 0.013487933 |
|    clip_fraction        | 0.162       |
|    clip_range           | 0.2         |
|    entropy_loss         | -8.46       |
|    explained_variance   | 0.989       |
|    learning_rate        | 0.0003      |
|    loss                 | 0.33        |
|    n_updates            | 540         |
|    policy_gradient_loss | -0.0158     |
|    std                  | 0.813       |
|    value_loss           | 0.753       |
-----------------------------------------
-----------------------------------------
| rollout/                |             |
|    ep_len_mean          | 195         |
|    ep_rew_mean          | -77.6       |
|    success_rate         | 0.07        |
| time/                   |             |
|    fps                  | 698         |
|    iterations           | 56          |
|    time_elapsed         | 164         |
|    total_timesteps      | 114688      |
| train/                  |             |
|    approx_kl            | 0.017168071 |
|    clip_fraction        | 0.154       |
|    clip_range           | 0.2         |
|    entropy_loss         | -8.44       |
|    explained_variance   | 0.987       |
|    learning_rate        | 0.0003      |
|    loss                 | 0.295       |
|    n_updates            | 550         |
|    policy_gradient_loss | -0.0122     |
|    std                  | 0.808       |
|    value_loss           | 0.827       |
-----------------------------------------
Eval num_timesteps=115000, episode_reward=-69.00 +/- 22.22
Episode length: 180.07 +/- 40.15
Success rate: 20.00%
-----------------------------------------
| eval/                   |             |
|    mean_ep_length       | 180         |
|    mean_reward          | -69         |
|    success_rate         | 0.2         |
| time/                   |             |
|    total_timesteps      | 115000      |
| train/                  |             |
|    approx_kl            | 0.012336325 |
|    clip_fraction        | 0.134       |
|    clip_range           | 0.2         |
|    entropy_loss         | -8.39       |
|    explained_variance   | 0.981       |
|    learning_rate        | 0.0003      |
|    loss                 | 0.145       |
|    n_updates            | 560         |
|    policy_gradient_loss | -0.00955    |
|    std                  | 0.804       |
|    value_loss           | 0.844       |
-----------------------------------------
New best mean reward!
---------------------------------
| rollout/           |          |
|    ep_len_mean     | 193      |
|    ep_rew_mean     | -75.6    |
|    success_rate    | 0.09     |
| time/              |          |
|    fps             | 691      |
|    iterations      | 57       |
|    time_elapsed    | 168      |
|    total_timesteps | 116736   |
---------------------------------
------------------------------------------
| rollout/                |              |
|    ep_len_mean          | 191          |
|    ep_rew_mean          | -73.9        |
|    success_rate         | 0.11         |
| time/                   |              |
|    fps                  | 696          |
|    iterations           | 58           |
|    time_elapsed         | 170          |
|    total_timesteps      | 118784       |
| train/                  |              |
|    approx_kl            | 0.0119354185 |
|    clip_fraction        | 0.139        |
|    clip_range           | 0.2          |
|    entropy_loss         | -8.37        |
|    explained_variance   | 0.972        |
|    learning_rate        | 0.0003       |
|    loss                 | 0.516        |
|    n_updates            | 570          |
|    policy_gradient_loss | -0.0124      |
|    std                  | 0.803        |
|    value_loss           | 1.62         |
------------------------------------------
Eval num_timesteps=120000, episode_reward=-73.51 +/- 8.70
Episode length: 200.00 +/- 0.00
Success rate: 0.00%
-----------------------------------------
| eval/                   |             |
|    mean_ep_length       | 200         |
|    mean_reward          | -73.5       |
|    success_rate         | 0           |
| time/                   |             |
|    total_timesteps      | 120000      |
| train/                  |             |
|    approx_kl            | 0.012502311 |
|    clip_fraction        | 0.133       |
|    clip_range           | 0.2         |
|    entropy_loss         | -8.36       |
|    explained_variance   | 0.962       |
|    learning_rate        | 0.0003      |
|    loss                 | 0.297       |
|    n_updates            | 580         |
|    policy_gradient_loss | -0.0126     |
|    std                  | 0.802       |
|    value_loss           | 1.55        |
-----------------------------------------
---------------------------------
| rollout/           |          |
|    ep_len_mean     | 189      |
|    ep_rew_mean     | -71.5    |
|    success_rate    | 0.13     |
| time/              |          |
|    fps             | 688      |
|    iterations      | 59       |
|    time_elapsed    | 175      |
|    total_timesteps | 120832   |
---------------------------------
-----------------------------------------
| rollout/                |             |
|    ep_len_mean          | 189         |
|    ep_rew_mean          | -71.4       |
|    success_rate         | 0.13        |
| time/                   |             |
|    fps                  | 692         |
|    iterations           | 60          |
|    time_elapsed         | 177         |
|    total_timesteps      | 122880      |
| train/                  |             |
|    approx_kl            | 0.012483709 |
|    clip_fraction        | 0.139       |
|    clip_range           | 0.2         |
|    entropy_loss         | -8.35       |
|    explained_variance   | 0.954       |
|    learning_rate        | 0.0003      |
|    loss                 | 1.17        |
|    n_updates            | 590         |
|    policy_gradient_loss | -0.00889    |
|    std                  | 0.799       |
|    value_loss           | 2.29        |
-----------------------------------------
---------------------------------------
| rollout/                |           |
|    ep_len_mean          | 184       |
|    ep_rew_mean          | -68.5     |
|    success_rate         | 0.18      |
| time/                   |           |
|    fps                  | 696       |
|    iterations           | 61        |
|    time_elapsed         | 179       |
|    total_timesteps      | 124928    |
| train/                  |           |
|    approx_kl            | 0.0175272 |
|    clip_fraction        | 0.195     |
|    clip_range           | 0.2       |
|    entropy_loss         | -8.31     |
|    explained_variance   | 0.97      |
|    learning_rate        | 0.0003    |
|    loss                 | 0.189     |
|    n_updates            | 600       |
|    policy_gradient_loss | -0.0146   |
|    std                  | 0.795     |
|    value_loss           | 0.778     |
---------------------------------------
Eval num_timesteps=125000, episode_reward=-72.05 +/- 7.30
Episode length: 200.00 +/- 0.00
Success rate: 0.00%
-----------------------------------------
| eval/                   |             |
|    mean_ep_length       | 200         |
|    mean_reward          | -72         |
|    success_rate         | 0           |
| time/                   |             |
|    total_timesteps      | 125000      |
| train/                  |             |
|    approx_kl            | 0.012814162 |
|    clip_fraction        | 0.145       |
|    clip_range           | 0.2         |
|    entropy_loss         | -8.29       |
|    explained_variance   | 0.952       |
|    learning_rate        | 0.0003      |
|    loss                 | 0.882       |
|    n_updates            | 610         |
|    policy_gradient_loss | -0.0122     |
|    std                  | 0.794       |
|    value_loss           | 2.95        |
-----------------------------------------
---------------------------------
| rollout/           |          |
|    ep_len_mean     | 184      |
|    ep_rew_mean     | -67.4    |
|    success_rate    | 0.18     |
| time/              |          |
|    fps             | 689      |
|    iterations      | 62       |
|    time_elapsed    | 184      |
|    total_timesteps | 126976   |
---------------------------------
-----------------------------------------
| rollout/                |             |
|    ep_len_mean          | 184         |
|    ep_rew_mean          | -67         |
|    success_rate         | 0.18        |
| time/                   |             |
|    fps                  | 692         |
|    iterations           | 63          |
|    time_elapsed         | 186         |
|    total_timesteps      | 129024      |
| train/                  |             |
|    approx_kl            | 0.017579557 |
|    clip_fraction        | 0.181       |
|    clip_range           | 0.2         |
|    entropy_loss         | -8.3        |
|    explained_variance   | 0.975       |
|    learning_rate        | 0.0003      |
|    loss                 | 0.81        |
|    n_updates            | 620         |
|    policy_gradient_loss | -0.0146     |
|    std                  | 0.799       |
|    value_loss           | 1.07        |
-----------------------------------------
Eval num_timesteps=130000, episode_reward=-76.15 +/- 8.80
Episode length: 200.00 +/- 0.00
Success rate: 0.00%
---------------------------------------
| eval/                   |           |
|    mean_ep_length       | 200       |
|    mean_reward          | -76.1     |
|    success_rate         | 0         |
| time/                   |           |
|    total_timesteps      | 130000    |
| train/                  |           |
|    approx_kl            | 0.0137766 |
|    clip_fraction        | 0.175     |
|    clip_range           | 0.2       |
|    entropy_loss         | -8.31     |
|    explained_variance   | 0.968     |
|    learning_rate        | 0.0003    |
|    loss                 | 0.3       |
|    n_updates            | 630       |
|    policy_gradient_loss | -0.0106   |
|    std                  | 0.794     |
|    value_loss           | 1.61      |
---------------------------------------
---------------------------------
| rollout/           |          |
|    ep_len_mean     | 183      |
|    ep_rew_mean     | -65.9    |
|    success_rate    | 0.2      |
| time/              |          |
|    fps             | 686      |
|    iterations      | 64       |
|    time_elapsed    | 191      |
|    total_timesteps | 131072   |
---------------------------------
-----------------------------------------
| rollout/                |             |
|    ep_len_mean          | 183         |
|    ep_rew_mean          | -65.1       |
|    success_rate         | 0.2         |
| time/                   |             |
|    fps                  | 690         |
|    iterations           | 65          |
|    time_elapsed         | 192         |
|    total_timesteps      | 133120      |
| train/                  |             |
|    approx_kl            | 0.011843879 |
|    clip_fraction        | 0.162       |
|    clip_range           | 0.2         |
|    entropy_loss         | -8.26       |
|    explained_variance   | 0.982       |
|    learning_rate        | 0.0003      |
|    loss                 | 0.137       |
|    n_updates            | 640         |
|    policy_gradient_loss | -0.0103     |
|    std                  | 0.789       |
|    value_loss           | 1.01        |
-----------------------------------------
Eval num_timesteps=135000, episode_reward=-68.43 +/- 21.00
Episode length: 183.53 +/- 37.78
Success rate: 16.67%
-----------------------------------------
| eval/                   |             |
|    mean_ep_length       | 184         |
|    mean_reward          | -68.4       |
|    success_rate         | 0.167       |
| time/                   |             |
|    total_timesteps      | 135000      |
| train/                  |             |
|    approx_kl            | 0.014328183 |
|    clip_fraction        | 0.164       |
|    clip_range           | 0.2         |
|    entropy_loss         | -8.22       |
|    explained_variance   | 0.972       |
|    learning_rate        | 0.0003      |
|    loss                 | 0.249       |
|    n_updates            | 650         |
|    policy_gradient_loss | -0.0132     |
|    std                  | 0.785       |
|    value_loss           | 1.97        |
-----------------------------------------
New best mean reward!
---------------------------------
| rollout/           |          |
|    ep_len_mean     | 182      |
|    ep_rew_mean     | -64.4    |
|    success_rate    | 0.21     |
| time/              |          |
|    fps             | 683      |
|    iterations      | 66       |
|    time_elapsed    | 197      |
|    total_timesteps | 135168   |
---------------------------------
----------------------------------------
| rollout/                |            |
|    ep_len_mean          | 182        |
|    ep_rew_mean          | -63.9      |
|    success_rate         | 0.22       |
| time/                   |            |
|    fps                  | 687        |
|    iterations           | 67         |
|    time_elapsed         | 199        |
|    total_timesteps      | 137216     |
| train/                  |            |
|    approx_kl            | 0.01411413 |
|    clip_fraction        | 0.189      |
|    clip_range           | 0.2        |
|    entropy_loss         | -8.19      |
|    explained_variance   | 0.962      |
|    learning_rate        | 0.0003     |
|    loss                 | 1.07       |
|    n_updates            | 660        |
|    policy_gradient_loss | -0.0153    |
|    std                  | 0.783      |
|    value_loss           | 2.35       |
----------------------------------------
------------------------------------------
| rollout/                |              |
|    ep_len_mean          | 184          |
|    ep_rew_mean          | -64.3        |
|    success_rate         | 0.2          |
| time/                   |              |
|    fps                  | 691          |
|    iterations           | 68           |
|    time_elapsed         | 201          |
|    total_timesteps      | 139264       |
| train/                  |              |
|    approx_kl            | 0.0115160635 |
|    clip_fraction        | 0.121        |
|    clip_range           | 0.2          |
|    entropy_loss         | -8.18        |
|    explained_variance   | 0.951        |
|    learning_rate        | 0.0003       |
|    loss                 | 0.731        |
|    n_updates            | 670          |
|    policy_gradient_loss | -0.0107      |
|    std                  | 0.781        |
|    value_loss           | 2.88         |
------------------------------------------
Eval num_timesteps=140000, episode_reward=-74.21 +/- 23.76
Episode length: 181.27 +/- 42.05
Success rate: 16.67%
-----------------------------------------
| eval/                   |             |
|    mean_ep_length       | 181         |
|    mean_reward          | -74.2       |
|    success_rate         | 0.167       |
| time/                   |             |
|    total_timesteps      | 140000      |
| train/                  |             |
|    approx_kl            | 0.013657897 |
|    clip_fraction        | 0.173       |
|    clip_range           | 0.2         |
|    entropy_loss         | -8.15       |
|    explained_variance   | 0.972       |
|    learning_rate        | 0.0003      |
|    loss                 | 0.131       |
|    n_updates            | 680         |
|    policy_gradient_loss | -0.00941    |
|    std                  | 0.777       |
|    value_loss           | 1.37        |
-----------------------------------------
---------------------------------
| rollout/           |          |
|    ep_len_mean     | 182      |
|    ep_rew_mean     | -63.4    |
|    success_rate    | 0.22     |
| time/              |          |
|    fps             | 645      |
|    iterations      | 69       |
|    time_elapsed    | 219      |
|    total_timesteps | 141312   |
---------------------------------
-----------------------------------------
| rollout/                |             |
|    ep_len_mean          | 185         |
|    ep_rew_mean          | -65.1       |
|    success_rate         | 0.18        |
| time/                   |             |
|    fps                  | 622         |
|    iterations           | 70          |
|    time_elapsed         | 230         |
|    total_timesteps      | 143360      |
| train/                  |             |
|    approx_kl            | 0.018388303 |
|    clip_fraction        | 0.19        |
|    clip_range           | 0.2         |
|    entropy_loss         | -8.11       |
|    explained_variance   | 0.951       |
|    learning_rate        | 0.0003      |
|    loss                 | 0.943       |
|    n_updates            | 690         |
|    policy_gradient_loss | -0.0117     |
|    std                  | 0.773       |
|    value_loss           | 3.04        |
-----------------------------------------
Eval num_timesteps=145000, episode_reward=-78.57 +/- 18.89
Episode length: 192.83 +/- 26.93
Success rate: 6.67%
-----------------------------------------
| eval/                   |             |
|    mean_ep_length       | 193         |
|    mean_reward          | -78.6       |
|    success_rate         | 0.0667      |
| time/                   |             |
|    total_timesteps      | 145000      |
| train/                  |             |
|    approx_kl            | 0.016948571 |
|    clip_fraction        | 0.188       |
|    clip_range           | 0.2         |
|    entropy_loss         | -8.09       |
|    explained_variance   | 0.982       |
|    learning_rate        | 0.0003      |
|    loss                 | 0.218       |
|    n_updates            | 700         |
|    policy_gradient_loss | -0.0088     |
|    std                  | 0.772       |
|    value_loss           | 1.47        |
-----------------------------------------
---------------------------------
| rollout/           |          |
|    ep_len_mean     | 186      |
|    ep_rew_mean     | -65.7    |
|    success_rate    | 0.17     |
| time/              |          |
|    fps             | 605      |
|    iterations      | 71       |
|    time_elapsed    | 240      |
|    total_timesteps | 145408   |
---------------------------------
-----------------------------------------
| rollout/                |             |
|    ep_len_mean          | 187         |
|    ep_rew_mean          | -67.1       |
|    success_rate         | 0.16        |
| time/                   |             |
|    fps                  | 609         |
|    iterations           | 72          |
|    time_elapsed         | 242         |
|    total_timesteps      | 147456      |
| train/                  |             |
|    approx_kl            | 0.017543372 |
|    clip_fraction        | 0.19        |
|    clip_range           | 0.2         |
|    entropy_loss         | -8.06       |
|    explained_variance   | 0.982       |
|    learning_rate        | 0.0003      |
|    loss                 | 0.134       |
|    n_updates            | 710         |
|    policy_gradient_loss | -0.0103     |
|    std                  | 0.768       |
|    value_loss           | 0.48        |
-----------------------------------------
-----------------------------------------
| rollout/                |             |
|    ep_len_mean          | 185         |
|    ep_rew_mean          | -66.9       |
|    success_rate         | 0.17        |
| time/                   |             |
|    fps                  | 613         |
|    iterations           | 73          |
|    time_elapsed         | 243         |
|    total_timesteps      | 149504      |
| train/                  |             |
|    approx_kl            | 0.014307442 |
|    clip_fraction        | 0.166       |
|    clip_range           | 0.2         |
|    entropy_loss         | -8.01       |
|    explained_variance   | 0.972       |
|    learning_rate        | 0.0003      |
|    loss                 | 0.524       |
|    n_updates            | 720         |
|    policy_gradient_loss | -0.0141     |
|    std                  | 0.761       |
|    value_loss           | 1.05        |
-----------------------------------------
Eval num_timesteps=150000, episode_reward=-74.92 +/- 21.99
Episode length: 188.07 +/- 35.95
Success rate: 10.00%
-----------------------------------------
| eval/                   |             |
|    mean_ep_length       | 188         |
|    mean_reward          | -74.9       |
|    success_rate         | 0.1         |
| time/                   |             |
|    total_timesteps      | 150000      |
| train/                  |             |
|    approx_kl            | 0.014256164 |
|    clip_fraction        | 0.137       |
|    clip_range           | 0.2         |
|    entropy_loss         | -7.98       |
|    explained_variance   | 0.942       |
|    learning_rate        | 0.0003      |
|    loss                 | 1.52        |
|    n_updates            | 730         |
|    policy_gradient_loss | -0.0137     |
|    std                  | 0.762       |
|    value_loss           | 4.16        |
-----------------------------------------
---------------------------------
| rollout/           |          |
|    ep_len_mean     | 186      |
|    ep_rew_mean     | -67.8    |
|    success_rate    | 0.16     |
| time/              |          |
|    fps             | 608      |
|    iterations      | 74       |
|    time_elapsed    | 248      |
|    total_timesteps | 151552   |
---------------------------------
-----------------------------------------
| rollout/                |             |
|    ep_len_mean          | 188         |
|    ep_rew_mean          | -68.6       |
|    success_rate         | 0.14        |
| time/                   |             |
|    fps                  | 611         |
|    iterations           | 75          |
|    time_elapsed         | 251         |
|    total_timesteps      | 153600      |
| train/                  |             |
|    approx_kl            | 0.016804071 |
|    clip_fraction        | 0.223       |
|    clip_range           | 0.2         |
|    entropy_loss         | -7.97       |
|    explained_variance   | 0.988       |
|    learning_rate        | 0.0003      |
|    loss                 | 0.0795      |
|    n_updates            | 740         |
|    policy_gradient_loss | -0.0116     |
|    std                  | 0.758       |
|    value_loss           | 0.383       |
-----------------------------------------
Eval num_timesteps=155000, episode_reward=-80.11 +/- 22.05
Episode length: 191.93 +/- 30.18
Success rate: 6.67%
-----------------------------------------
| eval/                   |             |
|    mean_ep_length       | 192         |
|    mean_reward          | -80.1       |
|    success_rate         | 0.0667      |
| time/                   |             |
|    total_timesteps      | 155000      |
| train/                  |             |
|    approx_kl            | 0.015063587 |
|    clip_fraction        | 0.154       |
|    clip_range           | 0.2         |
|    entropy_loss         | -7.94       |
|    explained_variance   | 0.967       |
|    learning_rate        | 0.0003      |
|    loss                 | 1.94        |
|    n_updates            | 750         |
|    policy_gradient_loss | -0.0128     |
|    std                  | 0.756       |
|    value_loss           | 2.18        |
-----------------------------------------
---------------------------------
| rollout/           |          |
|    ep_len_mean     | 189      |
|    ep_rew_mean     | -70      |
|    success_rate    | 0.12     |
| time/              |          |
|    fps             | 608      |
|    iterations      | 76       |
|    time_elapsed    | 255      |
|    total_timesteps | 155648   |
---------------------------------
-----------------------------------------
| rollout/                |             |
|    ep_len_mean          | 189         |
|    ep_rew_mean          | -70.1       |
|    success_rate         | 0.12        |
| time/                   |             |
|    fps                  | 611         |
|    iterations           | 77          |
|    time_elapsed         | 257         |
|    total_timesteps      | 157696      |
| train/                  |             |
|    approx_kl            | 0.016750906 |
|    clip_fraction        | 0.21        |
|    clip_range           | 0.2         |
|    entropy_loss         | -7.92       |
|    explained_variance   | 0.988       |
|    learning_rate        | 0.0003      |
|    loss                 | 0.138       |
|    n_updates            | 760         |
|    policy_gradient_loss | -0.0182     |
|    std                  | 0.755       |
|    value_loss           | 0.436       |
-----------------------------------------
---------------------------------------
| rollout/                |           |
|    ep_len_mean          | 187       |
|    ep_rew_mean          | -69.3     |
|    success_rate         | 0.13      |
| time/                   |           |
|    fps                  | 615       |
|    iterations           | 78        |
|    time_elapsed         | 259       |
|    total_timesteps      | 159744    |
| train/                  |           |
|    approx_kl            | 0.0132377 |
|    clip_fraction        | 0.174     |
|    clip_range           | 0.2       |
|    entropy_loss         | -7.91     |
|    explained_variance   | 0.987     |
|    learning_rate        | 0.0003    |
|    loss                 | 0.79      |
|    n_updates            | 770       |
|    policy_gradient_loss | -0.0102   |
|    std                  | 0.753     |
|    value_loss           | 1.46      |
---------------------------------------
Eval num_timesteps=160000, episode_reward=-63.21 +/- 24.69
Episode length: 172.20 +/- 50.66
Success rate: 23.33%
-----------------------------------------
| eval/                   |             |
|    mean_ep_length       | 172         |
|    mean_reward          | -63.2       |
|    success_rate         | 0.233       |
| time/                   |             |
|    total_timesteps      | 160000      |
| train/                  |             |
|    approx_kl            | 0.016303536 |
|    clip_fraction        | 0.183       |
|    clip_range           | 0.2         |
|    entropy_loss         | -7.88       |
|    explained_variance   | 0.973       |
|    learning_rate        | 0.0003      |
|    loss                 | 1.5         |
|    n_updates            | 780         |
|    policy_gradient_loss | -0.0122     |
|    std                  | 0.751       |
|    value_loss           | 2.55        |
-----------------------------------------
New best mean reward!
---------------------------------
| rollout/           |          |
|    ep_len_mean     | 186      |
|    ep_rew_mean     | -68      |
|    success_rate    | 0.14     |
| time/              |          |
|    fps             | 611      |
|    iterations      | 79       |
|    time_elapsed    | 264      |
|    total_timesteps | 161792   |
---------------------------------
-----------------------------------------
| rollout/                |             |
|    ep_len_mean          | 186         |
|    ep_rew_mean          | -67.9       |
|    success_rate         | 0.14        |
| time/                   |             |
|    fps                  | 615         |
|    iterations           | 80          |
|    time_elapsed         | 266         |
|    total_timesteps      | 163840      |
| train/                  |             |
|    approx_kl            | 0.016512701 |
|    clip_fraction        | 0.191       |
|    clip_range           | 0.2         |
|    entropy_loss         | -7.87       |
|    explained_variance   | 0.986       |
|    learning_rate        | 0.0003      |
|    loss                 | 0.221       |
|    n_updates            | 790         |
|    policy_gradient_loss | -0.0157     |
|    std                  | 0.751       |
|    value_loss           | 1.8         |
-----------------------------------------
Eval num_timesteps=165000, episode_reward=-56.56 +/- 20.98
Episode length: 168.23 +/- 52.87
Success rate: 26.67%
-----------------------------------------
| eval/                   |             |
|    mean_ep_length       | 168         |
|    mean_reward          | -56.6       |
|    success_rate         | 0.267       |
| time/                   |             |
|    total_timesteps      | 165000      |
| train/                  |             |
|    approx_kl            | 0.019292407 |
|    clip_fraction        | 0.225       |
|    clip_range           | 0.2         |
|    entropy_loss         | -7.84       |
|    explained_variance   | 0.993       |
|    learning_rate        | 0.0003      |
|    loss                 | 0.0306      |
|    n_updates            | 800         |
|    policy_gradient_loss | -0.0125     |
|    std                  | 0.745       |
|    value_loss           | 0.316       |
-----------------------------------------
New best mean reward!
---------------------------------
| rollout/           |          |
|    ep_len_mean     | 186      |
|    ep_rew_mean     | -67      |
|    success_rate    | 0.13     |
| time/              |          |
|    fps             | 612      |
|    iterations      | 81       |
|    time_elapsed    | 270      |
|    total_timesteps | 165888   |
---------------------------------
----------------------------------------
| rollout/                |            |
|    ep_len_mean          | 187        |
|    ep_rew_mean          | -66.3      |
|    success_rate         | 0.12       |
| time/                   |            |
|    fps                  | 615        |
|    iterations           | 82         |
|    time_elapsed         | 272        |
|    total_timesteps      | 167936     |
| train/                  |            |
|    approx_kl            | 0.01551669 |
|    clip_fraction        | 0.245      |
|    clip_range           | 0.2        |
|    entropy_loss         | -7.79      |
|    explained_variance   | 0.996      |
|    learning_rate        | 0.0003     |
|    loss                 | 0.0498     |
|    n_updates            | 810        |
|    policy_gradient_loss | -0.015     |
|    std                  | 0.74       |
|    value_loss           | 0.242      |
----------------------------------------
-----------------------------------------
| rollout/                |             |
|    ep_len_mean          | 187         |
|    ep_rew_mean          | -66.4       |
|    success_rate         | 0.12        |
| time/                   |             |
|    fps                  | 618         |
|    iterations           | 83          |
|    time_elapsed         | 274         |
|    total_timesteps      | 169984      |
| train/                  |             |
|    approx_kl            | 0.015006129 |
|    clip_fraction        | 0.215       |
|    clip_range           | 0.2         |
|    entropy_loss         | -7.75       |
|    explained_variance   | 0.99        |
|    learning_rate        | 0.0003      |
|    loss                 | 0.0729      |
|    n_updates            | 820         |
|    policy_gradient_loss | -0.0154     |
|    std                  | 0.734       |
|    value_loss           | 1.04        |
-----------------------------------------
Eval num_timesteps=170000, episode_reward=-54.20 +/- 21.11
Episode length: 160.33 +/- 56.37
Success rate: 33.33%
-----------------------------------------
| eval/                   |             |
|    mean_ep_length       | 160         |
|    mean_reward          | -54.2       |
|    success_rate         | 0.333       |
| time/                   |             |
|    total_timesteps      | 170000      |
| train/                  |             |
|    approx_kl            | 0.013191186 |
|    clip_fraction        | 0.168       |
|    clip_range           | 0.2         |
|    entropy_loss         | -7.7        |
|    explained_variance   | 0.989       |
|    learning_rate        | 0.0003      |
|    loss                 | 0.118       |
|    n_updates            | 830         |
|    policy_gradient_loss | -0.0143     |
|    std                  | 0.731       |
|    value_loss           | 1.52        |
-----------------------------------------
New best mean reward!
---------------------------------
| rollout/           |          |
|    ep_len_mean     | 187      |
|    ep_rew_mean     | -65.8    |
|    success_rate    | 0.12     |
| time/              |          |
|    fps             | 615      |
|    iterations      | 84       |
|    time_elapsed    | 279      |
|    total_timesteps | 172032   |
---------------------------------
----------------------------------------
| rollout/                |            |
|    ep_len_mean          | 187        |
|    ep_rew_mean          | -64.8      |
|    success_rate         | 0.12       |
| time/                   |            |
|    fps                  | 618        |
|    iterations           | 85         |
|    time_elapsed         | 281        |
|    total_timesteps      | 174080     |
| train/                  |            |
|    approx_kl            | 0.01979971 |
|    clip_fraction        | 0.204      |
|    clip_range           | 0.2        |
|    entropy_loss         | -7.7       |
|    explained_variance   | 0.992      |
|    learning_rate        | 0.0003     |
|    loss                 | 0.435      |
|    n_updates            | 840        |
|    policy_gradient_loss | -0.0141    |
|    std                  | 0.732      |
|    value_loss           | 0.67       |
----------------------------------------
Eval num_timesteps=175000, episode_reward=-57.41 +/- 20.99
Episode length: 164.73 +/- 53.11
Success rate: 33.33%
----------------------------------------
| eval/                   |            |
|    mean_ep_length       | 165        |
|    mean_reward          | -57.4      |
|    success_rate         | 0.333      |
| time/                   |            |
|    total_timesteps      | 175000     |
| train/                  |            |
|    approx_kl            | 0.01495751 |
|    clip_fraction        | 0.186      |
|    clip_range           | 0.2        |
|    entropy_loss         | -7.69      |
|    explained_variance   | 0.989      |
|    learning_rate        | 0.0003     |
|    loss                 | 0.944      |
|    n_updates            | 850        |
|    policy_gradient_loss | -0.0123    |
|    std                  | 0.729      |
|    value_loss           | 0.892      |
----------------------------------------
---------------------------------
| rollout/           |          |
|    ep_len_mean     | 187      |
|    ep_rew_mean     | -64.6    |
|    success_rate    | 0.12     |
| time/              |          |
|    fps             | 615      |
|    iterations      | 86       |
|    time_elapsed    | 286      |
|    total_timesteps | 176128   |
---------------------------------
-----------------------------------------
| rollout/                |             |
|    ep_len_mean          | 186         |
|    ep_rew_mean          | -63.6       |
|    success_rate         | 0.13        |
| time/                   |             |
|    fps                  | 618         |
|    iterations           | 87          |
|    time_elapsed         | 288         |
|    total_timesteps      | 178176      |
| train/                  |             |
|    approx_kl            | 0.017393865 |
|    clip_fraction        | 0.193       |
|    clip_range           | 0.2         |
|    entropy_loss         | -7.66       |
|    explained_variance   | 0.989       |
|    learning_rate        | 0.0003      |
|    loss                 | 0.0648      |
|    n_updates            | 860         |
|    policy_gradient_loss | -0.0105     |
|    std                  | 0.726       |
|    value_loss           | 0.65        |
-----------------------------------------
Eval num_timesteps=180000, episode_reward=-64.64 +/- 12.04
Episode length: 188.80 +/- 33.61
Success rate: 10.00%
-----------------------------------------
| eval/                   |             |
|    mean_ep_length       | 189         |
|    mean_reward          | -64.6       |
|    success_rate         | 0.1         |
| time/                   |             |
|    total_timesteps      | 180000      |
| train/                  |             |
|    approx_kl            | 0.014313303 |
|    clip_fraction        | 0.181       |
|    clip_range           | 0.2         |
|    entropy_loss         | -7.63       |
|    explained_variance   | 0.987       |
|    learning_rate        | 0.0003      |
|    loss                 | 0.8         |
|    n_updates            | 870         |
|    policy_gradient_loss | -0.0106     |
|    std                  | 0.722       |
|    value_loss           | 1.16        |
-----------------------------------------
---------------------------------
| rollout/           |          |
|    ep_len_mean     | 187      |
|    ep_rew_mean     | -63.6    |
|    success_rate    | 0.13     |
| time/              |          |
|    fps             | 614      |
|    iterations      | 88       |
|    time_elapsed    | 293      |
|    total_timesteps | 180224   |
---------------------------------
-----------------------------------------
| rollout/                |             |
|    ep_len_mean          | 186         |
|    ep_rew_mean          | -63.2       |
|    success_rate         | 0.14        |
| time/                   |             |
|    fps                  | 617         |
|    iterations           | 89          |
|    time_elapsed         | 295         |
|    total_timesteps      | 182272      |
| train/                  |             |
|    approx_kl            | 0.012425838 |
|    clip_fraction        | 0.166       |
|    clip_range           | 0.2         |
|    entropy_loss         | -7.58       |
|    explained_variance   | 0.982       |
|    learning_rate        | 0.0003      |
|    loss                 | 0.736       |
|    n_updates            | 880         |
|    policy_gradient_loss | -0.00772    |
|    std                  | 0.718       |
|    value_loss           | 1.74        |
-----------------------------------------
----------------------------------------
| rollout/                |            |
|    ep_len_mean          | 185        |
|    ep_rew_mean          | -62.4      |
|    success_rate         | 0.15       |
| time/                   |            |
|    fps                  | 620        |
|    iterations           | 90         |
|    time_elapsed         | 296        |
|    total_timesteps      | 184320     |
| train/                  |            |
|    approx_kl            | 0.02102833 |
|    clip_fraction        | 0.187      |
|    clip_range           | 0.2        |
|    entropy_loss         | -7.55      |
|    explained_variance   | 0.994      |
|    learning_rate        | 0.0003     |
|    loss                 | 0.137      |
|    n_updates            | 890        |
|    policy_gradient_loss | -0.0113    |
|    std                  | 0.716      |
|    value_loss           | 0.624      |
----------------------------------------
Eval num_timesteps=185000, episode_reward=-68.33 +/- 9.99
Episode length: 196.63 +/- 18.13
Success rate: 3.33%
-----------------------------------------
| eval/                   |             |
|    mean_ep_length       | 197         |
|    mean_reward          | -68.3       |
|    success_rate         | 0.0333      |
| time/                   |             |
|    total_timesteps      | 185000      |
| train/                  |             |
|    approx_kl            | 0.012938616 |
|    clip_fraction        | 0.198       |
|    clip_range           | 0.2         |
|    entropy_loss         | -7.53       |
|    explained_variance   | 0.995       |
|    learning_rate        | 0.0003      |
|    loss                 | 0.149       |
|    n_updates            | 900         |
|    policy_gradient_loss | -0.00757    |
|    std                  | 0.712       |
|    value_loss           | 0.783       |
-----------------------------------------
---------------------------------
| rollout/           |          |
|    ep_len_mean     | 184      |
|    ep_rew_mean     | -62.2    |
|    success_rate    | 0.16     |
| time/              |          |
|    fps             | 617      |
|    iterations      | 91       |
|    time_elapsed    | 301      |
|    total_timesteps | 186368   |
---------------------------------
-----------------------------------------
| rollout/                |             |
|    ep_len_mean          | 183         |
|    ep_rew_mean          | -60.8       |
|    success_rate         | 0.17        |
| time/                   |             |
|    fps                  | 619         |
|    iterations           | 92          |
|    time_elapsed         | 303         |
|    total_timesteps      | 188416      |
| train/                  |             |
|    approx_kl            | 0.018528111 |
|    clip_fraction        | 0.234       |
|    clip_range           | 0.2         |
|    entropy_loss         | -7.47       |
|    explained_variance   | 0.995       |
|    learning_rate        | 0.0003      |
|    loss                 | 0.263       |
|    n_updates            | 910         |
|    policy_gradient_loss | -0.0126     |
|    std                  | 0.706       |
|    value_loss           | 0.541       |
-----------------------------------------
Eval num_timesteps=190000, episode_reward=-58.15 +/- 16.94
Episode length: 169.77 +/- 50.17
Success rate: 26.67%
-----------------------------------------
| eval/                   |             |
|    mean_ep_length       | 170         |
|    mean_reward          | -58.1       |
|    success_rate         | 0.267       |
| time/                   |             |
|    total_timesteps      | 190000      |
| train/                  |             |
|    approx_kl            | 0.014518276 |
|    clip_fraction        | 0.188       |
|    clip_range           | 0.2         |
|    entropy_loss         | -7.45       |
|    explained_variance   | 0.993       |
|    learning_rate        | 0.0003      |
|    loss                 | 0.19        |
|    n_updates            | 920         |
|    policy_gradient_loss | -0.0123     |
|    std                  | 0.705       |
|    value_loss           | 0.881       |
-----------------------------------------
---------------------------------
| rollout/           |          |
|    ep_len_mean     | 183      |
|    ep_rew_mean     | -60.9    |
|    success_rate    | 0.17     |
| time/              |          |
|    fps             | 616      |
|    iterations      | 93       |
|    time_elapsed    | 308      |
|    total_timesteps | 190464   |
---------------------------------
-----------------------------------------
| rollout/                |             |
|    ep_len_mean          | 178         |
|    ep_rew_mean          | -58.6       |
|    success_rate         | 0.21        |
| time/                   |             |
|    fps                  | 619         |
|    iterations           | 94          |
|    time_elapsed         | 310         |
|    total_timesteps      | 192512      |
| train/                  |             |
|    approx_kl            | 0.017331952 |
|    clip_fraction        | 0.192       |
|    clip_range           | 0.2         |
|    entropy_loss         | -7.42       |
|    explained_variance   | 0.993       |
|    learning_rate        | 0.0003      |
|    loss                 | 0.0695      |
|    n_updates            | 930         |
|    policy_gradient_loss | -0.0125     |
|    std                  | 0.701       |
|    value_loss           | 0.493       |
-----------------------------------------
-----------------------------------------
| rollout/                |             |
|    ep_len_mean          | 176         |
|    ep_rew_mean          | -57.7       |
|    success_rate         | 0.23        |
| time/                   |             |
|    fps                  | 621         |
|    iterations           | 95          |
|    time_elapsed         | 312         |
|    total_timesteps      | 194560      |
| train/                  |             |
|    approx_kl            | 0.016584225 |
|    clip_fraction        | 0.154       |
|    clip_range           | 0.2         |
|    entropy_loss         | -7.38       |
|    explained_variance   | 0.984       |
|    learning_rate        | 0.0003      |
|    loss                 | 0.91        |
|    n_updates            | 940         |
|    policy_gradient_loss | -0.00955    |
|    std                  | 0.697       |
|    value_loss           | 1.72        |
-----------------------------------------
Eval num_timesteps=195000, episode_reward=-65.21 +/- 14.71
Episode length: 186.50 +/- 40.51
Success rate: 10.00%
-----------------------------------------
| eval/                   |             |
|    mean_ep_length       | 186         |
|    mean_reward          | -65.2       |
|    success_rate         | 0.1         |
| time/                   |             |
|    total_timesteps      | 195000      |
| train/                  |             |
|    approx_kl            | 0.018486694 |
|    clip_fraction        | 0.217       |
|    clip_range           | 0.2         |
|    entropy_loss         | -7.35       |
|    explained_variance   | 0.989       |
|    learning_rate        | 0.0003      |
|    loss                 | 0.222       |
|    n_updates            | 950         |
|    policy_gradient_loss | -0.0122     |
|    std                  | 0.695       |
|    value_loss           | 1.03        |
-----------------------------------------
---------------------------------
| rollout/           |          |
|    ep_len_mean     | 175      |
|    ep_rew_mean     | -57.4    |
|    success_rate    | 0.23     |
| time/              |          |
|    fps             | 618      |
|    iterations      | 96       |
|    time_elapsed    | 317      |
|    total_timesteps | 196608   |
---------------------------------
-----------------------------------------
| rollout/                |             |
|    ep_len_mean          | 177         |
|    ep_rew_mean          | -58         |
|    success_rate         | 0.21        |
| time/                   |             |
|    fps                  | 621         |
|    iterations           | 97          |
|    time_elapsed         | 319         |
|    total_timesteps      | 198656      |
| train/                  |             |
|    approx_kl            | 0.011533731 |
|    clip_fraction        | 0.179       |
|    clip_range           | 0.2         |
|    entropy_loss         | -7.35       |
|    explained_variance   | 0.985       |
|    learning_rate        | 0.0003      |
|    loss                 | 0.099       |
|    n_updates            | 960         |
|    policy_gradient_loss | -0.00521    |
|    std                  | 0.698       |
|    value_loss           | 0.616       |
-----------------------------------------
Eval num_timesteps=200000, episode_reward=-49.57 +/- 21.91
Episode length: 148.50 +/- 59.33
Success rate: 43.33%
-----------------------------------------
| eval/                   |             |
|    mean_ep_length       | 148         |
|    mean_reward          | -49.6       |
|    success_rate         | 0.433       |
| time/                   |             |
|    total_timesteps      | 200000      |
| train/                  |             |
|    approx_kl            | 0.013577404 |
|    clip_fraction        | 0.192       |
|    clip_range           | 0.2         |
|    entropy_loss         | -7.36       |
|    explained_variance   | 0.992       |
|    learning_rate        | 0.0003      |
|    loss                 | 0.179       |
|    n_updates            | 970         |
|    policy_gradient_loss | -0.0119     |
|    std                  | 0.697       |
|    value_loss           | 0.817       |
-----------------------------------------
New best mean reward!
---------------------------------
| rollout/           |          |
|    ep_len_mean     | 175      |
|    ep_rew_mean     | -57.6    |
|    success_rate    | 0.23     |
| time/              |          |
|    fps             | 617      |
|    iterations      | 98       |
|    time_elapsed    | 325      |
|    total_timesteps | 200704   |
---------------------------------
-----------------------------------------
| rollout/                |             |
|    ep_len_mean          | 174         |
|    ep_rew_mean          | -57.2       |
|    success_rate         | 0.25        |
| time/                   |             |
|    fps                  | 617         |
|    iterations           | 99          |
|    time_elapsed         | 328         |
|    total_timesteps      | 202752      |
| train/                  |             |
|    approx_kl            | 0.014790994 |
|    clip_fraction        | 0.161       |
|    clip_range           | 0.2         |
|    entropy_loss         | -7.33       |
|    explained_variance   | 0.992       |
|    learning_rate        | 0.0003      |
|    loss                 | 0.952       |
|    n_updates            | 980         |
|    policy_gradient_loss | -0.00984    |
|    std                  | 0.694       |
|    value_loss           | 1           |
-----------------------------------------
-----------------------------------------
| rollout/                |             |
|    ep_len_mean          | 174         |
|    ep_rew_mean          | -56.9       |
|    success_rate         | 0.25        |
| time/                   |             |
|    fps                  | 619         |
|    iterations           | 100         |
|    time_elapsed         | 330         |
|    total_timesteps      | 204800      |
| train/                  |             |
|    approx_kl            | 0.014788113 |
|    clip_fraction        | 0.189       |
|    clip_range           | 0.2         |
|    entropy_loss         | -7.3        |
|    explained_variance   | 0.975       |
|    learning_rate        | 0.0003      |
|    loss                 | 0.498       |
|    n_updates            | 990         |
|    policy_gradient_loss | -0.00906    |
|    std                  | 0.69        |
|    value_loss           | 2.48        |
-----------------------------------------
Eval num_timesteps=205000, episode_reward=-47.50 +/- 22.41
Episode length: 143.67 +/- 56.68
Success rate: 50.00%
-----------------------------------------
| eval/                   |             |
|    mean_ep_length       | 144         |
|    mean_reward          | -47.5       |
|    success_rate         | 0.5         |
| time/                   |             |
|    total_timesteps      | 205000      |
| train/                  |             |
|    approx_kl            | 0.016872015 |
|    clip_fraction        | 0.191       |
|    clip_range           | 0.2         |
|    entropy_loss         | -7.26       |
|    explained_variance   | 0.977       |
|    learning_rate        | 0.0003      |
|    loss                 | 0.148       |
|    n_updates            | 1000        |
|    policy_gradient_loss | -0.01       |
|    std                  | 0.688       |
|    value_loss           | 1.05        |
-----------------------------------------
New best mean reward!
---------------------------------
| rollout/           |          |
|    ep_len_mean     | 172      |
|    ep_rew_mean     | -56.2    |
|    success_rate    | 0.26     |
| time/              |          |
|    fps             | 617      |
|    iterations      | 101      |
|    time_elapsed    | 335      |
|    total_timesteps | 206848   |
---------------------------------
-----------------------------------------
| rollout/                |             |
|    ep_len_mean          | 173         |
|    ep_rew_mean          | -56.1       |
|    success_rate         | 0.26        |
| time/                   |             |
|    fps                  | 619         |
|    iterations           | 102         |
|    time_elapsed         | 337         |
|    total_timesteps      | 208896      |
| train/                  |             |
|    approx_kl            | 0.017989982 |
|    clip_fraction        | 0.187       |
|    clip_range           | 0.2         |
|    entropy_loss         | -7.27       |
|    explained_variance   | 0.98        |
|    learning_rate        | 0.0003      |
|    loss                 | 0.353       |
|    n_updates            | 1010        |
|    policy_gradient_loss | -0.0124     |
|    std                  | 0.689       |
|    value_loss           | 1.39        |
-----------------------------------------
Eval num_timesteps=210000, episode_reward=-55.78 +/- 22.75
Episode length: 160.77 +/- 55.73
Success rate: 33.33%
-----------------------------------------
| eval/                   |             |
|    mean_ep_length       | 161         |
|    mean_reward          | -55.8       |
|    success_rate         | 0.333       |
| time/                   |             |
|    total_timesteps      | 210000      |
| train/                  |             |
|    approx_kl            | 0.016552197 |
|    clip_fraction        | 0.186       |
|    clip_range           | 0.2         |
|    entropy_loss         | -7.24       |
|    explained_variance   | 0.974       |
|    learning_rate        | 0.0003      |
|    loss                 | 0.198       |
|    n_updates            | 1020        |
|    policy_gradient_loss | -0.00812    |
|    std                  | 0.686       |
|    value_loss           | 0.983       |
-----------------------------------------
---------------------------------
| rollout/           |          |
|    ep_len_mean     | 177      |
|    ep_rew_mean     | -57.9    |
|    success_rate    | 0.22     |
| time/              |          |
|    fps             | 616      |
|    iterations      | 103      |
|    time_elapsed    | 342      |
|    total_timesteps | 210944   |
---------------------------------
-----------------------------------------
| rollout/                |             |
|    ep_len_mean          | 175         |
|    ep_rew_mean          | -57.5       |
|    success_rate         | 0.24        |
| time/                   |             |
|    fps                  | 619         |
|    iterations           | 104         |
|    time_elapsed         | 344         |
|    total_timesteps      | 212992      |
| train/                  |             |
|    approx_kl            | 0.022281248 |
|    clip_fraction        | 0.251       |
|    clip_range           | 0.2         |
|    entropy_loss         | -7.22       |
|    explained_variance   | 0.992       |
|    learning_rate        | 0.0003      |
|    loss                 | 0.0473      |
|    n_updates            | 1030        |
|    policy_gradient_loss | -0.0145     |
|    std                  | 0.684       |
|    value_loss           | 0.296       |
-----------------------------------------
Eval num_timesteps=215000, episode_reward=-41.52 +/- 22.82
Episode length: 129.53 +/- 57.72
Success rate: 60.00%
-----------------------------------------
| eval/                   |             |
|    mean_ep_length       | 130         |
|    mean_reward          | -41.5       |
|    success_rate         | 0.6         |
| time/                   |             |
|    total_timesteps      | 215000      |
| train/                  |             |
|    approx_kl            | 0.013144453 |
|    clip_fraction        | 0.161       |
|    clip_range           | 0.2         |
|    entropy_loss         | -7.21       |
|    explained_variance   | 0.96        |
|    learning_rate        | 0.0003      |
|    loss                 | 0.617       |
|    n_updates            | 1040        |
|    policy_gradient_loss | -0.00966    |
|    std                  | 0.681       |
|    value_loss           | 1.9         |
-----------------------------------------
New best mean reward!
---------------------------------
| rollout/           |          |
|    ep_len_mean     | 174      |
|    ep_rew_mean     | -56.9    |
|    success_rate    | 0.25     |
| time/              |          |
|    fps             | 617      |
|    iterations      | 105      |
|    time_elapsed    | 348      |
|    total_timesteps | 215040   |
---------------------------------
-----------------------------------------
| rollout/                |             |
|    ep_len_mean          | 168         |
|    ep_rew_mean          | -54.2       |
|    success_rate         | 0.3         |
| time/                   |             |
|    fps                  | 619         |
|    iterations           | 106         |
|    time_elapsed         | 350         |
|    total_timesteps      | 217088      |
| train/                  |             |
|    approx_kl            | 0.014912944 |
|    clip_fraction        | 0.17        |
|    clip_range           | 0.2         |
|    entropy_loss         | -7.19       |
|    explained_variance   | 0.973       |
|    learning_rate        | 0.0003      |
|    loss                 | 1.23        |
|    n_updates            | 1050        |
|    policy_gradient_loss | -0.0154     |
|    std                  | 0.683       |
|    value_loss           | 1.97        |
-----------------------------------------
-----------------------------------------
| rollout/                |             |
|    ep_len_mean          | 164         |
|    ep_rew_mean          | -53         |
|    success_rate         | 0.32        |
| time/                   |             |
|    fps                  | 621         |
|    iterations           | 107         |
|    time_elapsed         | 352         |
|    total_timesteps      | 219136      |
| train/                  |             |
|    approx_kl            | 0.014500577 |
|    clip_fraction        | 0.145       |
|    clip_range           | 0.2         |
|    entropy_loss         | -7.18       |
|    explained_variance   | 0.967       |
|    learning_rate        | 0.0003      |
|    loss                 | 2.37        |
|    n_updates            | 1060        |
|    policy_gradient_loss | -0.0086     |
|    std                  | 0.679       |
|    value_loss           | 2.56        |
-----------------------------------------
Eval num_timesteps=220000, episode_reward=-49.22 +/- 24.02
Episode length: 146.83 +/- 60.94
Success rate: 43.33%
-----------------------------------------
| eval/                   |             |
|    mean_ep_length       | 147         |
|    mean_reward          | -49.2       |
|    success_rate         | 0.433       |
| time/                   |             |
|    total_timesteps      | 220000      |
| train/                  |             |
|    approx_kl            | 0.017033216 |
|    clip_fraction        | 0.191       |
|    clip_range           | 0.2         |
|    entropy_loss         | -7.15       |
|    explained_variance   | 0.976       |
|    learning_rate        | 0.0003      |
|    loss                 | 0.25        |
|    n_updates            | 1070        |
|    policy_gradient_loss | -0.0122     |
|    std                  | 0.677       |
|    value_loss           | 1.85        |
-----------------------------------------
---------------------------------
| rollout/           |          |
|    ep_len_mean     | 164      |
|    ep_rew_mean     | -52.9    |
|    success_rate    | 0.33     |
| time/              |          |
|    fps             | 619      |
|    iterations      | 108      |
|    time_elapsed    | 357      |
|    total_timesteps | 221184   |
---------------------------------
-----------------------------------------
| rollout/                |             |
|    ep_len_mean          | 164         |
|    ep_rew_mean          | -53.2       |
|    success_rate         | 0.33        |
| time/                   |             |
|    fps                  | 621         |
|    iterations           | 109         |
|    time_elapsed         | 359         |
|    total_timesteps      | 223232      |
| train/                  |             |
|    approx_kl            | 0.015815808 |
|    clip_fraction        | 0.18        |
|    clip_range           | 0.2         |
|    entropy_loss         | -7.14       |
|    explained_variance   | 0.968       |
|    learning_rate        | 0.0003      |
|    loss                 | 0.168       |
|    n_updates            | 1080        |
|    policy_gradient_loss | -0.00799    |
|    std                  | 0.677       |
|    value_loss           | 1.39        |
-----------------------------------------
Eval num_timesteps=225000, episode_reward=-50.32 +/- 23.76
Episode length: 151.80 +/- 59.09
Success rate: 40.00%
-----------------------------------------
| eval/                   |             |
|    mean_ep_length       | 152         |
|    mean_reward          | -50.3       |
|    success_rate         | 0.4         |
| time/                   |             |
|    total_timesteps      | 225000      |
| train/                  |             |
|    approx_kl            | 0.014773715 |
|    clip_fraction        | 0.179       |
|    clip_range           | 0.2         |
|    entropy_loss         | -7.14       |
|    explained_variance   | 0.978       |
|    learning_rate        | 0.0003      |
|    loss                 | 2.38        |
|    n_updates            | 1090        |
|    policy_gradient_loss | -0.00776    |
|    std                  | 0.676       |
|    value_loss           | 1.32        |
-----------------------------------------
---------------------------------
| rollout/           |          |
|    ep_len_mean     | 163      |
|    ep_rew_mean     | -52.1    |
|    success_rate    | 0.34     |
| time/              |          |
|    fps             | 619      |
|    iterations      | 110      |
|    time_elapsed    | 363      |
|    total_timesteps | 225280   |
---------------------------------
-----------------------------------------
| rollout/                |             |
|    ep_len_mean          | 157         |
|    ep_rew_mean          | -49.3       |
|    success_rate         | 0.39        |
| time/                   |             |
|    fps                  | 621         |
|    iterations           | 111         |
|    time_elapsed         | 365         |
|    total_timesteps      | 227328      |
| train/                  |             |
|    approx_kl            | 0.016837854 |
|    clip_fraction        | 0.202       |
|    clip_range           | 0.2         |
|    entropy_loss         | -7.09       |
|    explained_variance   | 0.972       |
|    learning_rate        | 0.0003      |
|    loss                 | 1.4         |
|    n_updates            | 1100        |
|    policy_gradient_loss | -0.0108     |
|    std                  | 0.668       |
|    value_loss           | 1.53        |
-----------------------------------------
-----------------------------------------
| rollout/                |             |
|    ep_len_mean          | 154         |
|    ep_rew_mean          | -48.2       |
|    success_rate         | 0.42        |
| time/                   |             |
|    fps                  | 623         |
|    iterations           | 112         |
|    time_elapsed         | 367         |
|    total_timesteps      | 229376      |
| train/                  |             |
|    approx_kl            | 0.013707472 |
|    clip_fraction        | 0.177       |
|    clip_range           | 0.2         |
|    entropy_loss         | -7.04       |
|    explained_variance   | 0.956       |
|    learning_rate        | 0.0003      |
|    loss                 | 1.77        |
|    n_updates            | 1110        |
|    policy_gradient_loss | -0.00884    |
|    std                  | 0.665       |
|    value_loss           | 2.98        |
-----------------------------------------
Eval num_timesteps=230000, episode_reward=-66.56 +/- 11.81
Episode length: 192.73 +/- 27.19
Success rate: 6.67%
----------------------------------------
| eval/                   |            |
|    mean_ep_length       | 193        |
|    mean_reward          | -66.6      |
|    success_rate         | 0.0667     |
| time/                   |            |
|    total_timesteps      | 230000     |
| train/                  |            |
|    approx_kl            | 0.01420058 |
|    clip_fraction        | 0.173      |
|    clip_range           | 0.2        |
|    entropy_loss         | -7.01      |
|    explained_variance   | 0.945      |
|    learning_rate        | 0.0003     |
|    loss                 | 0.746      |
|    n_updates            | 1120       |
|    policy_gradient_loss | -0.01      |
|    std                  | 0.663      |
|    value_loss           | 2.97       |
----------------------------------------
---------------------------------
| rollout/           |          |
|    ep_len_mean     | 154      |
|    ep_rew_mean     | -47.8    |
|    success_rate    | 0.42     |
| time/              |          |
|    fps             | 620      |
|    iterations      | 113      |
|    time_elapsed    | 373      |
|    total_timesteps | 231424   |
---------------------------------
-----------------------------------------
| rollout/                |             |
|    ep_len_mean          | 156         |
|    ep_rew_mean          | -48.7       |
|    success_rate         | 0.4         |
| time/                   |             |
|    fps                  | 622         |
|    iterations           | 114         |
|    time_elapsed         | 375         |
|    total_timesteps      | 233472      |
| train/                  |             |
|    approx_kl            | 0.015856832 |
|    clip_fraction        | 0.187       |
|    clip_range           | 0.2         |
|    entropy_loss         | -7.01       |
|    explained_variance   | 0.958       |
|    learning_rate        | 0.0003      |
|    loss                 | 1.14        |
|    n_updates            | 1130        |
|    policy_gradient_loss | -0.00921    |
|    std                  | 0.665       |
|    value_loss           | 2.09        |
-----------------------------------------
Eval num_timesteps=235000, episode_reward=-57.60 +/- 20.07
Episode length: 167.23 +/- 50.12
Success rate: 30.00%
-----------------------------------------
| eval/                   |             |
|    mean_ep_length       | 167         |
|    mean_reward          | -57.6       |
|    success_rate         | 0.3         |
| time/                   |             |
|    total_timesteps      | 235000      |
| train/                  |             |
|    approx_kl            | 0.017100256 |
|    clip_fraction        | 0.196       |
|    clip_range           | 0.2         |
|    entropy_loss         | -6.99       |
|    explained_variance   | 0.944       |
|    learning_rate        | 0.0003      |
|    loss                 | 0.71        |
|    n_updates            | 1140        |
|    policy_gradient_loss | -0.00936    |
|    std                  | 0.658       |
|    value_loss           | 3.52        |
-----------------------------------------
---------------------------------
| rollout/           |          |
|    ep_len_mean     | 157      |
|    ep_rew_mean     | -49.5    |
|    success_rate    | 0.38     |
| time/              |          |
|    fps             | 619      |
|    iterations      | 115      |
|    time_elapsed    | 379      |
|    total_timesteps | 235520   |
---------------------------------
----------------------------------------
| rollout/                |            |
|    ep_len_mean          | 154        |
|    ep_rew_mean          | -48.7      |
|    success_rate         | 0.41       |
| time/                   |            |
|    fps                  | 622        |
|    iterations           | 116        |
|    time_elapsed         | 381        |
|    total_timesteps      | 237568     |
| train/                  |            |
|    approx_kl            | 0.02167784 |
|    clip_fraction        | 0.251      |
|    clip_range           | 0.2        |
|    entropy_loss         | -6.95      |
|    explained_variance   | 0.985      |
|    learning_rate        | 0.0003     |
|    loss                 | 0.323      |
|    n_updates            | 1150       |
|    policy_gradient_loss | -0.0102    |
|    std                  | 0.659      |
|    value_loss           | 1.04       |
----------------------------------------
-----------------------------------------
| rollout/                |             |
|    ep_len_mean          | 155         |
|    ep_rew_mean          | -49.2       |
|    success_rate         | 0.4         |
| time/                   |             |
|    fps                  | 624         |
|    iterations           | 117         |
|    time_elapsed         | 383         |
|    total_timesteps      | 239616      |
| train/                  |             |
|    approx_kl            | 0.025249675 |
|    clip_fraction        | 0.203       |
|    clip_range           | 0.2         |
|    entropy_loss         | -6.92       |
|    explained_variance   | 0.955       |
|    learning_rate        | 0.0003      |
|    loss                 | 0.475       |
|    n_updates            | 1160        |
|    policy_gradient_loss | -0.00835    |
|    std                  | 0.653       |
|    value_loss           | 1.92        |
-----------------------------------------
Eval num_timesteps=240000, episode_reward=-62.84 +/- 15.27
Episode length: 184.13 +/- 40.77
Success rate: 13.33%
-----------------------------------------
| eval/                   |             |
|    mean_ep_length       | 184         |
|    mean_reward          | -62.8       |
|    success_rate         | 0.133       |
| time/                   |             |
|    total_timesteps      | 240000      |
| train/                  |             |
|    approx_kl            | 0.018184265 |
|    clip_fraction        | 0.219       |
|    clip_range           | 0.2         |
|    entropy_loss         | -6.88       |
|    explained_variance   | 0.964       |
|    learning_rate        | 0.0003      |
|    loss                 | 2.24        |
|    n_updates            | 1170        |
|    policy_gradient_loss | -0.0107     |
|    std                  | 0.652       |
|    value_loss           | 1.96        |
-----------------------------------------
---------------------------------
| rollout/           |          |
|    ep_len_mean     | 157      |
|    ep_rew_mean     | -50.4    |
|    success_rate    | 0.38     |
| time/              |          |
|    fps             | 621      |
|    iterations      | 118      |
|    time_elapsed    | 389      |
|    total_timesteps | 241664   |
---------------------------------
-----------------------------------------
| rollout/                |             |
|    ep_len_mean          | 162         |
|    ep_rew_mean          | -52.3       |
|    success_rate         | 0.34        |
| time/                   |             |
|    fps                  | 623         |
|    iterations           | 119         |
|    time_elapsed         | 390         |
|    total_timesteps      | 243712      |
| train/                  |             |
|    approx_kl            | 0.017373031 |
|    clip_fraction        | 0.197       |
|    clip_range           | 0.2         |
|    entropy_loss         | -6.86       |
|    explained_variance   | 0.959       |
|    learning_rate        | 0.0003      |
|    loss                 | 0.166       |
|    n_updates            | 1180        |
|    policy_gradient_loss | -0.00374    |
|    std                  | 0.65        |
|    value_loss           | 1.11        |
-----------------------------------------
Eval num_timesteps=245000, episode_reward=-57.94 +/- 19.86
Episode length: 167.83 +/- 49.18
Success rate: 30.00%
-----------------------------------------
| eval/                   |             |
|    mean_ep_length       | 168         |
|    mean_reward          | -57.9       |
|    success_rate         | 0.3         |
| time/                   |             |
|    total_timesteps      | 245000      |
| train/                  |             |
|    approx_kl            | 0.026649877 |
|    clip_fraction        | 0.235       |
|    clip_range           | 0.2         |
|    entropy_loss         | -6.86       |
|    explained_variance   | 0.961       |
|    learning_rate        | 0.0003      |
|    loss                 | 0.16        |
|    n_updates            | 1190        |
|    policy_gradient_loss | -0.00694    |
|    std                  | 0.651       |
|    value_loss           | 0.931       |
-----------------------------------------
---------------------------------
| rollout/           |          |
|    ep_len_mean     | 158      |
|    ep_rew_mean     | -51.1    |
|    success_rate    | 0.38     |
| time/              |          |
|    fps             | 620      |
|    iterations      | 120      |
|    time_elapsed    | 395      |
|    total_timesteps | 245760   |
---------------------------------
-----------------------------------------
| rollout/                |             |
|    ep_len_mean          | 159         |
|    ep_rew_mean          | -51.7       |
|    success_rate         | 0.38        |
| time/                   |             |
|    fps                  | 622         |
|    iterations           | 121         |
|    time_elapsed         | 397         |
|    total_timesteps      | 247808      |
| train/                  |             |
|    approx_kl            | 0.010880523 |
|    clip_fraction        | 0.141       |
|    clip_range           | 0.2         |
|    entropy_loss         | -6.86       |
|    explained_variance   | 0.952       |
|    learning_rate        | 0.0003      |
|    loss                 | 2.62        |
|    n_updates            | 1200        |
|    policy_gradient_loss | -0.00935    |
|    std                  | 0.65        |
|    value_loss           | 2.95        |
-----------------------------------------
----------------------------------------
| rollout/                |            |
|    ep_len_mean          | 161        |
|    ep_rew_mean          | -52.3      |
|    success_rate         | 0.36       |
| time/                   |            |
|    fps                  | 624        |
|    iterations           | 122        |
|    time_elapsed         | 399        |
|    total_timesteps      | 249856     |
| train/                  |            |
|    approx_kl            | 0.01446124 |
|    clip_fraction        | 0.192      |
|    clip_range           | 0.2        |
|    entropy_loss         | -6.86      |
|    explained_variance   | 0.966      |
|    learning_rate        | 0.0003     |
|    loss                 | 0.792      |
|    n_updates            | 1210       |
|    policy_gradient_loss | -0.0126    |
|    std                  | 0.651      |
|    value_loss           | 2.09       |
----------------------------------------
Eval num_timesteps=250000, episode_reward=-44.46 +/- 22.69
Episode length: 137.90 +/- 58.37
Success rate: 53.33%
-----------------------------------------
| eval/                   |             |
|    mean_ep_length       | 138         |
|    mean_reward          | -44.5       |
|    success_rate         | 0.533       |
| time/                   |             |
|    total_timesteps      | 250000      |
| train/                  |             |
|    approx_kl            | 0.019663297 |
|    clip_fraction        | 0.215       |
|    clip_range           | 0.2         |
|    entropy_loss         | -6.86       |
|    explained_variance   | 0.972       |
|    learning_rate        | 0.0003      |
|    loss                 | 0.868       |
|    n_updates            | 1220        |
|    policy_gradient_loss | -0.00947    |
|    std                  | 0.65        |
|    value_loss           | 1.74        |
-----------------------------------------
---------------------------------
| rollout/           |          |
|    ep_len_mean     | 160      |
|    ep_rew_mean     | -51.8    |
|    success_rate    | 0.37     |
| time/              |          |
|    fps             | 622      |
|    iterations      | 123      |
|    time_elapsed    | 404      |
|    total_timesteps | 251904   |
---------------------------------
----------------------------------------
| rollout/                |            |
|    ep_len_mean          | 161        |
|    ep_rew_mean          | -51.8      |
|    success_rate         | 0.38       |
| time/                   |            |
|    fps                  | 624        |
|    iterations           | 124        |
|    time_elapsed         | 406        |
|    total_timesteps      | 253952     |
| train/                  |            |
|    approx_kl            | 0.01579472 |
|    clip_fraction        | 0.206      |
|    clip_range           | 0.2        |
|    entropy_loss         | -6.85      |
|    explained_variance   | 0.973      |
|    learning_rate        | 0.0003     |
|    loss                 | 0.27       |
|    n_updates            | 1230       |
|    policy_gradient_loss | -0.00838   |
|    std                  | 0.648      |
|    value_loss           | 1.36       |
----------------------------------------
Eval num_timesteps=255000, episode_reward=-42.02 +/- 24.43
Episode length: 130.53 +/- 57.00
Success rate: 60.00%
-----------------------------------------
| eval/                   |             |
|    mean_ep_length       | 131         |
|    mean_reward          | -42         |
|    success_rate         | 0.6         |
| time/                   |             |
|    total_timesteps      | 255000      |
| train/                  |             |
|    approx_kl            | 0.018124115 |
|    clip_fraction        | 0.256       |
|    clip_range           | 0.2         |
|    entropy_loss         | -6.84       |
|    explained_variance   | 0.979       |
|    learning_rate        | 0.0003      |
|    loss                 | 0.136       |
|    n_updates            | 1240        |
|    policy_gradient_loss | -0.0109     |
|    std                  | 0.65        |
|    value_loss           | 1.07        |
-----------------------------------------
---------------------------------
| rollout/           |          |
|    ep_len_mean     | 159      |
|    ep_rew_mean     | -51.2    |
|    success_rate    | 0.41     |
| time/              |          |
|    fps             | 621      |
|    iterations      | 125      |
|    time_elapsed    | 411      |
|    total_timesteps | 256000   |
---------------------------------
-----------------------------------------
| rollout/                |             |
|    ep_len_mean          | 155         |
|    ep_rew_mean          | -49.8       |
|    success_rate         | 0.45        |
| time/                   |             |
|    fps                  | 622         |
|    iterations           | 126         |
|    time_elapsed         | 414         |
|    total_timesteps      | 258048      |
| train/                  |             |
|    approx_kl            | 0.020392772 |
|    clip_fraction        | 0.191       |
|    clip_range           | 0.2         |
|    entropy_loss         | -6.87       |
|    explained_variance   | 0.937       |
|    learning_rate        | 0.0003      |
|    loss                 | 1.57        |
|    n_updates            | 1250        |
|    policy_gradient_loss | -0.0105     |
|    std                  | 0.653       |
|    value_loss           | 3.69        |
-----------------------------------------
Eval num_timesteps=260000, episode_reward=-43.30 +/- 22.66
Episode length: 132.47 +/- 55.33
Success rate: 60.00%
-----------------------------------------
| eval/                   |             |
|    mean_ep_length       | 132         |
|    mean_reward          | -43.3       |
|    success_rate         | 0.6         |
| time/                   |             |
|    total_timesteps      | 260000      |
| train/                  |             |
|    approx_kl            | 0.024948083 |
|    clip_fraction        | 0.225       |
|    clip_range           | 0.2         |
|    entropy_loss         | -6.89       |
|    explained_variance   | 0.94        |
|    learning_rate        | 0.0003      |
|    loss                 | 0.964       |
|    n_updates            | 1260        |
|    policy_gradient_loss | -0.0108     |
|    std                  | 0.655       |
|    value_loss           | 2.55        |
-----------------------------------------
---------------------------------
| rollout/           |          |
|    ep_len_mean     | 155      |
|    ep_rew_mean     | -49.5    |
|    success_rate    | 0.45     |
| time/              |          |
|    fps             | 619      |
|    iterations      | 127      |
|    time_elapsed    | 419      |
|    total_timesteps | 260096   |
---------------------------------
-----------------------------------------
| rollout/                |             |
|    ep_len_mean          | 158         |
|    ep_rew_mean          | -49.8       |
|    success_rate         | 0.43        |
| time/                   |             |
|    fps                  | 621         |
|    iterations           | 128         |
|    time_elapsed         | 421         |
|    total_timesteps      | 262144      |
| train/                  |             |
|    approx_kl            | 0.023590606 |
|    clip_fraction        | 0.21        |
|    clip_range           | 0.2         |
|    entropy_loss         | -6.87       |
|    explained_variance   | 0.959       |
|    learning_rate        | 0.0003      |
|    loss                 | 0.737       |
|    n_updates            | 1270        |
|    policy_gradient_loss | -0.00954    |
|    std                  | 0.652       |
|    value_loss           | 1.9         |
-----------------------------------------
-----------------------------------------
| rollout/                |             |
|    ep_len_mean          | 156         |
|    ep_rew_mean          | -49.6       |
|    success_rate         | 0.44        |
| time/                   |             |
|    fps                  | 623         |
|    iterations           | 129         |
|    time_elapsed         | 423         |
|    total_timesteps      | 264192      |
| train/                  |             |
|    approx_kl            | 0.015416479 |
|    clip_fraction        | 0.19        |
|    clip_range           | 0.2         |
|    entropy_loss         | -6.85       |
|    explained_variance   | 0.952       |
|    learning_rate        | 0.0003      |
|    loss                 | 1.16        |
|    n_updates            | 1280        |
|    policy_gradient_loss | -0.00973    |
|    std                  | 0.651       |
|    value_loss           | 2.54        |
-----------------------------------------
Eval num_timesteps=265000, episode_reward=-47.03 +/- 21.17
Episode length: 142.83 +/- 53.62
Success rate: 53.33%
-----------------------------------------
| eval/                   |             |
|    mean_ep_length       | 143         |
|    mean_reward          | -47         |
|    success_rate         | 0.533       |
| time/                   |             |
|    total_timesteps      | 265000      |
| train/                  |             |
|    approx_kl            | 0.012557257 |
|    clip_fraction        | 0.169       |
|    clip_range           | 0.2         |
|    entropy_loss         | -6.85       |
|    explained_variance   | 0.927       |
|    learning_rate        | 0.0003      |
|    loss                 | 0.496       |
|    n_updates            | 1290        |
|    policy_gradient_loss | -0.00993    |
|    std                  | 0.651       |
|    value_loss           | 3.25        |
-----------------------------------------
---------------------------------
| rollout/           |          |
|    ep_len_mean     | 156      |
|    ep_rew_mean     | -49.9    |
|    success_rate    | 0.44     |
| time/              |          |
|    fps             | 621      |
|    iterations      | 130      |
|    time_elapsed    | 428      |
|    total_timesteps | 266240   |
---------------------------------
-----------------------------------------
| rollout/                |             |
|    ep_len_mean          | 153         |
|    ep_rew_mean          | -48.8       |
|    success_rate         | 0.45        |
| time/                   |             |
|    fps                  | 623         |
|    iterations           | 131         |
|    time_elapsed         | 430         |
|    total_timesteps      | 268288      |
| train/                  |             |
|    approx_kl            | 0.018380499 |
|    clip_fraction        | 0.212       |
|    clip_range           | 0.2         |
|    entropy_loss         | -6.86       |
|    explained_variance   | 0.95        |
|    learning_rate        | 0.0003      |
|    loss                 | 0.357       |
|    n_updates            | 1300        |
|    policy_gradient_loss | -0.0128     |
|    std                  | 0.653       |
|    value_loss           | 2.49        |
-----------------------------------------
Eval num_timesteps=270000, episode_reward=-45.96 +/- 23.82
Episode length: 140.27 +/- 56.12
Success rate: 53.33%
-----------------------------------------
| eval/                   |             |
|    mean_ep_length       | 140         |
|    mean_reward          | -46         |
|    success_rate         | 0.533       |
| time/                   |             |
|    total_timesteps      | 270000      |
| train/                  |             |
|    approx_kl            | 0.013618483 |
|    clip_fraction        | 0.173       |
|    clip_range           | 0.2         |
|    entropy_loss         | -6.87       |
|    explained_variance   | 0.931       |
|    learning_rate        | 0.0003      |
|    loss                 | 1.39        |
|    n_updates            | 1310        |
|    policy_gradient_loss | -0.00854    |
|    std                  | 0.654       |
|    value_loss           | 4.47        |
-----------------------------------------
---------------------------------
| rollout/           |          |
|    ep_len_mean     | 149      |
|    ep_rew_mean     | -47      |
|    success_rate    | 0.47     |
| time/              |          |
|    fps             | 621      |
|    iterations      | 132      |
|    time_elapsed    | 435      |
|    total_timesteps | 270336   |
---------------------------------
-----------------------------------------
| rollout/                |             |
|    ep_len_mean          | 146         |
|    ep_rew_mean          | -45.8       |
|    success_rate         | 0.49        |
| time/                   |             |
|    fps                  | 622         |
|    iterations           | 133         |
|    time_elapsed         | 437         |
|    total_timesteps      | 272384      |
| train/                  |             |
|    approx_kl            | 0.014762371 |
|    clip_fraction        | 0.189       |
|    clip_range           | 0.2         |
|    entropy_loss         | -6.86       |
|    explained_variance   | 0.948       |
|    learning_rate        | 0.0003      |
|    loss                 | 1.27        |
|    n_updates            | 1320        |
|    policy_gradient_loss | -0.00638    |
|    std                  | 0.652       |
|    value_loss           | 2.8         |
-----------------------------------------
----------------------------------------
| rollout/                |            |
|    ep_len_mean          | 145        |
|    ep_rew_mean          | -45.2      |
|    success_rate         | 0.5        |
| time/                   |            |
|    fps                  | 624        |
|    iterations           | 134        |
|    time_elapsed         | 439        |
|    total_timesteps      | 274432     |
| train/                  |            |
|    approx_kl            | 0.02306838 |
|    clip_fraction        | 0.213      |
|    clip_range           | 0.2        |
|    entropy_loss         | -6.85      |
|    explained_variance   | 0.926      |
|    learning_rate        | 0.0003     |
|    loss                 | 1.24       |
|    n_updates            | 1330       |
|    policy_gradient_loss | -0.00938   |
|    std                  | 0.651      |
|    value_loss           | 4.01       |
----------------------------------------
Eval num_timesteps=275000, episode_reward=-43.11 +/- 25.04
Episode length: 132.53 +/- 59.43
Success rate: 56.67%
-----------------------------------------
| eval/                   |             |
|    mean_ep_length       | 133         |
|    mean_reward          | -43.1       |
|    success_rate         | 0.567       |
| time/                   |             |
|    total_timesteps      | 275000      |
| train/                  |             |
|    approx_kl            | 0.022771724 |
|    clip_fraction        | 0.222       |
|    clip_range           | 0.2         |
|    entropy_loss         | -6.85       |
|    explained_variance   | 0.933       |
|    learning_rate        | 0.0003      |
|    loss                 | 0.652       |
|    n_updates            | 1340        |
|    policy_gradient_loss | -0.00817    |
|    std                  | 0.651       |
|    value_loss           | 2.38        |
-----------------------------------------
---------------------------------
| rollout/           |          |
|    ep_len_mean     | 147      |
|    ep_rew_mean     | -46.6    |
|    success_rate    | 0.47     |
| time/              |          |
|    fps             | 622      |
|    iterations      | 135      |
|    time_elapsed    | 444      |
|    total_timesteps | 276480   |
---------------------------------
-----------------------------------------
| rollout/                |             |
|    ep_len_mean          | 143         |
|    ep_rew_mean          | -44.8       |
|    success_rate         | 0.5         |
| time/                   |             |
|    fps                  | 623         |
|    iterations           | 136         |
|    time_elapsed         | 446         |
|    total_timesteps      | 278528      |
| train/                  |             |
|    approx_kl            | 0.016265858 |
|    clip_fraction        | 0.197       |
|    clip_range           | 0.2         |
|    entropy_loss         | -6.83       |
|    explained_variance   | 0.947       |
|    learning_rate        | 0.0003      |
|    loss                 | 2.84        |
|    n_updates            | 1350        |
|    policy_gradient_loss | -0.014      |
|    std                  | 0.649       |
|    value_loss           | 3.81        |
-----------------------------------------
Eval num_timesteps=280000, episode_reward=-58.86 +/- 14.74
Episode length: 182.70 +/- 37.65
Success rate: 20.00%
-----------------------------------------
| eval/                   |             |
|    mean_ep_length       | 183         |
|    mean_reward          | -58.9       |
|    success_rate         | 0.2         |
| time/                   |             |
|    total_timesteps      | 280000      |
| train/                  |             |
|    approx_kl            | 0.018368784 |
|    clip_fraction        | 0.228       |
|    clip_range           | 0.2         |
|    entropy_loss         | -6.79       |
|    explained_variance   | 0.957       |
|    learning_rate        | 0.0003      |
|    loss                 | 0.911       |
|    n_updates            | 1360        |
|    policy_gradient_loss | -0.0101     |
|    std                  | 0.644       |
|    value_loss           | 2.61        |
-----------------------------------------
---------------------------------
| rollout/           |          |
|    ep_len_mean     | 142      |
|    ep_rew_mean     | -43.9    |
|    success_rate    | 0.52     |
| time/              |          |
|    fps             | 621      |
|    iterations      | 137      |
|    time_elapsed    | 451      |
|    total_timesteps | 280576   |
---------------------------------
-----------------------------------------
| rollout/                |             |
|    ep_len_mean          | 146         |
|    ep_rew_mean          | -45         |
|    success_rate         | 0.5         |
| time/                   |             |
|    fps                  | 623         |
|    iterations           | 138         |
|    time_elapsed         | 453         |
|    total_timesteps      | 282624      |
| train/                  |             |
|    approx_kl            | 0.024859533 |
|    clip_fraction        | 0.243       |
|    clip_range           | 0.2         |
|    entropy_loss         | -6.78       |
|    explained_variance   | 0.949       |
|    learning_rate        | 0.0003      |
|    loss                 | 0.555       |
|    n_updates            | 1370        |
|    policy_gradient_loss | 0.00122     |
|    std                  | 0.646       |
|    value_loss           | 1.55        |
-----------------------------------------
-----------------------------------------
| rollout/                |             |
|    ep_len_mean          | 143         |
|    ep_rew_mean          | -44.1       |
|    success_rate         | 0.52        |
| time/                   |             |
|    fps                  | 625         |
|    iterations           | 139         |
|    time_elapsed         | 455         |
|    total_timesteps      | 284672      |
| train/                  |             |
|    approx_kl            | 0.021304721 |
|    clip_fraction        | 0.234       |
|    clip_range           | 0.2         |
|    entropy_loss         | -6.77       |
|    explained_variance   | 0.952       |
|    learning_rate        | 0.0003      |
|    loss                 | 0.11        |
|    n_updates            | 1380        |
|    policy_gradient_loss | -0.00748    |
|    std                  | 0.646       |
|    value_loss           | 1.13        |
-----------------------------------------
Eval num_timesteps=285000, episode_reward=-60.87 +/- 18.18
Episode length: 181.33 +/- 41.87
Success rate: 16.67%
-----------------------------------------
| eval/                   |             |
|    mean_ep_length       | 181         |
|    mean_reward          | -60.9       |
|    success_rate         | 0.167       |
| time/                   |             |
|    total_timesteps      | 285000      |
| train/                  |             |
|    approx_kl            | 0.016789805 |
|    clip_fraction        | 0.184       |
|    clip_range           | 0.2         |
|    entropy_loss         | -6.77       |
|    explained_variance   | 0.932       |
|    learning_rate        | 0.0003      |
|    loss                 | 0.963       |
|    n_updates            | 1390        |
|    policy_gradient_loss | -0.00944    |
|    std                  | 0.644       |
|    value_loss           | 3.61        |
-----------------------------------------
---------------------------------
| rollout/           |          |
|    ep_len_mean     | 147      |
|    ep_rew_mean     | -45.4    |
|    success_rate    | 0.49     |
| time/              |          |
|    fps             | 622      |
|    iterations      | 140      |
|    time_elapsed    | 460      |
|    total_timesteps | 286720   |
---------------------------------
----------------------------------------
| rollout/                |            |
|    ep_len_mean          | 149        |
|    ep_rew_mean          | -46.2      |
|    success_rate         | 0.47       |
| time/                   |            |
|    fps                  | 624        |
|    iterations           | 141        |
|    time_elapsed         | 462        |
|    total_timesteps      | 288768     |
| train/                  |            |
|    approx_kl            | 0.01807455 |
|    clip_fraction        | 0.205      |
|    clip_range           | 0.2        |
|    entropy_loss         | -6.75      |
|    explained_variance   | 0.95       |
|    learning_rate        | 0.0003     |
|    loss                 | 0.89       |
|    n_updates            | 1400       |
|    policy_gradient_loss | -0.0167    |
|    std                  | 0.642      |
|    value_loss           | 2.63       |
----------------------------------------
Eval num_timesteps=290000, episode_reward=-62.93 +/- 10.91
Episode length: 193.37 +/- 24.83
Success rate: 6.67%
-----------------------------------------
| eval/                   |             |
|    mean_ep_length       | 193         |
|    mean_reward          | -62.9       |
|    success_rate         | 0.0667      |
| time/                   |             |
|    total_timesteps      | 290000      |
| train/                  |             |
|    approx_kl            | 0.021394012 |
|    clip_fraction        | 0.241       |
|    clip_range           | 0.2         |
|    entropy_loss         | -6.71       |
|    explained_variance   | 0.975       |
|    learning_rate        | 0.0003      |
|    loss                 | 0.186       |
|    n_updates            | 1410        |
|    policy_gradient_loss | -0.012      |
|    std                  | 0.637       |
|    value_loss           | 1.42        |
-----------------------------------------
---------------------------------
| rollout/           |          |
|    ep_len_mean     | 151      |
|    ep_rew_mean     | -46.4    |
|    success_rate    | 0.47     |
| time/              |          |
|    fps             | 622      |
|    iterations      | 142      |
|    time_elapsed    | 467      |
|    total_timesteps | 290816   |
---------------------------------
-----------------------------------------
| rollout/                |             |
|    ep_len_mean          | 152         |
|    ep_rew_mean          | -46.6       |
|    success_rate         | 0.45        |
| time/                   |             |
|    fps                  | 623         |
|    iterations           | 143         |
|    time_elapsed         | 469         |
|    total_timesteps      | 292864      |
| train/                  |             |
|    approx_kl            | 0.018543119 |
|    clip_fraction        | 0.23        |
|    clip_range           | 0.2         |
|    entropy_loss         | -6.67       |
|    explained_variance   | 0.966       |
|    learning_rate        | 0.0003      |
|    loss                 | 0.531       |
|    n_updates            | 1420        |
|    policy_gradient_loss | -0.0114     |
|    std                  | 0.633       |
|    value_loss           | 1.77        |
-----------------------------------------
-----------------------------------------
| rollout/                |             |
|    ep_len_mean          | 153         |
|    ep_rew_mean          | -46.9       |
|    success_rate         | 0.45        |
| time/                   |             |
|    fps                  | 625         |
|    iterations           | 144         |
|    time_elapsed         | 471         |
|    total_timesteps      | 294912      |
| train/                  |             |
|    approx_kl            | 0.014919442 |
|    clip_fraction        | 0.185       |
|    clip_range           | 0.2         |
|    entropy_loss         | -6.64       |
|    explained_variance   | 0.95        |
|    learning_rate        | 0.0003      |
|    loss                 | 0.877       |
|    n_updates            | 1430        |
|    policy_gradient_loss | -0.0126     |
|    std                  | 0.632       |
|    value_loss           | 2.78        |
-----------------------------------------
Eval num_timesteps=295000, episode_reward=-46.92 +/- 23.21
Episode length: 148.43 +/- 59.54
Success rate: 43.33%
-----------------------------------------
| eval/                   |             |
|    mean_ep_length       | 148         |
|    mean_reward          | -46.9       |
|    success_rate         | 0.433       |
| time/                   |             |
|    total_timesteps      | 295000      |
| train/                  |             |
|    approx_kl            | 0.023121126 |
|    clip_fraction        | 0.213       |
|    clip_range           | 0.2         |
|    entropy_loss         | -6.61       |
|    explained_variance   | 0.956       |
|    learning_rate        | 0.0003      |
|    loss                 | 0.845       |
|    n_updates            | 1440        |
|    policy_gradient_loss | -0.0114     |
|    std                  | 0.628       |
|    value_loss           | 2.22        |
-----------------------------------------
---------------------------------
| rollout/           |          |
|    ep_len_mean     | 150      |
|    ep_rew_mean     | -46.5    |
|    success_rate    | 0.46     |
| time/              |          |
|    fps             | 623      |
|    iterations      | 145      |
|    time_elapsed    | 476      |
|    total_timesteps | 296960   |
---------------------------------
-----------------------------------------
| rollout/                |             |
|    ep_len_mean          | 153         |
|    ep_rew_mean          | -47.3       |
|    success_rate         | 0.43        |
| time/                   |             |
|    fps                  | 625         |
|    iterations           | 146         |
|    time_elapsed         | 478         |
|    total_timesteps      | 299008      |
| train/                  |             |
|    approx_kl            | 0.013438528 |
|    clip_fraction        | 0.192       |
|    clip_range           | 0.2         |
|    entropy_loss         | -6.58       |
|    explained_variance   | 0.947       |
|    learning_rate        | 0.0003      |
|    loss                 | 0.335       |
|    n_updates            | 1450        |
|    policy_gradient_loss | -0.00735    |
|    std                  | 0.625       |
|    value_loss           | 2.34        |
-----------------------------------------
Eval num_timesteps=300000, episode_reward=-63.40 +/- 7.88
Episode length: 195.93 +/- 18.25
Success rate: 6.67%
-----------------------------------------
| eval/                   |             |
|    mean_ep_length       | 196         |
|    mean_reward          | -63.4       |
|    success_rate         | 0.0667      |
| time/                   |             |
|    total_timesteps      | 300000      |
| train/                  |             |
|    approx_kl            | 0.026113756 |
|    clip_fraction        | 0.268       |
|    clip_range           | 0.2         |
|    entropy_loss         | -6.52       |
|    explained_variance   | 0.969       |
|    learning_rate        | 0.0003      |
|    loss                 | 0.0885      |
|    n_updates            | 1460        |
|    policy_gradient_loss | -0.00655    |
|    std                  | 0.619       |
|    value_loss           | 0.427       |
-----------------------------------------
---------------------------------
| rollout/           |          |
|    ep_len_mean     | 159      |
|    ep_rew_mean     | -49.5    |
|    success_rate    | 0.38     |
| time/              |          |
|    fps             | 622      |
|    iterations      | 147      |
|    time_elapsed    | 483      |
|    total_timesteps | 301056   |
---------------------------------
-----------------------------------------
| rollout/                |             |
|    ep_len_mean          | 163         |
|    ep_rew_mean          | -50.7       |
|    success_rate         | 0.36        |
| time/                   |             |
|    fps                  | 624         |
|    iterations           | 148         |
|    time_elapsed         | 485         |
|    total_timesteps      | 303104      |
| train/                  |             |
|    approx_kl            | 0.016971875 |
|    clip_fraction        | 0.223       |
|    clip_range           | 0.2         |
|    entropy_loss         | -6.49       |
|    explained_variance   | 0.977       |
|    learning_rate        | 0.0003      |
|    loss                 | 0.0758      |
|    n_updates            | 1470        |
|    policy_gradient_loss | -0.0101     |
|    std                  | 0.618       |
|    value_loss           | 1.03        |
-----------------------------------------
Eval num_timesteps=305000, episode_reward=-62.43 +/- 8.14
Episode length: 193.00 +/- 26.21
Success rate: 6.67%
----------------------------------------
| eval/                   |            |
|    mean_ep_length       | 193        |
|    mean_reward          | -62.4      |
|    success_rate         | 0.0667     |
| time/                   |            |
|    total_timesteps      | 305000     |
| train/                  |            |
|    approx_kl            | 0.02003011 |
|    clip_fraction        | 0.246      |
|    clip_range           | 0.2        |
|    entropy_loss         | -6.48      |
|    explained_variance   | 0.982      |
|    learning_rate        | 0.0003     |
|    loss                 | 0.0335     |
|    n_updates            | 1480       |
|    policy_gradient_loss | -0.012     |
|    std                  | 0.617      |
|    value_loss           | 0.383      |
----------------------------------------
---------------------------------
| rollout/           |          |
|    ep_len_mean     | 162      |
|    ep_rew_mean     | -50.3    |
|    success_rate    | 0.37     |
| time/              |          |
|    fps             | 621      |
|    iterations      | 149      |
|    time_elapsed    | 490      |
|    total_timesteps | 305152   |
---------------------------------
----------------------------------------
| rollout/                |            |
|    ep_len_mean          | 163        |
|    ep_rew_mean          | -50.7      |
|    success_rate         | 0.35       |
| time/                   |            |
|    fps                  | 623        |
|    iterations           | 150        |
|    time_elapsed         | 492        |
|    total_timesteps      | 307200     |
| train/                  |            |
|    approx_kl            | 0.01580301 |
|    clip_fraction        | 0.188      |
|    clip_range           | 0.2        |
|    entropy_loss         | -6.46      |
|    explained_variance   | 0.935      |
|    learning_rate        | 0.0003     |
|    loss                 | 1.95       |
|    n_updates            | 1490       |
|    policy_gradient_loss | -0.00891   |
|    std                  | 0.615      |
|    value_loss           | 3.09       |
----------------------------------------
----------------------------------------
| rollout/                |            |
|    ep_len_mean          | 165        |
|    ep_rew_mean          | -51.7      |
|    success_rate         | 0.34       |
| time/                   |            |
|    fps                  | 625        |
|    iterations           | 151        |
|    time_elapsed         | 494        |
|    total_timesteps      | 309248     |
| train/                  |            |
|    approx_kl            | 0.01779788 |
|    clip_fraction        | 0.203      |
|    clip_range           | 0.2        |
|    entropy_loss         | -6.46      |
|    explained_variance   | 0.955      |
|    learning_rate        | 0.0003     |
|    loss                 | 1.08       |
|    n_updates            | 1500       |
|    policy_gradient_loss | -0.0109    |
|    std                  | 0.618      |
|    value_loss           | 2.1        |
----------------------------------------
Eval num_timesteps=310000, episode_reward=-49.11 +/- 20.33
Episode length: 151.30 +/- 55.82
Success rate: 43.33%
-----------------------------------------
| eval/                   |             |
|    mean_ep_length       | 151         |
|    mean_reward          | -49.1       |
|    success_rate         | 0.433       |
| time/                   |             |
|    total_timesteps      | 310000      |
| train/                  |             |
|    approx_kl            | 0.014979646 |
|    clip_fraction        | 0.188       |
|    clip_range           | 0.2         |
|    entropy_loss         | -6.48       |
|    explained_variance   | 0.937       |
|    learning_rate        | 0.0003      |
|    loss                 | 2.75        |
|    n_updates            | 1510        |
|    policy_gradient_loss | -0.0082     |
|    std                  | 0.618       |
|    value_loss           | 2.85        |
-----------------------------------------
---------------------------------
| rollout/           |          |
|    ep_len_mean     | 167      |
|    ep_rew_mean     | -52.1    |
|    success_rate    | 0.34     |
| time/              |          |
|    fps             | 623      |
|    iterations      | 152      |
|    time_elapsed    | 499      |
|    total_timesteps | 311296   |
---------------------------------
-----------------------------------------
| rollout/                |             |
|    ep_len_mean          | 167         |
|    ep_rew_mean          | -51.4       |
|    success_rate         | 0.33        |
| time/                   |             |
|    fps                  | 624         |
|    iterations           | 153         |
|    time_elapsed         | 501         |
|    total_timesteps      | 313344      |
| train/                  |             |
|    approx_kl            | 0.015586581 |
|    clip_fraction        | 0.171       |
|    clip_range           | 0.2         |
|    entropy_loss         | -6.48       |
|    explained_variance   | 0.937       |
|    learning_rate        | 0.0003      |
|    loss                 | 0.967       |
|    n_updates            | 1520        |
|    policy_gradient_loss | -0.00983    |
|    std                  | 0.618       |
|    value_loss           | 3.54        |
-----------------------------------------
Eval num_timesteps=315000, episode_reward=-50.45 +/- 22.99
Episode length: 153.80 +/- 56.73
Success rate: 40.00%
-----------------------------------------
| eval/                   |             |
|    mean_ep_length       | 154         |
|    mean_reward          | -50.4       |
|    success_rate         | 0.4         |
| time/                   |             |
|    total_timesteps      | 315000      |
| train/                  |             |
|    approx_kl            | 0.014124194 |
|    clip_fraction        | 0.166       |
|    clip_range           | 0.2         |
|    entropy_loss         | -6.47       |
|    explained_variance   | 0.943       |
|    learning_rate        | 0.0003      |
|    loss                 | 0.968       |
|    n_updates            | 1530        |
|    policy_gradient_loss | -0.00905    |
|    std                  | 0.616       |
|    value_loss           | 2.2         |
-----------------------------------------
---------------------------------
| rollout/           |          |
|    ep_len_mean     | 165      |
|    ep_rew_mean     | -50.4    |
|    success_rate    | 0.35     |
| time/              |          |
|    fps             | 622      |
|    iterations      | 154      |
|    time_elapsed    | 506      |
|    total_timesteps | 315392   |
---------------------------------
----------------------------------------
| rollout/                |            |
|    ep_len_mean          | 165        |
|    ep_rew_mean          | -50.4      |
|    success_rate         | 0.35       |
| time/                   |            |
|    fps                  | 624        |
|    iterations           | 155        |
|    time_elapsed         | 508        |
|    total_timesteps      | 317440     |
| train/                  |            |
|    approx_kl            | 0.01855161 |
|    clip_fraction        | 0.232      |
|    clip_range           | 0.2        |
|    entropy_loss         | -6.43      |
|    explained_variance   | 0.902      |
|    learning_rate        | 0.0003     |
|    loss                 | 0.294      |
|    n_updates            | 1540       |
|    policy_gradient_loss | -0.0072    |
|    std                  | 0.609      |
|    value_loss           | 1.85       |
----------------------------------------
-----------------------------------------
| rollout/                |             |
|    ep_len_mean          | 165         |
|    ep_rew_mean          | -50.2       |
|    success_rate         | 0.34        |
| time/                   |             |
|    fps                  | 625         |
|    iterations           | 156         |
|    time_elapsed         | 510         |
|    total_timesteps      | 319488      |
| train/                  |             |
|    approx_kl            | 0.031639516 |
|    clip_fraction        | 0.266       |
|    clip_range           | 0.2         |
|    entropy_loss         | -6.39       |
|    explained_variance   | 0.97        |
|    learning_rate        | 0.0003      |
|    loss                 | 0.107       |
|    n_updates            | 1550        |
|    policy_gradient_loss | -0.00714    |
|    std                  | 0.61        |
|    value_loss           | 0.625       |
-----------------------------------------
Eval num_timesteps=320000, episode_reward=-44.40 +/- 24.53
Episode length: 133.63 +/- 60.53
Success rate: 60.00%
-----------------------------------------
| eval/                   |             |
|    mean_ep_length       | 134         |
|    mean_reward          | -44.4       |
|    success_rate         | 0.6         |
| time/                   |             |
|    total_timesteps      | 320000      |
| train/                  |             |
|    approx_kl            | 0.013829038 |
|    clip_fraction        | 0.192       |
|    clip_range           | 0.2         |
|    entropy_loss         | -6.4        |
|    explained_variance   | 0.97        |
|    learning_rate        | 0.0003      |
|    loss                 | 0.129       |
|    n_updates            | 1560        |
|    policy_gradient_loss | -0.00607    |
|    std                  | 0.611       |
|    value_loss           | 1.12        |
-----------------------------------------
---------------------------------
| rollout/           |          |
|    ep_len_mean     | 169      |
|    ep_rew_mean     | -51.6    |
|    success_rate    | 0.31     |
| time/              |          |
|    fps             | 624      |
|    iterations      | 157      |
|    time_elapsed    | 515      |
|    total_timesteps | 321536   |
---------------------------------
-----------------------------------------
| rollout/                |             |
|    ep_len_mean          | 169         |
|    ep_rew_mean          | -51.9       |
|    success_rate         | 0.32        |
| time/                   |             |
|    fps                  | 625         |
|    iterations           | 158         |
|    time_elapsed         | 516         |
|    total_timesteps      | 323584      |
| train/                  |             |
|    approx_kl            | 0.016426168 |
|    clip_fraction        | 0.221       |
|    clip_range           | 0.2         |
|    entropy_loss         | -6.39       |
|    explained_variance   | 0.966       |
|    learning_rate        | 0.0003      |
|    loss                 | 0.284       |
|    n_updates            | 1570        |
|    policy_gradient_loss | -0.0102     |
|    std                  | 0.609       |
|    value_loss           | 1.13        |
-----------------------------------------
Eval num_timesteps=325000, episode_reward=-49.40 +/- 25.00
Episode length: 151.37 +/- 62.12
Success rate: 40.00%
-----------------------------------------
| eval/                   |             |
|    mean_ep_length       | 151         |
|    mean_reward          | -49.4       |
|    success_rate         | 0.4         |
| time/                   |             |
|    total_timesteps      | 325000      |
| train/                  |             |
|    approx_kl            | 0.021346506 |
|    clip_fraction        | 0.222       |
|    clip_range           | 0.2         |
|    entropy_loss         | -6.39       |
|    explained_variance   | 0.979       |
|    learning_rate        | 0.0003      |
|    loss                 | 0.111       |
|    n_updates            | 1580        |
|    policy_gradient_loss | -0.00835    |
|    std                  | 0.611       |
|    value_loss           | 0.571       |
-----------------------------------------
---------------------------------
| rollout/           |          |
|    ep_len_mean     | 172      |
|    ep_rew_mean     | -52.9    |
|    success_rate    | 0.29     |
| time/              |          |
|    fps             | 624      |
|    iterations      | 159      |
|    time_elapsed    | 521      |
|    total_timesteps | 325632   |
---------------------------------
-----------------------------------------
| rollout/                |             |
|    ep_len_mean          | 176         |
|    ep_rew_mean          | -54.4       |
|    success_rate         | 0.24        |
| time/                   |             |
|    fps                  | 625         |
|    iterations           | 160         |
|    time_elapsed         | 523         |
|    total_timesteps      | 327680      |
| train/                  |             |
|    approx_kl            | 0.012844851 |
|    clip_fraction        | 0.183       |
|    clip_range           | 0.2         |
|    entropy_loss         | -6.41       |
|    explained_variance   | 0.961       |
|    learning_rate        | 0.0003      |
|    loss                 | 0.267       |
|    n_updates            | 1590        |
|    policy_gradient_loss | -0.0139     |
|    std                  | 0.614       |
|    value_loss           | 1.83        |
-----------------------------------------
-----------------------------------------
| rollout/                |             |
|    ep_len_mean          | 176         |
|    ep_rew_mean          | -54.5       |
|    success_rate         | 0.23        |
| time/                   |             |
|    fps                  | 627         |
|    iterations           | 161         |
|    time_elapsed         | 525         |
|    total_timesteps      | 329728      |
| train/                  |             |
|    approx_kl            | 0.014113307 |
|    clip_fraction        | 0.168       |
|    clip_range           | 0.2         |
|    entropy_loss         | -6.43       |
|    explained_variance   | 0.933       |
|    learning_rate        | 0.0003      |
|    loss                 | 0.358       |
|    n_updates            | 1600        |
|    policy_gradient_loss | -0.00717    |
|    std                  | 0.615       |
|    value_loss           | 2.79        |
-----------------------------------------
Eval num_timesteps=330000, episode_reward=-51.50 +/- 23.36
Episode length: 148.20 +/- 59.38
Success rate: 43.33%
-----------------------------------------
| eval/                   |             |
|    mean_ep_length       | 148         |
|    mean_reward          | -51.5       |
|    success_rate         | 0.433       |
| time/                   |             |
|    total_timesteps      | 330000      |
| train/                  |             |
|    approx_kl            | 0.018547062 |
|    clip_fraction        | 0.211       |
|    clip_range           | 0.2         |
|    entropy_loss         | -6.45       |
|    explained_variance   | 0.958       |
|    learning_rate        | 0.0003      |
|    loss                 | 0.116       |
|    n_updates            | 1610        |
|    policy_gradient_loss | -0.0103     |
|    std                  | 0.618       |
|    value_loss           | 1.19        |
-----------------------------------------
---------------------------------
| rollout/           |          |
|    ep_len_mean     | 176      |
|    ep_rew_mean     | -54.6    |
|    success_rate    | 0.23     |
| time/              |          |
|    fps             | 625      |
|    iterations      | 162      |
|    time_elapsed    | 530      |
|    total_timesteps | 331776   |
---------------------------------
-----------------------------------------
| rollout/                |             |
|    ep_len_mean          | 176         |
|    ep_rew_mean          | -54.8       |
|    success_rate         | 0.23        |
| time/                   |             |
|    fps                  | 627         |
|    iterations           | 163         |
|    time_elapsed         | 532         |
|    total_timesteps      | 333824      |
| train/                  |             |
|    approx_kl            | 0.018062219 |
|    clip_fraction        | 0.219       |
|    clip_range           | 0.2         |
|    entropy_loss         | -6.46       |
|    explained_variance   | 0.892       |
|    learning_rate        | 0.0003      |
|    loss                 | 0.701       |
|    n_updates            | 1620        |
|    policy_gradient_loss | -0.0101     |
|    std                  | 0.614       |
|    value_loss           | 3.58        |
-----------------------------------------
Eval num_timesteps=335000, episode_reward=-45.55 +/- 22.72
Episode length: 137.20 +/- 55.04
Success rate: 56.67%
-----------------------------------------
| eval/                   |             |
|    mean_ep_length       | 137         |
|    mean_reward          | -45.5       |
|    success_rate         | 0.567       |
| time/                   |             |
|    total_timesteps      | 335000      |
| train/                  |             |
|    approx_kl            | 0.014370551 |
|    clip_fraction        | 0.202       |
|    clip_range           | 0.2         |
|    entropy_loss         | -6.46       |
|    explained_variance   | 0.896       |
|    learning_rate        | 0.0003      |
|    loss                 | 0.21        |
|    n_updates            | 1630        |
|    policy_gradient_loss | -0.0101     |
|    std                  | 0.617       |
|    value_loss           | 2.55        |
-----------------------------------------
---------------------------------
| rollout/           |          |
|    ep_len_mean     | 166      |
|    ep_rew_mean     | -51.7    |
|    success_rate    | 0.31     |
| time/              |          |
|    fps             | 625      |
|    iterations      | 164      |
|    time_elapsed    | 537      |
|    total_timesteps | 335872   |
---------------------------------
-----------------------------------------
| rollout/                |             |
|    ep_len_mean          | 162         |
|    ep_rew_mean          | -50.2       |
|    success_rate         | 0.35        |
| time/                   |             |
|    fps                  | 626         |
|    iterations           | 165         |
|    time_elapsed         | 539         |
|    total_timesteps      | 337920      |
| train/                  |             |
|    approx_kl            | 0.015942685 |
|    clip_fraction        | 0.208       |
|    clip_range           | 0.2         |
|    entropy_loss         | -6.47       |
|    explained_variance   | 0.922       |
|    learning_rate        | 0.0003      |
|    loss                 | 1.21        |
|    n_updates            | 1640        |
|    policy_gradient_loss | -0.0113     |
|    std                  | 0.618       |
|    value_loss           | 3.04        |
-----------------------------------------
-----------------------------------------
| rollout/                |             |
|    ep_len_mean          | 157         |
|    ep_rew_mean          | -48.7       |
|    success_rate         | 0.38        |
| time/                   |             |
|    fps                  | 628         |
|    iterations           | 166         |
|    time_elapsed         | 541         |
|    total_timesteps      | 339968      |
| train/                  |             |
|    approx_kl            | 0.020708958 |
|    clip_fraction        | 0.21        |
|    clip_range           | 0.2         |
|    entropy_loss         | -6.46       |
|    explained_variance   | 0.876       |
|    learning_rate        | 0.0003      |
|    loss                 | 0.64        |
|    n_updates            | 1650        |
|    policy_gradient_loss | -0.0091     |
|    std                  | 0.616       |
|    value_loss           | 3.41        |
-----------------------------------------
Eval num_timesteps=340000, episode_reward=-66.58 +/- 13.86
Episode length: 188.83 +/- 33.50
Success rate: 10.00%
-----------------------------------------
| eval/                   |             |
|    mean_ep_length       | 189         |
|    mean_reward          | -66.6       |
|    success_rate         | 0.1         |
| time/                   |             |
|    total_timesteps      | 340000      |
| train/                  |             |
|    approx_kl            | 0.024188895 |
|    clip_fraction        | 0.204       |
|    clip_range           | 0.2         |
|    entropy_loss         | -6.45       |
|    explained_variance   | 0.864       |
|    learning_rate        | 0.0003      |
|    loss                 | 2.11        |
|    n_updates            | 1660        |
|    policy_gradient_loss | -0.00994    |
|    std                  | 0.616       |
|    value_loss           | 3.49        |
-----------------------------------------
---------------------------------
| rollout/           |          |
|    ep_len_mean     | 158      |
|    ep_rew_mean     | -49.2    |
|    success_rate    | 0.37     |
| time/              |          |
|    fps             | 625      |
|    iterations      | 167      |
|    time_elapsed    | 546      |
|    total_timesteps | 342016   |
---------------------------------
-----------------------------------------
| rollout/                |             |
|    ep_len_mean          | 159         |
|    ep_rew_mean          | -49.8       |
|    success_rate         | 0.37        |
| time/                   |             |
|    fps                  | 627         |
|    iterations           | 168         |
|    time_elapsed         | 548         |
|    total_timesteps      | 344064      |
| train/                  |             |
|    approx_kl            | 0.032867454 |
|    clip_fraction        | 0.244       |
|    clip_range           | 0.2         |
|    entropy_loss         | -6.45       |
|    explained_variance   | 0.899       |
|    learning_rate        | 0.0003      |
|    loss                 | 0.177       |
|    n_updates            | 1670        |
|    policy_gradient_loss | -0.00381    |
|    std                  | 0.618       |
|    value_loss           | 1.22        |
-----------------------------------------
Eval num_timesteps=345000, episode_reward=-63.27 +/- 14.20
Episode length: 185.40 +/- 37.22
Success rate: 13.33%
-----------------------------------------
| eval/                   |             |
|    mean_ep_length       | 185         |
|    mean_reward          | -63.3       |
|    success_rate         | 0.133       |
| time/                   |             |
|    total_timesteps      | 345000      |
| train/                  |             |
|    approx_kl            | 0.020820566 |
|    clip_fraction        | 0.24        |
|    clip_range           | 0.2         |
|    entropy_loss         | -6.47       |
|    explained_variance   | 0.924       |
|    learning_rate        | 0.0003      |
|    loss                 | 0.109       |
|    n_updates            | 1680        |
|    policy_gradient_loss | -0.0121     |
|    std                  | 0.618       |
|    value_loss           | 1.23        |
-----------------------------------------
---------------------------------
| rollout/           |          |
|    ep_len_mean     | 163      |
|    ep_rew_mean     | -51.2    |
|    success_rate    | 0.34     |
| time/              |          |
|    fps             | 625      |
|    iterations      | 169      |
|    time_elapsed    | 553      |
|    total_timesteps | 346112   |
---------------------------------
-----------------------------------------
| rollout/                |             |
|    ep_len_mean          | 165         |
|    ep_rew_mean          | -52.5       |
|    success_rate         | 0.32        |
| time/                   |             |
|    fps                  | 626         |
|    iterations           | 170         |
|    time_elapsed         | 555         |
|    total_timesteps      | 348160      |
| train/                  |             |
|    approx_kl            | 0.022948923 |
|    clip_fraction        | 0.28        |
|    clip_range           | 0.2         |
|    entropy_loss         | -6.47       |
|    explained_variance   | 0.968       |
|    learning_rate        | 0.0003      |
|    loss                 | 0.0698      |
|    n_updates            | 1690        |
|    policy_gradient_loss | -0.00547    |
|    std                  | 0.62        |
|    value_loss           | 0.377       |
-----------------------------------------
Eval num_timesteps=350000, episode_reward=-63.19 +/- 15.38
Episode length: 182.03 +/- 40.24
Success rate: 16.67%
-----------------------------------------
| eval/                   |             |
|    mean_ep_length       | 182         |
|    mean_reward          | -63.2       |
|    success_rate         | 0.167       |
| time/                   |             |
|    total_timesteps      | 350000      |
| train/                  |             |
|    approx_kl            | 0.009078741 |
|    clip_fraction        | 0.142       |
|    clip_range           | 0.2         |
|    entropy_loss         | -6.48       |
|    explained_variance   | 0.829       |
|    learning_rate        | 0.0003      |
|    loss                 | 2.06        |
|    n_updates            | 1700        |
|    policy_gradient_loss | -0.00462    |
|    std                  | 0.619       |
|    value_loss           | 5.53        |
-----------------------------------------
---------------------------------
| rollout/           |          |
|    ep_len_mean     | 161      |
|    ep_rew_mean     | -51      |
|    success_rate    | 0.36     |
| time/              |          |
|    fps             | 624      |
|    iterations      | 171      |
|    time_elapsed    | 560      |
|    total_timesteps | 350208   |
---------------------------------
-----------------------------------------
| rollout/                |             |
|    ep_len_mean          | 163         |
|    ep_rew_mean          | -52.5       |
|    success_rate         | 0.34        |
| time/                   |             |
|    fps                  | 625         |
|    iterations           | 172         |
|    time_elapsed         | 562         |
|    total_timesteps      | 352256      |
| train/                  |             |
|    approx_kl            | 0.013291255 |
|    clip_fraction        | 0.133       |
|    clip_range           | 0.2         |
|    entropy_loss         | -6.44       |
|    explained_variance   | 0.822       |
|    learning_rate        | 0.0003      |
|    loss                 | 2.71        |
|    n_updates            | 1710        |
|    policy_gradient_loss | -0.00788    |
|    std                  | 0.614       |
|    value_loss           | 7.28        |
-----------------------------------------
-----------------------------------------
| rollout/                |             |
|    ep_len_mean          | 159         |
|    ep_rew_mean          | -51.2       |
|    success_rate         | 0.37        |
| time/                   |             |
|    fps                  | 627         |
|    iterations           | 173         |
|    time_elapsed         | 564         |
|    total_timesteps      | 354304      |
| train/                  |             |
|    approx_kl            | 0.014923606 |
|    clip_fraction        | 0.167       |
|    clip_range           | 0.2         |
|    entropy_loss         | -6.41       |
|    explained_variance   | 0.886       |
|    learning_rate        | 0.0003      |
|    loss                 | 2.86        |
|    n_updates            | 1720        |
|    policy_gradient_loss | -0.00985    |
|    std                  | 0.614       |
|    value_loss           | 4.67        |
-----------------------------------------
Eval num_timesteps=355000, episode_reward=-61.11 +/- 14.96
Episode length: 181.33 +/- 41.76
Success rate: 16.67%
----------------------------------------
| eval/                   |            |
|    mean_ep_length       | 181        |
|    mean_reward          | -61.1      |
|    success_rate         | 0.167      |
| time/                   |            |
|    total_timesteps      | 355000     |
| train/                  |            |
|    approx_kl            | 0.01099192 |
|    clip_fraction        | 0.137      |
|    clip_range           | 0.2        |
|    entropy_loss         | -6.41      |
|    explained_variance   | 0.848      |
|    learning_rate        | 0.0003     |
|    loss                 | 1.28       |
|    n_updates            | 1730       |
|    policy_gradient_loss | -0.0106    |
|    std                  | 0.615      |
|    value_loss           | 6.16       |
----------------------------------------
---------------------------------
| rollout/           |          |
|    ep_len_mean     | 162      |
|    ep_rew_mean     | -51.9    |
|    success_rate    | 0.35     |
| time/              |          |
|    fps             | 625      |
|    iterations      | 174      |
|    time_elapsed    | 570      |
|    total_timesteps | 356352   |
---------------------------------
-----------------------------------------
| rollout/                |             |
|    ep_len_mean          | 158         |
|    ep_rew_mean          | -50.4       |
|    success_rate         | 0.39        |
| time/                   |             |
|    fps                  | 626         |
|    iterations           | 175         |
|    time_elapsed         | 572         |
|    total_timesteps      | 358400      |
| train/                  |             |
|    approx_kl            | 0.017993154 |
|    clip_fraction        | 0.196       |
|    clip_range           | 0.2         |
|    entropy_loss         | -6.43       |
|    explained_variance   | 0.909       |
|    learning_rate        | 0.0003      |
|    loss                 | 2.93        |
|    n_updates            | 1740        |
|    policy_gradient_loss | -0.0109     |
|    std                  | 0.618       |
|    value_loss           | 3.4         |
-----------------------------------------
Eval num_timesteps=360000, episode_reward=-54.57 +/- 20.51
Episode length: 157.97 +/- 55.36
Success rate: 36.67%
-----------------------------------------
| eval/                   |             |
|    mean_ep_length       | 158         |
|    mean_reward          | -54.6       |
|    success_rate         | 0.367       |
| time/                   |             |
|    total_timesteps      | 360000      |
| train/                  |             |
|    approx_kl            | 0.015086101 |
|    clip_fraction        | 0.22        |
|    clip_range           | 0.2         |
|    entropy_loss         | -6.46       |
|    explained_variance   | 0.886       |
|    learning_rate        | 0.0003      |
|    loss                 | 0.982       |
|    n_updates            | 1750        |
|    policy_gradient_loss | -0.0129     |
|    std                  | 0.619       |
|    value_loss           | 2.23        |
-----------------------------------------
---------------------------------
| rollout/           |          |
|    ep_len_mean     | 147      |
|    ep_rew_mean     | -45.9    |
|    success_rate    | 0.49     |
| time/              |          |
|    fps             | 624      |
|    iterations      | 176      |
|    time_elapsed    | 577      |
|    total_timesteps | 360448   |
---------------------------------
-----------------------------------------
| rollout/                |             |
|    ep_len_mean          | 140         |
|    ep_rew_mean          | -43.3       |
|    success_rate         | 0.56        |
| time/                   |             |
|    fps                  | 625         |
|    iterations           | 177         |
|    time_elapsed         | 579         |
|    total_timesteps      | 362496      |
| train/                  |             |
|    approx_kl            | 0.019623535 |
|    clip_fraction        | 0.207       |
|    clip_range           | 0.2         |
|    entropy_loss         | -6.42       |
|    explained_variance   | 0.907       |
|    learning_rate        | 0.0003      |
|    loss                 | 0.248       |
|    n_updates            | 1760        |
|    policy_gradient_loss | -0.00844    |
|    std                  | 0.613       |
|    value_loss           | 1.83        |
-----------------------------------------
-----------------------------------------
| rollout/                |             |
|    ep_len_mean          | 137         |
|    ep_rew_mean          | -42.1       |
|    success_rate         | 0.59        |
| time/                   |             |
|    fps                  | 627         |
|    iterations           | 178         |
|    time_elapsed         | 581         |
|    total_timesteps      | 364544      |
| train/                  |             |
|    approx_kl            | 0.016235972 |
|    clip_fraction        | 0.195       |
|    clip_range           | 0.2         |
|    entropy_loss         | -6.38       |
|    explained_variance   | 0.892       |
|    learning_rate        | 0.0003      |
|    loss                 | 1.77        |
|    n_updates            | 1770        |
|    policy_gradient_loss | -0.00747    |
|    std                  | 0.613       |
|    value_loss           | 4.69        |
-----------------------------------------
Eval num_timesteps=365000, episode_reward=-35.02 +/- 20.81
Episode length: 115.00 +/- 56.18
Success rate: 70.00%
-----------------------------------------
| eval/                   |             |
|    mean_ep_length       | 115         |
|    mean_reward          | -35         |
|    success_rate         | 0.7         |
| time/                   |             |
|    total_timesteps      | 365000      |
| train/                  |             |
|    approx_kl            | 0.022757046 |
|    clip_fraction        | 0.201       |
|    clip_range           | 0.2         |
|    entropy_loss         | -6.37       |
|    explained_variance   | 0.913       |
|    learning_rate        | 0.0003      |
|    loss                 | 1.06        |
|    n_updates            | 1780        |
|    policy_gradient_loss | -0.0055     |
|    std                  | 0.611       |
|    value_loss           | 2.7         |
-----------------------------------------
New best mean reward!
---------------------------------
| rollout/           |          |
|    ep_len_mean     | 132      |
|    ep_rew_mean     | -40.2    |
|    success_rate    | 0.63     |
| time/              |          |
|    fps             | 626      |
|    iterations      | 179      |
|    time_elapsed    | 585      |
|    total_timesteps | 366592   |
---------------------------------
-----------------------------------------
| rollout/                |             |
|    ep_len_mean          | 132         |
|    ep_rew_mean          | -40.2       |
|    success_rate         | 0.64        |
| time/                   |             |
|    fps                  | 627         |
|    iterations           | 180         |
|    time_elapsed         | 587         |
|    total_timesteps      | 368640      |
| train/                  |             |
|    approx_kl            | 0.020848861 |
|    clip_fraction        | 0.227       |
|    clip_range           | 0.2         |
|    entropy_loss         | -6.37       |
|    explained_variance   | 0.863       |
|    learning_rate        | 0.0003      |
|    loss                 | 1.39        |
|    n_updates            | 1790        |
|    policy_gradient_loss | -0.0104     |
|    std                  | 0.61        |
|    value_loss           | 2.32        |
-----------------------------------------
Eval num_timesteps=370000, episode_reward=-36.50 +/- 22.27
Episode length: 115.27 +/- 55.84
Success rate: 70.00%
----------------------------------------
| eval/                   |            |
|    mean_ep_length       | 115        |
|    mean_reward          | -36.5      |
|    success_rate         | 0.7        |
| time/                   |            |
|    total_timesteps      | 370000     |
| train/                  |            |
|    approx_kl            | 0.01759933 |
|    clip_fraction        | 0.188      |
|    clip_range           | 0.2        |
|    entropy_loss         | -6.37      |
|    explained_variance   | 0.876      |
|    learning_rate        | 0.0003     |
|    loss                 | 1.24       |
|    n_updates            | 1800       |
|    policy_gradient_loss | -0.01      |
|    std                  | 0.611      |
|    value_loss           | 3.52       |
----------------------------------------
---------------------------------
| rollout/           |          |
|    ep_len_mean     | 127      |
|    ep_rew_mean     | -38.6    |
|    success_rate    | 0.67     |
| time/              |          |
|    fps             | 626      |
|    iterations      | 181      |
|    time_elapsed    | 591      |
|    total_timesteps | 370688   |
---------------------------------
-----------------------------------------
| rollout/                |             |
|    ep_len_mean          | 127         |
|    ep_rew_mean          | -38.8       |
|    success_rate         | 0.65        |
| time/                   |             |
|    fps                  | 627         |
|    iterations           | 182         |
|    time_elapsed         | 594         |
|    total_timesteps      | 372736      |
| train/                  |             |
|    approx_kl            | 0.017741902 |
|    clip_fraction        | 0.199       |
|    clip_range           | 0.2         |
|    entropy_loss         | -6.4        |
|    explained_variance   | 0.904       |
|    learning_rate        | 0.0003      |
|    loss                 | 0.418       |
|    n_updates            | 1810        |
|    policy_gradient_loss | -0.00817    |
|    std                  | 0.613       |
|    value_loss           | 2.47        |
-----------------------------------------
-----------------------------------------
| rollout/                |             |
|    ep_len_mean          | 131         |
|    ep_rew_mean          | -39.5       |
|    success_rate         | 0.62        |
| time/                   |             |
|    fps                  | 628         |
|    iterations           | 183         |
|    time_elapsed         | 596         |
|    total_timesteps      | 374784      |
| train/                  |             |
|    approx_kl            | 0.012708305 |
|    clip_fraction        | 0.183       |
|    clip_range           | 0.2         |
|    entropy_loss         | -6.42       |
|    explained_variance   | 0.861       |
|    learning_rate        | 0.0003      |
|    loss                 | 0.761       |
|    n_updates            | 1820        |
|    policy_gradient_loss | -0.0105     |
|    std                  | 0.614       |
|    value_loss           | 5.08        |
-----------------------------------------
Eval num_timesteps=375000, episode_reward=-44.24 +/- 20.30
Episode length: 137.37 +/- 58.75
Success rate: 56.67%
-----------------------------------------
| eval/                   |             |
|    mean_ep_length       | 137         |
|    mean_reward          | -44.2       |
|    success_rate         | 0.567       |
| time/                   |             |
|    total_timesteps      | 375000      |
| train/                  |             |
|    approx_kl            | 0.019268772 |
|    clip_fraction        | 0.213       |
|    clip_range           | 0.2         |
|    entropy_loss         | -6.43       |
|    explained_variance   | 0.912       |
|    learning_rate        | 0.0003      |
|    loss                 | 0.891       |
|    n_updates            | 1830        |
|    policy_gradient_loss | -0.00787    |
|    std                  | 0.614       |
|    value_loss           | 2.97        |
-----------------------------------------
---------------------------------
| rollout/           |          |
|    ep_len_mean     | 131      |
|    ep_rew_mean     | -40      |
|    success_rate    | 0.61     |
| time/              |          |
|    fps             | 627      |
|    iterations      | 184      |
|    time_elapsed    | 600      |
|    total_timesteps | 376832   |
---------------------------------
-----------------------------------------
| rollout/                |             |
|    ep_len_mean          | 132         |
|    ep_rew_mean          | -40.5       |
|    success_rate         | 0.6         |
| time/                   |             |
|    fps                  | 628         |
|    iterations           | 185         |
|    time_elapsed         | 602         |
|    total_timesteps      | 378880      |
| train/                  |             |
|    approx_kl            | 0.015169615 |
|    clip_fraction        | 0.167       |
|    clip_range           | 0.2         |
|    entropy_loss         | -6.42       |
|    explained_variance   | 0.756       |
|    learning_rate        | 0.0003      |
|    loss                 | 5.35        |
|    n_updates            | 1840        |
|    policy_gradient_loss | -0.00555    |
|    std                  | 0.612       |
|    value_loss           | 5.71        |
-----------------------------------------
Eval num_timesteps=380000, episode_reward=-45.42 +/- 21.42
Episode length: 139.87 +/- 56.47
Success rate: 53.33%
-----------------------------------------
| eval/                   |             |
|    mean_ep_length       | 140         |
|    mean_reward          | -45.4       |
|    success_rate         | 0.533       |
| time/                   |             |
|    total_timesteps      | 380000      |
| train/                  |             |
|    approx_kl            | 0.016936004 |
|    clip_fraction        | 0.197       |
|    clip_range           | 0.2         |
|    entropy_loss         | -6.41       |
|    explained_variance   | 0.872       |
|    learning_rate        | 0.0003      |
|    loss                 | 2.33        |
|    n_updates            | 1850        |
|    policy_gradient_loss | -0.00579    |
|    std                  | 0.614       |
|    value_loss           | 5.91        |
-----------------------------------------
---------------------------------
| rollout/           |          |
|    ep_len_mean     | 133      |
|    ep_rew_mean     | -40.3    |
|    success_rate    | 0.6      |
| time/              |          |
|    fps             | 627      |
|    iterations      | 186      |
|    time_elapsed    | 607      |
|    total_timesteps | 380928   |
---------------------------------
-----------------------------------------
| rollout/                |             |
|    ep_len_mean          | 138         |
|    ep_rew_mean          | -42         |
|    success_rate         | 0.55        |
| time/                   |             |
|    fps                  | 628         |
|    iterations           | 187         |
|    time_elapsed         | 609         |
|    total_timesteps      | 382976      |
| train/                  |             |
|    approx_kl            | 0.015067594 |
|    clip_fraction        | 0.192       |
|    clip_range           | 0.2         |
|    entropy_loss         | -6.43       |
|    explained_variance   | 0.881       |
|    learning_rate        | 0.0003      |
|    loss                 | 0.902       |
|    n_updates            | 1860        |
|    policy_gradient_loss | -0.00932    |
|    std                  | 0.615       |
|    value_loss           | 4.02        |
-----------------------------------------
Eval num_timesteps=385000, episode_reward=-37.16 +/- 18.73
Episode length: 121.40 +/- 57.54
Success rate: 66.67%
-----------------------------------------
| eval/                   |             |
|    mean_ep_length       | 121         |
|    mean_reward          | -37.2       |
|    success_rate         | 0.667       |
| time/                   |             |
|    total_timesteps      | 385000      |
| train/                  |             |
|    approx_kl            | 0.024364011 |
|    clip_fraction        | 0.255       |
|    clip_range           | 0.2         |
|    entropy_loss         | -6.46       |
|    explained_variance   | 0.876       |
|    learning_rate        | 0.0003      |
|    loss                 | 0.278       |
|    n_updates            | 1870        |
|    policy_gradient_loss | -0.0106     |
|    std                  | 0.62        |
|    value_loss           | 1.95        |
-----------------------------------------
---------------------------------
| rollout/           |          |
|    ep_len_mean     | 140      |
|    ep_rew_mean     | -42.5    |
|    success_rate    | 0.53     |
| time/              |          |
|    fps             | 627      |
|    iterations      | 188      |
|    time_elapsed    | 613      |
|    total_timesteps | 385024   |
---------------------------------
-----------------------------------------
| rollout/                |             |
|    ep_len_mean          | 141         |
|    ep_rew_mean          | -43.4       |
|    success_rate         | 0.53        |
| time/                   |             |
|    fps                  | 628         |
|    iterations           | 189         |
|    time_elapsed         | 615         |
|    total_timesteps      | 387072      |
| train/                  |             |
|    approx_kl            | 0.019601695 |
|    clip_fraction        | 0.204       |
|    clip_range           | 0.2         |
|    entropy_loss         | -6.47       |
|    explained_variance   | 0.904       |
|    learning_rate        | 0.0003      |
|    loss                 | 1.6         |
|    n_updates            | 1880        |
|    policy_gradient_loss | -0.00802    |
|    std                  | 0.616       |
|    value_loss           | 4.76        |
-----------------------------------------
-----------------------------------------
| rollout/                |             |
|    ep_len_mean          | 137         |
|    ep_rew_mean          | -41.9       |
|    success_rate         | 0.57        |
| time/                   |             |
|    fps                  | 629         |
|    iterations           | 190         |
|    time_elapsed         | 617         |
|    total_timesteps      | 389120      |
| train/                  |             |
|    approx_kl            | 0.021989824 |
|    clip_fraction        | 0.234       |
|    clip_range           | 0.2         |
|    entropy_loss         | -6.43       |
|    explained_variance   | 0.857       |
|    learning_rate        | 0.0003      |
|    loss                 | 2.17        |
|    n_updates            | 1890        |
|    policy_gradient_loss | -0.012      |
|    std                  | 0.614       |
|    value_loss           | 4.7         |
-----------------------------------------
Eval num_timesteps=390000, episode_reward=-42.33 +/- 21.68
Episode length: 129.33 +/- 58.12
Success rate: 60.00%
-----------------------------------------
| eval/                   |             |
|    mean_ep_length       | 129         |
|    mean_reward          | -42.3       |
|    success_rate         | 0.6         |
| time/                   |             |
|    total_timesteps      | 390000      |
| train/                  |             |
|    approx_kl            | 0.020455662 |
|    clip_fraction        | 0.207       |
|    clip_range           | 0.2         |
|    entropy_loss         | -6.41       |
|    explained_variance   | 0.858       |
|    learning_rate        | 0.0003      |
|    loss                 | 1.55        |
|    n_updates            | 1900        |
|    policy_gradient_loss | -0.00858    |
|    std                  | 0.612       |
|    value_loss           | 5.5         |
-----------------------------------------
---------------------------------
| rollout/           |          |
|    ep_len_mean     | 137      |
|    ep_rew_mean     | -41.4    |
|    success_rate    | 0.57     |
| time/              |          |
|    fps             | 628      |
|    iterations      | 191      |
|    time_elapsed    | 622      |
|    total_timesteps | 391168   |
---------------------------------
----------------------------------------
| rollout/                |            |
|    ep_len_mean          | 135        |
|    ep_rew_mean          | -41        |
|    success_rate         | 0.57       |
| time/                   |            |
|    fps                  | 629        |
|    iterations           | 192        |
|    time_elapsed         | 624        |
|    total_timesteps      | 393216     |
| train/                  |            |
|    approx_kl            | 0.01852168 |
|    clip_fraction        | 0.233      |
|    clip_range           | 0.2        |
|    entropy_loss         | -6.4       |
|    explained_variance   | 0.858      |
|    learning_rate        | 0.0003     |
|    loss                 | 1.82       |
|    n_updates            | 1910       |
|    policy_gradient_loss | -0.0103    |
|    std                  | 0.611      |
|    value_loss           | 3.83       |
----------------------------------------
Eval num_timesteps=395000, episode_reward=-45.94 +/- 20.07
Episode length: 145.13 +/- 57.92
Success rate: 50.00%
-----------------------------------------
| eval/                   |             |
|    mean_ep_length       | 145         |
|    mean_reward          | -45.9       |
|    success_rate         | 0.5         |
| time/                   |             |
|    total_timesteps      | 395000      |
| train/                  |             |
|    approx_kl            | 0.021136485 |
|    clip_fraction        | 0.209       |
|    clip_range           | 0.2         |
|    entropy_loss         | -6.4        |
|    explained_variance   | 0.844       |
|    learning_rate        | 0.0003      |
|    loss                 | 2.1         |
|    n_updates            | 1920        |
|    policy_gradient_loss | -0.013      |
|    std                  | 0.612       |
|    value_loss           | 4.59        |
-----------------------------------------
---------------------------------
| rollout/           |          |
|    ep_len_mean     | 132      |
|    ep_rew_mean     | -40.2    |
|    success_rate    | 0.59     |
| time/              |          |
|    fps             | 628      |
|    iterations      | 193      |
|    time_elapsed    | 628      |
|    total_timesteps | 395264   |
---------------------------------
-----------------------------------------
| rollout/                |             |
|    ep_len_mean          | 121         |
|    ep_rew_mean          | -36.5       |
|    success_rate         | 0.69        |
| time/                   |             |
|    fps                  | 629         |
|    iterations           | 194         |
|    time_elapsed         | 631         |
|    total_timesteps      | 397312      |
| train/                  |             |
|    approx_kl            | 0.020576859 |
|    clip_fraction        | 0.246       |
|    clip_range           | 0.2         |
|    entropy_loss         | -6.4        |
|    explained_variance   | 0.916       |
|    learning_rate        | 0.0003      |
|    loss                 | 2.83        |
|    n_updates            | 1930        |
|    policy_gradient_loss | -0.0139     |
|    std                  | 0.611       |
|    value_loss           | 3.78        |
-----------------------------------------
-----------------------------------------
| rollout/                |             |
|    ep_len_mean          | 122         |
|    ep_rew_mean          | -36.8       |
|    success_rate         | 0.67        |
| time/                   |             |
|    fps                  | 630         |
|    iterations           | 195         |
|    time_elapsed         | 632         |
|    total_timesteps      | 399360      |
| train/                  |             |
|    approx_kl            | 0.033314638 |
|    clip_fraction        | 0.227       |
|    clip_range           | 0.2         |
|    entropy_loss         | -6.37       |
|    explained_variance   | 0.885       |
|    learning_rate        | 0.0003      |
|    loss                 | 0.648       |
|    n_updates            | 1940        |
|    policy_gradient_loss | -0.00371    |
|    std                  | 0.608       |
|    value_loss           | 3.05        |
-----------------------------------------
Eval num_timesteps=400000, episode_reward=-45.39 +/- 20.44
Episode length: 147.73 +/- 59.95
Success rate: 46.67%
-----------------------------------------
| eval/                   |             |
|    mean_ep_length       | 148         |
|    mean_reward          | -45.4       |
|    success_rate         | 0.467       |
| time/                   |             |
|    total_timesteps      | 400000      |
| train/                  |             |
|    approx_kl            | 0.020499615 |
|    clip_fraction        | 0.268       |
|    clip_range           | 0.2         |
|    entropy_loss         | -6.34       |
|    explained_variance   | 0.886       |
|    learning_rate        | 0.0003      |
|    loss                 | 1.21        |
|    n_updates            | 1950        |
|    policy_gradient_loss | -0.0075     |
|    std                  | 0.606       |
|    value_loss           | 1.97        |
-----------------------------------------
---------------------------------
| rollout/           |          |
|    ep_len_mean     | 123      |
|    ep_rew_mean     | -36.9    |
|    success_rate    | 0.67     |
| time/              |          |
|    fps             | 629      |
|    iterations      | 196      |
|    time_elapsed    | 637      |
|    total_timesteps | 401408   |
---------------------------------
-----------------------------------------
| rollout/                |             |
|    ep_len_mean          | 126         |
|    ep_rew_mean          | -37.8       |
|    success_rate         | 0.66        |
| time/                   |             |
|    fps                  | 630         |
|    iterations           | 197         |
|    time_elapsed         | 639         |
|    total_timesteps      | 403456      |
| train/                  |             |
|    approx_kl            | 0.018401654 |
|    clip_fraction        | 0.21        |
|    clip_range           | 0.2         |
|    entropy_loss         | -6.32       |
|    explained_variance   | 0.826       |
|    learning_rate        | 0.0003      |
|    loss                 | 0.819       |
|    n_updates            | 1960        |
|    policy_gradient_loss | -0.0079     |
|    std                  | 0.605       |
|    value_loss           | 3.11        |
-----------------------------------------
Eval num_timesteps=405000, episode_reward=-32.71 +/- 19.81
Episode length: 107.90 +/- 55.80
Success rate: 73.33%
-----------------------------------------
| eval/                   |             |
|    mean_ep_length       | 108         |
|    mean_reward          | -32.7       |
|    success_rate         | 0.733       |
| time/                   |             |
|    total_timesteps      | 405000      |
| train/                  |             |
|    approx_kl            | 0.017674688 |
|    clip_fraction        | 0.179       |
|    clip_range           | 0.2         |
|    entropy_loss         | -6.33       |
|    explained_variance   | 0.851       |
|    learning_rate        | 0.0003      |
|    loss                 | 2.19        |
|    n_updates            | 1970        |
|    policy_gradient_loss | -0.00757    |
|    std                  | 0.607       |
|    value_loss           | 3.88        |
-----------------------------------------
New best mean reward!
---------------------------------
| rollout/           |          |
|    ep_len_mean     | 131      |
|    ep_rew_mean     | -39.2    |
|    success_rate    | 0.63     |
| time/              |          |
|    fps             | 630      |
|    iterations      | 198      |
|    time_elapsed    | 643      |
|    total_timesteps | 405504   |
---------------------------------
-----------------------------------------
| rollout/                |             |
|    ep_len_mean          | 134         |
|    ep_rew_mean          | -40.1       |
|    success_rate         | 0.61        |
| time/                   |             |
|    fps                  | 631         |
|    iterations           | 199         |
|    time_elapsed         | 645         |
|    total_timesteps      | 407552      |
| train/                  |             |
|    approx_kl            | 0.024040524 |
|    clip_fraction        | 0.23        |
|    clip_range           | 0.2         |
|    entropy_loss         | -6.33       |
|    explained_variance   | 0.9         |
|    learning_rate        | 0.0003      |
|    loss                 | 1.44        |
|    n_updates            | 1980        |
|    policy_gradient_loss | -0.0102     |
|    std                  | 0.605       |
|    value_loss           | 2.07        |
-----------------------------------------
-----------------------------------------
| rollout/                |             |
|    ep_len_mean          | 140         |
|    ep_rew_mean          | -42.2       |
|    success_rate         | 0.56        |
| time/                   |             |
|    fps                  | 632         |
|    iterations           | 200         |
|    time_elapsed         | 647         |
|    total_timesteps      | 409600      |
| train/                  |             |
|    approx_kl            | 0.016358154 |
|    clip_fraction        | 0.176       |
|    clip_range           | 0.2         |
|    entropy_loss         | -6.3        |
|    explained_variance   | 0.868       |
|    learning_rate        | 0.0003      |
|    loss                 | 3.97        |
|    n_updates            | 1990        |
|    policy_gradient_loss | -0.01       |
|    std                  | 0.602       |
|    value_loss           | 6.48        |
-----------------------------------------
Eval num_timesteps=410000, episode_reward=-48.66 +/- 21.80
Episode length: 150.80 +/- 60.35
Success rate: 40.00%
-----------------------------------------
| eval/                   |             |
|    mean_ep_length       | 151         |
|    mean_reward          | -48.7       |
|    success_rate         | 0.4         |
| time/                   |             |
|    total_timesteps      | 410000      |
| train/                  |             |
|    approx_kl            | 0.016957588 |
|    clip_fraction        | 0.231       |
|    clip_range           | 0.2         |
|    entropy_loss         | -6.27       |
|    explained_variance   | 0.918       |
|    learning_rate        | 0.0003      |
|    loss                 | 1.13        |
|    n_updates            | 2000        |
|    policy_gradient_loss | -0.012      |
|    std                  | 0.602       |
|    value_loss           | 3.33        |
-----------------------------------------
---------------------------------
| rollout/           |          |
|    ep_len_mean     | 145      |
|    ep_rew_mean     | -43.9    |
|    success_rate    | 0.51     |
| time/              |          |
|    fps             | 631      |
|    iterations      | 201      |
|    time_elapsed    | 651      |
|    total_timesteps | 411648   |
---------------------------------
-----------------------------------------
| rollout/                |             |
|    ep_len_mean          | 146         |
|    ep_rew_mean          | -44.5       |
|    success_rate         | 0.51        |
| time/                   |             |
|    fps                  | 632         |
|    iterations           | 202         |
|    time_elapsed         | 653         |
|    total_timesteps      | 413696      |
| train/                  |             |
|    approx_kl            | 0.018160572 |
|    clip_fraction        | 0.203       |
|    clip_range           | 0.2         |
|    entropy_loss         | -6.29       |
|    explained_variance   | 0.917       |
|    learning_rate        | 0.0003      |
|    loss                 | 1.68        |
|    n_updates            | 2010        |
|    policy_gradient_loss | -0.0129     |
|    std                  | 0.604       |
|    value_loss           | 4.57        |
-----------------------------------------
Eval num_timesteps=415000, episode_reward=-44.59 +/- 21.42
Episode length: 139.57 +/- 60.68
Success rate: 50.00%
-----------------------------------------
| eval/                   |             |
|    mean_ep_length       | 140         |
|    mean_reward          | -44.6       |
|    success_rate         | 0.5         |
| time/                   |             |
|    total_timesteps      | 415000      |
| train/                  |             |
|    approx_kl            | 0.021036714 |
|    clip_fraction        | 0.246       |
|    clip_range           | 0.2         |
|    entropy_loss         | -6.24       |
|    explained_variance   | 0.943       |
|    learning_rate        | 0.0003      |
|    loss                 | 0.919       |
|    n_updates            | 2020        |
|    policy_gradient_loss | -0.00688    |
|    std                  | 0.597       |
|    value_loss           | 2.74        |
-----------------------------------------
---------------------------------
| rollout/           |          |
|    ep_len_mean     | 147      |
|    ep_rew_mean     | -44.7    |
|    success_rate    | 0.51     |
| time/              |          |
|    fps             | 631      |
|    iterations      | 203      |
|    time_elapsed    | 657      |
|    total_timesteps | 415744   |
---------------------------------
-----------------------------------------
| rollout/                |             |
|    ep_len_mean          | 147         |
|    ep_rew_mean          | -44.8       |
|    success_rate         | 0.51        |
| time/                   |             |
|    fps                  | 633         |
|    iterations           | 204         |
|    time_elapsed         | 659         |
|    total_timesteps      | 417792      |
| train/                  |             |
|    approx_kl            | 0.014300128 |
|    clip_fraction        | 0.205       |
|    clip_range           | 0.2         |
|    entropy_loss         | -6.21       |
|    explained_variance   | 0.878       |
|    learning_rate        | 0.0003      |
|    loss                 | 2.05        |
|    n_updates            | 2030        |
|    policy_gradient_loss | -0.0073     |
|    std                  | 0.599       |
|    value_loss           | 4.45        |
-----------------------------------------
-----------------------------------------
| rollout/                |             |
|    ep_len_mean          | 142         |
|    ep_rew_mean          | -43.3       |
|    success_rate         | 0.53        |
| time/                   |             |
|    fps                  | 634         |
|    iterations           | 205         |
|    time_elapsed         | 661         |
|    total_timesteps      | 419840      |
| train/                  |             |
|    approx_kl            | 0.016444076 |
|    clip_fraction        | 0.206       |
|    clip_range           | 0.2         |
|    entropy_loss         | -6.22       |
|    explained_variance   | 0.884       |
|    learning_rate        | 0.0003      |
|    loss                 | 4.21        |
|    n_updates            | 2040        |
|    policy_gradient_loss | -0.0155     |
|    std                  | 0.597       |
|    value_loss           | 6.63        |
-----------------------------------------
Eval num_timesteps=420000, episode_reward=-44.04 +/- 20.35
Episode length: 139.17 +/- 60.39
Success rate: 53.33%
-----------------------------------------
| eval/                   |             |
|    mean_ep_length       | 139         |
|    mean_reward          | -44         |
|    success_rate         | 0.533       |
| time/                   |             |
|    total_timesteps      | 420000      |
| train/                  |             |
|    approx_kl            | 0.014284433 |
|    clip_fraction        | 0.174       |
|    clip_range           | 0.2         |
|    entropy_loss         | -6.19       |
|    explained_variance   | 0.892       |
|    learning_rate        | 0.0003      |
|    loss                 | 0.957       |
|    n_updates            | 2050        |
|    policy_gradient_loss | -0.0123     |
|    std                  | 0.594       |
|    value_loss           | 4.82        |
-----------------------------------------
---------------------------------
| rollout/           |          |
|    ep_len_mean     | 136      |
|    ep_rew_mean     | -41.3    |
|    success_rate    | 0.58     |
| time/              |          |
|    fps             | 633      |
|    iterations      | 206      |
|    time_elapsed    | 666      |
|    total_timesteps | 421888   |
---------------------------------
-----------------------------------------
| rollout/                |             |
|    ep_len_mean          | 140         |
|    ep_rew_mean          | -43         |
|    success_rate         | 0.54        |
| time/                   |             |
|    fps                  | 634         |
|    iterations           | 207         |
|    time_elapsed         | 668         |
|    total_timesteps      | 423936      |
| train/                  |             |
|    approx_kl            | 0.021912156 |
|    clip_fraction        | 0.206       |
|    clip_range           | 0.2         |
|    entropy_loss         | -6.16       |
|    explained_variance   | 0.927       |
|    learning_rate        | 0.0003      |
|    loss                 | 2.7         |
|    n_updates            | 2060        |
|    policy_gradient_loss | -0.00927    |
|    std                  | 0.593       |
|    value_loss           | 4.55        |
-----------------------------------------
Eval num_timesteps=425000, episode_reward=-48.87 +/- 20.51
Episode length: 149.00 +/- 58.44
Success rate: 43.33%
-----------------------------------------
| eval/                   |             |
|    mean_ep_length       | 149         |
|    mean_reward          | -48.9       |
|    success_rate         | 0.433       |
| time/                   |             |
|    total_timesteps      | 425000      |
| train/                  |             |
|    approx_kl            | 0.022910658 |
|    clip_fraction        | 0.235       |
|    clip_range           | 0.2         |
|    entropy_loss         | -6.16       |
|    explained_variance   | 0.855       |
|    learning_rate        | 0.0003      |
|    loss                 | 0.297       |
|    n_updates            | 2070        |
|    policy_gradient_loss | -0.00584    |
|    std                  | 0.594       |
|    value_loss           | 2.01        |
-----------------------------------------
---------------------------------
| rollout/           |          |
|    ep_len_mean     | 140      |
|    ep_rew_mean     | -42.8    |
|    success_rate    | 0.55     |
| time/              |          |
|    fps             | 633      |
|    iterations      | 208      |
|    time_elapsed    | 672      |
|    total_timesteps | 425984   |
---------------------------------
-----------------------------------------
| rollout/                |             |
|    ep_len_mean          | 139         |
|    ep_rew_mean          | -42.4       |
|    success_rate         | 0.56        |
| time/                   |             |
|    fps                  | 634         |
|    iterations           | 209         |
|    time_elapsed         | 674         |
|    total_timesteps      | 428032      |
| train/                  |             |
|    approx_kl            | 0.018463321 |
|    clip_fraction        | 0.201       |
|    clip_range           | 0.2         |
|    entropy_loss         | -6.16       |
|    explained_variance   | 0.79        |
|    learning_rate        | 0.0003      |
|    loss                 | 0.903       |
|    n_updates            | 2080        |
|    policy_gradient_loss | -0.00731    |
|    std                  | 0.595       |
|    value_loss           | 5.37        |
-----------------------------------------
Eval num_timesteps=430000, episode_reward=-57.85 +/- 26.99
Episode length: 164.33 +/- 54.62
Success rate: 30.00%
----------------------------------------
| eval/                   |            |
|    mean_ep_length       | 164        |
|    mean_reward          | -57.8      |
|    success_rate         | 0.3        |
| time/                   |            |
|    total_timesteps      | 430000     |
| train/                  |            |
|    approx_kl            | 0.01980552 |
|    clip_fraction        | 0.194      |
|    clip_range           | 0.2        |
|    entropy_loss         | -6.15      |
|    explained_variance   | 0.841      |
|    learning_rate        | 0.0003     |
|    loss                 | 1.6        |
|    n_updates            | 2090       |
|    policy_gradient_loss | -0.00736   |
|    std                  | 0.592      |
|    value_loss           | 5.44       |
----------------------------------------
---------------------------------
| rollout/           |          |
|    ep_len_mean     | 142      |
|    ep_rew_mean     | -43.5    |
|    success_rate    | 0.53     |
| time/              |          |
|    fps             | 633      |
|    iterations      | 210      |
|    time_elapsed    | 679      |
|    total_timesteps | 430080   |
---------------------------------
----------------------------------------
| rollout/                |            |
|    ep_len_mean          | 138        |
|    ep_rew_mean          | -42.3      |
|    success_rate         | 0.55       |
| time/                   |            |
|    fps                  | 634        |
|    iterations           | 211        |
|    time_elapsed         | 681        |
|    total_timesteps      | 432128     |
| train/                  |            |
|    approx_kl            | 0.03094193 |
|    clip_fraction        | 0.24       |
|    clip_range           | 0.2        |
|    entropy_loss         | -6.13      |
|    explained_variance   | 0.896      |
|    learning_rate        | 0.0003     |
|    loss                 | 0.353      |
|    n_updates            | 2100       |
|    policy_gradient_loss | -0.00806   |
|    std                  | 0.592      |
|    value_loss           | 2.34       |
----------------------------------------
----------------------------------------
| rollout/                |            |
|    ep_len_mean          | 140        |
|    ep_rew_mean          | -43.3      |
|    success_rate         | 0.53       |
| time/                   |            |
|    fps                  | 635        |
|    iterations           | 212        |
|    time_elapsed         | 683        |
|    total_timesteps      | 434176     |
| train/                  |            |
|    approx_kl            | 0.01844604 |
|    clip_fraction        | 0.217      |
|    clip_range           | 0.2        |
|    entropy_loss         | -6.12      |
|    explained_variance   | 0.86       |
|    learning_rate        | 0.0003     |
|    loss                 | 1.66       |
|    n_updates            | 2110       |
|    policy_gradient_loss | -0.0101    |
|    std                  | 0.59       |
|    value_loss           | 4.21       |
----------------------------------------
Eval num_timesteps=435000, episode_reward=-56.46 +/- 24.50
Episode length: 160.73 +/- 55.63
Success rate: 33.33%
-----------------------------------------
| eval/                   |             |
|    mean_ep_length       | 161         |
|    mean_reward          | -56.5       |
|    success_rate         | 0.333       |
| time/                   |             |
|    total_timesteps      | 435000      |
| train/                  |             |
|    approx_kl            | 0.019417845 |
|    clip_fraction        | 0.201       |
|    clip_range           | 0.2         |
|    entropy_loss         | -6.08       |
|    explained_variance   | 0.874       |
|    learning_rate        | 0.0003      |
|    loss                 | 1.26        |
|    n_updates            | 2120        |
|    policy_gradient_loss | -0.00855    |
|    std                  | 0.586       |
|    value_loss           | 4.72        |
-----------------------------------------
---------------------------------
| rollout/           |          |
|    ep_len_mean     | 141      |
|    ep_rew_mean     | -43.4    |
|    success_rate    | 0.53     |
| time/              |          |
|    fps             | 634      |
|    iterations      | 213      |
|    time_elapsed    | 687      |
|    total_timesteps | 436224   |
---------------------------------
-----------------------------------------
| rollout/                |             |
|    ep_len_mean          | 142         |
|    ep_rew_mean          | -43.9       |
|    success_rate         | 0.53        |
| time/                   |             |
|    fps                  | 635         |
|    iterations           | 214         |
|    time_elapsed         | 689         |
|    total_timesteps      | 438272      |
| train/                  |             |
|    approx_kl            | 0.019664932 |
|    clip_fraction        | 0.259       |
|    clip_range           | 0.2         |
|    entropy_loss         | -6.06       |
|    explained_variance   | 0.899       |
|    learning_rate        | 0.0003      |
|    loss                 | 1.31        |
|    n_updates            | 2130        |
|    policy_gradient_loss | -0.0104     |
|    std                  | 0.587       |
|    value_loss           | 3.76        |
-----------------------------------------
Eval num_timesteps=440000, episode_reward=-70.43 +/- 14.86
Episode length: 200.00 +/- 0.00
Success rate: 0.00%
-----------------------------------------
| eval/                   |             |
|    mean_ep_length       | 200         |
|    mean_reward          | -70.4       |
|    success_rate         | 0           |
| time/                   |             |
|    total_timesteps      | 440000      |
| train/                  |             |
|    approx_kl            | 0.023352772 |
|    clip_fraction        | 0.248       |
|    clip_range           | 0.2         |
|    entropy_loss         | -6.07       |
|    explained_variance   | 0.909       |
|    learning_rate        | 0.0003      |
|    loss                 | 0.618       |
|    n_updates            | 2140        |
|    policy_gradient_loss | -0.00597    |
|    std                  | 0.587       |
|    value_loss           | 2.06        |
-----------------------------------------
---------------------------------
| rollout/           |          |
|    ep_len_mean     | 143      |
|    ep_rew_mean     | -45      |
|    success_rate    | 0.51     |
| time/              |          |
|    fps             | 634      |
|    iterations      | 215      |
|    time_elapsed    | 694      |
|    total_timesteps | 440320   |
---------------------------------
-----------------------------------------
| rollout/                |             |
|    ep_len_mean          | 149         |
|    ep_rew_mean          | -46.9       |
|    success_rate         | 0.46        |
| time/                   |             |
|    fps                  | 635         |
|    iterations           | 216         |
|    time_elapsed         | 696         |
|    total_timesteps      | 442368      |
| train/                  |             |
|    approx_kl            | 0.020828836 |
|    clip_fraction        | 0.266       |
|    clip_range           | 0.2         |
|    entropy_loss         | -6.08       |
|    explained_variance   | 0.917       |
|    learning_rate        | 0.0003      |
|    loss                 | 0.735       |
|    n_updates            | 2150        |
|    policy_gradient_loss | -0.00191    |
|    std                  | 0.588       |
|    value_loss           | 1.78        |
-----------------------------------------
----------------------------------------
| rollout/                |            |
|    ep_len_mean          | 150        |
|    ep_rew_mean          | -46.8      |
|    success_rate         | 0.45       |
| time/                   |            |
|    fps                  | 636        |
|    iterations           | 217        |
|    time_elapsed         | 698        |
|    total_timesteps      | 444416     |
| train/                  |            |
|    approx_kl            | 0.01880741 |
|    clip_fraction        | 0.263      |
|    clip_range           | 0.2        |
|    entropy_loss         | -6.07      |
|    explained_variance   | 0.947      |
|    learning_rate        | 0.0003     |
|    loss                 | 0.658      |
|    n_updates            | 2160       |
|    policy_gradient_loss | -0.00753   |
|    std                  | 0.587      |
|    value_loss           | 1.31       |
----------------------------------------
Eval num_timesteps=445000, episode_reward=-66.55 +/- 16.78
Episode length: 190.67 +/- 30.13
Success rate: 10.00%
-----------------------------------------
| eval/                   |             |
|    mean_ep_length       | 191         |
|    mean_reward          | -66.6       |
|    success_rate         | 0.1         |
| time/                   |             |
|    total_timesteps      | 445000      |
| train/                  |             |
|    approx_kl            | 0.026180597 |
|    clip_fraction        | 0.226       |
|    clip_range           | 0.2         |
|    entropy_loss         | -6.05       |
|    explained_variance   | 0.929       |
|    learning_rate        | 0.0003      |
|    loss                 | 0.165       |
|    n_updates            | 2170        |
|    policy_gradient_loss | -0.00825    |
|    std                  | 0.584       |
|    value_loss           | 2.19        |
-----------------------------------------
---------------------------------
| rollout/           |          |
|    ep_len_mean     | 158      |
|    ep_rew_mean     | -49.8    |
|    success_rate    | 0.38     |
| time/              |          |
|    fps             | 635      |
|    iterations      | 218      |
|    time_elapsed    | 703      |
|    total_timesteps | 446464   |
---------------------------------
-----------------------------------------
| rollout/                |             |
|    ep_len_mean          | 160         |
|    ep_rew_mean          | -51         |
|    success_rate         | 0.36        |
| time/                   |             |
|    fps                  | 636         |
|    iterations           | 219         |
|    time_elapsed         | 704         |
|    total_timesteps      | 448512      |
| train/                  |             |
|    approx_kl            | 0.020792961 |
|    clip_fraction        | 0.21        |
|    clip_range           | 0.2         |
|    entropy_loss         | -6.02       |
|    explained_variance   | 0.882       |
|    learning_rate        | 0.0003      |
|    loss                 | 1.91        |
|    n_updates            | 2180        |
|    policy_gradient_loss | -0.0057     |
|    std                  | 0.581       |
|    value_loss           | 3.23        |
-----------------------------------------
Eval num_timesteps=450000, episode_reward=-61.57 +/- 21.68
Episode length: 182.90 +/- 39.99
Success rate: 16.67%
-----------------------------------------
| eval/                   |             |
|    mean_ep_length       | 183         |
|    mean_reward          | -61.6       |
|    success_rate         | 0.167       |
| time/                   |             |
|    total_timesteps      | 450000      |
| train/                  |             |
|    approx_kl            | 0.028732453 |
|    clip_fraction        | 0.273       |
|    clip_range           | 0.2         |
|    entropy_loss         | -6.01       |
|    explained_variance   | 0.894       |
|    learning_rate        | 0.0003      |
|    loss                 | 0.2         |
|    n_updates            | 2190        |
|    policy_gradient_loss | -0.0075     |
|    std                  | 0.581       |
|    value_loss           | 1.73        |
-----------------------------------------
---------------------------------
| rollout/           |          |
|    ep_len_mean     | 167      |
|    ep_rew_mean     | -53.4    |
|    success_rate    | 0.31     |
| time/              |          |
|    fps             | 634      |
|    iterations      | 220      |
|    time_elapsed    | 709      |
|    total_timesteps | 450560   |
---------------------------------
-----------------------------------------
| rollout/                |             |
|    ep_len_mean          | 169         |
|    ep_rew_mean          | -54         |
|    success_rate         | 0.29        |
| time/                   |             |
|    fps                  | 636         |
|    iterations           | 221         |
|    time_elapsed         | 711         |
|    total_timesteps      | 452608      |
| train/                  |             |
|    approx_kl            | 0.019521013 |
|    clip_fraction        | 0.274       |
|    clip_range           | 0.2         |
|    entropy_loss         | -6.01       |
|    explained_variance   | 0.948       |
|    learning_rate        | 0.0003      |
|    loss                 | 0.119       |
|    n_updates            | 2200        |
|    policy_gradient_loss | -0.00905    |
|    std                  | 0.582       |
|    value_loss           | 0.868       |
-----------------------------------------
-----------------------------------------
| rollout/                |             |
|    ep_len_mean          | 176         |
|    ep_rew_mean          | -57         |
|    success_rate         | 0.23        |
| time/                   |             |
|    fps                  | 637         |
|    iterations           | 222         |
|    time_elapsed         | 713         |
|    total_timesteps      | 454656      |
| train/                  |             |
|    approx_kl            | 0.017136961 |
|    clip_fraction        | 0.203       |
|    clip_range           | 0.2         |
|    entropy_loss         | -6.01       |
|    explained_variance   | 0.865       |
|    learning_rate        | 0.0003      |
|    loss                 | 1.16        |
|    n_updates            | 2210        |
|    policy_gradient_loss | -0.00712    |
|    std                  | 0.581       |
|    value_loss           | 4           |
-----------------------------------------
Eval num_timesteps=455000, episode_reward=-64.00 +/- 17.51
Episode length: 187.57 +/- 33.44
Success rate: 13.33%
-----------------------------------------
| eval/                   |             |
|    mean_ep_length       | 188         |
|    mean_reward          | -64         |
|    success_rate         | 0.133       |
| time/                   |             |
|    total_timesteps      | 455000      |
| train/                  |             |
|    approx_kl            | 0.028368464 |
|    clip_fraction        | 0.279       |
|    clip_range           | 0.2         |
|    entropy_loss         | -6.02       |
|    explained_variance   | 0.951       |
|    learning_rate        | 0.0003      |
|    loss                 | 0.132       |
|    n_updates            | 2220        |
|    policy_gradient_loss | -0.00891    |
|    std                  | 0.584       |
|    value_loss           | 0.891       |
-----------------------------------------
---------------------------------
| rollout/           |          |
|    ep_len_mean     | 179      |
|    ep_rew_mean     | -57.9    |
|    success_rate    | 0.2      |
| time/              |          |
|    fps             | 635      |
|    iterations      | 223      |
|    time_elapsed    | 718      |
|    total_timesteps | 456704   |
---------------------------------
-----------------------------------------
| rollout/                |             |
|    ep_len_mean          | 181         |
|    ep_rew_mean          | -58.8       |
|    success_rate         | 0.18        |
| time/                   |             |
|    fps                  | 637         |
|    iterations           | 224         |
|    time_elapsed         | 720         |
|    total_timesteps      | 458752      |
| train/                  |             |
|    approx_kl            | 0.023821358 |
|    clip_fraction        | 0.275       |
|    clip_range           | 0.2         |
|    entropy_loss         | -6.01       |
|    explained_variance   | 0.954       |
|    learning_rate        | 0.0003      |
|    loss                 | 0.051       |
|    n_updates            | 2230        |
|    policy_gradient_loss | -0.00473    |
|    std                  | 0.579       |
|    value_loss           | 0.427       |
-----------------------------------------
Eval num_timesteps=460000, episode_reward=-63.95 +/- 19.26
Episode length: 187.27 +/- 35.35
Success rate: 13.33%
-----------------------------------------
| eval/                   |             |
|    mean_ep_length       | 187         |
|    mean_reward          | -64         |
|    success_rate         | 0.133       |
| time/                   |             |
|    total_timesteps      | 460000      |
| train/                  |             |
|    approx_kl            | 0.017439062 |
|    clip_fraction        | 0.225       |
|    clip_range           | 0.2         |
|    entropy_loss         | -6          |
|    explained_variance   | 0.961       |
|    learning_rate        | 0.0003      |
|    loss                 | 0.304       |
|    n_updates            | 2240        |
|    policy_gradient_loss | -0.00965    |
|    std                  | 0.582       |
|    value_loss           | 0.883       |
-----------------------------------------
---------------------------------
| rollout/           |          |
|    ep_len_mean     | 181      |
|    ep_rew_mean     | -59.2    |
|    success_rate    | 0.18     |
| time/              |          |
|    fps             | 635      |
|    iterations      | 225      |
|    time_elapsed    | 724      |
|    total_timesteps | 460800   |
---------------------------------
-----------------------------------------
| rollout/                |             |
|    ep_len_mean          | 182         |
|    ep_rew_mean          | -58.9       |
|    success_rate         | 0.18        |
| time/                   |             |
|    fps                  | 636         |
|    iterations           | 226         |
|    time_elapsed         | 726         |
|    total_timesteps      | 462848      |
| train/                  |             |
|    approx_kl            | 0.020640517 |
|    clip_fraction        | 0.198       |
|    clip_range           | 0.2         |
|    entropy_loss         | -6.01       |
|    explained_variance   | 0.875       |
|    learning_rate        | 0.0003      |
|    loss                 | 1.03        |
|    n_updates            | 2250        |
|    policy_gradient_loss | -0.00896    |
|    std                  | 0.581       |
|    value_loss           | 3.68        |
-----------------------------------------
----------------------------------------
| rollout/                |            |
|    ep_len_mean          | 183        |
|    ep_rew_mean          | -58.8      |
|    success_rate         | 0.18       |
| time/                   |            |
|    fps                  | 638        |
|    iterations           | 227        |
|    time_elapsed         | 728        |
|    total_timesteps      | 464896     |
| train/                  |            |
|    approx_kl            | 0.01775822 |
|    clip_fraction        | 0.182      |
|    clip_range           | 0.2        |
|    entropy_loss         | -5.98      |
|    explained_variance   | 0.866      |
|    learning_rate        | 0.0003     |
|    loss                 | 1.26       |
|    n_updates            | 2260       |
|    policy_gradient_loss | -0.0102    |
|    std                  | 0.577      |
|    value_loss           | 3          |
----------------------------------------
Eval num_timesteps=465000, episode_reward=-62.17 +/- 15.36
Episode length: 190.30 +/- 20.33
Success rate: 20.00%
-----------------------------------------
| eval/                   |             |
|    mean_ep_length       | 190         |
|    mean_reward          | -62.2       |
|    success_rate         | 0.2         |
| time/                   |             |
|    total_timesteps      | 465000      |
| train/                  |             |
|    approx_kl            | 0.017051678 |
|    clip_fraction        | 0.21        |
|    clip_range           | 0.2         |
|    entropy_loss         | -5.95       |
|    explained_variance   | 0.869       |
|    learning_rate        | 0.0003      |
|    loss                 | 1.97        |
|    n_updates            | 2270        |
|    policy_gradient_loss | -0.0121     |
|    std                  | 0.575       |
|    value_loss           | 3.3         |
-----------------------------------------
---------------------------------
| rollout/           |          |
|    ep_len_mean     | 182      |
|    ep_rew_mean     | -58.2    |
|    success_rate    | 0.19     |
| time/              |          |
|    fps             | 636      |
|    iterations      | 228      |
|    time_elapsed    | 733      |
|    total_timesteps | 466944   |
---------------------------------
-----------------------------------------
| rollout/                |             |
|    ep_len_mean          | 177         |
|    ep_rew_mean          | -55.8       |
|    success_rate         | 0.25        |
| time/                   |             |
|    fps                  | 637         |
|    iterations           | 229         |
|    time_elapsed         | 735         |
|    total_timesteps      | 468992      |
| train/                  |             |
|    approx_kl            | 0.014878975 |
|    clip_fraction        | 0.158       |
|    clip_range           | 0.2         |
|    entropy_loss         | -5.94       |
|    explained_variance   | 0.83        |
|    learning_rate        | 0.0003      |
|    loss                 | 1.64        |
|    n_updates            | 2280        |
|    policy_gradient_loss | -0.00707    |
|    std                  | 0.575       |
|    value_loss           | 5.22        |
-----------------------------------------
Eval num_timesteps=470000, episode_reward=-54.66 +/- 18.07
Episode length: 179.77 +/- 41.09
Success rate: 23.33%
-----------------------------------------
| eval/                   |             |
|    mean_ep_length       | 180         |
|    mean_reward          | -54.7       |
|    success_rate         | 0.233       |
| time/                   |             |
|    total_timesteps      | 470000      |
| train/                  |             |
|    approx_kl            | 0.012499848 |
|    clip_fraction        | 0.173       |
|    clip_range           | 0.2         |
|    entropy_loss         | -5.94       |
|    explained_variance   | 0.809       |
|    learning_rate        | 0.0003      |
|    loss                 | 3.32        |
|    n_updates            | 2290        |
|    policy_gradient_loss | -0.0073     |
|    std                  | 0.574       |
|    value_loss           | 7.45        |
-----------------------------------------
---------------------------------
| rollout/           |          |
|    ep_len_mean     | 177      |
|    ep_rew_mean     | -56.1    |
|    success_rate    | 0.24     |
| time/              |          |
|    fps             | 636      |
|    iterations      | 230      |
|    time_elapsed    | 740      |
|    total_timesteps | 471040   |
---------------------------------
-----------------------------------------
| rollout/                |             |
|    ep_len_mean          | 177         |
|    ep_rew_mean          | -55.2       |
|    success_rate         | 0.24        |
| time/                   |             |
|    fps                  | 637         |
|    iterations           | 231         |
|    time_elapsed         | 742         |
|    total_timesteps      | 473088      |
| train/                  |             |
|    approx_kl            | 0.020291764 |
|    clip_fraction        | 0.233       |
|    clip_range           | 0.2         |
|    entropy_loss         | -5.94       |
|    explained_variance   | 0.873       |
|    learning_rate        | 0.0003      |
|    loss                 | 0.318       |
|    n_updates            | 2300        |
|    policy_gradient_loss | -0.00937    |
|    std                  | 0.574       |
|    value_loss           | 3.94        |
-----------------------------------------
Eval num_timesteps=475000, episode_reward=-57.25 +/- 19.05
Episode length: 180.80 +/- 37.18
Success rate: 23.33%
-----------------------------------------
| eval/                   |             |
|    mean_ep_length       | 181         |
|    mean_reward          | -57.2       |
|    success_rate         | 0.233       |
| time/                   |             |
|    total_timesteps      | 475000      |
| train/                  |             |
|    approx_kl            | 0.025094554 |
|    clip_fraction        | 0.295       |
|    clip_range           | 0.2         |
|    entropy_loss         | -5.91       |
|    explained_variance   | 0.927       |
|    learning_rate        | 0.0003      |
|    loss                 | 0.119       |
|    n_updates            | 2310        |
|    policy_gradient_loss | -0.00694    |
|    std                  | 0.573       |
|    value_loss           | 2.36        |
-----------------------------------------
---------------------------------
| rollout/           |          |
|    ep_len_mean     | 173      |
|    ep_rew_mean     | -53.2    |
|    success_rate    | 0.28     |
| time/              |          |
|    fps             | 635      |
|    iterations      | 232      |
|    time_elapsed    | 747      |
|    total_timesteps | 475136   |
---------------------------------
-----------------------------------------
| rollout/                |             |
|    ep_len_mean          | 170         |
|    ep_rew_mean          | -52         |
|    success_rate         | 0.3         |
| time/                   |             |
|    fps                  | 637         |
|    iterations           | 233         |
|    time_elapsed         | 749         |
|    total_timesteps      | 477184      |
| train/                  |             |
|    approx_kl            | 0.019139443 |
|    clip_fraction        | 0.215       |
|    clip_range           | 0.2         |
|    entropy_loss         | -5.88       |
|    explained_variance   | 0.885       |
|    learning_rate        | 0.0003      |
|    loss                 | 1.53        |
|    n_updates            | 2320        |
|    policy_gradient_loss | -0.0118     |
|    std                  | 0.569       |
|    value_loss           | 4.56        |
-----------------------------------------
-----------------------------------------
| rollout/                |             |
|    ep_len_mean          | 168         |
|    ep_rew_mean          | -51.4       |
|    success_rate         | 0.32        |
| time/                   |             |
|    fps                  | 638         |
|    iterations           | 234         |
|    time_elapsed         | 750         |
|    total_timesteps      | 479232      |
| train/                  |             |
|    approx_kl            | 0.012225257 |
|    clip_fraction        | 0.159       |
|    clip_range           | 0.2         |
|    entropy_loss         | -5.84       |
|    explained_variance   | 0.88        |
|    learning_rate        | 0.0003      |
|    loss                 | 9.04        |
|    n_updates            | 2330        |
|    policy_gradient_loss | -0.00661    |
|    std                  | 0.567       |
|    value_loss           | 4.77        |
-----------------------------------------
Eval num_timesteps=480000, episode_reward=-56.13 +/- 17.12
Episode length: 178.70 +/- 42.65
Success rate: 26.67%
----------------------------------------
| eval/                   |            |
|    mean_ep_length       | 179        |
|    mean_reward          | -56.1      |
|    success_rate         | 0.267      |
| time/                   |            |
|    total_timesteps      | 480000     |
| train/                  |            |
|    approx_kl            | 0.03121375 |
|    clip_fraction        | 0.293      |
|    clip_range           | 0.2        |
|    entropy_loss         | -5.84      |
|    explained_variance   | 0.933      |
|    learning_rate        | 0.0003     |
|    loss                 | 0.7        |
|    n_updates            | 2340       |
|    policy_gradient_loss | -0.00346   |
|    std                  | 0.569      |
|    value_loss           | 1.77       |
----------------------------------------
---------------------------------
| rollout/           |          |
|    ep_len_mean     | 162      |
|    ep_rew_mean     | -49.9    |
|    success_rate    | 0.37     |
| time/              |          |
|    fps             | 636      |
|    iterations      | 235      |
|    time_elapsed    | 755      |
|    total_timesteps | 481280   |
---------------------------------
-----------------------------------------
| rollout/                |             |
|    ep_len_mean          | 164         |
|    ep_rew_mean          | -50.8       |
|    success_rate         | 0.35        |
| time/                   |             |
|    fps                  | 637         |
|    iterations           | 236         |
|    time_elapsed         | 757         |
|    total_timesteps      | 483328      |
| train/                  |             |
|    approx_kl            | 0.015765596 |
|    clip_fraction        | 0.184       |
|    clip_range           | 0.2         |
|    entropy_loss         | -5.85       |
|    explained_variance   | 0.876       |
|    learning_rate        | 0.0003      |
|    loss                 | 2.36        |
|    n_updates            | 2350        |
|    policy_gradient_loss | -0.00941    |
|    std                  | 0.569       |
|    value_loss           | 5.53        |
-----------------------------------------
Eval num_timesteps=485000, episode_reward=-47.46 +/- 25.69
Episode length: 146.57 +/- 56.73
Success rate: 50.00%
-----------------------------------------
| eval/                   |             |
|    mean_ep_length       | 147         |
|    mean_reward          | -47.5       |
|    success_rate         | 0.5         |
| time/                   |             |
|    total_timesteps      | 485000      |
| train/                  |             |
|    approx_kl            | 0.021149833 |
|    clip_fraction        | 0.205       |
|    clip_range           | 0.2         |
|    entropy_loss         | -5.86       |
|    explained_variance   | 0.934       |
|    learning_rate        | 0.0003      |
|    loss                 | 0.51        |
|    n_updates            | 2360        |
|    policy_gradient_loss | -0.00988    |
|    std                  | 0.57        |
|    value_loss           | 2.38        |
-----------------------------------------
---------------------------------
| rollout/           |          |
|    ep_len_mean     | 164      |
|    ep_rew_mean     | -50.9    |
|    success_rate    | 0.33     |
| time/              |          |
|    fps             | 636      |
|    iterations      | 237      |
|    time_elapsed    | 762      |
|    total_timesteps | 485376   |
---------------------------------
-----------------------------------------
| rollout/                |             |
|    ep_len_mean          | 166         |
|    ep_rew_mean          | -51.8       |
|    success_rate         | 0.32        |
| time/                   |             |
|    fps                  | 637         |
|    iterations           | 238         |
|    time_elapsed         | 764         |
|    total_timesteps      | 487424      |
| train/                  |             |
|    approx_kl            | 0.028128963 |
|    clip_fraction        | 0.281       |
|    clip_range           | 0.2         |
|    entropy_loss         | -5.86       |
|    explained_variance   | 0.903       |
|    learning_rate        | 0.0003      |
|    loss                 | 0.871       |
|    n_updates            | 2370        |
|    policy_gradient_loss | -0.00862    |
|    std                  | 0.569       |
|    value_loss           | 2.07        |
-----------------------------------------
-----------------------------------------
| rollout/                |             |
|    ep_len_mean          | 161         |
|    ep_rew_mean          | -50.3       |
|    success_rate         | 0.37        |
| time/                   |             |
|    fps                  | 638         |
|    iterations           | 239         |
|    time_elapsed         | 766         |
|    total_timesteps      | 489472      |
| train/                  |             |
|    approx_kl            | 0.019266251 |
|    clip_fraction        | 0.211       |
|    clip_range           | 0.2         |
|    entropy_loss         | -5.84       |
|    explained_variance   | 0.807       |
|    learning_rate        | 0.0003      |
|    loss                 | 1.73        |
|    n_updates            | 2380        |
|    policy_gradient_loss | -0.0077     |
|    std                  | 0.568       |
|    value_loss           | 5.07        |
-----------------------------------------
Eval num_timesteps=490000, episode_reward=-51.19 +/- 23.13
Episode length: 157.17 +/- 55.49
Success rate: 40.00%
----------------------------------------
| eval/                   |            |
|    mean_ep_length       | 157        |
|    mean_reward          | -51.2      |
|    success_rate         | 0.4        |
| time/                   |            |
|    total_timesteps      | 490000     |
| train/                  |            |
|    approx_kl            | 0.01745365 |
|    clip_fraction        | 0.23       |
|    clip_range           | 0.2        |
|    entropy_loss         | -5.81      |
|    explained_variance   | 0.834      |
|    learning_rate        | 0.0003     |
|    loss                 | 1.09       |
|    n_updates            | 2390       |
|    policy_gradient_loss | -0.00668   |
|    std                  | 0.565      |
|    value_loss           | 5.9        |
----------------------------------------
---------------------------------
| rollout/           |          |
|    ep_len_mean     | 160      |
|    ep_rew_mean     | -49.9    |
|    success_rate    | 0.38     |
| time/              |          |
|    fps             | 637      |
|    iterations      | 240      |
|    time_elapsed    | 770      |
|    total_timesteps | 491520   |
---------------------------------
----------------------------------------
| rollout/                |            |
|    ep_len_mean          | 163        |
|    ep_rew_mean          | -50.4      |
|    success_rate         | 0.37       |
| time/                   |            |
|    fps                  | 638        |
|    iterations           | 241        |
|    time_elapsed         | 772        |
|    total_timesteps      | 493568     |
| train/                  |            |
|    approx_kl            | 0.02249384 |
|    clip_fraction        | 0.206      |
|    clip_range           | 0.2        |
|    entropy_loss         | -5.78      |
|    explained_variance   | 0.846      |
|    learning_rate        | 0.0003     |
|    loss                 | 1.99       |
|    n_updates            | 2400       |
|    policy_gradient_loss | -0.0109    |
|    std                  | 0.564      |
|    value_loss           | 5.49       |
----------------------------------------
Eval num_timesteps=495000, episode_reward=-54.90 +/- 15.93
Episode length: 177.00 +/- 40.17
Success rate: 30.00%
-----------------------------------------
| eval/                   |             |
|    mean_ep_length       | 177         |
|    mean_reward          | -54.9       |
|    success_rate         | 0.3         |
| time/                   |             |
|    total_timesteps      | 495000      |
| train/                  |             |
|    approx_kl            | 0.019038761 |
|    clip_fraction        | 0.235       |
|    clip_range           | 0.2         |
|    entropy_loss         | -5.78       |
|    explained_variance   | 0.869       |
|    learning_rate        | 0.0003      |
|    loss                 | 2.85        |
|    n_updates            | 2410        |
|    policy_gradient_loss | -0.00591    |
|    std                  | 0.564       |
|    value_loss           | 6.69        |
-----------------------------------------
---------------------------------
| rollout/           |          |
|    ep_len_mean     | 165      |
|    ep_rew_mean     | -51      |
|    success_rate    | 0.36     |
| time/              |          |
|    fps             | 637      |
|    iterations      | 242      |
|    time_elapsed    | 777      |
|    total_timesteps | 495616   |
---------------------------------
-----------------------------------------
| rollout/                |             |
|    ep_len_mean          | 170         |
|    ep_rew_mean          | -52.9       |
|    success_rate         | 0.31        |
| time/                   |             |
|    fps                  | 638         |
|    iterations           | 243         |
|    time_elapsed         | 779         |
|    total_timesteps      | 497664      |
| train/                  |             |
|    approx_kl            | 0.022831382 |
|    clip_fraction        | 0.239       |
|    clip_range           | 0.2         |
|    entropy_loss         | -5.77       |
|    explained_variance   | 0.752       |
|    learning_rate        | 0.0003      |
|    loss                 | 1.31        |
|    n_updates            | 2420        |
|    policy_gradient_loss | -0.00798    |
|    std                  | 0.563       |
|    value_loss           | 6.67        |
-----------------------------------------
----------------------------------------
| rollout/                |            |
|    ep_len_mean          | 169        |
|    ep_rew_mean          | -52        |
|    success_rate         | 0.34       |
| time/                   |            |
|    fps                  | 639        |
|    iterations           | 244        |
|    time_elapsed         | 781        |
|    total_timesteps      | 499712     |
| train/                  |            |
|    approx_kl            | 0.03734518 |
|    clip_fraction        | 0.31       |
|    clip_range           | 0.2        |
|    entropy_loss         | -5.73      |
|    explained_variance   | 0.83       |
|    learning_rate        | 0.0003     |
|    loss                 | 2.22       |
|    n_updates            | 2430       |
|    policy_gradient_loss | -0.00475   |
|    std                  | 0.559      |
|    value_loss           | 1.79       |
----------------------------------------
Eval num_timesteps=500000, episode_reward=-61.13 +/- 15.15
Episode length: 188.63 +/- 30.04
Success rate: 23.33%
-----------------------------------------
| eval/                   |             |
|    mean_ep_length       | 189         |
|    mean_reward          | -61.1       |
|    success_rate         | 0.233       |
| time/                   |             |
|    total_timesteps      | 500000      |
| train/                  |             |
|    approx_kl            | 0.017476723 |
|    clip_fraction        | 0.254       |
|    clip_range           | 0.2         |
|    entropy_loss         | -5.72       |
|    explained_variance   | 0.638       |
|    learning_rate        | 0.0003      |
|    loss                 | 3.42        |
|    n_updates            | 2440        |
|    policy_gradient_loss | -0.00761    |
|    std                  | 0.561       |
|    value_loss           | 6.5         |
-----------------------------------------
---------------------------------
| rollout/           |          |
|    ep_len_mean     | 172      |
|    ep_rew_mean     | -52.7    |
|    success_rate    | 0.32     |
| time/              |          |
|    fps             | 637      |
|    iterations      | 245      |
|    time_elapsed    | 786      |
|    total_timesteps | 501760   |
---------------------------------
Training complete. Best model: models\runs\ppo_basic_s2/best_model.zip
