Using cpu device
Run ppo_relvec_s0: 500000 steps
---------------------------------
| rollout/           |          |
|    ep_len_mean     | 200      |
|    ep_rew_mean     | -188     |
|    success_rate    | 0        |
| time/              |          |
|    fps             | 1741     |
|    iterations      | 1        |
|    time_elapsed    | 1        |
|    total_timesteps | 2048     |
---------------------------------
-----------------------------------------
| rollout/                |             |
|    ep_len_mean          | 200         |
|    ep_rew_mean          | -183        |
|    success_rate         | 0           |
| time/                   |             |
|    fps                  | 1452        |
|    iterations           | 2           |
|    time_elapsed         | 2           |
|    total_timesteps      | 4096        |
| train/                  |             |
|    approx_kl            | 0.012811223 |
|    clip_fraction        | 0.117       |
|    clip_range           | 0.2         |
|    entropy_loss         | -9.92       |
|    explained_variance   | -0.01       |
|    learning_rate        | 0.0003      |
|    loss                 | 10.4        |
|    n_updates            | 10          |
|    policy_gradient_loss | -0.0173     |
|    std                  | 0.998       |
|    value_loss           | 94.3        |
-----------------------------------------
Eval num_timesteps=5000, episode_reward=-169.71 +/- 18.91
Episode length: 200.00 +/- 0.00
Success rate: 0.00%
-----------------------------------------
| eval/                   |             |
|    mean_ep_length       | 200         |
|    mean_reward          | -170        |
|    success_rate         | 0           |
| time/                   |             |
|    total_timesteps      | 5000        |
| train/                  |             |
|    approx_kl            | 0.009734902 |
|    clip_fraction        | 0.056       |
|    clip_range           | 0.2         |
|    entropy_loss         | -9.9        |
|    explained_variance   | 0.0979      |
|    learning_rate        | 0.0003      |
|    loss                 | 12.9        |
|    n_updates            | 20          |
|    policy_gradient_loss | -0.0112     |
|    std                  | 0.99        |
|    value_loss           | 77.8        |
-----------------------------------------
New best mean reward!
---------------------------------
| rollout/           |          |
|    ep_len_mean     | 200      |
|    ep_rew_mean     | -179     |
|    success_rate    | 0        |
| time/              |          |
|    fps             | 851      |
|    iterations      | 3        |
|    time_elapsed    | 7        |
|    total_timesteps | 6144     |
---------------------------------
-----------------------------------------
| rollout/                |             |
|    ep_len_mean          | 200         |
|    ep_rew_mean          | -178        |
|    success_rate         | 0           |
| time/                   |             |
|    fps                  | 920         |
|    iterations           | 4           |
|    time_elapsed         | 8           |
|    total_timesteps      | 8192        |
| train/                  |             |
|    approx_kl            | 0.008923269 |
|    clip_fraction        | 0.0762      |
|    clip_range           | 0.2         |
|    entropy_loss         | -9.84       |
|    explained_variance   | 0.00617     |
|    learning_rate        | 0.0003      |
|    loss                 | 10.1        |
|    n_updates            | 30          |
|    policy_gradient_loss | -0.0121     |
|    std                  | 0.984       |
|    value_loss           | 63.7        |
-----------------------------------------
Eval num_timesteps=10000, episode_reward=-154.99 +/- 22.49
Episode length: 200.00 +/- 0.00
Success rate: 0.00%
-----------------------------------------
| eval/                   |             |
|    mean_ep_length       | 200         |
|    mean_reward          | -155        |
|    success_rate         | 0           |
| time/                   |             |
|    total_timesteps      | 10000       |
| train/                  |             |
|    approx_kl            | 0.012257516 |
|    clip_fraction        | 0.0912      |
|    clip_range           | 0.2         |
|    entropy_loss         | -9.81       |
|    explained_variance   | 0.00329     |
|    learning_rate        | 0.0003      |
|    loss                 | 7.29        |
|    n_updates            | 40          |
|    policy_gradient_loss | -0.0141     |
|    std                  | 0.981       |
|    value_loss           | 46          |
-----------------------------------------
New best mean reward!
---------------------------------
| rollout/           |          |
|    ep_len_mean     | 200      |
|    ep_rew_mean     | -176     |
|    success_rate    | 0        |
| time/              |          |
|    fps             | 765      |
|    iterations      | 5        |
|    time_elapsed    | 13       |
|    total_timesteps | 10240    |
---------------------------------
-----------------------------------------
| rollout/                |             |
|    ep_len_mean          | 200         |
|    ep_rew_mean          | -176        |
|    success_rate         | 0           |
| time/                   |             |
|    fps                  | 815         |
|    iterations           | 6           |
|    time_elapsed         | 15          |
|    total_timesteps      | 12288       |
| train/                  |             |
|    approx_kl            | 0.011194102 |
|    clip_fraction        | 0.0919      |
|    clip_range           | 0.2         |
|    entropy_loss         | -9.78       |
|    explained_variance   | 0.00498     |
|    learning_rate        | 0.0003      |
|    loss                 | 5.39        |
|    n_updates            | 50          |
|    policy_gradient_loss | -0.0143     |
|    std                  | 0.975       |
|    value_loss           | 35.9        |
-----------------------------------------
-----------------------------------------
| rollout/                |             |
|    ep_len_mean          | 200         |
|    ep_rew_mean          | -173        |
|    success_rate         | 0           |
| time/                   |             |
|    fps                  | 851         |
|    iterations           | 7           |
|    time_elapsed         | 16          |
|    total_timesteps      | 14336       |
| train/                  |             |
|    approx_kl            | 0.012132841 |
|    clip_fraction        | 0.11        |
|    clip_range           | 0.2         |
|    entropy_loss         | -9.75       |
|    explained_variance   | 0.00203     |
|    learning_rate        | 0.0003      |
|    loss                 | 4.97        |
|    n_updates            | 60          |
|    policy_gradient_loss | -0.015      |
|    std                  | 0.974       |
|    value_loss           | 28.3        |
-----------------------------------------
Eval num_timesteps=15000, episode_reward=-154.71 +/- 26.92
Episode length: 200.00 +/- 0.00
Success rate: 0.00%
-----------------------------------------
| eval/                   |             |
|    mean_ep_length       | 200         |
|    mean_reward          | -155        |
|    success_rate         | 0           |
| time/                   |             |
|    total_timesteps      | 15000       |
| train/                  |             |
|    approx_kl            | 0.015088461 |
|    clip_fraction        | 0.141       |
|    clip_range           | 0.2         |
|    entropy_loss         | -9.73       |
|    explained_variance   | 0.00209     |
|    learning_rate        | 0.0003      |
|    loss                 | 3.04        |
|    n_updates            | 70          |
|    policy_gradient_loss | -0.0122     |
|    std                  | 0.968       |
|    value_loss           | 13          |
-----------------------------------------
New best mean reward!
---------------------------------
| rollout/           |          |
|    ep_len_mean     | 200      |
|    ep_rew_mean     | -172     |
|    success_rate    | 0        |
| time/              |          |
|    fps             | 771      |
|    iterations      | 8        |
|    time_elapsed    | 21       |
|    total_timesteps | 16384    |
---------------------------------
-----------------------------------------
| rollout/                |             |
|    ep_len_mean          | 200         |
|    ep_rew_mean          | -171        |
|    success_rate         | 0           |
| time/                   |             |
|    fps                  | 803         |
|    iterations           | 9           |
|    time_elapsed         | 22          |
|    total_timesteps      | 18432       |
| train/                  |             |
|    approx_kl            | 0.011902427 |
|    clip_fraction        | 0.0729      |
|    clip_range           | 0.2         |
|    entropy_loss         | -9.69       |
|    explained_variance   | 0.00406     |
|    learning_rate        | 0.0003      |
|    loss                 | 1.88        |
|    n_updates            | 80          |
|    policy_gradient_loss | -0.00868    |
|    std                  | 0.963       |
|    value_loss           | 11.4        |
-----------------------------------------
Eval num_timesteps=20000, episode_reward=-129.91 +/- 23.23
Episode length: 200.00 +/- 0.00
Success rate: 0.00%
----------------------------------------
| eval/                   |            |
|    mean_ep_length       | 200        |
|    mean_reward          | -130       |
|    success_rate         | 0          |
| time/                   |            |
|    total_timesteps      | 20000      |
| train/                  |            |
|    approx_kl            | 0.01270842 |
|    clip_fraction        | 0.0826     |
|    clip_range           | 0.2        |
|    entropy_loss         | -9.67      |
|    explained_variance   | 0.516      |
|    learning_rate        | 0.0003     |
|    loss                 | 1.19       |
|    n_updates            | 90         |
|    policy_gradient_loss | -0.0138    |
|    std                  | 0.963      |
|    value_loss           | 8.66       |
----------------------------------------
New best mean reward!
---------------------------------
| rollout/           |          |
|    ep_len_mean     | 200      |
|    ep_rew_mean     | -167     |
|    success_rate    | 0        |
| time/              |          |
|    fps             | 743      |
|    iterations      | 10       |
|    time_elapsed    | 27       |
|    total_timesteps | 20480    |
---------------------------------
-----------------------------------------
| rollout/                |             |
|    ep_len_mean          | 200         |
|    ep_rew_mean          | -164        |
|    success_rate         | 0           |
| time/                   |             |
|    fps                  | 768         |
|    iterations           | 11          |
|    time_elapsed         | 29          |
|    total_timesteps      | 22528       |
| train/                  |             |
|    approx_kl            | 0.014226219 |
|    clip_fraction        | 0.155       |
|    clip_range           | 0.2         |
|    entropy_loss         | -9.65       |
|    explained_variance   | 0.863       |
|    learning_rate        | 0.0003      |
|    loss                 | 0.644       |
|    n_updates            | 100         |
|    policy_gradient_loss | -0.0174     |
|    std                  | 0.959       |
|    value_loss           | 2.76        |
-----------------------------------------
----------------------------------------
| rollout/                |            |
|    ep_len_mean          | 200        |
|    ep_rew_mean          | -159       |
|    success_rate         | 0          |
| time/                   |            |
|    fps                  | 792        |
|    iterations           | 12         |
|    time_elapsed         | 30         |
|    total_timesteps      | 24576      |
| train/                  |            |
|    approx_kl            | 0.01744891 |
|    clip_fraction        | 0.171      |
|    clip_range           | 0.2        |
|    entropy_loss         | -9.62      |
|    explained_variance   | 0.947      |
|    learning_rate        | 0.0003     |
|    loss                 | 0.916      |
|    n_updates            | 110        |
|    policy_gradient_loss | -0.0229    |
|    std                  | 0.953      |
|    value_loss           | 3.41       |
----------------------------------------
Eval num_timesteps=25000, episode_reward=-129.69 +/- 19.89
Episode length: 200.00 +/- 0.00
Success rate: 0.00%
----------------------------------------
| eval/                   |            |
|    mean_ep_length       | 200        |
|    mean_reward          | -130       |
|    success_rate         | 0          |
| time/                   |            |
|    total_timesteps      | 25000      |
| train/                  |            |
|    approx_kl            | 0.01369852 |
|    clip_fraction        | 0.187      |
|    clip_range           | 0.2        |
|    entropy_loss         | -9.58      |
|    explained_variance   | 0.972      |
|    learning_rate        | 0.0003     |
|    loss                 | 1.25       |
|    n_updates            | 120        |
|    policy_gradient_loss | -0.0231    |
|    std                  | 0.949      |
|    value_loss           | 3.53       |
----------------------------------------
New best mean reward!
---------------------------------
| rollout/           |          |
|    ep_len_mean     | 200      |
|    ep_rew_mean     | -155     |
|    success_rate    | 0        |
| time/              |          |
|    fps             | 741      |
|    iterations      | 13       |
|    time_elapsed    | 35       |
|    total_timesteps | 26624    |
---------------------------------
-----------------------------------------
| rollout/                |             |
|    ep_len_mean          | 200         |
|    ep_rew_mean          | -149        |
|    success_rate         | 0           |
| time/                   |             |
|    fps                  | 762         |
|    iterations           | 14          |
|    time_elapsed         | 37          |
|    total_timesteps      | 28672       |
| train/                  |             |
|    approx_kl            | 0.015565908 |
|    clip_fraction        | 0.194       |
|    clip_range           | 0.2         |
|    entropy_loss         | -9.55       |
|    explained_variance   | 0.982       |
|    learning_rate        | 0.0003      |
|    loss                 | 1.31        |
|    n_updates            | 130         |
|    policy_gradient_loss | -0.0264     |
|    std                  | 0.944       |
|    value_loss           | 3.91        |
-----------------------------------------
Eval num_timesteps=30000, episode_reward=-130.60 +/- 20.28
Episode length: 200.00 +/- 0.00
Success rate: 0.00%
-----------------------------------------
| eval/                   |             |
|    mean_ep_length       | 200         |
|    mean_reward          | -131        |
|    success_rate         | 0           |
| time/                   |             |
|    total_timesteps      | 30000       |
| train/                  |             |
|    approx_kl            | 0.013285829 |
|    clip_fraction        | 0.128       |
|    clip_range           | 0.2         |
|    entropy_loss         | -9.51       |
|    explained_variance   | 0.964       |
|    learning_rate        | 0.0003      |
|    loss                 | 1.22        |
|    n_updates            | 140         |
|    policy_gradient_loss | -0.0184     |
|    std                  | 0.938       |
|    value_loss           | 4.03        |
-----------------------------------------
---------------------------------
| rollout/           |          |
|    ep_len_mean     | 200      |
|    ep_rew_mean     | -144     |
|    success_rate    | 0        |
| time/              |          |
|    fps             | 717      |
|    iterations      | 15       |
|    time_elapsed    | 42       |
|    total_timesteps | 30720    |
---------------------------------
-----------------------------------------
| rollout/                |             |
|    ep_len_mean          | 200         |
|    ep_rew_mean          | -139        |
|    success_rate         | 0           |
| time/                   |             |
|    fps                  | 735         |
|    iterations           | 16          |
|    time_elapsed         | 44          |
|    total_timesteps      | 32768       |
| train/                  |             |
|    approx_kl            | 0.012848593 |
|    clip_fraction        | 0.134       |
|    clip_range           | 0.2         |
|    entropy_loss         | -9.47       |
|    explained_variance   | 0.951       |
|    learning_rate        | 0.0003      |
|    loss                 | 0.893       |
|    n_updates            | 150         |
|    policy_gradient_loss | -0.0161     |
|    std                  | 0.934       |
|    value_loss           | 3.01        |
-----------------------------------------
-----------------------------------------
| rollout/                |             |
|    ep_len_mean          | 200         |
|    ep_rew_mean          | -134        |
|    success_rate         | 0           |
| time/                   |             |
|    fps                  | 751         |
|    iterations           | 17          |
|    time_elapsed         | 46          |
|    total_timesteps      | 34816       |
| train/                  |             |
|    approx_kl            | 0.013670683 |
|    clip_fraction        | 0.165       |
|    clip_range           | 0.2         |
|    entropy_loss         | -9.43       |
|    explained_variance   | 0.957       |
|    learning_rate        | 0.0003      |
|    loss                 | 0.822       |
|    n_updates            | 160         |
|    policy_gradient_loss | -0.02       |
|    std                  | 0.928       |
|    value_loss           | 2.45        |
-----------------------------------------
Eval num_timesteps=35000, episode_reward=-125.86 +/- 14.48
Episode length: 200.00 +/- 0.00
Success rate: 0.00%
-----------------------------------------
| eval/                   |             |
|    mean_ep_length       | 200         |
|    mean_reward          | -126        |
|    success_rate         | 0           |
| time/                   |             |
|    total_timesteps      | 35000       |
| train/                  |             |
|    approx_kl            | 0.013485564 |
|    clip_fraction        | 0.154       |
|    clip_range           | 0.2         |
|    entropy_loss         | -9.38       |
|    explained_variance   | 0.93        |
|    learning_rate        | 0.0003      |
|    loss                 | 1.23        |
|    n_updates            | 170         |
|    policy_gradient_loss | -0.0182     |
|    std                  | 0.922       |
|    value_loss           | 3.24        |
-----------------------------------------
New best mean reward!
---------------------------------
| rollout/           |          |
|    ep_len_mean     | 200      |
|    ep_rew_mean     | -130     |
|    success_rate    | 0        |
| time/              |          |
|    fps             | 713      |
|    iterations      | 18       |
|    time_elapsed    | 51       |
|    total_timesteps | 36864    |
---------------------------------
-----------------------------------------
| rollout/                |             |
|    ep_len_mean          | 200         |
|    ep_rew_mean          | -128        |
|    success_rate         | 0           |
| time/                   |             |
|    fps                  | 727         |
|    iterations           | 19          |
|    time_elapsed         | 53          |
|    total_timesteps      | 38912       |
| train/                  |             |
|    approx_kl            | 0.012501476 |
|    clip_fraction        | 0.141       |
|    clip_range           | 0.2         |
|    entropy_loss         | -9.37       |
|    explained_variance   | 0.952       |
|    learning_rate        | 0.0003      |
|    loss                 | 0.93        |
|    n_updates            | 180         |
|    policy_gradient_loss | -0.0178     |
|    std                  | 0.922       |
|    value_loss           | 3.17        |
-----------------------------------------
Eval num_timesteps=40000, episode_reward=-123.74 +/- 16.62
Episode length: 200.00 +/- 0.00
Success rate: 0.00%
-----------------------------------------
| eval/                   |             |
|    mean_ep_length       | 200         |
|    mean_reward          | -124        |
|    success_rate         | 0           |
| time/                   |             |
|    total_timesteps      | 40000       |
| train/                  |             |
|    approx_kl            | 0.015212899 |
|    clip_fraction        | 0.166       |
|    clip_range           | 0.2         |
|    entropy_loss         | -9.35       |
|    explained_variance   | 0.954       |
|    learning_rate        | 0.0003      |
|    loss                 | 1.18        |
|    n_updates            | 190         |
|    policy_gradient_loss | -0.0194     |
|    std                  | 0.919       |
|    value_loss           | 2.37        |
-----------------------------------------
New best mean reward!
---------------------------------
| rollout/           |          |
|    ep_len_mean     | 200      |
|    ep_rew_mean     | -126     |
|    success_rate    | 0        |
| time/              |          |
|    fps             | 696      |
|    iterations      | 20       |
|    time_elapsed    | 58       |
|    total_timesteps | 40960    |
---------------------------------
-----------------------------------------
| rollout/                |             |
|    ep_len_mean          | 200         |
|    ep_rew_mean          | -123        |
|    success_rate         | 0           |
| time/                   |             |
|    fps                  | 708         |
|    iterations           | 21          |
|    time_elapsed         | 60          |
|    total_timesteps      | 43008       |
| train/                  |             |
|    approx_kl            | 0.012059913 |
|    clip_fraction        | 0.142       |
|    clip_range           | 0.2         |
|    entropy_loss         | -9.34       |
|    explained_variance   | 0.971       |
|    learning_rate        | 0.0003      |
|    loss                 | 0.574       |
|    n_updates            | 200         |
|    policy_gradient_loss | -0.0152     |
|    std                  | 0.92        |
|    value_loss           | 1.89        |
-----------------------------------------
Eval num_timesteps=45000, episode_reward=-120.57 +/- 10.31
Episode length: 200.00 +/- 0.00
Success rate: 0.00%
-----------------------------------------
| eval/                   |             |
|    mean_ep_length       | 200         |
|    mean_reward          | -121        |
|    success_rate         | 0           |
| time/                   |             |
|    total_timesteps      | 45000       |
| train/                  |             |
|    approx_kl            | 0.017674709 |
|    clip_fraction        | 0.187       |
|    clip_range           | 0.2         |
|    entropy_loss         | -9.35       |
|    explained_variance   | 0.984       |
|    learning_rate        | 0.0003      |
|    loss                 | 0.418       |
|    n_updates            | 210         |
|    policy_gradient_loss | -0.0226     |
|    std                  | 0.92        |
|    value_loss           | 1.38        |
-----------------------------------------
New best mean reward!
---------------------------------
| rollout/           |          |
|    ep_len_mean     | 200      |
|    ep_rew_mean     | -122     |
|    success_rate    | 0        |
| time/              |          |
|    fps             | 682      |
|    iterations      | 22       |
|    time_elapsed    | 65       |
|    total_timesteps | 45056    |
---------------------------------
-----------------------------------------
| rollout/                |             |
|    ep_len_mean          | 200         |
|    ep_rew_mean          | -119        |
|    success_rate         | 0           |
| time/                   |             |
|    fps                  | 693         |
|    iterations           | 23          |
|    time_elapsed         | 67          |
|    total_timesteps      | 47104       |
| train/                  |             |
|    approx_kl            | 0.016321905 |
|    clip_fraction        | 0.212       |
|    clip_range           | 0.2         |
|    entropy_loss         | -9.32       |
|    explained_variance   | 0.993       |
|    learning_rate        | 0.0003      |
|    loss                 | 0.676       |
|    n_updates            | 220         |
|    policy_gradient_loss | -0.0281     |
|    std                  | 0.912       |
|    value_loss           | 1.51        |
-----------------------------------------
-----------------------------------------
| rollout/                |             |
|    ep_len_mean          | 200         |
|    ep_rew_mean          | -120        |
|    success_rate         | 0           |
| time/                   |             |
|    fps                  | 704         |
|    iterations           | 24          |
|    time_elapsed         | 69          |
|    total_timesteps      | 49152       |
| train/                  |             |
|    approx_kl            | 0.016526807 |
|    clip_fraction        | 0.205       |
|    clip_range           | 0.2         |
|    entropy_loss         | -9.27       |
|    explained_variance   | 0.993       |
|    learning_rate        | 0.0003      |
|    loss                 | 0.415       |
|    n_updates            | 230         |
|    policy_gradient_loss | -0.0279     |
|    std                  | 0.909       |
|    value_loss           | 1.39        |
-----------------------------------------
Eval num_timesteps=50000, episode_reward=-112.38 +/- 10.03
Episode length: 200.00 +/- 0.00
Success rate: 0.00%
-----------------------------------------
| eval/                   |             |
|    mean_ep_length       | 200         |
|    mean_reward          | -112        |
|    success_rate         | 0           |
| time/                   |             |
|    total_timesteps      | 50000       |
| train/                  |             |
|    approx_kl            | 0.015002552 |
|    clip_fraction        | 0.197       |
|    clip_range           | 0.2         |
|    entropy_loss         | -9.25       |
|    explained_variance   | 0.994       |
|    learning_rate        | 0.0003      |
|    loss                 | 0.608       |
|    n_updates            | 240         |
|    policy_gradient_loss | -0.023      |
|    std                  | 0.906       |
|    value_loss           | 1.56        |
-----------------------------------------
New best mean reward!
---------------------------------
| rollout/           |          |
|    ep_len_mean     | 200      |
|    ep_rew_mean     | -119     |
|    success_rate    | 0        |
| time/              |          |
|    fps             | 680      |
|    iterations      | 25       |
|    time_elapsed    | 75       |
|    total_timesteps | 51200    |
---------------------------------
-----------------------------------------
| rollout/                |             |
|    ep_len_mean          | 200         |
|    ep_rew_mean          | -119        |
|    success_rate         | 0           |
| time/                   |             |
|    fps                  | 691         |
|    iterations           | 26          |
|    time_elapsed         | 77          |
|    total_timesteps      | 53248       |
| train/                  |             |
|    approx_kl            | 0.013012445 |
|    clip_fraction        | 0.135       |
|    clip_range           | 0.2         |
|    entropy_loss         | -9.22       |
|    explained_variance   | 0.99        |
|    learning_rate        | 0.0003      |
|    loss                 | 0.676       |
|    n_updates            | 250         |
|    policy_gradient_loss | -0.0147     |
|    std                  | 0.901       |
|    value_loss           | 1.81        |
-----------------------------------------
Eval num_timesteps=55000, episode_reward=-108.71 +/- 11.27
Episode length: 200.00 +/- 0.00
Success rate: 0.00%
-----------------------------------------
| eval/                   |             |
|    mean_ep_length       | 200         |
|    mean_reward          | -109        |
|    success_rate         | 0           |
| time/                   |             |
|    total_timesteps      | 55000       |
| train/                  |             |
|    approx_kl            | 0.012864739 |
|    clip_fraction        | 0.158       |
|    clip_range           | 0.2         |
|    entropy_loss         | -9.18       |
|    explained_variance   | 0.99        |
|    learning_rate        | 0.0003      |
|    loss                 | 0.577       |
|    n_updates            | 260         |
|    policy_gradient_loss | -0.0185     |
|    std                  | 0.897       |
|    value_loss           | 1.72        |
-----------------------------------------
New best mean reward!
---------------------------------
| rollout/           |          |
|    ep_len_mean     | 200      |
|    ep_rew_mean     | -118     |
|    success_rate    | 0        |
| time/              |          |
|    fps             | 670      |
|    iterations      | 27       |
|    time_elapsed    | 82       |
|    total_timesteps | 55296    |
---------------------------------
-----------------------------------------
| rollout/                |             |
|    ep_len_mean          | 200         |
|    ep_rew_mean          | -117        |
|    success_rate         | 0           |
| time/                   |             |
|    fps                  | 680         |
|    iterations           | 28          |
|    time_elapsed         | 84          |
|    total_timesteps      | 57344       |
| train/                  |             |
|    approx_kl            | 0.013283013 |
|    clip_fraction        | 0.14        |
|    clip_range           | 0.2         |
|    entropy_loss         | -9.15       |
|    explained_variance   | 0.985       |
|    learning_rate        | 0.0003      |
|    loss                 | 0.495       |
|    n_updates            | 270         |
|    policy_gradient_loss | -0.0157     |
|    std                  | 0.896       |
|    value_loss           | 1.72        |
-----------------------------------------
-----------------------------------------
| rollout/                |             |
|    ep_len_mean          | 200         |
|    ep_rew_mean          | -116        |
|    success_rate         | 0           |
| time/                   |             |
|    fps                  | 689         |
|    iterations           | 29          |
|    time_elapsed         | 86          |
|    total_timesteps      | 59392       |
| train/                  |             |
|    approx_kl            | 0.012854934 |
|    clip_fraction        | 0.174       |
|    clip_range           | 0.2         |
|    entropy_loss         | -9.15       |
|    explained_variance   | 0.99        |
|    learning_rate        | 0.0003      |
|    loss                 | 0.387       |
|    n_updates            | 280         |
|    policy_gradient_loss | -0.0182     |
|    std                  | 0.895       |
|    value_loss           | 1.44        |
-----------------------------------------
Eval num_timesteps=60000, episode_reward=-107.35 +/- 9.99
Episode length: 200.00 +/- 0.00
Success rate: 0.00%
-----------------------------------------
| eval/                   |             |
|    mean_ep_length       | 200         |
|    mean_reward          | -107        |
|    success_rate         | 0           |
| time/                   |             |
|    total_timesteps      | 60000       |
| train/                  |             |
|    approx_kl            | 0.013104653 |
|    clip_fraction        | 0.158       |
|    clip_range           | 0.2         |
|    entropy_loss         | -9.1        |
|    explained_variance   | 0.988       |
|    learning_rate        | 0.0003      |
|    loss                 | 0.279       |
|    n_updates            | 290         |
|    policy_gradient_loss | -0.0158     |
|    std                  | 0.885       |
|    value_loss           | 1.16        |
-----------------------------------------
New best mean reward!
---------------------------------
| rollout/           |          |
|    ep_len_mean     | 200      |
|    ep_rew_mean     | -115     |
|    success_rate    | 0        |
| time/              |          |
|    fps             | 671      |
|    iterations      | 30       |
|    time_elapsed    | 91       |
|    total_timesteps | 61440    |
---------------------------------
-----------------------------------------
| rollout/                |             |
|    ep_len_mean          | 200         |
|    ep_rew_mean          | -114        |
|    success_rate         | 0           |
| time/                   |             |
|    fps                  | 680         |
|    iterations           | 31          |
|    time_elapsed         | 93          |
|    total_timesteps      | 63488       |
| train/                  |             |
|    approx_kl            | 0.012742994 |
|    clip_fraction        | 0.131       |
|    clip_range           | 0.2         |
|    entropy_loss         | -9.03       |
|    explained_variance   | 0.99        |
|    learning_rate        | 0.0003      |
|    loss                 | 0.174       |
|    n_updates            | 300         |
|    policy_gradient_loss | -0.00962    |
|    std                  | 0.878       |
|    value_loss           | 1.06        |
-----------------------------------------
Eval num_timesteps=65000, episode_reward=-108.49 +/- 8.52
Episode length: 200.00 +/- 0.00
Success rate: 0.00%
-----------------------------------------
| eval/                   |             |
|    mean_ep_length       | 200         |
|    mean_reward          | -108        |
|    success_rate         | 0           |
| time/                   |             |
|    total_timesteps      | 65000       |
| train/                  |             |
|    approx_kl            | 0.013560624 |
|    clip_fraction        | 0.149       |
|    clip_range           | 0.2         |
|    entropy_loss         | -8.98       |
|    explained_variance   | 0.993       |
|    learning_rate        | 0.0003      |
|    loss                 | 0.241       |
|    n_updates            | 310         |
|    policy_gradient_loss | -0.014      |
|    std                  | 0.872       |
|    value_loss           | 0.894       |
-----------------------------------------
---------------------------------
| rollout/           |          |
|    ep_len_mean     | 200      |
|    ep_rew_mean     | -113     |
|    success_rate    | 0        |
| time/              |          |
|    fps             | 665      |
|    iterations      | 32       |
|    time_elapsed    | 98       |
|    total_timesteps | 65536    |
---------------------------------
-----------------------------------------
| rollout/                |             |
|    ep_len_mean          | 200         |
|    ep_rew_mean          | -113        |
|    success_rate         | 0           |
| time/                   |             |
|    fps                  | 673         |
|    iterations           | 33          |
|    time_elapsed         | 100         |
|    total_timesteps      | 67584       |
| train/                  |             |
|    approx_kl            | 0.013500121 |
|    clip_fraction        | 0.161       |
|    clip_range           | 0.2         |
|    entropy_loss         | -8.95       |
|    explained_variance   | 0.994       |
|    learning_rate        | 0.0003      |
|    loss                 | 0.203       |
|    n_updates            | 320         |
|    policy_gradient_loss | -0.0138     |
|    std                  | 0.871       |
|    value_loss           | 0.936       |
-----------------------------------------
-----------------------------------------
| rollout/                |             |
|    ep_len_mean          | 200         |
|    ep_rew_mean          | -112        |
|    success_rate         | 0           |
| time/                   |             |
|    fps                  | 681         |
|    iterations           | 34          |
|    time_elapsed         | 102         |
|    total_timesteps      | 69632       |
| train/                  |             |
|    approx_kl            | 0.010316935 |
|    clip_fraction        | 0.142       |
|    clip_range           | 0.2         |
|    entropy_loss         | -8.9        |
|    explained_variance   | 0.995       |
|    learning_rate        | 0.0003      |
|    loss                 | 0.277       |
|    n_updates            | 330         |
|    policy_gradient_loss | -0.0118     |
|    std                  | 0.861       |
|    value_loss           | 0.884       |
-----------------------------------------
Eval num_timesteps=70000, episode_reward=-104.53 +/- 7.65
Episode length: 200.00 +/- 0.00
Success rate: 0.00%
-----------------------------------------
| eval/                   |             |
|    mean_ep_length       | 200         |
|    mean_reward          | -105        |
|    success_rate         | 0           |
| time/                   |             |
|    total_timesteps      | 70000       |
| train/                  |             |
|    approx_kl            | 0.016756523 |
|    clip_fraction        | 0.174       |
|    clip_range           | 0.2         |
|    entropy_loss         | -8.84       |
|    explained_variance   | 0.997       |
|    learning_rate        | 0.0003      |
|    loss                 | 0.22        |
|    n_updates            | 340         |
|    policy_gradient_loss | -0.016      |
|    std                  | 0.856       |
|    value_loss           | 0.697       |
-----------------------------------------
New best mean reward!
---------------------------------
| rollout/           |          |
|    ep_len_mean     | 200      |
|    ep_rew_mean     | -111     |
|    success_rate    | 0        |
| time/              |          |
|    fps             | 666      |
|    iterations      | 35       |
|    time_elapsed    | 107      |
|    total_timesteps | 71680    |
---------------------------------
----------------------------------------
| rollout/                |            |
|    ep_len_mean          | 200        |
|    ep_rew_mean          | -110       |
|    success_rate         | 0          |
| time/                   |            |
|    fps                  | 673        |
|    iterations           | 36         |
|    time_elapsed         | 109        |
|    total_timesteps      | 73728      |
| train/                  |            |
|    approx_kl            | 0.01609759 |
|    clip_fraction        | 0.159      |
|    clip_range           | 0.2        |
|    entropy_loss         | -8.83      |
|    explained_variance   | 0.993      |
|    learning_rate        | 0.0003     |
|    loss                 | 0.274      |
|    n_updates            | 350        |
|    policy_gradient_loss | -0.0129    |
|    std                  | 0.857      |
|    value_loss           | 1.07       |
----------------------------------------
Eval num_timesteps=75000, episode_reward=-111.57 +/- 11.22
Episode length: 200.00 +/- 0.00
Success rate: 0.00%
-----------------------------------------
| eval/                   |             |
|    mean_ep_length       | 200         |
|    mean_reward          | -112        |
|    success_rate         | 0           |
| time/                   |             |
|    total_timesteps      | 75000       |
| train/                  |             |
|    approx_kl            | 0.012974319 |
|    clip_fraction        | 0.148       |
|    clip_range           | 0.2         |
|    entropy_loss         | -8.81       |
|    explained_variance   | 0.994       |
|    learning_rate        | 0.0003      |
|    loss                 | 0.229       |
|    n_updates            | 360         |
|    policy_gradient_loss | -0.0128     |
|    std                  | 0.854       |
|    value_loss           | 0.849       |
-----------------------------------------
---------------------------------
| rollout/           |          |
|    ep_len_mean     | 200      |
|    ep_rew_mean     | -109     |
|    success_rate    | 0        |
| time/              |          |
|    fps             | 658      |
|    iterations      | 37       |
|    time_elapsed    | 115      |
|    total_timesteps | 75776    |
---------------------------------
-----------------------------------------
| rollout/                |             |
|    ep_len_mean          | 200         |
|    ep_rew_mean          | -108        |
|    success_rate         | 0           |
| time/                   |             |
|    fps                  | 665         |
|    iterations           | 38          |
|    time_elapsed         | 117         |
|    total_timesteps      | 77824       |
| train/                  |             |
|    approx_kl            | 0.011530592 |
|    clip_fraction        | 0.142       |
|    clip_range           | 0.2         |
|    entropy_loss         | -8.81       |
|    explained_variance   | 0.992       |
|    learning_rate        | 0.0003      |
|    loss                 | 0.172       |
|    n_updates            | 370         |
|    policy_gradient_loss | -0.0147     |
|    std                  | 0.854       |
|    value_loss           | 0.9         |
-----------------------------------------
-----------------------------------------
| rollout/                |             |
|    ep_len_mean          | 200         |
|    ep_rew_mean          | -107        |
|    success_rate         | 0           |
| time/                   |             |
|    fps                  | 671         |
|    iterations           | 39          |
|    time_elapsed         | 118         |
|    total_timesteps      | 79872       |
| train/                  |             |
|    approx_kl            | 0.012792624 |
|    clip_fraction        | 0.147       |
|    clip_range           | 0.2         |
|    entropy_loss         | -8.78       |
|    explained_variance   | 0.993       |
|    learning_rate        | 0.0003      |
|    loss                 | 0.326       |
|    n_updates            | 380         |
|    policy_gradient_loss | -0.0134     |
|    std                  | 0.85        |
|    value_loss           | 0.989       |
-----------------------------------------
Eval num_timesteps=80000, episode_reward=-113.54 +/- 10.04
Episode length: 200.00 +/- 0.00
Success rate: 0.00%
-----------------------------------------
| eval/                   |             |
|    mean_ep_length       | 200         |
|    mean_reward          | -114        |
|    success_rate         | 0           |
| time/                   |             |
|    total_timesteps      | 80000       |
| train/                  |             |
|    approx_kl            | 0.016250063 |
|    clip_fraction        | 0.17        |
|    clip_range           | 0.2         |
|    entropy_loss         | -8.75       |
|    explained_variance   | 0.996       |
|    learning_rate        | 0.0003      |
|    loss                 | 0.279       |
|    n_updates            | 390         |
|    policy_gradient_loss | -0.0151     |
|    std                  | 0.848       |
|    value_loss           | 0.624       |
-----------------------------------------
---------------------------------
| rollout/           |          |
|    ep_len_mean     | 200      |
|    ep_rew_mean     | -107     |
|    success_rate    | 0        |
| time/              |          |
|    fps             | 656      |
|    iterations      | 40       |
|    time_elapsed    | 124      |
|    total_timesteps | 81920    |
---------------------------------
-----------------------------------------
| rollout/                |             |
|    ep_len_mean          | 200         |
|    ep_rew_mean          | -105        |
|    success_rate         | 0           |
| time/                   |             |
|    fps                  | 663         |
|    iterations           | 41          |
|    time_elapsed         | 126         |
|    total_timesteps      | 83968       |
| train/                  |             |
|    approx_kl            | 0.019749004 |
|    clip_fraction        | 0.201       |
|    clip_range           | 0.2         |
|    entropy_loss         | -8.74       |
|    explained_variance   | 0.997       |
|    learning_rate        | 0.0003      |
|    loss                 | 0.264       |
|    n_updates            | 400         |
|    policy_gradient_loss | -0.0153     |
|    std                  | 0.848       |
|    value_loss           | 0.58        |
-----------------------------------------
Eval num_timesteps=85000, episode_reward=-102.13 +/- 7.34
Episode length: 200.00 +/- 0.00
Success rate: 0.00%
----------------------------------------
| eval/                   |            |
|    mean_ep_length       | 200        |
|    mean_reward          | -102       |
|    success_rate         | 0          |
| time/                   |            |
|    total_timesteps      | 85000      |
| train/                  |            |
|    approx_kl            | 0.01622251 |
|    clip_fraction        | 0.179      |
|    clip_range           | 0.2        |
|    entropy_loss         | -8.71      |
|    explained_variance   | 0.995      |
|    learning_rate        | 0.0003     |
|    loss                 | 0.125      |
|    n_updates            | 410        |
|    policy_gradient_loss | -0.0168    |
|    std                  | 0.841      |
|    value_loss           | 0.577      |
----------------------------------------
New best mean reward!
---------------------------------
| rollout/           |          |
|    ep_len_mean     | 200      |
|    ep_rew_mean     | -104     |
|    success_rate    | 0        |
| time/              |          |
|    fps             | 650      |
|    iterations      | 42       |
|    time_elapsed    | 132      |
|    total_timesteps | 86016    |
---------------------------------
------------------------------------------
| rollout/                |              |
|    ep_len_mean          | 200          |
|    ep_rew_mean          | -102         |
|    success_rate         | 0            |
| time/                   |              |
|    fps                  | 656          |
|    iterations           | 43           |
|    time_elapsed         | 134          |
|    total_timesteps      | 88064        |
| train/                  |              |
|    approx_kl            | 0.0143841505 |
|    clip_fraction        | 0.164        |
|    clip_range           | 0.2          |
|    entropy_loss         | -8.66        |
|    explained_variance   | 0.995        |
|    learning_rate        | 0.0003       |
|    loss                 | 0.198        |
|    n_updates            | 420          |
|    policy_gradient_loss | -0.0119      |
|    std                  | 0.837        |
|    value_loss           | 0.64         |
------------------------------------------
Eval num_timesteps=90000, episode_reward=-103.02 +/- 8.70
Episode length: 200.00 +/- 0.00
Success rate: 0.00%
-----------------------------------------
| eval/                   |             |
|    mean_ep_length       | 200         |
|    mean_reward          | -103        |
|    success_rate         | 0           |
| time/                   |             |
|    total_timesteps      | 90000       |
| train/                  |             |
|    approx_kl            | 0.014920441 |
|    clip_fraction        | 0.186       |
|    clip_range           | 0.2         |
|    entropy_loss         | -8.61       |
|    explained_variance   | 0.996       |
|    learning_rate        | 0.0003      |
|    loss                 | 0.198       |
|    n_updates            | 430         |
|    policy_gradient_loss | -0.0155     |
|    std                  | 0.83        |
|    value_loss           | 0.456       |
-----------------------------------------
---------------------------------
| rollout/           |          |
|    ep_len_mean     | 200      |
|    ep_rew_mean     | -101     |
|    success_rate    | 0        |
| time/              |          |
|    fps             | 646      |
|    iterations      | 44       |
|    time_elapsed    | 139      |
|    total_timesteps | 90112    |
---------------------------------
----------------------------------------
| rollout/                |            |
|    ep_len_mean          | 200        |
|    ep_rew_mean          | -100       |
|    success_rate         | 0          |
| time/                   |            |
|    fps                  | 652        |
|    iterations           | 45         |
|    time_elapsed         | 141        |
|    total_timesteps      | 92160      |
| train/                  |            |
|    approx_kl            | 0.01864785 |
|    clip_fraction        | 0.204      |
|    clip_range           | 0.2        |
|    entropy_loss         | -8.55      |
|    explained_variance   | 0.997      |
|    learning_rate        | 0.0003     |
|    loss                 | 0.167      |
|    n_updates            | 440        |
|    policy_gradient_loss | -0.0172    |
|    std                  | 0.824      |
|    value_loss           | 0.52       |
----------------------------------------
-----------------------------------------
| rollout/                |             |
|    ep_len_mean          | 200         |
|    ep_rew_mean          | -98.2       |
|    success_rate         | 0           |
| time/                   |             |
|    fps                  | 658         |
|    iterations           | 46          |
|    time_elapsed         | 143         |
|    total_timesteps      | 94208       |
| train/                  |             |
|    approx_kl            | 0.015455891 |
|    clip_fraction        | 0.197       |
|    clip_range           | 0.2         |
|    entropy_loss         | -8.49       |
|    explained_variance   | 0.998       |
|    learning_rate        | 0.0003      |
|    loss                 | 0.0543      |
|    n_updates            | 450         |
|    policy_gradient_loss | -0.0154     |
|    std                  | 0.818       |
|    value_loss           | 0.343       |
-----------------------------------------
Eval num_timesteps=95000, episode_reward=-91.25 +/- 6.87
Episode length: 200.00 +/- 0.00
Success rate: 0.00%
-----------------------------------------
| eval/                   |             |
|    mean_ep_length       | 200         |
|    mean_reward          | -91.2       |
|    success_rate         | 0           |
| time/                   |             |
|    total_timesteps      | 95000       |
| train/                  |             |
|    approx_kl            | 0.015218964 |
|    clip_fraction        | 0.184       |
|    clip_range           | 0.2         |
|    entropy_loss         | -8.47       |
|    explained_variance   | 0.994       |
|    learning_rate        | 0.0003      |
|    loss                 | 0.176       |
|    n_updates            | 460         |
|    policy_gradient_loss | -0.0144     |
|    std                  | 0.817       |
|    value_loss           | 0.657       |
-----------------------------------------
New best mean reward!
---------------------------------
| rollout/           |          |
|    ep_len_mean     | 200      |
|    ep_rew_mean     | -95.9    |
|    success_rate    | 0        |
| time/              |          |
|    fps             | 650      |
|    iterations      | 47       |
|    time_elapsed    | 148      |
|    total_timesteps | 96256    |
---------------------------------
-----------------------------------------
| rollout/                |             |
|    ep_len_mean          | 200         |
|    ep_rew_mean          | -94         |
|    success_rate         | 0           |
| time/                   |             |
|    fps                  | 655         |
|    iterations           | 48          |
|    time_elapsed         | 149         |
|    total_timesteps      | 98304       |
| train/                  |             |
|    approx_kl            | 0.018441908 |
|    clip_fraction        | 0.21        |
|    clip_range           | 0.2         |
|    entropy_loss         | -8.41       |
|    explained_variance   | 0.998       |
|    learning_rate        | 0.0003      |
|    loss                 | 0.0563      |
|    n_updates            | 470         |
|    policy_gradient_loss | -0.0222     |
|    std                  | 0.809       |
|    value_loss           | 0.317       |
-----------------------------------------
Eval num_timesteps=100000, episode_reward=-85.36 +/- 7.17
Episode length: 200.00 +/- 0.00
Success rate: 0.00%
-----------------------------------------
| eval/                   |             |
|    mean_ep_length       | 200         |
|    mean_reward          | -85.4       |
|    success_rate         | 0           |
| time/                   |             |
|    total_timesteps      | 100000      |
| train/                  |             |
|    approx_kl            | 0.017274208 |
|    clip_fraction        | 0.226       |
|    clip_range           | 0.2         |
|    entropy_loss         | -8.36       |
|    explained_variance   | 0.998       |
|    learning_rate        | 0.0003      |
|    loss                 | 0.0556      |
|    n_updates            | 480         |
|    policy_gradient_loss | -0.0213     |
|    std                  | 0.805       |
|    value_loss           | 0.259       |
-----------------------------------------
New best mean reward!
---------------------------------
| rollout/           |          |
|    ep_len_mean     | 200      |
|    ep_rew_mean     | -91.2    |
|    success_rate    | 0.01     |
| time/              |          |
|    fps             | 648      |
|    iterations      | 49       |
|    time_elapsed    | 154      |
|    total_timesteps | 100352   |
---------------------------------
-----------------------------------------
| rollout/                |             |
|    ep_len_mean          | 200         |
|    ep_rew_mean          | -88.9       |
|    success_rate         | 0.01        |
| time/                   |             |
|    fps                  | 653         |
|    iterations           | 50          |
|    time_elapsed         | 156         |
|    total_timesteps      | 102400      |
| train/                  |             |
|    approx_kl            | 0.011023283 |
|    clip_fraction        | 0.143       |
|    clip_range           | 0.2         |
|    entropy_loss         | -8.35       |
|    explained_variance   | 0.989       |
|    learning_rate        | 0.0003      |
|    loss                 | 1.1         |
|    n_updates            | 490         |
|    policy_gradient_loss | -0.00907    |
|    std                  | 0.808       |
|    value_loss           | 3.52        |
-----------------------------------------
-----------------------------------------
| rollout/                |             |
|    ep_len_mean          | 200         |
|    ep_rew_mean          | -86.8       |
|    success_rate         | 0.01        |
| time/                   |             |
|    fps                  | 658         |
|    iterations           | 51          |
|    time_elapsed         | 158         |
|    total_timesteps      | 104448      |
| train/                  |             |
|    approx_kl            | 0.013508178 |
|    clip_fraction        | 0.166       |
|    clip_range           | 0.2         |
|    entropy_loss         | -8.36       |
|    explained_variance   | 0.997       |
|    learning_rate        | 0.0003      |
|    loss                 | 0.138       |
|    n_updates            | 500         |
|    policy_gradient_loss | -0.012      |
|    std                  | 0.806       |
|    value_loss           | 0.36        |
-----------------------------------------
Eval num_timesteps=105000, episode_reward=-93.55 +/- 10.32
Episode length: 200.00 +/- 0.00
Success rate: 0.00%
-----------------------------------------
| eval/                   |             |
|    mean_ep_length       | 200         |
|    mean_reward          | -93.5       |
|    success_rate         | 0           |
| time/                   |             |
|    total_timesteps      | 105000      |
| train/                  |             |
|    approx_kl            | 0.015151698 |
|    clip_fraction        | 0.152       |
|    clip_range           | 0.2         |
|    entropy_loss         | -8.34       |
|    explained_variance   | 0.995       |
|    learning_rate        | 0.0003      |
|    loss                 | 0.135       |
|    n_updates            | 510         |
|    policy_gradient_loss | -0.00995    |
|    std                  | 0.805       |
|    value_loss           | 0.541       |
-----------------------------------------
---------------------------------
| rollout/           |          |
|    ep_len_mean     | 200      |
|    ep_rew_mean     | -85.2    |
|    success_rate    | 0.01     |
| time/              |          |
|    fps             | 651      |
|    iterations      | 52       |
|    time_elapsed    | 163      |
|    total_timesteps | 106496   |
---------------------------------
-----------------------------------------
| rollout/                |             |
|    ep_len_mean          | 199         |
|    ep_rew_mean          | -82.5       |
|    success_rate         | 0.03        |
| time/                   |             |
|    fps                  | 656         |
|    iterations           | 53          |
|    time_elapsed         | 165         |
|    total_timesteps      | 108544      |
| train/                  |             |
|    approx_kl            | 0.015456727 |
|    clip_fraction        | 0.19        |
|    clip_range           | 0.2         |
|    entropy_loss         | -8.34       |
|    explained_variance   | 0.996       |
|    learning_rate        | 0.0003      |
|    loss                 | 0.0965      |
|    n_updates            | 520         |
|    policy_gradient_loss | -0.0116     |
|    std                  | 0.805       |
|    value_loss           | 0.372       |
-----------------------------------------
Eval num_timesteps=110000, episode_reward=-85.10 +/- 16.01
Episode length: 200.00 +/- 0.00
Success rate: 0.00%
----------------------------------------
| eval/                   |            |
|    mean_ep_length       | 200        |
|    mean_reward          | -85.1      |
|    success_rate         | 0          |
| time/                   |            |
|    total_timesteps      | 110000     |
| train/                  |            |
|    approx_kl            | 0.01222592 |
|    clip_fraction        | 0.131      |
|    clip_range           | 0.2        |
|    entropy_loss         | -8.32      |
|    explained_variance   | 0.986      |
|    learning_rate        | 0.0003     |
|    loss                 | 0.198      |
|    n_updates            | 530        |
|    policy_gradient_loss | -0.01      |
|    std                  | 0.803      |
|    value_loss           | 2.6        |
----------------------------------------
New best mean reward!
---------------------------------
| rollout/           |          |
|    ep_len_mean     | 199      |
|    ep_rew_mean     | -80.6    |
|    success_rate    | 0.03     |
| time/              |          |
|    fps             | 649      |
|    iterations      | 54       |
|    time_elapsed    | 170      |
|    total_timesteps | 110592   |
---------------------------------
-----------------------------------------
| rollout/                |             |
|    ep_len_mean          | 199         |
|    ep_rew_mean          | -79.1       |
|    success_rate         | 0.03        |
| time/                   |             |
|    fps                  | 654         |
|    iterations           | 55          |
|    time_elapsed         | 172         |
|    total_timesteps      | 112640      |
| train/                  |             |
|    approx_kl            | 0.013760657 |
|    clip_fraction        | 0.145       |
|    clip_range           | 0.2         |
|    entropy_loss         | -8.29       |
|    explained_variance   | 0.995       |
|    learning_rate        | 0.0003      |
|    loss                 | 0.237       |
|    n_updates            | 540         |
|    policy_gradient_loss | -0.0093     |
|    std                  | 0.798       |
|    value_loss           | 0.525       |
-----------------------------------------
-----------------------------------------
| rollout/                |             |
|    ep_len_mean          | 199         |
|    ep_rew_mean          | -78.3       |
|    success_rate         | 0.03        |
| time/                   |             |
|    fps                  | 659         |
|    iterations           | 56          |
|    time_elapsed         | 173         |
|    total_timesteps      | 114688      |
| train/                  |             |
|    approx_kl            | 0.015621838 |
|    clip_fraction        | 0.182       |
|    clip_range           | 0.2         |
|    entropy_loss         | -8.24       |
|    explained_variance   | 0.998       |
|    learning_rate        | 0.0003      |
|    loss                 | 0.0797      |
|    n_updates            | 550         |
|    policy_gradient_loss | -0.0133     |
|    std                  | 0.794       |
|    value_loss           | 0.348       |
-----------------------------------------
Eval num_timesteps=115000, episode_reward=-78.99 +/- 8.58
Episode length: 200.00 +/- 0.00
Success rate: 0.00%
-----------------------------------------
| eval/                   |             |
|    mean_ep_length       | 200         |
|    mean_reward          | -79         |
|    success_rate         | 0           |
| time/                   |             |
|    total_timesteps      | 115000      |
| train/                  |             |
|    approx_kl            | 0.018329456 |
|    clip_fraction        | 0.185       |
|    clip_range           | 0.2         |
|    entropy_loss         | -8.19       |
|    explained_variance   | 0.995       |
|    learning_rate        | 0.0003      |
|    loss                 | 0.105       |
|    n_updates            | 560         |
|    policy_gradient_loss | -0.0168     |
|    std                  | 0.788       |
|    value_loss           | 0.42        |
-----------------------------------------
New best mean reward!
---------------------------------
| rollout/           |          |
|    ep_len_mean     | 199      |
|    ep_rew_mean     | -76.3    |
|    success_rate    | 0.04     |
| time/              |          |
|    fps             | 652      |
|    iterations      | 57       |
|    time_elapsed    | 178      |
|    total_timesteps | 116736   |
---------------------------------
-----------------------------------------
| rollout/                |             |
|    ep_len_mean          | 199         |
|    ep_rew_mean          | -75.9       |
|    success_rate         | 0.04        |
| time/                   |             |
|    fps                  | 657         |
|    iterations           | 58          |
|    time_elapsed         | 180         |
|    total_timesteps      | 118784      |
| train/                  |             |
|    approx_kl            | 0.013397492 |
|    clip_fraction        | 0.159       |
|    clip_range           | 0.2         |
|    entropy_loss         | -8.15       |
|    explained_variance   | 0.995       |
|    learning_rate        | 0.0003      |
|    loss                 | 0.493       |
|    n_updates            | 570         |
|    policy_gradient_loss | -0.0125     |
|    std                  | 0.784       |
|    value_loss           | 0.506       |
-----------------------------------------
Eval num_timesteps=120000, episode_reward=-80.97 +/- 9.04
Episode length: 200.00 +/- 0.00
Success rate: 0.00%
-----------------------------------------
| eval/                   |             |
|    mean_ep_length       | 200         |
|    mean_reward          | -81         |
|    success_rate         | 0           |
| time/                   |             |
|    total_timesteps      | 120000      |
| train/                  |             |
|    approx_kl            | 0.016635697 |
|    clip_fraction        | 0.18        |
|    clip_range           | 0.2         |
|    entropy_loss         | -8.12       |
|    explained_variance   | 0.997       |
|    learning_rate        | 0.0003      |
|    loss                 | 0.113       |
|    n_updates            | 580         |
|    policy_gradient_loss | -0.0146     |
|    std                  | 0.783       |
|    value_loss           | 0.342       |
-----------------------------------------
---------------------------------
| rollout/           |          |
|    ep_len_mean     | 199      |
|    ep_rew_mean     | -76.6    |
|    success_rate    | 0.04     |
| time/              |          |
|    fps             | 650      |
|    iterations      | 59       |
|    time_elapsed    | 185      |
|    total_timesteps | 120832   |
---------------------------------
------------------------------------------
| rollout/                |              |
|    ep_len_mean          | 199          |
|    ep_rew_mean          | -76.6        |
|    success_rate         | 0.04         |
| time/                   |              |
|    fps                  | 655          |
|    iterations           | 60           |
|    time_elapsed         | 187          |
|    total_timesteps      | 122880       |
| train/                  |              |
|    approx_kl            | 0.0145252105 |
|    clip_fraction        | 0.18         |
|    clip_range           | 0.2          |
|    entropy_loss         | -8.11        |
|    explained_variance   | 0.995        |
|    learning_rate        | 0.0003       |
|    loss                 | 0.125        |
|    n_updates            | 590          |
|    policy_gradient_loss | -0.00992     |
|    std                  | 0.783        |
|    value_loss           | 0.91         |
------------------------------------------
-----------------------------------------
| rollout/                |             |
|    ep_len_mean          | 199         |
|    ep_rew_mean          | -76.2       |
|    success_rate         | 0.04        |
| time/                   |             |
|    fps                  | 660         |
|    iterations           | 61          |
|    time_elapsed         | 189         |
|    total_timesteps      | 124928      |
| train/                  |             |
|    approx_kl            | 0.015653847 |
|    clip_fraction        | 0.206       |
|    clip_range           | 0.2         |
|    entropy_loss         | -8.06       |
|    explained_variance   | 0.998       |
|    learning_rate        | 0.0003      |
|    loss                 | 0.00856     |
|    n_updates            | 600         |
|    policy_gradient_loss | -0.0133     |
|    std                  | 0.776       |
|    value_loss           | 0.182       |
-----------------------------------------
Eval num_timesteps=125000, episode_reward=-85.27 +/- 7.64
Episode length: 200.00 +/- 0.00
Success rate: 0.00%
-----------------------------------------
| eval/                   |             |
|    mean_ep_length       | 200         |
|    mean_reward          | -85.3       |
|    success_rate         | 0           |
| time/                   |             |
|    total_timesteps      | 125000      |
| train/                  |             |
|    approx_kl            | 0.013791294 |
|    clip_fraction        | 0.172       |
|    clip_range           | 0.2         |
|    entropy_loss         | -8.02       |
|    explained_variance   | 0.997       |
|    learning_rate        | 0.0003      |
|    loss                 | 0.0794      |
|    n_updates            | 610         |
|    policy_gradient_loss | -0.0111     |
|    std                  | 0.776       |
|    value_loss           | 0.233       |
-----------------------------------------
---------------------------------
| rollout/           |          |
|    ep_len_mean     | 199      |
|    ep_rew_mean     | -76.4    |
|    success_rate    | 0.04     |
| time/              |          |
|    fps             | 654      |
|    iterations      | 62       |
|    time_elapsed    | 194      |
|    total_timesteps | 126976   |
---------------------------------
-----------------------------------------
| rollout/                |             |
|    ep_len_mean          | 199         |
|    ep_rew_mean          | -76         |
|    success_rate         | 0.02        |
| time/                   |             |
|    fps                  | 658         |
|    iterations           | 63          |
|    time_elapsed         | 195         |
|    total_timesteps      | 129024      |
| train/                  |             |
|    approx_kl            | 0.013787372 |
|    clip_fraction        | 0.154       |
|    clip_range           | 0.2         |
|    entropy_loss         | -8.02       |
|    explained_variance   | 0.997       |
|    learning_rate        | 0.0003      |
|    loss                 | 0.0872      |
|    n_updates            | 620         |
|    policy_gradient_loss | -0.0126     |
|    std                  | 0.775       |
|    value_loss           | 0.342       |
-----------------------------------------
Eval num_timesteps=130000, episode_reward=-80.57 +/- 6.74
Episode length: 200.00 +/- 0.00
Success rate: 0.00%
-----------------------------------------
| eval/                   |             |
|    mean_ep_length       | 200         |
|    mean_reward          | -80.6       |
|    success_rate         | 0           |
| time/                   |             |
|    total_timesteps      | 130000      |
| train/                  |             |
|    approx_kl            | 0.020050753 |
|    clip_fraction        | 0.162       |
|    clip_range           | 0.2         |
|    entropy_loss         | -8.01       |
|    explained_variance   | 0.994       |
|    learning_rate        | 0.0003      |
|    loss                 | 0.0729      |
|    n_updates            | 630         |
|    policy_gradient_loss | -0.0122     |
|    std                  | 0.777       |
|    value_loss           | 0.352       |
-----------------------------------------
---------------------------------
| rollout/           |          |
|    ep_len_mean     | 199      |
|    ep_rew_mean     | -75.9    |
|    success_rate    | 0.03     |
| time/              |          |
|    fps             | 652      |
|    iterations      | 64       |
|    time_elapsed    | 200      |
|    total_timesteps | 131072   |
---------------------------------
-----------------------------------------
| rollout/                |             |
|    ep_len_mean          | 199         |
|    ep_rew_mean          | -76.4       |
|    success_rate         | 0.03        |
| time/                   |             |
|    fps                  | 656         |
|    iterations           | 65          |
|    time_elapsed         | 202         |
|    total_timesteps      | 133120      |
| train/                  |             |
|    approx_kl            | 0.016033947 |
|    clip_fraction        | 0.187       |
|    clip_range           | 0.2         |
|    entropy_loss         | -8.02       |
|    explained_variance   | 0.997       |
|    learning_rate        | 0.0003      |
|    loss                 | 0.0771      |
|    n_updates            | 640         |
|    policy_gradient_loss | -0.0188     |
|    std                  | 0.777       |
|    value_loss           | 0.301       |
-----------------------------------------
Eval num_timesteps=135000, episode_reward=-85.02 +/- 9.93
Episode length: 200.00 +/- 0.00
Success rate: 0.00%
-----------------------------------------
| eval/                   |             |
|    mean_ep_length       | 200         |
|    mean_reward          | -85         |
|    success_rate         | 0           |
| time/                   |             |
|    total_timesteps      | 135000      |
| train/                  |             |
|    approx_kl            | 0.014624407 |
|    clip_fraction        | 0.154       |
|    clip_range           | 0.2         |
|    entropy_loss         | -8.03       |
|    explained_variance   | 0.996       |
|    learning_rate        | 0.0003      |
|    loss                 | 0.0363      |
|    n_updates            | 650         |
|    policy_gradient_loss | -0.00814    |
|    std                  | 0.777       |
|    value_loss           | 0.3         |
-----------------------------------------
---------------------------------
| rollout/           |          |
|    ep_len_mean     | 199      |
|    ep_rew_mean     | -76.7    |
|    success_rate    | 0.03     |
| time/              |          |
|    fps             | 591      |
|    iterations      | 66       |
|    time_elapsed    | 228      |
|    total_timesteps | 135168   |
---------------------------------
----------------------------------------
| rollout/                |            |
|    ep_len_mean          | 199        |
|    ep_rew_mean          | -77.2      |
|    success_rate         | 0.02       |
| time/                   |            |
|    fps                  | 579        |
|    iterations           | 67         |
|    time_elapsed         | 236        |
|    total_timesteps      | 137216     |
| train/                  |            |
|    approx_kl            | 0.01594583 |
|    clip_fraction        | 0.167      |
|    clip_range           | 0.2        |
|    entropy_loss         | -8.02      |
|    explained_variance   | 0.995      |
|    learning_rate        | 0.0003     |
|    loss                 | 0.0664     |
|    n_updates            | 660        |
|    policy_gradient_loss | -0.0117    |
|    std                  | 0.777      |
|    value_loss           | 0.354      |
----------------------------------------
----------------------------------------
| rollout/                |            |
|    ep_len_mean          | 199        |
|    ep_rew_mean          | -77.1      |
|    success_rate         | 0.02       |
| time/                   |            |
|    fps                  | 583        |
|    iterations           | 68         |
|    time_elapsed         | 238        |
|    total_timesteps      | 139264     |
| train/                  |            |
|    approx_kl            | 0.01625092 |
|    clip_fraction        | 0.164      |
|    clip_range           | 0.2        |
|    entropy_loss         | -8.05      |
|    explained_variance   | 0.997      |
|    learning_rate        | 0.0003     |
|    loss                 | 0.00942    |
|    n_updates            | 670        |
|    policy_gradient_loss | -0.0131    |
|    std                  | 0.785      |
|    value_loss           | 0.226      |
----------------------------------------
Eval num_timesteps=140000, episode_reward=-76.16 +/- 8.22
Episode length: 200.00 +/- 0.00
Success rate: 0.00%
---------------------------------------
| eval/                   |           |
|    mean_ep_length       | 200       |
|    mean_reward          | -76.2     |
|    success_rate         | 0         |
| time/                   |           |
|    total_timesteps      | 140000    |
| train/                  |           |
|    approx_kl            | 0.0185319 |
|    clip_fraction        | 0.224     |
|    clip_range           | 0.2       |
|    entropy_loss         | -8.08     |
|    explained_variance   | 0.998     |
|    learning_rate        | 0.0003    |
|    loss                 | 0.0344    |
|    n_updates            | 680       |
|    policy_gradient_loss | -0.0171   |
|    std                  | 0.783     |
|    value_loss           | 0.2       |
---------------------------------------
New best mean reward!
---------------------------------
| rollout/           |          |
|    ep_len_mean     | 199      |
|    ep_rew_mean     | -76.4    |
|    success_rate    | 0.02     |
| time/              |          |
|    fps             | 580      |
|    iterations      | 69       |
|    time_elapsed    | 243      |
|    total_timesteps | 141312   |
---------------------------------
-----------------------------------------
| rollout/                |             |
|    ep_len_mean          | 199         |
|    ep_rew_mean          | -76.2       |
|    success_rate         | 0.02        |
| time/                   |             |
|    fps                  | 584         |
|    iterations           | 70          |
|    time_elapsed         | 245         |
|    total_timesteps      | 143360      |
| train/                  |             |
|    approx_kl            | 0.014647942 |
|    clip_fraction        | 0.184       |
|    clip_range           | 0.2         |
|    entropy_loss         | -8.05       |
|    explained_variance   | 0.996       |
|    learning_rate        | 0.0003      |
|    loss                 | 0.0855      |
|    n_updates            | 690         |
|    policy_gradient_loss | -0.0163     |
|    std                  | 0.777       |
|    value_loss           | 0.286       |
-----------------------------------------
Eval num_timesteps=145000, episode_reward=-69.45 +/- 11.35
Episode length: 194.80 +/- 15.61
Success rate: 10.00%
-----------------------------------------
| eval/                   |             |
|    mean_ep_length       | 195         |
|    mean_reward          | -69.4       |
|    success_rate         | 0.1         |
| time/                   |             |
|    total_timesteps      | 145000      |
| train/                  |             |
|    approx_kl            | 0.015224547 |
|    clip_fraction        | 0.185       |
|    clip_range           | 0.2         |
|    entropy_loss         | -8.01       |
|    explained_variance   | 0.998       |
|    learning_rate        | 0.0003      |
|    loss                 | 0.0461      |
|    n_updates            | 700         |
|    policy_gradient_loss | -0.0154     |
|    std                  | 0.773       |
|    value_loss           | 0.205       |
-----------------------------------------
New best mean reward!
---------------------------------
| rollout/           |          |
|    ep_len_mean     | 199      |
|    ep_rew_mean     | -75.3    |
|    success_rate    | 0.02     |
| time/              |          |
|    fps             | 579      |
|    iterations      | 71       |
|    time_elapsed    | 250      |
|    total_timesteps | 145408   |
---------------------------------
-----------------------------------------
| rollout/                |             |
|    ep_len_mean          | 197         |
|    ep_rew_mean          | -72.6       |
|    success_rate         | 0.05        |
| time/                   |             |
|    fps                  | 583         |
|    iterations           | 72          |
|    time_elapsed         | 252         |
|    total_timesteps      | 147456      |
| train/                  |             |
|    approx_kl            | 0.014710568 |
|    clip_fraction        | 0.175       |
|    clip_range           | 0.2         |
|    entropy_loss         | -7.98       |
|    explained_variance   | 0.997       |
|    learning_rate        | 0.0003      |
|    loss                 | 0.0612      |
|    n_updates            | 710         |
|    policy_gradient_loss | -0.012      |
|    std                  | 0.771       |
|    value_loss           | 0.187       |
-----------------------------------------
-----------------------------------------
| rollout/                |             |
|    ep_len_mean          | 196         |
|    ep_rew_mean          | -72.4       |
|    success_rate         | 0.08        |
| time/                   |             |
|    fps                  | 587         |
|    iterations           | 73          |
|    time_elapsed         | 254         |
|    total_timesteps      | 149504      |
| train/                  |             |
|    approx_kl            | 0.013476808 |
|    clip_fraction        | 0.169       |
|    clip_range           | 0.2         |
|    entropy_loss         | -7.96       |
|    explained_variance   | 0.994       |
|    learning_rate        | 0.0003      |
|    loss                 | 0.336       |
|    n_updates            | 720         |
|    policy_gradient_loss | -0.00944    |
|    std                  | 0.77        |
|    value_loss           | 0.625       |
-----------------------------------------
Eval num_timesteps=150000, episode_reward=-68.34 +/- 10.55
Episode length: 196.30 +/- 13.84
Success rate: 6.67%
-----------------------------------------
| eval/                   |             |
|    mean_ep_length       | 196         |
|    mean_reward          | -68.3       |
|    success_rate         | 0.0667      |
| time/                   |             |
|    total_timesteps      | 150000      |
| train/                  |             |
|    approx_kl            | 0.015444975 |
|    clip_fraction        | 0.174       |
|    clip_range           | 0.2         |
|    entropy_loss         | -7.95       |
|    explained_variance   | 0.997       |
|    learning_rate        | 0.0003      |
|    loss                 | 0.143       |
|    n_updates            | 730         |
|    policy_gradient_loss | -0.0123     |
|    std                  | 0.767       |
|    value_loss           | 0.289       |
-----------------------------------------
New best mean reward!
---------------------------------
| rollout/           |          |
|    ep_len_mean     | 196      |
|    ep_rew_mean     | -71.2    |
|    success_rate    | 0.09     |
| time/              |          |
|    fps             | 584      |
|    iterations      | 74       |
|    time_elapsed    | 259      |
|    total_timesteps | 151552   |
---------------------------------
-----------------------------------------
| rollout/                |             |
|    ep_len_mean          | 194         |
|    ep_rew_mean          | -68.6       |
|    success_rate         | 0.13        |
| time/                   |             |
|    fps                  | 587         |
|    iterations           | 75          |
|    time_elapsed         | 261         |
|    total_timesteps      | 153600      |
| train/                  |             |
|    approx_kl            | 0.016570434 |
|    clip_fraction        | 0.203       |
|    clip_range           | 0.2         |
|    entropy_loss         | -7.92       |
|    explained_variance   | 0.998       |
|    learning_rate        | 0.0003      |
|    loss                 | 0.0481      |
|    n_updates            | 740         |
|    policy_gradient_loss | -0.0157     |
|    std                  | 0.765       |
|    value_loss           | 0.152       |
-----------------------------------------
Eval num_timesteps=155000, episode_reward=-66.35 +/- 11.31
Episode length: 193.93 +/- 18.23
Success rate: 10.00%
------------------------------------------
| eval/                   |              |
|    mean_ep_length       | 194          |
|    mean_reward          | -66.3        |
|    success_rate         | 0.1          |
| time/                   |              |
|    total_timesteps      | 155000       |
| train/                  |              |
|    approx_kl            | 0.0150010865 |
|    clip_fraction        | 0.183        |
|    clip_range           | 0.2          |
|    entropy_loss         | -7.9         |
|    explained_variance   | 0.995        |
|    learning_rate        | 0.0003       |
|    loss                 | 0.0652       |
|    n_updates            | 750          |
|    policy_gradient_loss | -0.0108      |
|    std                  | 0.762        |
|    value_loss           | 0.419        |
------------------------------------------
New best mean reward!
---------------------------------
| rollout/           |          |
|    ep_len_mean     | 192      |
|    ep_rew_mean     | -66.8    |
|    success_rate    | 0.16     |
| time/              |          |
|    fps             | 584      |
|    iterations      | 76       |
|    time_elapsed    | 266      |
|    total_timesteps | 155648   |
---------------------------------
-----------------------------------------
| rollout/                |             |
|    ep_len_mean          | 193         |
|    ep_rew_mean          | -66         |
|    success_rate         | 0.15        |
| time/                   |             |
|    fps                  | 588         |
|    iterations           | 77          |
|    time_elapsed         | 268         |
|    total_timesteps      | 157696      |
| train/                  |             |
|    approx_kl            | 0.013322048 |
|    clip_fraction        | 0.16        |
|    clip_range           | 0.2         |
|    entropy_loss         | -7.86       |
|    explained_variance   | 0.988       |
|    learning_rate        | 0.0003      |
|    loss                 | 0.163       |
|    n_updates            | 760         |
|    policy_gradient_loss | -0.0107     |
|    std                  | 0.757       |
|    value_loss           | 1.05        |
-----------------------------------------
-----------------------------------------
| rollout/                |             |
|    ep_len_mean          | 191         |
|    ep_rew_mean          | -64.2       |
|    success_rate         | 0.17        |
| time/                   |             |
|    fps                  | 591         |
|    iterations           | 78          |
|    time_elapsed         | 269         |
|    total_timesteps      | 159744      |
| train/                  |             |
|    approx_kl            | 0.016437596 |
|    clip_fraction        | 0.176       |
|    clip_range           | 0.2         |
|    entropy_loss         | -7.81       |
|    explained_variance   | 0.989       |
|    learning_rate        | 0.0003      |
|    loss                 | 0.073       |
|    n_updates            | 770         |
|    policy_gradient_loss | -0.011      |
|    std                  | 0.753       |
|    value_loss           | 0.255       |
-----------------------------------------
Eval num_timesteps=160000, episode_reward=-76.45 +/- 9.16
Episode length: 200.00 +/- 0.00
Success rate: 0.00%
-----------------------------------------
| eval/                   |             |
|    mean_ep_length       | 200         |
|    mean_reward          | -76.5       |
|    success_rate         | 0           |
| time/                   |             |
|    total_timesteps      | 160000      |
| train/                  |             |
|    approx_kl            | 0.015652582 |
|    clip_fraction        | 0.163       |
|    clip_range           | 0.2         |
|    entropy_loss         | -7.8        |
|    explained_variance   | 0.989       |
|    learning_rate        | 0.0003      |
|    loss                 | 0.1         |
|    n_updates            | 780         |
|    policy_gradient_loss | -0.0105     |
|    std                  | 0.754       |
|    value_loss           | 0.821       |
-----------------------------------------
---------------------------------
| rollout/           |          |
|    ep_len_mean     | 191      |
|    ep_rew_mean     | -63.7    |
|    success_rate    | 0.17     |
| time/              |          |
|    fps             | 588      |
|    iterations      | 79       |
|    time_elapsed    | 275      |
|    total_timesteps | 161792   |
---------------------------------
----------------------------------------
| rollout/                |            |
|    ep_len_mean          | 191        |
|    ep_rew_mean          | -63.4      |
|    success_rate         | 0.18       |
| time/                   |            |
|    fps                  | 591        |
|    iterations           | 80         |
|    time_elapsed         | 277        |
|    total_timesteps      | 163840     |
| train/                  |            |
|    approx_kl            | 0.01848999 |
|    clip_fraction        | 0.182      |
|    clip_range           | 0.2        |
|    entropy_loss         | -7.81      |
|    explained_variance   | 0.995      |
|    learning_rate        | 0.0003     |
|    loss                 | 0.109      |
|    n_updates            | 790        |
|    policy_gradient_loss | -0.0107    |
|    std                  | 0.753      |
|    value_loss           | 0.239      |
----------------------------------------
Eval num_timesteps=165000, episode_reward=-75.67 +/- 8.73
Episode length: 200.00 +/- 0.00
Success rate: 0.00%
----------------------------------------
| eval/                   |            |
|    mean_ep_length       | 200        |
|    mean_reward          | -75.7      |
|    success_rate         | 0          |
| time/                   |            |
|    total_timesteps      | 165000     |
| train/                  |            |
|    approx_kl            | 0.01441915 |
|    clip_fraction        | 0.182      |
|    clip_range           | 0.2        |
|    entropy_loss         | -7.82      |
|    explained_variance   | 0.989      |
|    learning_rate        | 0.0003     |
|    loss                 | 0.193      |
|    n_updates            | 800        |
|    policy_gradient_loss | -0.0135    |
|    std                  | 0.756      |
|    value_loss           | 0.385      |
----------------------------------------
---------------------------------
| rollout/           |          |
|    ep_len_mean     | 191      |
|    ep_rew_mean     | -64.5    |
|    success_rate    | 0.17     |
| time/              |          |
|    fps             | 587      |
|    iterations      | 81       |
|    time_elapsed    | 282      |
|    total_timesteps | 165888   |
---------------------------------
-----------------------------------------
| rollout/                |             |
|    ep_len_mean          | 191         |
|    ep_rew_mean          | -64.5       |
|    success_rate         | 0.16        |
| time/                   |             |
|    fps                  | 591         |
|    iterations           | 82          |
|    time_elapsed         | 284         |
|    total_timesteps      | 167936      |
| train/                  |             |
|    approx_kl            | 0.015908377 |
|    clip_fraction        | 0.205       |
|    clip_range           | 0.2         |
|    entropy_loss         | -7.8        |
|    explained_variance   | 0.986       |
|    learning_rate        | 0.0003      |
|    loss                 | 0.117       |
|    n_updates            | 810         |
|    policy_gradient_loss | -0.013      |
|    std                  | 0.751       |
|    value_loss           | 0.487       |
-----------------------------------------
-----------------------------------------
| rollout/                |             |
|    ep_len_mean          | 191         |
|    ep_rew_mean          | -64.8       |
|    success_rate         | 0.15        |
| time/                   |             |
|    fps                  | 594         |
|    iterations           | 83          |
|    time_elapsed         | 286         |
|    total_timesteps      | 169984      |
| train/                  |             |
|    approx_kl            | 0.012373647 |
|    clip_fraction        | 0.163       |
|    clip_range           | 0.2         |
|    entropy_loss         | -7.78       |
|    explained_variance   | 0.991       |
|    learning_rate        | 0.0003      |
|    loss                 | 0.0798      |
|    n_updates            | 820         |
|    policy_gradient_loss | -0.011      |
|    std                  | 0.748       |
|    value_loss           | 0.491       |
-----------------------------------------
Eval num_timesteps=170000, episode_reward=-73.52 +/- 8.77
Episode length: 200.00 +/- 0.00
Success rate: 0.00%
----------------------------------------
| eval/                   |            |
|    mean_ep_length       | 200        |
|    mean_reward          | -73.5      |
|    success_rate         | 0          |
| time/                   |            |
|    total_timesteps      | 170000     |
| train/                  |            |
|    approx_kl            | 0.01370219 |
|    clip_fraction        | 0.171      |
|    clip_range           | 0.2        |
|    entropy_loss         | -7.74      |
|    explained_variance   | 0.994      |
|    learning_rate        | 0.0003     |
|    loss                 | 0.168      |
|    n_updates            | 830        |
|    policy_gradient_loss | -0.00969   |
|    std                  | 0.744      |
|    value_loss           | 0.427      |
----------------------------------------
---------------------------------
| rollout/           |          |
|    ep_len_mean     | 191      |
|    ep_rew_mean     | -65.2    |
|    success_rate    | 0.15     |
| time/              |          |
|    fps             | 590      |
|    iterations      | 84       |
|    time_elapsed    | 291      |
|    total_timesteps | 172032   |
---------------------------------
-----------------------------------------
| rollout/                |             |
|    ep_len_mean          | 193         |
|    ep_rew_mean          | -65.1       |
|    success_rate         | 0.12        |
| time/                   |             |
|    fps                  | 593         |
|    iterations           | 85          |
|    time_elapsed         | 293         |
|    total_timesteps      | 174080      |
| train/                  |             |
|    approx_kl            | 0.015835756 |
|    clip_fraction        | 0.179       |
|    clip_range           | 0.2         |
|    entropy_loss         | -7.7        |
|    explained_variance   | 0.985       |
|    learning_rate        | 0.0003      |
|    loss                 | 0.137       |
|    n_updates            | 840         |
|    policy_gradient_loss | -0.0107     |
|    std                  | 0.741       |
|    value_loss           | 0.411       |
-----------------------------------------
Eval num_timesteps=175000, episode_reward=-72.87 +/- 9.59
Episode length: 197.73 +/- 12.21
Success rate: 3.33%
-----------------------------------------
| eval/                   |             |
|    mean_ep_length       | 198         |
|    mean_reward          | -72.9       |
|    success_rate         | 0.0333      |
| time/                   |             |
|    total_timesteps      | 175000      |
| train/                  |             |
|    approx_kl            | 0.020040743 |
|    clip_fraction        | 0.227       |
|    clip_range           | 0.2         |
|    entropy_loss         | -7.7        |
|    explained_variance   | 0.989       |
|    learning_rate        | 0.0003      |
|    loss                 | 0.00224     |
|    n_updates            | 850         |
|    policy_gradient_loss | -0.0124     |
|    std                  | 0.744       |
|    value_loss           | 0.198       |
-----------------------------------------
---------------------------------
| rollout/           |          |
|    ep_len_mean     | 192      |
|    ep_rew_mean     | -64.8    |
|    success_rate    | 0.13     |
| time/              |          |
|    fps             | 590      |
|    iterations      | 86       |
|    time_elapsed    | 298      |
|    total_timesteps | 176128   |
---------------------------------
----------------------------------------
| rollout/                |            |
|    ep_len_mean          | 193        |
|    ep_rew_mean          | -65.8      |
|    success_rate         | 0.12       |
| time/                   |            |
|    fps                  | 593        |
|    iterations           | 87         |
|    time_elapsed         | 299        |
|    total_timesteps      | 178176     |
| train/                  |            |
|    approx_kl            | 0.01664498 |
|    clip_fraction        | 0.177      |
|    clip_range           | 0.2        |
|    entropy_loss         | -7.71      |
|    explained_variance   | 0.988      |
|    learning_rate        | 0.0003     |
|    loss                 | 0.16       |
|    n_updates            | 860        |
|    policy_gradient_loss | -0.0143    |
|    std                  | 0.744      |
|    value_loss           | 1.14       |
----------------------------------------
Eval num_timesteps=180000, episode_reward=-72.78 +/- 11.98
Episode length: 197.43 +/- 11.94
Success rate: 6.67%
-----------------------------------------
| eval/                   |             |
|    mean_ep_length       | 197         |
|    mean_reward          | -72.8       |
|    success_rate         | 0.0667      |
| time/                   |             |
|    total_timesteps      | 180000      |
| train/                  |             |
|    approx_kl            | 0.019079238 |
|    clip_fraction        | 0.197       |
|    clip_range           | 0.2         |
|    entropy_loss         | -7.69       |
|    explained_variance   | 0.997       |
|    learning_rate        | 0.0003      |
|    loss                 | 0.0253      |
|    n_updates            | 870         |
|    policy_gradient_loss | -0.0118     |
|    std                  | 0.74        |
|    value_loss           | 0.184       |
-----------------------------------------
---------------------------------
| rollout/           |          |
|    ep_len_mean     | 193      |
|    ep_rew_mean     | -65.7    |
|    success_rate    | 0.11     |
| time/              |          |
|    fps             | 590      |
|    iterations      | 88       |
|    time_elapsed    | 305      |
|    total_timesteps | 180224   |
---------------------------------
-----------------------------------------
| rollout/                |             |
|    ep_len_mean          | 191         |
|    ep_rew_mean          | -65.4       |
|    success_rate         | 0.14        |
| time/                   |             |
|    fps                  | 593         |
|    iterations           | 89          |
|    time_elapsed         | 307         |
|    total_timesteps      | 182272      |
| train/                  |             |
|    approx_kl            | 0.022166999 |
|    clip_fraction        | 0.224       |
|    clip_range           | 0.2         |
|    entropy_loss         | -7.67       |
|    explained_variance   | 0.997       |
|    learning_rate        | 0.0003      |
|    loss                 | 0.021       |
|    n_updates            | 880         |
|    policy_gradient_loss | -0.0191     |
|    std                  | 0.738       |
|    value_loss           | 0.117       |
-----------------------------------------
-----------------------------------------
| rollout/                |             |
|    ep_len_mean          | 190         |
|    ep_rew_mean          | -64.7       |
|    success_rate         | 0.16        |
| time/                   |             |
|    fps                  | 596         |
|    iterations           | 90          |
|    time_elapsed         | 309         |
|    total_timesteps      | 184320      |
| train/                  |             |
|    approx_kl            | 0.014764316 |
|    clip_fraction        | 0.167       |
|    clip_range           | 0.2         |
|    entropy_loss         | -7.66       |
|    explained_variance   | 0.992       |
|    learning_rate        | 0.0003      |
|    loss                 | 0.19        |
|    n_updates            | 890         |
|    policy_gradient_loss | -0.0127     |
|    std                  | 0.736       |
|    value_loss           | 0.555       |
-----------------------------------------
Eval num_timesteps=185000, episode_reward=-71.14 +/- 9.99
Episode length: 200.00 +/- 0.00
Success rate: 0.00%
----------------------------------------
| eval/                   |            |
|    mean_ep_length       | 200        |
|    mean_reward          | -71.1      |
|    success_rate         | 0          |
| time/                   |            |
|    total_timesteps      | 185000     |
| train/                  |            |
|    approx_kl            | 0.01660445 |
|    clip_fraction        | 0.19       |
|    clip_range           | 0.2        |
|    entropy_loss         | -7.65      |
|    explained_variance   | 0.99       |
|    learning_rate        | 0.0003     |
|    loss                 | 0.362      |
|    n_updates            | 900        |
|    policy_gradient_loss | -0.0108    |
|    std                  | 0.735      |
|    value_loss           | 0.524      |
----------------------------------------
---------------------------------
| rollout/           |          |
|    ep_len_mean     | 190      |
|    ep_rew_mean     | -64.2    |
|    success_rate    | 0.15     |
| time/              |          |
|    fps             | 592      |
|    iterations      | 91       |
|    time_elapsed    | 314      |
|    total_timesteps | 186368   |
---------------------------------
-----------------------------------------
| rollout/                |             |
|    ep_len_mean          | 188         |
|    ep_rew_mean          | -62.1       |
|    success_rate         | 0.18        |
| time/                   |             |
|    fps                  | 595         |
|    iterations           | 92          |
|    time_elapsed         | 316         |
|    total_timesteps      | 188416      |
| train/                  |             |
|    approx_kl            | 0.015783109 |
|    clip_fraction        | 0.174       |
|    clip_range           | 0.2         |
|    entropy_loss         | -7.61       |
|    explained_variance   | 0.992       |
|    learning_rate        | 0.0003      |
|    loss                 | 0.604       |
|    n_updates            | 910         |
|    policy_gradient_loss | -0.0118     |
|    std                  | 0.73        |
|    value_loss           | 0.484       |
-----------------------------------------
Eval num_timesteps=190000, episode_reward=-70.68 +/- 13.23
Episode length: 197.93 +/- 11.13
Success rate: 3.33%
-----------------------------------------
| eval/                   |             |
|    mean_ep_length       | 198         |
|    mean_reward          | -70.7       |
|    success_rate         | 0.0333      |
| time/                   |             |
|    total_timesteps      | 190000      |
| train/                  |             |
|    approx_kl            | 0.014562289 |
|    clip_fraction        | 0.159       |
|    clip_range           | 0.2         |
|    entropy_loss         | -7.56       |
|    explained_variance   | 0.992       |
|    learning_rate        | 0.0003      |
|    loss                 | 0.0956      |
|    n_updates            | 920         |
|    policy_gradient_loss | -0.0109     |
|    std                  | 0.725       |
|    value_loss           | 0.671       |
-----------------------------------------
---------------------------------
| rollout/           |          |
|    ep_len_mean     | 186      |
|    ep_rew_mean     | -60.6    |
|    success_rate    | 0.2      |
| time/              |          |
|    fps             | 591      |
|    iterations      | 93       |
|    time_elapsed    | 321      |
|    total_timesteps | 190464   |
---------------------------------
----------------------------------------
| rollout/                |            |
|    ep_len_mean          | 185        |
|    ep_rew_mean          | -60        |
|    success_rate         | 0.22       |
| time/                   |            |
|    fps                  | 593        |
|    iterations           | 94         |
|    time_elapsed         | 324        |
|    total_timesteps      | 192512     |
| train/                  |            |
|    approx_kl            | 0.01586223 |
|    clip_fraction        | 0.195      |
|    clip_range           | 0.2        |
|    entropy_loss         | -7.53      |
|    explained_variance   | 0.995      |
|    learning_rate        | 0.0003     |
|    loss                 | 0.169      |
|    n_updates            | 930        |
|    policy_gradient_loss | -0.00789   |
|    std                  | 0.722      |
|    value_loss           | 0.341      |
----------------------------------------
-----------------------------------------
| rollout/                |             |
|    ep_len_mean          | 185         |
|    ep_rew_mean          | -60.3       |
|    success_rate         | 0.21        |
| time/                   |             |
|    fps                  | 595         |
|    iterations           | 95          |
|    time_elapsed         | 326         |
|    total_timesteps      | 194560      |
| train/                  |             |
|    approx_kl            | 0.012110921 |
|    clip_fraction        | 0.166       |
|    clip_range           | 0.2         |
|    entropy_loss         | -7.5        |
|    explained_variance   | 0.993       |
|    learning_rate        | 0.0003      |
|    loss                 | 0.361       |
|    n_updates            | 940         |
|    policy_gradient_loss | -0.0125     |
|    std                  | 0.718       |
|    value_loss           | 0.576       |
-----------------------------------------
Eval num_timesteps=195000, episode_reward=-69.13 +/- 10.86
Episode length: 198.23 +/- 9.51
Success rate: 3.33%
-----------------------------------------
| eval/                   |             |
|    mean_ep_length       | 198         |
|    mean_reward          | -69.1       |
|    success_rate         | 0.0333      |
| time/                   |             |
|    total_timesteps      | 195000      |
| train/                  |             |
|    approx_kl            | 0.022253089 |
|    clip_fraction        | 0.241       |
|    clip_range           | 0.2         |
|    entropy_loss         | -7.45       |
|    explained_variance   | 0.994       |
|    learning_rate        | 0.0003      |
|    loss                 | -0.0012     |
|    n_updates            | 950         |
|    policy_gradient_loss | -0.0149     |
|    std                  | 0.714       |
|    value_loss           | 0.176       |
-----------------------------------------
---------------------------------
| rollout/           |          |
|    ep_len_mean     | 183      |
|    ep_rew_mean     | -58.9    |
|    success_rate    | 0.25     |
| time/              |          |
|    fps             | 590      |
|    iterations      | 96       |
|    time_elapsed    | 332      |
|    total_timesteps | 196608   |
---------------------------------
------------------------------------------
| rollout/                |              |
|    ep_len_mean          | 178          |
|    ep_rew_mean          | -56.8        |
|    success_rate         | 0.32         |
| time/                   |              |
|    fps                  | 593          |
|    iterations           | 97           |
|    time_elapsed         | 334          |
|    total_timesteps      | 198656       |
| train/                  |              |
|    approx_kl            | 0.0138364695 |
|    clip_fraction        | 0.177        |
|    clip_range           | 0.2          |
|    entropy_loss         | -7.43        |
|    explained_variance   | 0.992        |
|    learning_rate        | 0.0003       |
|    loss                 | 0.0824       |
|    n_updates            | 960          |
|    policy_gradient_loss | -0.00964     |
|    std                  | 0.712        |
|    value_loss           | 0.472        |
------------------------------------------
Eval num_timesteps=200000, episode_reward=-59.48 +/- 19.77
Episode length: 179.77 +/- 37.04
Success rate: 23.33%
-----------------------------------------
| eval/                   |             |
|    mean_ep_length       | 180         |
|    mean_reward          | -59.5       |
|    success_rate         | 0.233       |
| time/                   |             |
|    total_timesteps      | 200000      |
| train/                  |             |
|    approx_kl            | 0.015774736 |
|    clip_fraction        | 0.182       |
|    clip_range           | 0.2         |
|    entropy_loss         | -7.38       |
|    explained_variance   | 0.992       |
|    learning_rate        | 0.0003      |
|    loss                 | 0.137       |
|    n_updates            | 970         |
|    policy_gradient_loss | -0.0116     |
|    std                  | 0.704       |
|    value_loss           | 0.409       |
-----------------------------------------
New best mean reward!
---------------------------------
| rollout/           |          |
|    ep_len_mean     | 174      |
|    ep_rew_mean     | -55.6    |
|    success_rate    | 0.37     |
| time/              |          |
|    fps             | 590      |
|    iterations      | 98       |
|    time_elapsed    | 339      |
|    total_timesteps | 200704   |
---------------------------------
-----------------------------------------
| rollout/                |             |
|    ep_len_mean          | 173         |
|    ep_rew_mean          | -54.8       |
|    success_rate         | 0.39        |
| time/                   |             |
|    fps                  | 592         |
|    iterations           | 99          |
|    time_elapsed         | 341         |
|    total_timesteps      | 202752      |
| train/                  |             |
|    approx_kl            | 0.016185004 |
|    clip_fraction        | 0.219       |
|    clip_range           | 0.2         |
|    entropy_loss         | -7.34       |
|    explained_variance   | 0.997       |
|    learning_rate        | 0.0003      |
|    loss                 | 0.0375      |
|    n_updates            | 980         |
|    policy_gradient_loss | -0.0146     |
|    std                  | 0.703       |
|    value_loss           | 0.21        |
-----------------------------------------
-----------------------------------------
| rollout/                |             |
|    ep_len_mean          | 172         |
|    ep_rew_mean          | -55.2       |
|    success_rate         | 0.4         |
| time/                   |             |
|    fps                  | 595         |
|    iterations           | 100         |
|    time_elapsed         | 343         |
|    total_timesteps      | 204800      |
| train/                  |             |
|    approx_kl            | 0.015832294 |
|    clip_fraction        | 0.201       |
|    clip_range           | 0.2         |
|    entropy_loss         | -7.31       |
|    explained_variance   | 0.997       |
|    learning_rate        | 0.0003      |
|    loss                 | -0.00563    |
|    n_updates            | 990         |
|    policy_gradient_loss | -0.0149     |
|    std                  | 0.698       |
|    value_loss           | 0.225       |
-----------------------------------------
Eval num_timesteps=205000, episode_reward=-66.97 +/- 11.93
Episode length: 197.80 +/- 11.85
Success rate: 3.33%
-----------------------------------------
| eval/                   |             |
|    mean_ep_length       | 198         |
|    mean_reward          | -67         |
|    success_rate         | 0.0333      |
| time/                   |             |
|    total_timesteps      | 205000      |
| train/                  |             |
|    approx_kl            | 0.017776515 |
|    clip_fraction        | 0.206       |
|    clip_range           | 0.2         |
|    entropy_loss         | -7.26       |
|    explained_variance   | 0.995       |
|    learning_rate        | 0.0003      |
|    loss                 | 0.028       |
|    n_updates            | 1000        |
|    policy_gradient_loss | -0.0145     |
|    std                  | 0.692       |
|    value_loss           | 0.175       |
-----------------------------------------
---------------------------------
| rollout/           |          |
|    ep_len_mean     | 173      |
|    ep_rew_mean     | -55.7    |
|    success_rate    | 0.41     |
| time/              |          |
|    fps             | 592      |
|    iterations      | 101      |
|    time_elapsed    | 349      |
|    total_timesteps | 206848   |
---------------------------------
----------------------------------------
| rollout/                |            |
|    ep_len_mean          | 173        |
|    ep_rew_mean          | -56.2      |
|    success_rate         | 0.41       |
| time/                   |            |
|    fps                  | 595        |
|    iterations           | 102        |
|    time_elapsed         | 351        |
|    total_timesteps      | 208896     |
| train/                  |            |
|    approx_kl            | 0.01509819 |
|    clip_fraction        | 0.192      |
|    clip_range           | 0.2        |
|    entropy_loss         | -7.22      |
|    explained_variance   | 0.996      |
|    learning_rate        | 0.0003     |
|    loss                 | 0.0461     |
|    n_updates            | 1010       |
|    policy_gradient_loss | -0.0144    |
|    std                  | 0.689      |
|    value_loss           | 0.266      |
----------------------------------------
Eval num_timesteps=210000, episode_reward=-64.73 +/- 13.69
Episode length: 195.03 +/- 18.71
Success rate: 6.67%
-----------------------------------------
| eval/                   |             |
|    mean_ep_length       | 195         |
|    mean_reward          | -64.7       |
|    success_rate         | 0.0667      |
| time/                   |             |
|    total_timesteps      | 210000      |
| train/                  |             |
|    approx_kl            | 0.019116905 |
|    clip_fraction        | 0.207       |
|    clip_range           | 0.2         |
|    entropy_loss         | -7.2        |
|    explained_variance   | 0.993       |
|    learning_rate        | 0.0003      |
|    loss                 | 0.0611      |
|    n_updates            | 1020        |
|    policy_gradient_loss | -0.0148     |
|    std                  | 0.686       |
|    value_loss           | 0.438       |
-----------------------------------------
---------------------------------
| rollout/           |          |
|    ep_len_mean     | 172      |
|    ep_rew_mean     | -55.9    |
|    success_rate    | 0.43     |
| time/              |          |
|    fps             | 592      |
|    iterations      | 103      |
|    time_elapsed    | 356      |
|    total_timesteps | 210944   |
---------------------------------
-----------------------------------------
| rollout/                |             |
|    ep_len_mean          | 171         |
|    ep_rew_mean          | -55.1       |
|    success_rate         | 0.46        |
| time/                   |             |
|    fps                  | 594         |
|    iterations           | 104         |
|    time_elapsed         | 358         |
|    total_timesteps      | 212992      |
| train/                  |             |
|    approx_kl            | 0.020562982 |
|    clip_fraction        | 0.207       |
|    clip_range           | 0.2         |
|    entropy_loss         | -7.17       |
|    explained_variance   | 0.994       |
|    learning_rate        | 0.0003      |
|    loss                 | 0.0196      |
|    n_updates            | 1030        |
|    policy_gradient_loss | -0.0127     |
|    std                  | 0.686       |
|    value_loss           | 0.263       |
-----------------------------------------
Eval num_timesteps=215000, episode_reward=-62.65 +/- 13.52
Episode length: 194.20 +/- 21.76
Success rate: 6.67%
----------------------------------------
| eval/                   |            |
|    mean_ep_length       | 194        |
|    mean_reward          | -62.7      |
|    success_rate         | 0.0667     |
| time/                   |            |
|    total_timesteps      | 215000     |
| train/                  |            |
|    approx_kl            | 0.01794031 |
|    clip_fraction        | 0.227      |
|    clip_range           | 0.2        |
|    entropy_loss         | -7.17      |
|    explained_variance   | 0.99       |
|    learning_rate        | 0.0003     |
|    loss                 | 0.175      |
|    n_updates            | 1040       |
|    policy_gradient_loss | -0.0125    |
|    std                  | 0.685      |
|    value_loss           | 0.607      |
----------------------------------------
---------------------------------
| rollout/           |          |
|    ep_len_mean     | 169      |
|    ep_rew_mean     | -54.1    |
|    success_rate    | 0.49     |
| time/              |          |
|    fps             | 591      |
|    iterations      | 105      |
|    time_elapsed    | 363      |
|    total_timesteps | 215040   |
---------------------------------
----------------------------------------
| rollout/                |            |
|    ep_len_mean          | 171        |
|    ep_rew_mean          | -54.9      |
|    success_rate         | 0.47       |
| time/                   |            |
|    fps                  | 593        |
|    iterations           | 106        |
|    time_elapsed         | 365        |
|    total_timesteps      | 217088     |
| train/                  |            |
|    approx_kl            | 0.01592241 |
|    clip_fraction        | 0.194      |
|    clip_range           | 0.2        |
|    entropy_loss         | -7.17      |
|    explained_variance   | 0.992      |
|    learning_rate        | 0.0003     |
|    loss                 | 0.0373     |
|    n_updates            | 1050       |
|    policy_gradient_loss | -0.0139    |
|    std                  | 0.687      |
|    value_loss           | 0.263      |
----------------------------------------
------------------------------------------
| rollout/                |              |
|    ep_len_mean          | 174          |
|    ep_rew_mean          | -55.9        |
|    success_rate         | 0.43         |
| time/                   |              |
|    fps                  | 596          |
|    iterations           | 107          |
|    time_elapsed         | 367          |
|    total_timesteps      | 219136       |
| train/                  |              |
|    approx_kl            | 0.0155445505 |
|    clip_fraction        | 0.182        |
|    clip_range           | 0.2          |
|    entropy_loss         | -7.17        |
|    explained_variance   | 0.983        |
|    learning_rate        | 0.0003       |
|    loss                 | 0.812        |
|    n_updates            | 1060         |
|    policy_gradient_loss | -0.0115      |
|    std                  | 0.684        |
|    value_loss           | 0.941        |
------------------------------------------
Eval num_timesteps=220000, episode_reward=-57.15 +/- 18.70
Episode length: 174.97 +/- 38.55
Success rate: 30.00%
----------------------------------------
| eval/                   |            |
|    mean_ep_length       | 175        |
|    mean_reward          | -57.2      |
|    success_rate         | 0.3        |
| time/                   |            |
|    total_timesteps      | 220000     |
| train/                  |            |
|    approx_kl            | 0.02024517 |
|    clip_fraction        | 0.216      |
|    clip_range           | 0.2        |
|    entropy_loss         | -7.12      |
|    explained_variance   | 0.991      |
|    learning_rate        | 0.0003     |
|    loss                 | 0.0574     |
|    n_updates            | 1070       |
|    policy_gradient_loss | -0.0133    |
|    std                  | 0.677      |
|    value_loss           | 0.22       |
----------------------------------------
New best mean reward!
---------------------------------
| rollout/           |          |
|    ep_len_mean     | 175      |
|    ep_rew_mean     | -55.4    |
|    success_rate    | 0.41     |
| time/              |          |
|    fps             | 593      |
|    iterations      | 108      |
|    time_elapsed    | 372      |
|    total_timesteps | 221184   |
---------------------------------
-----------------------------------------
| rollout/                |             |
|    ep_len_mean          | 176         |
|    ep_rew_mean          | -56.2       |
|    success_rate         | 0.39        |
| time/                   |             |
|    fps                  | 596         |
|    iterations           | 109         |
|    time_elapsed         | 374         |
|    total_timesteps      | 223232      |
| train/                  |             |
|    approx_kl            | 0.015483363 |
|    clip_fraction        | 0.187       |
|    clip_range           | 0.2         |
|    entropy_loss         | -7.08       |
|    explained_variance   | 0.992       |
|    learning_rate        | 0.0003      |
|    loss                 | 0.0946      |
|    n_updates            | 1080        |
|    policy_gradient_loss | -0.0128     |
|    std                  | 0.676       |
|    value_loss           | 0.29        |
-----------------------------------------
Eval num_timesteps=225000, episode_reward=-56.95 +/- 17.75
Episode length: 176.47 +/- 36.40
Success rate: 30.00%
-----------------------------------------
| eval/                   |             |
|    mean_ep_length       | 176         |
|    mean_reward          | -56.9       |
|    success_rate         | 0.3         |
| time/                   |             |
|    total_timesteps      | 225000      |
| train/                  |             |
|    approx_kl            | 0.017664786 |
|    clip_fraction        | 0.244       |
|    clip_range           | 0.2         |
|    entropy_loss         | -7.06       |
|    explained_variance   | 0.997       |
|    learning_rate        | 0.0003      |
|    loss                 | 0.0816      |
|    n_updates            | 1090        |
|    policy_gradient_loss | -0.0171     |
|    std                  | 0.676       |
|    value_loss           | 0.241       |
-----------------------------------------
New best mean reward!
---------------------------------
| rollout/           |          |
|    ep_len_mean     | 173      |
|    ep_rew_mean     | -55.2    |
|    success_rate    | 0.41     |
| time/              |          |
|    fps             | 593      |
|    iterations      | 110      |
|    time_elapsed    | 379      |
|    total_timesteps | 225280   |
---------------------------------
-----------------------------------------
| rollout/                |             |
|    ep_len_mean          | 171         |
|    ep_rew_mean          | -53.8       |
|    success_rate         | 0.44        |
| time/                   |             |
|    fps                  | 596         |
|    iterations           | 111         |
|    time_elapsed         | 381         |
|    total_timesteps      | 227328      |
| train/                  |             |
|    approx_kl            | 0.013812864 |
|    clip_fraction        | 0.167       |
|    clip_range           | 0.2         |
|    entropy_loss         | -7.07       |
|    explained_variance   | 0.986       |
|    learning_rate        | 0.0003      |
|    loss                 | 0.41        |
|    n_updates            | 1100        |
|    policy_gradient_loss | -0.0113     |
|    std                  | 0.678       |
|    value_loss           | 0.748       |
-----------------------------------------
----------------------------------------
| rollout/                |            |
|    ep_len_mean          | 171        |
|    ep_rew_mean          | -53.8      |
|    success_rate         | 0.42       |
| time/                   |            |
|    fps                  | 598        |
|    iterations           | 112        |
|    time_elapsed         | 383        |
|    total_timesteps      | 229376     |
| train/                  |            |
|    approx_kl            | 0.01812531 |
|    clip_fraction        | 0.19       |
|    clip_range           | 0.2        |
|    entropy_loss         | -7.05      |
|    explained_variance   | 0.988      |
|    learning_rate        | 0.0003     |
|    loss                 | 0.222      |
|    n_updates            | 1110       |
|    policy_gradient_loss | -0.0138    |
|    std                  | 0.671      |
|    value_loss           | 0.364      |
----------------------------------------
Eval num_timesteps=230000, episode_reward=-59.05 +/- 17.05
Episode length: 185.27 +/- 32.95
Success rate: 16.67%
-----------------------------------------
| eval/                   |             |
|    mean_ep_length       | 185         |
|    mean_reward          | -59         |
|    success_rate         | 0.167       |
| time/                   |             |
|    total_timesteps      | 230000      |
| train/                  |             |
|    approx_kl            | 0.016435988 |
|    clip_fraction        | 0.192       |
|    clip_range           | 0.2         |
|    entropy_loss         | -7.04       |
|    explained_variance   | 0.99        |
|    learning_rate        | 0.0003      |
|    loss                 | 0.0179      |
|    n_updates            | 1120        |
|    policy_gradient_loss | -0.0119     |
|    std                  | 0.675       |
|    value_loss           | 0.242       |
-----------------------------------------
---------------------------------
| rollout/           |          |
|    ep_len_mean     | 172      |
|    ep_rew_mean     | -54.1    |
|    success_rate    | 0.4      |
| time/              |          |
|    fps             | 595      |
|    iterations      | 113      |
|    time_elapsed    | 388      |
|    total_timesteps | 231424   |
---------------------------------
-----------------------------------------
| rollout/                |             |
|    ep_len_mean          | 171         |
|    ep_rew_mean          | -54.7       |
|    success_rate         | 0.4         |
| time/                   |             |
|    fps                  | 597         |
|    iterations           | 114         |
|    time_elapsed         | 390         |
|    total_timesteps      | 233472      |
| train/                  |             |
|    approx_kl            | 0.018062405 |
|    clip_fraction        | 0.193       |
|    clip_range           | 0.2         |
|    entropy_loss         | -7.07       |
|    explained_variance   | 0.992       |
|    learning_rate        | 0.0003      |
|    loss                 | 0.0414      |
|    n_updates            | 1130        |
|    policy_gradient_loss | -0.0101     |
|    std                  | 0.677       |
|    value_loss           | 0.44        |
-----------------------------------------
Eval num_timesteps=235000, episode_reward=-56.81 +/- 17.22
Episode length: 182.23 +/- 35.84
Success rate: 20.00%
-----------------------------------------
| eval/                   |             |
|    mean_ep_length       | 182         |
|    mean_reward          | -56.8       |
|    success_rate         | 0.2         |
| time/                   |             |
|    total_timesteps      | 235000      |
| train/                  |             |
|    approx_kl            | 0.020457564 |
|    clip_fraction        | 0.233       |
|    clip_range           | 0.2         |
|    entropy_loss         | -7.05       |
|    explained_variance   | 0.993       |
|    learning_rate        | 0.0003      |
|    loss                 | 0.315       |
|    n_updates            | 1140        |
|    policy_gradient_loss | -0.0145     |
|    std                  | 0.674       |
|    value_loss           | 0.507       |
-----------------------------------------
New best mean reward!
---------------------------------
| rollout/           |          |
|    ep_len_mean     | 172      |
|    ep_rew_mean     | -55.5    |
|    success_rate    | 0.39     |
| time/              |          |
|    fps             | 595      |
|    iterations      | 115      |
|    time_elapsed    | 395      |
|    total_timesteps | 235520   |
---------------------------------
-----------------------------------------
| rollout/                |             |
|    ep_len_mean          | 171         |
|    ep_rew_mean          | -55         |
|    success_rate         | 0.41        |
| time/                   |             |
|    fps                  | 597         |
|    iterations           | 116         |
|    time_elapsed         | 397         |
|    total_timesteps      | 237568      |
| train/                  |             |
|    approx_kl            | 0.021630492 |
|    clip_fraction        | 0.243       |
|    clip_range           | 0.2         |
|    entropy_loss         | -7.01       |
|    explained_variance   | 0.995       |
|    learning_rate        | 0.0003      |
|    loss                 | 0.0914      |
|    n_updates            | 1150        |
|    policy_gradient_loss | -0.0151     |
|    std                  | 0.67        |
|    value_loss           | 0.358       |
-----------------------------------------
-----------------------------------------
| rollout/                |             |
|    ep_len_mean          | 170         |
|    ep_rew_mean          | -54.4       |
|    success_rate         | 0.43        |
| time/                   |             |
|    fps                  | 599         |
|    iterations           | 117         |
|    time_elapsed         | 399         |
|    total_timesteps      | 239616      |
| train/                  |             |
|    approx_kl            | 0.020993121 |
|    clip_fraction        | 0.267       |
|    clip_range           | 0.2         |
|    entropy_loss         | -6.97       |
|    explained_variance   | 0.995       |
|    learning_rate        | 0.0003      |
|    loss                 | 0.0288      |
|    n_updates            | 1160        |
|    policy_gradient_loss | -0.0164     |
|    std                  | 0.667       |
|    value_loss           | 0.259       |
-----------------------------------------
Eval num_timesteps=240000, episode_reward=-58.78 +/- 17.85
Episode length: 180.27 +/- 35.93
Success rate: 23.33%
-----------------------------------------
| eval/                   |             |
|    mean_ep_length       | 180         |
|    mean_reward          | -58.8       |
|    success_rate         | 0.233       |
| time/                   |             |
|    total_timesteps      | 240000      |
| train/                  |             |
|    approx_kl            | 0.015561152 |
|    clip_fraction        | 0.215       |
|    clip_range           | 0.2         |
|    entropy_loss         | -6.98       |
|    explained_variance   | 0.995       |
|    learning_rate        | 0.0003      |
|    loss                 | 0.0312      |
|    n_updates            | 1170        |
|    policy_gradient_loss | -0.0139     |
|    std                  | 0.67        |
|    value_loss           | 0.257       |
-----------------------------------------
---------------------------------
| rollout/           |          |
|    ep_len_mean     | 170      |
|    ep_rew_mean     | -55.2    |
|    success_rate    | 0.43     |
| time/              |          |
|    fps             | 597      |
|    iterations      | 118      |
|    time_elapsed    | 404      |
|    total_timesteps | 241664   |
---------------------------------
----------------------------------------
| rollout/                |            |
|    ep_len_mean          | 173        |
|    ep_rew_mean          | -56.6      |
|    success_rate         | 0.39       |
| time/                   |            |
|    fps                  | 599        |
|    iterations           | 119        |
|    time_elapsed         | 406        |
|    total_timesteps      | 243712     |
| train/                  |            |
|    approx_kl            | 0.02645395 |
|    clip_fraction        | 0.219      |
|    clip_range           | 0.2        |
|    entropy_loss         | -6.99      |
|    explained_variance   | 0.994      |
|    learning_rate        | 0.0003     |
|    loss                 | 0.0604     |
|    n_updates            | 1180       |
|    policy_gradient_loss | -0.00896   |
|    std                  | 0.668      |
|    value_loss           | 0.412      |
----------------------------------------
Eval num_timesteps=245000, episode_reward=-64.04 +/- 19.24
Episode length: 185.90 +/- 31.65
Success rate: 16.67%
----------------------------------------
| eval/                   |            |
|    mean_ep_length       | 186        |
|    mean_reward          | -64        |
|    success_rate         | 0.167      |
| time/                   |            |
|    total_timesteps      | 245000     |
| train/                  |            |
|    approx_kl            | 0.01558591 |
|    clip_fraction        | 0.197      |
|    clip_range           | 0.2        |
|    entropy_loss         | -6.97      |
|    explained_variance   | 0.983      |
|    learning_rate        | 0.0003     |
|    loss                 | 0.0583     |
|    n_updates            | 1190       |
|    policy_gradient_loss | -0.01      |
|    std                  | 0.666      |
|    value_loss           | 0.474      |
----------------------------------------
---------------------------------
| rollout/           |          |
|    ep_len_mean     | 174      |
|    ep_rew_mean     | -56.7    |
|    success_rate    | 0.37     |
| time/              |          |
|    fps             | 595      |
|    iterations      | 120      |
|    time_elapsed    | 412      |
|    total_timesteps | 245760   |
---------------------------------
-----------------------------------------
| rollout/                |             |
|    ep_len_mean          | 173         |
|    ep_rew_mean          | -57.4       |
|    success_rate         | 0.37        |
| time/                   |             |
|    fps                  | 596         |
|    iterations           | 121         |
|    time_elapsed         | 415         |
|    total_timesteps      | 247808      |
| train/                  |             |
|    approx_kl            | 0.024824522 |
|    clip_fraction        | 0.234       |
|    clip_range           | 0.2         |
|    entropy_loss         | -6.95       |
|    explained_variance   | 0.99        |
|    learning_rate        | 0.0003      |
|    loss                 | 0.106       |
|    n_updates            | 1200        |
|    policy_gradient_loss | -0.0167     |
|    std                  | 0.665       |
|    value_loss           | 0.393       |
-----------------------------------------
-----------------------------------------
| rollout/                |             |
|    ep_len_mean          | 170         |
|    ep_rew_mean          | -56.1       |
|    success_rate         | 0.41        |
| time/                   |             |
|    fps                  | 597         |
|    iterations           | 122         |
|    time_elapsed         | 417         |
|    total_timesteps      | 249856      |
| train/                  |             |
|    approx_kl            | 0.015559187 |
|    clip_fraction        | 0.201       |
|    clip_range           | 0.2         |
|    entropy_loss         | -6.94       |
|    explained_variance   | 0.987       |
|    learning_rate        | 0.0003      |
|    loss                 | 0.122       |
|    n_updates            | 1210        |
|    policy_gradient_loss | -0.00938    |
|    std                  | 0.665       |
|    value_loss           | 0.664       |
-----------------------------------------
Eval num_timesteps=250000, episode_reward=-61.13 +/- 18.86
Episode length: 186.60 +/- 34.32
Success rate: 13.33%
-----------------------------------------
| eval/                   |             |
|    mean_ep_length       | 187         |
|    mean_reward          | -61.1       |
|    success_rate         | 0.133       |
| time/                   |             |
|    total_timesteps      | 250000      |
| train/                  |             |
|    approx_kl            | 0.014634596 |
|    clip_fraction        | 0.18        |
|    clip_range           | 0.2         |
|    entropy_loss         | -6.94       |
|    explained_variance   | 0.975       |
|    learning_rate        | 0.0003      |
|    loss                 | 0.383       |
|    n_updates            | 1220        |
|    policy_gradient_loss | -0.0138     |
|    std                  | 0.665       |
|    value_loss           | 1.36        |
-----------------------------------------
---------------------------------
| rollout/           |          |
|    ep_len_mean     | 170      |
|    ep_rew_mean     | -55.6    |
|    success_rate    | 0.41     |
| time/              |          |
|    fps             | 595      |
|    iterations      | 123      |
|    time_elapsed    | 423      |
|    total_timesteps | 251904   |
---------------------------------
----------------------------------------
| rollout/                |            |
|    ep_len_mean          | 168        |
|    ep_rew_mean          | -55.1      |
|    success_rate         | 0.42       |
| time/                   |            |
|    fps                  | 597        |
|    iterations           | 124        |
|    time_elapsed         | 425        |
|    total_timesteps      | 253952     |
| train/                  |            |
|    approx_kl            | 0.02387109 |
|    clip_fraction        | 0.191      |
|    clip_range           | 0.2        |
|    entropy_loss         | -6.95      |
|    explained_variance   | 0.976      |
|    learning_rate        | 0.0003     |
|    loss                 | 0.177      |
|    n_updates            | 1230       |
|    policy_gradient_loss | -0.0108    |
|    std                  | 0.667      |
|    value_loss           | 0.639      |
----------------------------------------
Eval num_timesteps=255000, episode_reward=-57.22 +/- 15.36
Episode length: 185.40 +/- 30.77
Success rate: 20.00%
-----------------------------------------
| eval/                   |             |
|    mean_ep_length       | 185         |
|    mean_reward          | -57.2       |
|    success_rate         | 0.2         |
| time/                   |             |
|    total_timesteps      | 255000      |
| train/                  |             |
|    approx_kl            | 0.016980993 |
|    clip_fraction        | 0.168       |
|    clip_range           | 0.2         |
|    entropy_loss         | -6.94       |
|    explained_variance   | 0.985       |
|    learning_rate        | 0.0003      |
|    loss                 | 0.146       |
|    n_updates            | 1240        |
|    policy_gradient_loss | -0.00846    |
|    std                  | 0.665       |
|    value_loss           | 1.05        |
-----------------------------------------
---------------------------------
| rollout/           |          |
|    ep_len_mean     | 165      |
|    ep_rew_mean     | -54.1    |
|    success_rate    | 0.46     |
| time/              |          |
|    fps             | 594      |
|    iterations      | 125      |
|    time_elapsed    | 430      |
|    total_timesteps | 256000   |
---------------------------------
-----------------------------------------
| rollout/                |             |
|    ep_len_mean          | 164         |
|    ep_rew_mean          | -52.8       |
|    success_rate         | 0.49        |
| time/                   |             |
|    fps                  | 596         |
|    iterations           | 126         |
|    time_elapsed         | 432         |
|    total_timesteps      | 258048      |
| train/                  |             |
|    approx_kl            | 0.018551804 |
|    clip_fraction        | 0.198       |
|    clip_range           | 0.2         |
|    entropy_loss         | -6.92       |
|    explained_variance   | 0.983       |
|    learning_rate        | 0.0003      |
|    loss                 | 0.145       |
|    n_updates            | 1250        |
|    policy_gradient_loss | -0.00964    |
|    std                  | 0.661       |
|    value_loss           | 1.16        |
-----------------------------------------
Eval num_timesteps=260000, episode_reward=-51.35 +/- 17.78
Episode length: 164.20 +/- 41.10
Success rate: 43.33%
-----------------------------------------
| eval/                   |             |
|    mean_ep_length       | 164         |
|    mean_reward          | -51.3       |
|    success_rate         | 0.433       |
| time/                   |             |
|    total_timesteps      | 260000      |
| train/                  |             |
|    approx_kl            | 0.017412122 |
|    clip_fraction        | 0.23        |
|    clip_range           | 0.2         |
|    entropy_loss         | -6.89       |
|    explained_variance   | 0.986       |
|    learning_rate        | 0.0003      |
|    loss                 | 0.0695      |
|    n_updates            | 1260        |
|    policy_gradient_loss | -0.0118     |
|    std                  | 0.661       |
|    value_loss           | 0.83        |
-----------------------------------------
New best mean reward!
---------------------------------
| rollout/           |          |
|    ep_len_mean     | 160      |
|    ep_rew_mean     | -51      |
|    success_rate    | 0.55     |
| time/              |          |
|    fps             | 594      |
|    iterations      | 127      |
|    time_elapsed    | 437      |
|    total_timesteps | 260096   |
---------------------------------
-----------------------------------------
| rollout/                |             |
|    ep_len_mean          | 156         |
|    ep_rew_mean          | -49.4       |
|    success_rate         | 0.61        |
| time/                   |             |
|    fps                  | 595         |
|    iterations           | 128         |
|    time_elapsed         | 439         |
|    total_timesteps      | 262144      |
| train/                  |             |
|    approx_kl            | 0.023161413 |
|    clip_fraction        | 0.21        |
|    clip_range           | 0.2         |
|    entropy_loss         | -6.88       |
|    explained_variance   | 0.988       |
|    learning_rate        | 0.0003      |
|    loss                 | 0.308       |
|    n_updates            | 1270        |
|    policy_gradient_loss | -0.012      |
|    std                  | 0.659       |
|    value_loss           | 0.752       |
-----------------------------------------
-----------------------------------------
| rollout/                |             |
|    ep_len_mean          | 154         |
|    ep_rew_mean          | -48.3       |
|    success_rate         | 0.64        |
| time/                   |             |
|    fps                  | 597         |
|    iterations           | 129         |
|    time_elapsed         | 442         |
|    total_timesteps      | 264192      |
| train/                  |             |
|    approx_kl            | 0.016236804 |
|    clip_fraction        | 0.229       |
|    clip_range           | 0.2         |
|    entropy_loss         | -6.84       |
|    explained_variance   | 0.993       |
|    learning_rate        | 0.0003      |
|    loss                 | 0.0963      |
|    n_updates            | 1280        |
|    policy_gradient_loss | -0.0126     |
|    std                  | 0.653       |
|    value_loss           | 0.404       |
-----------------------------------------
Eval num_timesteps=265000, episode_reward=-54.66 +/- 22.17
Episode length: 166.67 +/- 41.64
Success rate: 40.00%
-----------------------------------------
| eval/                   |             |
|    mean_ep_length       | 167         |
|    mean_reward          | -54.7       |
|    success_rate         | 0.4         |
| time/                   |             |
|    total_timesteps      | 265000      |
| train/                  |             |
|    approx_kl            | 0.029795604 |
|    clip_fraction        | 0.265       |
|    clip_range           | 0.2         |
|    entropy_loss         | -6.79       |
|    explained_variance   | 0.994       |
|    learning_rate        | 0.0003      |
|    loss                 | 0.0199      |
|    n_updates            | 1290        |
|    policy_gradient_loss | -0.00707    |
|    std                  | 0.649       |
|    value_loss           | 0.208       |
-----------------------------------------
---------------------------------
| rollout/           |          |
|    ep_len_mean     | 156      |
|    ep_rew_mean     | -48.8    |
|    success_rate    | 0.63     |
| time/              |          |
|    fps             | 595      |
|    iterations      | 130      |
|    time_elapsed    | 447      |
|    total_timesteps | 266240   |
---------------------------------
-----------------------------------------
| rollout/                |             |
|    ep_len_mean          | 157         |
|    ep_rew_mean          | -48.5       |
|    success_rate         | 0.61        |
| time/                   |             |
|    fps                  | 597         |
|    iterations           | 131         |
|    time_elapsed         | 449         |
|    total_timesteps      | 268288      |
| train/                  |             |
|    approx_kl            | 0.019871231 |
|    clip_fraction        | 0.201       |
|    clip_range           | 0.2         |
|    entropy_loss         | -6.74       |
|    explained_variance   | 0.98        |
|    learning_rate        | 0.0003      |
|    loss                 | 0.212       |
|    n_updates            | 1300        |
|    policy_gradient_loss | -0.00936    |
|    std                  | 0.644       |
|    value_loss           | 0.39        |
-----------------------------------------
Eval num_timesteps=270000, episode_reward=-58.30 +/- 18.75
Episode length: 175.63 +/- 38.26
Success rate: 30.00%
-----------------------------------------
| eval/                   |             |
|    mean_ep_length       | 176         |
|    mean_reward          | -58.3       |
|    success_rate         | 0.3         |
| time/                   |             |
|    total_timesteps      | 270000      |
| train/                  |             |
|    approx_kl            | 0.017482884 |
|    clip_fraction        | 0.196       |
|    clip_range           | 0.2         |
|    entropy_loss         | -6.71       |
|    explained_variance   | 0.978       |
|    learning_rate        | 0.0003      |
|    loss                 | 0.00791     |
|    n_updates            | 1310        |
|    policy_gradient_loss | -0.0142     |
|    std                  | 0.643       |
|    value_loss           | 0.466       |
-----------------------------------------
---------------------------------
| rollout/           |          |
|    ep_len_mean     | 160      |
|    ep_rew_mean     | -48.8    |
|    success_rate    | 0.57     |
| time/              |          |
|    fps             | 595      |
|    iterations      | 132      |
|    time_elapsed    | 453      |
|    total_timesteps | 270336   |
---------------------------------
----------------------------------------
| rollout/                |            |
|    ep_len_mean          | 157        |
|    ep_rew_mean          | -47.4      |
|    success_rate         | 0.59       |
| time/                   |            |
|    fps                  | 597        |
|    iterations           | 133        |
|    time_elapsed         | 456        |
|    total_timesteps      | 272384     |
| train/                  |            |
|    approx_kl            | 0.01915275 |
|    clip_fraction        | 0.228      |
|    clip_range           | 0.2        |
|    entropy_loss         | -6.69      |
|    explained_variance   | 0.99       |
|    learning_rate        | 0.0003     |
|    loss                 | 0.021      |
|    n_updates            | 1320       |
|    policy_gradient_loss | -0.0161    |
|    std                  | 0.639      |
|    value_loss           | 0.543      |
----------------------------------------
-----------------------------------------
| rollout/                |             |
|    ep_len_mean          | 157         |
|    ep_rew_mean          | -48         |
|    success_rate         | 0.57        |
| time/                   |             |
|    fps                  | 599         |
|    iterations           | 134         |
|    time_elapsed         | 457         |
|    total_timesteps      | 274432      |
| train/                  |             |
|    approx_kl            | 0.018522553 |
|    clip_fraction        | 0.2         |
|    clip_range           | 0.2         |
|    entropy_loss         | -6.67       |
|    explained_variance   | 0.977       |
|    learning_rate        | 0.0003      |
|    loss                 | 0.0928      |
|    n_updates            | 1330        |
|    policy_gradient_loss | -0.00789    |
|    std                  | 0.637       |
|    value_loss           | 0.429       |
-----------------------------------------
Eval num_timesteps=275000, episode_reward=-54.84 +/- 19.12
Episode length: 173.90 +/- 39.42
Success rate: 33.33%
-----------------------------------------
| eval/                   |             |
|    mean_ep_length       | 174         |
|    mean_reward          | -54.8       |
|    success_rate         | 0.333       |
| time/                   |             |
|    total_timesteps      | 275000      |
| train/                  |             |
|    approx_kl            | 0.020910112 |
|    clip_fraction        | 0.231       |
|    clip_range           | 0.2         |
|    entropy_loss         | -6.64       |
|    explained_variance   | 0.988       |
|    learning_rate        | 0.0003      |
|    loss                 | 0.0874      |
|    n_updates            | 1340        |
|    policy_gradient_loss | -0.012      |
|    std                  | 0.635       |
|    value_loss           | 0.411       |
-----------------------------------------
---------------------------------
| rollout/           |          |
|    ep_len_mean     | 158      |
|    ep_rew_mean     | -48.2    |
|    success_rate    | 0.56     |
| time/              |          |
|    fps             | 597      |
|    iterations      | 135      |
|    time_elapsed    | 462      |
|    total_timesteps | 276480   |
---------------------------------
-----------------------------------------
| rollout/                |             |
|    ep_len_mean          | 159         |
|    ep_rew_mean          | -48.4       |
|    success_rate         | 0.54        |
| time/                   |             |
|    fps                  | 598         |
|    iterations           | 136         |
|    time_elapsed         | 465         |
|    total_timesteps      | 278528      |
| train/                  |             |
|    approx_kl            | 0.020296615 |
|    clip_fraction        | 0.207       |
|    clip_range           | 0.2         |
|    entropy_loss         | -6.64       |
|    explained_variance   | 0.993       |
|    learning_rate        | 0.0003      |
|    loss                 | 0.0714      |
|    n_updates            | 1350        |
|    policy_gradient_loss | -0.0102     |
|    std                  | 0.636       |
|    value_loss           | 0.418       |
-----------------------------------------
Eval num_timesteps=280000, episode_reward=-51.13 +/- 18.81
Episode length: 166.73 +/- 41.10
Success rate: 40.00%
----------------------------------------
| eval/                   |            |
|    mean_ep_length       | 167        |
|    mean_reward          | -51.1      |
|    success_rate         | 0.4        |
| time/                   |            |
|    total_timesteps      | 280000     |
| train/                  |            |
|    approx_kl            | 0.01798674 |
|    clip_fraction        | 0.231      |
|    clip_range           | 0.2        |
|    entropy_loss         | -6.63      |
|    explained_variance   | 0.996      |
|    learning_rate        | 0.0003     |
|    loss                 | 0.119      |
|    n_updates            | 1360       |
|    policy_gradient_loss | -0.0135    |
|    std                  | 0.634      |
|    value_loss           | 0.248      |
----------------------------------------
New best mean reward!
---------------------------------
| rollout/           |          |
|    ep_len_mean     | 160      |
|    ep_rew_mean     | -48.2    |
|    success_rate    | 0.53     |
| time/              |          |
|    fps             | 596      |
|    iterations      | 137      |
|    time_elapsed    | 470      |
|    total_timesteps | 280576   |
---------------------------------
-----------------------------------------
| rollout/                |             |
|    ep_len_mean          | 156         |
|    ep_rew_mean          | -46.5       |
|    success_rate         | 0.57        |
| time/                   |             |
|    fps                  | 598         |
|    iterations           | 138         |
|    time_elapsed         | 472         |
|    total_timesteps      | 282624      |
| train/                  |             |
|    approx_kl            | 0.018205866 |
|    clip_fraction        | 0.213       |
|    clip_range           | 0.2         |
|    entropy_loss         | -6.62       |
|    explained_variance   | 0.986       |
|    learning_rate        | 0.0003      |
|    loss                 | 0.0906      |
|    n_updates            | 1370        |
|    policy_gradient_loss | -0.0124     |
|    std                  | 0.634       |
|    value_loss           | 0.344       |
-----------------------------------------
----------------------------------------
| rollout/                |            |
|    ep_len_mean          | 154        |
|    ep_rew_mean          | -46.4      |
|    success_rate         | 0.6        |
| time/                   |            |
|    fps                  | 600        |
|    iterations           | 139        |
|    time_elapsed         | 474        |
|    total_timesteps      | 284672     |
| train/                  |            |
|    approx_kl            | 0.01811589 |
|    clip_fraction        | 0.211      |
|    clip_range           | 0.2        |
|    entropy_loss         | -6.58      |
|    explained_variance   | 0.991      |
|    learning_rate        | 0.0003     |
|    loss                 | 0.218      |
|    n_updates            | 1380       |
|    policy_gradient_loss | -0.0162    |
|    std                  | 0.627      |
|    value_loss           | 0.525      |
----------------------------------------
Eval num_timesteps=285000, episode_reward=-45.56 +/- 18.71
Episode length: 151.90 +/- 42.73
Success rate: 60.00%
-----------------------------------------
| eval/                   |             |
|    mean_ep_length       | 152         |
|    mean_reward          | -45.6       |
|    success_rate         | 0.6         |
| time/                   |             |
|    total_timesteps      | 285000      |
| train/                  |             |
|    approx_kl            | 0.019061644 |
|    clip_fraction        | 0.213       |
|    clip_range           | 0.2         |
|    entropy_loss         | -6.54       |
|    explained_variance   | 0.992       |
|    learning_rate        | 0.0003      |
|    loss                 | 0.0497      |
|    n_updates            | 1390        |
|    policy_gradient_loss | -0.0117     |
|    std                  | 0.627       |
|    value_loss           | 0.348       |
-----------------------------------------
New best mean reward!
---------------------------------
| rollout/           |          |
|    ep_len_mean     | 152      |
|    ep_rew_mean     | -45.8    |
|    success_rate    | 0.65     |
| time/              |          |
|    fps             | 598      |
|    iterations      | 140      |
|    time_elapsed    | 478      |
|    total_timesteps | 286720   |
---------------------------------
-----------------------------------------
| rollout/                |             |
|    ep_len_mean          | 154         |
|    ep_rew_mean          | -46.6       |
|    success_rate         | 0.63        |
| time/                   |             |
|    fps                  | 600         |
|    iterations           | 141         |
|    time_elapsed         | 480         |
|    total_timesteps      | 288768      |
| train/                  |             |
|    approx_kl            | 0.019749839 |
|    clip_fraction        | 0.225       |
|    clip_range           | 0.2         |
|    entropy_loss         | -6.55       |
|    explained_variance   | 0.993       |
|    learning_rate        | 0.0003      |
|    loss                 | 0.11        |
|    n_updates            | 1400        |
|    policy_gradient_loss | -0.00891    |
|    std                  | 0.629       |
|    value_loss           | 0.303       |
-----------------------------------------
Eval num_timesteps=290000, episode_reward=-47.05 +/- 21.72
Episode length: 149.00 +/- 42.70
Success rate: 63.33%
-----------------------------------------
| eval/                   |             |
|    mean_ep_length       | 149         |
|    mean_reward          | -47.1       |
|    success_rate         | 0.633       |
| time/                   |             |
|    total_timesteps      | 290000      |
| train/                  |             |
|    approx_kl            | 0.017513894 |
|    clip_fraction        | 0.208       |
|    clip_range           | 0.2         |
|    entropy_loss         | -6.55       |
|    explained_variance   | 0.995       |
|    learning_rate        | 0.0003      |
|    loss                 | 0.00968     |
|    n_updates            | 1410        |
|    policy_gradient_loss | -0.0126     |
|    std                  | 0.627       |
|    value_loss           | 0.285       |
-----------------------------------------
---------------------------------
| rollout/           |          |
|    ep_len_mean     | 151      |
|    ep_rew_mean     | -45.4    |
|    success_rate    | 0.68     |
| time/              |          |
|    fps             | 599      |
|    iterations      | 142      |
|    time_elapsed    | 485      |
|    total_timesteps | 290816   |
---------------------------------
-----------------------------------------
| rollout/                |             |
|    ep_len_mean          | 151         |
|    ep_rew_mean          | -45.5       |
|    success_rate         | 0.67        |
| time/                   |             |
|    fps                  | 600         |
|    iterations           | 143         |
|    time_elapsed         | 487         |
|    total_timesteps      | 292864      |
| train/                  |             |
|    approx_kl            | 0.018314168 |
|    clip_fraction        | 0.219       |
|    clip_range           | 0.2         |
|    entropy_loss         | -6.55       |
|    explained_variance   | 0.995       |
|    learning_rate        | 0.0003      |
|    loss                 | 0.0569      |
|    n_updates            | 1420        |
|    policy_gradient_loss | -0.0166     |
|    std                  | 0.628       |
|    value_loss           | 0.336       |
-----------------------------------------
-----------------------------------------
| rollout/                |             |
|    ep_len_mean          | 151         |
|    ep_rew_mean          | -45.8       |
|    success_rate         | 0.67        |
| time/                   |             |
|    fps                  | 602         |
|    iterations           | 144         |
|    time_elapsed         | 489         |
|    total_timesteps      | 294912      |
| train/                  |             |
|    approx_kl            | 0.019479807 |
|    clip_fraction        | 0.238       |
|    clip_range           | 0.2         |
|    entropy_loss         | -6.57       |
|    explained_variance   | 0.996       |
|    learning_rate        | 0.0003      |
|    loss                 | 0.0954      |
|    n_updates            | 1430        |
|    policy_gradient_loss | -0.0146     |
|    std                  | 0.63        |
|    value_loss           | 0.271       |
-----------------------------------------
Eval num_timesteps=295000, episode_reward=-52.09 +/- 18.66
Episode length: 165.77 +/- 41.23
Success rate: 43.33%
-----------------------------------------
| eval/                   |             |
|    mean_ep_length       | 166         |
|    mean_reward          | -52.1       |
|    success_rate         | 0.433       |
| time/                   |             |
|    total_timesteps      | 295000      |
| train/                  |             |
|    approx_kl            | 0.017630363 |
|    clip_fraction        | 0.191       |
|    clip_range           | 0.2         |
|    entropy_loss         | -6.6        |
|    explained_variance   | 0.995       |
|    learning_rate        | 0.0003      |
|    loss                 | 0.0367      |
|    n_updates            | 1440        |
|    policy_gradient_loss | -0.0128     |
|    std                  | 0.634       |
|    value_loss           | 0.29        |
-----------------------------------------
---------------------------------
| rollout/           |          |
|    ep_len_mean     | 152      |
|    ep_rew_mean     | -46.6    |
|    success_rate    | 0.65     |
| time/              |          |
|    fps             | 600      |
|    iterations      | 145      |
|    time_elapsed    | 494      |
|    total_timesteps | 296960   |
---------------------------------
-----------------------------------------
| rollout/                |             |
|    ep_len_mean          | 149         |
|    ep_rew_mean          | -45.9       |
|    success_rate         | 0.69        |
| time/                   |             |
|    fps                  | 602         |
|    iterations           | 146         |
|    time_elapsed         | 496         |
|    total_timesteps      | 299008      |
| train/                  |             |
|    approx_kl            | 0.021735692 |
|    clip_fraction        | 0.2         |
|    clip_range           | 0.2         |
|    entropy_loss         | -6.64       |
|    explained_variance   | 0.993       |
|    learning_rate        | 0.0003      |
|    loss                 | 0.0555      |
|    n_updates            | 1450        |
|    policy_gradient_loss | -0.0104     |
|    std                  | 0.636       |
|    value_loss           | 0.201       |
-----------------------------------------
Eval num_timesteps=300000, episode_reward=-50.80 +/- 21.78
Episode length: 159.93 +/- 43.26
Success rate: 46.67%
-----------------------------------------
| eval/                   |             |
|    mean_ep_length       | 160         |
|    mean_reward          | -50.8       |
|    success_rate         | 0.467       |
| time/                   |             |
|    total_timesteps      | 300000      |
| train/                  |             |
|    approx_kl            | 0.017724484 |
|    clip_fraction        | 0.213       |
|    clip_range           | 0.2         |
|    entropy_loss         | -6.64       |
|    explained_variance   | 0.992       |
|    learning_rate        | 0.0003      |
|    loss                 | 0.0118      |
|    n_updates            | 1460        |
|    policy_gradient_loss | -0.0168     |
|    std                  | 0.636       |
|    value_loss           | 0.23        |
-----------------------------------------
---------------------------------
| rollout/           |          |
|    ep_len_mean     | 152      |
|    ep_rew_mean     | -46.7    |
|    success_rate    | 0.63     |
| time/              |          |
|    fps             | 600      |
|    iterations      | 147      |
|    time_elapsed    | 501      |
|    total_timesteps | 301056   |
---------------------------------
-----------------------------------------
| rollout/                |             |
|    ep_len_mean          | 155         |
|    ep_rew_mean          | -48.2       |
|    success_rate         | 0.59        |
| time/                   |             |
|    fps                  | 601         |
|    iterations           | 148         |
|    time_elapsed         | 503         |
|    total_timesteps      | 303104      |
| train/                  |             |
|    approx_kl            | 0.022833588 |
|    clip_fraction        | 0.22        |
|    clip_range           | 0.2         |
|    entropy_loss         | -6.64       |
|    explained_variance   | 0.991       |
|    learning_rate        | 0.0003      |
|    loss                 | 0.0426      |
|    n_updates            | 1470        |
|    policy_gradient_loss | -0.0122     |
|    std                  | 0.636       |
|    value_loss           | 0.225       |
-----------------------------------------
Eval num_timesteps=305000, episode_reward=-52.29 +/- 22.34
Episode length: 165.37 +/- 45.74
Success rate: 36.67%
-----------------------------------------
| eval/                   |             |
|    mean_ep_length       | 165         |
|    mean_reward          | -52.3       |
|    success_rate         | 0.367       |
| time/                   |             |
|    total_timesteps      | 305000      |
| train/                  |             |
|    approx_kl            | 0.018567406 |
|    clip_fraction        | 0.234       |
|    clip_range           | 0.2         |
|    entropy_loss         | -6.65       |
|    explained_variance   | 0.997       |
|    learning_rate        | 0.0003      |
|    loss                 | 0.0531      |
|    n_updates            | 1480        |
|    policy_gradient_loss | -0.0161     |
|    std                  | 0.638       |
|    value_loss           | 0.214       |
-----------------------------------------
---------------------------------
| rollout/           |          |
|    ep_len_mean     | 153      |
|    ep_rew_mean     | -47.1    |
|    success_rate    | 0.6      |
| time/              |          |
|    fps             | 600      |
|    iterations      | 149      |
|    time_elapsed    | 508      |
|    total_timesteps | 305152   |
---------------------------------
-----------------------------------------
| rollout/                |             |
|    ep_len_mean          | 153         |
|    ep_rew_mean          | -47.4       |
|    success_rate         | 0.59        |
| time/                   |             |
|    fps                  | 601         |
|    iterations           | 150         |
|    time_elapsed         | 510         |
|    total_timesteps      | 307200      |
| train/                  |             |
|    approx_kl            | 0.019585716 |
|    clip_fraction        | 0.219       |
|    clip_range           | 0.2         |
|    entropy_loss         | -6.64       |
|    explained_variance   | 0.993       |
|    learning_rate        | 0.0003      |
|    loss                 | 0.0259      |
|    n_updates            | 1490        |
|    policy_gradient_loss | -0.0154     |
|    std                  | 0.635       |
|    value_loss           | 0.284       |
-----------------------------------------
-----------------------------------------
| rollout/                |             |
|    ep_len_mean          | 152         |
|    ep_rew_mean          | -47.1       |
|    success_rate         | 0.61        |
| time/                   |             |
|    fps                  | 603         |
|    iterations           | 151         |
|    time_elapsed         | 512         |
|    total_timesteps      | 309248      |
| train/                  |             |
|    approx_kl            | 0.019577228 |
|    clip_fraction        | 0.234       |
|    clip_range           | 0.2         |
|    entropy_loss         | -6.6        |
|    explained_variance   | 0.994       |
|    learning_rate        | 0.0003      |
|    loss                 | 0.0369      |
|    n_updates            | 1500        |
|    policy_gradient_loss | -0.0132     |
|    std                  | 0.631       |
|    value_loss           | 0.336       |
-----------------------------------------
Eval num_timesteps=310000, episode_reward=-57.17 +/- 16.98
Episode length: 179.43 +/- 37.68
Success rate: 23.33%
-----------------------------------------
| eval/                   |             |
|    mean_ep_length       | 179         |
|    mean_reward          | -57.2       |
|    success_rate         | 0.233       |
| time/                   |             |
|    total_timesteps      | 310000      |
| train/                  |             |
|    approx_kl            | 0.026646897 |
|    clip_fraction        | 0.225       |
|    clip_range           | 0.2         |
|    entropy_loss         | -6.56       |
|    explained_variance   | 0.983       |
|    learning_rate        | 0.0003      |
|    loss                 | 0.0265      |
|    n_updates            | 1510        |
|    policy_gradient_loss | -0.0155     |
|    std                  | 0.628       |
|    value_loss           | 0.475       |
-----------------------------------------
---------------------------------
| rollout/           |          |
|    ep_len_mean     | 151      |
|    ep_rew_mean     | -47.6    |
|    success_rate    | 0.63     |
| time/              |          |
|    fps             | 601      |
|    iterations      | 152      |
|    time_elapsed    | 517      |
|    total_timesteps | 311296   |
---------------------------------
-----------------------------------------
| rollout/                |             |
|    ep_len_mean          | 151         |
|    ep_rew_mean          | -47         |
|    success_rate         | 0.65        |
| time/                   |             |
|    fps                  | 602         |
|    iterations           | 153         |
|    time_elapsed         | 519         |
|    total_timesteps      | 313344      |
| train/                  |             |
|    approx_kl            | 0.020502022 |
|    clip_fraction        | 0.214       |
|    clip_range           | 0.2         |
|    entropy_loss         | -6.52       |
|    explained_variance   | 0.995       |
|    learning_rate        | 0.0003      |
|    loss                 | 0.103       |
|    n_updates            | 1520        |
|    policy_gradient_loss | -0.0117     |
|    std                  | 0.623       |
|    value_loss           | 0.233       |
-----------------------------------------
Eval num_timesteps=315000, episode_reward=-52.12 +/- 17.35
Episode length: 166.27 +/- 39.54
Success rate: 43.33%
-----------------------------------------
| eval/                   |             |
|    mean_ep_length       | 166         |
|    mean_reward          | -52.1       |
|    success_rate         | 0.433       |
| time/                   |             |
|    total_timesteps      | 315000      |
| train/                  |             |
|    approx_kl            | 0.019061625 |
|    clip_fraction        | 0.229       |
|    clip_range           | 0.2         |
|    entropy_loss         | -6.49       |
|    explained_variance   | 0.991       |
|    learning_rate        | 0.0003      |
|    loss                 | 0.212       |
|    n_updates            | 1530        |
|    policy_gradient_loss | -0.0133     |
|    std                  | 0.623       |
|    value_loss           | 0.279       |
-----------------------------------------
---------------------------------
| rollout/           |          |
|    ep_len_mean     | 152      |
|    ep_rew_mean     | -48.1    |
|    success_rate    | 0.65     |
| time/              |          |
|    fps             | 601      |
|    iterations      | 154      |
|    time_elapsed    | 524      |
|    total_timesteps | 315392   |
---------------------------------
-----------------------------------------
| rollout/                |             |
|    ep_len_mean          | 149         |
|    ep_rew_mean          | -45.6       |
|    success_rate         | 0.69        |
| time/                   |             |
|    fps                  | 602         |
|    iterations           | 155         |
|    time_elapsed         | 526         |
|    total_timesteps      | 317440      |
| train/                  |             |
|    approx_kl            | 0.022837713 |
|    clip_fraction        | 0.235       |
|    clip_range           | 0.2         |
|    entropy_loss         | -6.51       |
|    explained_variance   | 0.994       |
|    learning_rate        | 0.0003      |
|    loss                 | 0.00368     |
|    n_updates            | 1540        |
|    policy_gradient_loss | -0.0147     |
|    std                  | 0.627       |
|    value_loss           | 0.176       |
-----------------------------------------
-----------------------------------------
| rollout/                |             |
|    ep_len_mean          | 145         |
|    ep_rew_mean          | -44.1       |
|    success_rate         | 0.74        |
| time/                   |             |
|    fps                  | 604         |
|    iterations           | 156         |
|    time_elapsed         | 528         |
|    total_timesteps      | 319488      |
| train/                  |             |
|    approx_kl            | 0.026214112 |
|    clip_fraction        | 0.247       |
|    clip_range           | 0.2         |
|    entropy_loss         | -6.52       |
|    explained_variance   | 0.993       |
|    learning_rate        | 0.0003      |
|    loss                 | 0.082       |
|    n_updates            | 1550        |
|    policy_gradient_loss | -0.0197     |
|    std                  | 0.627       |
|    value_loss           | 0.251       |
-----------------------------------------
Eval num_timesteps=320000, episode_reward=-59.22 +/- 16.14
Episode length: 185.77 +/- 31.96
Success rate: 16.67%
-----------------------------------------
| eval/                   |             |
|    mean_ep_length       | 186         |
|    mean_reward          | -59.2       |
|    success_rate         | 0.167       |
| time/                   |             |
|    total_timesteps      | 320000      |
| train/                  |             |
|    approx_kl            | 0.018963955 |
|    clip_fraction        | 0.22        |
|    clip_range           | 0.2         |
|    entropy_loss         | -6.55       |
|    explained_variance   | 0.99        |
|    learning_rate        | 0.0003      |
|    loss                 | -0.0115     |
|    n_updates            | 1560        |
|    policy_gradient_loss | -0.0121     |
|    std                  | 0.63        |
|    value_loss           | 0.235       |
-----------------------------------------
---------------------------------
| rollout/           |          |
|    ep_len_mean     | 149      |
|    ep_rew_mean     | -45.5    |
|    success_rate    | 0.7      |
| time/              |          |
|    fps             | 602      |
|    iterations      | 157      |
|    time_elapsed    | 533      |
|    total_timesteps | 321536   |
---------------------------------
-----------------------------------------
| rollout/                |             |
|    ep_len_mean          | 147         |
|    ep_rew_mean          | -44.5       |
|    success_rate         | 0.74        |
| time/                   |             |
|    fps                  | 603         |
|    iterations           | 158         |
|    time_elapsed         | 536         |
|    total_timesteps      | 323584      |
| train/                  |             |
|    approx_kl            | 0.023568388 |
|    clip_fraction        | 0.22        |
|    clip_range           | 0.2         |
|    entropy_loss         | -6.57       |
|    explained_variance   | 0.993       |
|    learning_rate        | 0.0003      |
|    loss                 | 0.0968      |
|    n_updates            | 1570        |
|    policy_gradient_loss | -0.00957    |
|    std                  | 0.631       |
|    value_loss           | 0.238       |
-----------------------------------------
Eval num_timesteps=325000, episode_reward=-60.50 +/- 15.63
Episode length: 186.47 +/- 30.33
Success rate: 16.67%
-----------------------------------------
| eval/                   |             |
|    mean_ep_length       | 186         |
|    mean_reward          | -60.5       |
|    success_rate         | 0.167       |
| time/                   |             |
|    total_timesteps      | 325000      |
| train/                  |             |
|    approx_kl            | 0.018966833 |
|    clip_fraction        | 0.227       |
|    clip_range           | 0.2         |
|    entropy_loss         | -6.53       |
|    explained_variance   | 0.993       |
|    learning_rate        | 0.0003      |
|    loss                 | 0.0194      |
|    n_updates            | 1580        |
|    policy_gradient_loss | -0.0156     |
|    std                  | 0.625       |
|    value_loss           | 0.132       |
-----------------------------------------
---------------------------------
| rollout/           |          |
|    ep_len_mean     | 147      |
|    ep_rew_mean     | -44.3    |
|    success_rate    | 0.73     |
| time/              |          |
|    fps             | 601      |
|    iterations      | 159      |
|    time_elapsed    | 541      |
|    total_timesteps | 325632   |
---------------------------------
-----------------------------------------
| rollout/                |             |
|    ep_len_mean          | 147         |
|    ep_rew_mean          | -43.9       |
|    success_rate         | 0.73        |
| time/                   |             |
|    fps                  | 603         |
|    iterations           | 160         |
|    time_elapsed         | 543         |
|    total_timesteps      | 327680      |
| train/                  |             |
|    approx_kl            | 0.021536058 |
|    clip_fraction        | 0.26        |
|    clip_range           | 0.2         |
|    entropy_loss         | -6.48       |
|    explained_variance   | 0.996       |
|    learning_rate        | 0.0003      |
|    loss                 | 0.0145      |
|    n_updates            | 1590        |
|    policy_gradient_loss | -0.0147     |
|    std                  | 0.623       |
|    value_loss           | 0.165       |
-----------------------------------------
-----------------------------------------
| rollout/                |             |
|    ep_len_mean          | 147         |
|    ep_rew_mean          | -44.7       |
|    success_rate         | 0.73        |
| time/                   |             |
|    fps                  | 604         |
|    iterations           | 161         |
|    time_elapsed         | 545         |
|    total_timesteps      | 329728      |
| train/                  |             |
|    approx_kl            | 0.021702569 |
|    clip_fraction        | 0.219       |
|    clip_range           | 0.2         |
|    entropy_loss         | -6.49       |
|    explained_variance   | 0.992       |
|    learning_rate        | 0.0003      |
|    loss                 | 0.0103      |
|    n_updates            | 1600        |
|    policy_gradient_loss | -0.0136     |
|    std                  | 0.627       |
|    value_loss           | 0.17        |
-----------------------------------------
Eval num_timesteps=330000, episode_reward=-58.22 +/- 18.23
Episode length: 179.70 +/- 37.21
Success rate: 23.33%
-----------------------------------------
| eval/                   |             |
|    mean_ep_length       | 180         |
|    mean_reward          | -58.2       |
|    success_rate         | 0.233       |
| time/                   |             |
|    total_timesteps      | 330000      |
| train/                  |             |
|    approx_kl            | 0.017228544 |
|    clip_fraction        | 0.243       |
|    clip_range           | 0.2         |
|    entropy_loss         | -6.52       |
|    explained_variance   | 0.997       |
|    learning_rate        | 0.0003      |
|    loss                 | 0.0405      |
|    n_updates            | 1610        |
|    policy_gradient_loss | -0.0168     |
|    std                  | 0.627       |
|    value_loss           | 0.164       |
-----------------------------------------
---------------------------------
| rollout/           |          |
|    ep_len_mean     | 148      |
|    ep_rew_mean     | -45.5    |
|    success_rate    | 0.7      |
| time/              |          |
|    fps             | 602      |
|    iterations      | 162      |
|    time_elapsed    | 550      |
|    total_timesteps | 331776   |
---------------------------------
-----------------------------------------
| rollout/                |             |
|    ep_len_mean          | 153         |
|    ep_rew_mean          | -47.8       |
|    success_rate         | 0.65        |
| time/                   |             |
|    fps                  | 604         |
|    iterations           | 163         |
|    time_elapsed         | 552         |
|    total_timesteps      | 333824      |
| train/                  |             |
|    approx_kl            | 0.024545724 |
|    clip_fraction        | 0.244       |
|    clip_range           | 0.2         |
|    entropy_loss         | -6.49       |
|    explained_variance   | 0.996       |
|    learning_rate        | 0.0003      |
|    loss                 | -0.00111    |
|    n_updates            | 1620        |
|    policy_gradient_loss | -0.0178     |
|    std                  | 0.622       |
|    value_loss           | 0.112       |
-----------------------------------------
Eval num_timesteps=335000, episode_reward=-63.73 +/- 13.47
Episode length: 191.90 +/- 24.39
Success rate: 10.00%
-----------------------------------------
| eval/                   |             |
|    mean_ep_length       | 192         |
|    mean_reward          | -63.7       |
|    success_rate         | 0.1         |
| time/                   |             |
|    total_timesteps      | 335000      |
| train/                  |             |
|    approx_kl            | 0.016583432 |
|    clip_fraction        | 0.215       |
|    clip_range           | 0.2         |
|    entropy_loss         | -6.45       |
|    explained_variance   | 0.993       |
|    learning_rate        | 0.0003      |
|    loss                 | 0.431       |
|    n_updates            | 1630        |
|    policy_gradient_loss | -0.0135     |
|    std                  | 0.62        |
|    value_loss           | 0.496       |
-----------------------------------------
---------------------------------
| rollout/           |          |
|    ep_len_mean     | 157      |
|    ep_rew_mean     | -49.2    |
|    success_rate    | 0.6      |
| time/              |          |
|    fps             | 602      |
|    iterations      | 164      |
|    time_elapsed    | 557      |
|    total_timesteps | 335872   |
---------------------------------
-----------------------------------------
| rollout/                |             |
|    ep_len_mean          | 159         |
|    ep_rew_mean          | -50         |
|    success_rate         | 0.56        |
| time/                   |             |
|    fps                  | 603         |
|    iterations           | 165         |
|    time_elapsed         | 559         |
|    total_timesteps      | 337920      |
| train/                  |             |
|    approx_kl            | 0.018709645 |
|    clip_fraction        | 0.218       |
|    clip_range           | 0.2         |
|    entropy_loss         | -6.43       |
|    explained_variance   | 0.995       |
|    learning_rate        | 0.0003      |
|    loss                 | 0.032       |
|    n_updates            | 1640        |
|    policy_gradient_loss | -0.0127     |
|    std                  | 0.619       |
|    value_loss           | 0.163       |
-----------------------------------------
-----------------------------------------
| rollout/                |             |
|    ep_len_mean          | 163         |
|    ep_rew_mean          | -51         |
|    success_rate         | 0.51        |
| time/                   |             |
|    fps                  | 605         |
|    iterations           | 166         |
|    time_elapsed         | 561         |
|    total_timesteps      | 339968      |
| train/                  |             |
|    approx_kl            | 0.022037638 |
|    clip_fraction        | 0.226       |
|    clip_range           | 0.2         |
|    entropy_loss         | -6.38       |
|    explained_variance   | 0.994       |
|    learning_rate        | 0.0003      |
|    loss                 | 0.0715      |
|    n_updates            | 1650        |
|    policy_gradient_loss | -0.0171     |
|    std                  | 0.612       |
|    value_loss           | 0.349       |
-----------------------------------------
Eval num_timesteps=340000, episode_reward=-61.36 +/- 16.88
Episode length: 181.90 +/- 33.25
Success rate: 23.33%
-----------------------------------------
| eval/                   |             |
|    mean_ep_length       | 182         |
|    mean_reward          | -61.4       |
|    success_rate         | 0.233       |
| time/                   |             |
|    total_timesteps      | 340000      |
| train/                  |             |
|    approx_kl            | 0.018891003 |
|    clip_fraction        | 0.224       |
|    clip_range           | 0.2         |
|    entropy_loss         | -6.36       |
|    explained_variance   | 0.989       |
|    learning_rate        | 0.0003      |
|    loss                 | 0.381       |
|    n_updates            | 1660        |
|    policy_gradient_loss | -0.0126     |
|    std                  | 0.616       |
|    value_loss           | 0.846       |
-----------------------------------------
---------------------------------
| rollout/           |          |
|    ep_len_mean     | 164      |
|    ep_rew_mean     | -51      |
|    success_rate    | 0.49     |
| time/              |          |
|    fps             | 603      |
|    iterations      | 167      |
|    time_elapsed    | 566      |
|    total_timesteps | 342016   |
---------------------------------
----------------------------------------
| rollout/                |            |
|    ep_len_mean          | 163        |
|    ep_rew_mean          | -51.2      |
|    success_rate         | 0.5        |
| time/                   |            |
|    fps                  | 604        |
|    iterations           | 168        |
|    time_elapsed         | 568        |
|    total_timesteps      | 344064     |
| train/                  |            |
|    approx_kl            | 0.01586103 |
|    clip_fraction        | 0.199      |
|    clip_range           | 0.2        |
|    entropy_loss         | -6.36      |
|    explained_variance   | 0.99       |
|    learning_rate        | 0.0003     |
|    loss                 | 0.233      |
|    n_updates            | 1670       |
|    policy_gradient_loss | -0.0141    |
|    std                  | 0.612      |
|    value_loss           | 0.919      |
----------------------------------------
Eval num_timesteps=345000, episode_reward=-57.75 +/- 21.76
Episode length: 170.97 +/- 41.30
Success rate: 33.33%
----------------------------------------
| eval/                   |            |
|    mean_ep_length       | 171        |
|    mean_reward          | -57.8      |
|    success_rate         | 0.333      |
| time/                   |            |
|    total_timesteps      | 345000     |
| train/                  |            |
|    approx_kl            | 0.02259615 |
|    clip_fraction        | 0.238      |
|    clip_range           | 0.2        |
|    entropy_loss         | -6.34      |
|    explained_variance   | 0.991      |
|    learning_rate        | 0.0003     |
|    loss                 | 0.159      |
|    n_updates            | 1680       |
|    policy_gradient_loss | -0.0173    |
|    std                  | 0.613      |
|    value_loss           | 0.521      |
----------------------------------------
---------------------------------
| rollout/           |          |
|    ep_len_mean     | 166      |
|    ep_rew_mean     | -51.7    |
|    success_rate    | 0.46     |
| time/              |          |
|    fps             | 603      |
|    iterations      | 169      |
|    time_elapsed    | 573      |
|    total_timesteps | 346112   |
---------------------------------
-----------------------------------------
| rollout/                |             |
|    ep_len_mean          | 164         |
|    ep_rew_mean          | -51         |
|    success_rate         | 0.51        |
| time/                   |             |
|    fps                  | 604         |
|    iterations           | 170         |
|    time_elapsed         | 576         |
|    total_timesteps      | 348160      |
| train/                  |             |
|    approx_kl            | 0.019481234 |
|    clip_fraction        | 0.257       |
|    clip_range           | 0.2         |
|    entropy_loss         | -6.34       |
|    explained_variance   | 0.994       |
|    learning_rate        | 0.0003      |
|    loss                 | 0.0625      |
|    n_updates            | 1690        |
|    policy_gradient_loss | -0.016      |
|    std                  | 0.612       |
|    value_loss           | 0.369       |
-----------------------------------------
Eval num_timesteps=350000, episode_reward=-43.21 +/- 15.51
Episode length: 143.83 +/- 37.73
Success rate: 70.00%
-----------------------------------------
| eval/                   |             |
|    mean_ep_length       | 144         |
|    mean_reward          | -43.2       |
|    success_rate         | 0.7         |
| time/                   |             |
|    total_timesteps      | 350000      |
| train/                  |             |
|    approx_kl            | 0.025520114 |
|    clip_fraction        | 0.226       |
|    clip_range           | 0.2         |
|    entropy_loss         | -6.31       |
|    explained_variance   | 0.994       |
|    learning_rate        | 0.0003      |
|    loss                 | 0.0151      |
|    n_updates            | 1700        |
|    policy_gradient_loss | -0.0191     |
|    std                  | 0.608       |
|    value_loss           | 0.278       |
-----------------------------------------
New best mean reward!
---------------------------------
| rollout/           |          |
|    ep_len_mean     | 161      |
|    ep_rew_mean     | -49.6    |
|    success_rate    | 0.56     |
| time/              |          |
|    fps             | 603      |
|    iterations      | 171      |
|    time_elapsed    | 580      |
|    total_timesteps | 350208   |
---------------------------------
-----------------------------------------
| rollout/                |             |
|    ep_len_mean          | 156         |
|    ep_rew_mean          | -48.3       |
|    success_rate         | 0.63        |
| time/                   |             |
|    fps                  | 604         |
|    iterations           | 172         |
|    time_elapsed         | 582         |
|    total_timesteps      | 352256      |
| train/                  |             |
|    approx_kl            | 0.017031189 |
|    clip_fraction        | 0.199       |
|    clip_range           | 0.2         |
|    entropy_loss         | -6.27       |
|    explained_variance   | 0.994       |
|    learning_rate        | 0.0003      |
|    loss                 | 0.117       |
|    n_updates            | 1710        |
|    policy_gradient_loss | -0.00925    |
|    std                  | 0.606       |
|    value_loss           | 0.396       |
-----------------------------------------
-----------------------------------------
| rollout/                |             |
|    ep_len_mean          | 153         |
|    ep_rew_mean          | -47.3       |
|    success_rate         | 0.68        |
| time/                   |             |
|    fps                  | 605         |
|    iterations           | 173         |
|    time_elapsed         | 584         |
|    total_timesteps      | 354304      |
| train/                  |             |
|    approx_kl            | 0.021816071 |
|    clip_fraction        | 0.262       |
|    clip_range           | 0.2         |
|    entropy_loss         | -6.27       |
|    explained_variance   | 0.997       |
|    learning_rate        | 0.0003      |
|    loss                 | 0.07        |
|    n_updates            | 1720        |
|    policy_gradient_loss | -0.0176     |
|    std                  | 0.607       |
|    value_loss           | 0.167       |
-----------------------------------------
Eval num_timesteps=355000, episode_reward=-55.69 +/- 18.07
Episode length: 172.23 +/- 39.97
Success rate: 33.33%
-----------------------------------------
| eval/                   |             |
|    mean_ep_length       | 172         |
|    mean_reward          | -55.7       |
|    success_rate         | 0.333       |
| time/                   |             |
|    total_timesteps      | 355000      |
| train/                  |             |
|    approx_kl            | 0.023445008 |
|    clip_fraction        | 0.229       |
|    clip_range           | 0.2         |
|    entropy_loss         | -6.26       |
|    explained_variance   | 0.987       |
|    learning_rate        | 0.0003      |
|    loss                 | 0.147       |
|    n_updates            | 1730        |
|    policy_gradient_loss | -0.0134     |
|    std                  | 0.605       |
|    value_loss           | 0.464       |
-----------------------------------------
---------------------------------
| rollout/           |          |
|    ep_len_mean     | 155      |
|    ep_rew_mean     | -48      |
|    success_rate    | 0.65     |
| time/              |          |
|    fps             | 604      |
|    iterations      | 174      |
|    time_elapsed    | 589      |
|    total_timesteps | 356352   |
---------------------------------
-----------------------------------------
| rollout/                |             |
|    ep_len_mean          | 154         |
|    ep_rew_mean          | -48         |
|    success_rate         | 0.66        |
| time/                   |             |
|    fps                  | 605         |
|    iterations           | 175         |
|    time_elapsed         | 591         |
|    total_timesteps      | 358400      |
| train/                  |             |
|    approx_kl            | 0.023585675 |
|    clip_fraction        | 0.24        |
|    clip_range           | 0.2         |
|    entropy_loss         | -6.25       |
|    explained_variance   | 0.995       |
|    learning_rate        | 0.0003      |
|    loss                 | 0.0483      |
|    n_updates            | 1740        |
|    policy_gradient_loss | -0.0199     |
|    std                  | 0.604       |
|    value_loss           | 0.27        |
-----------------------------------------
Eval num_timesteps=360000, episode_reward=-55.97 +/- 19.13
Episode length: 169.73 +/- 39.98
Success rate: 36.67%
-----------------------------------------
| eval/                   |             |
|    mean_ep_length       | 170         |
|    mean_reward          | -56         |
|    success_rate         | 0.367       |
| time/                   |             |
|    total_timesteps      | 360000      |
| train/                  |             |
|    approx_kl            | 0.016046325 |
|    clip_fraction        | 0.201       |
|    clip_range           | 0.2         |
|    entropy_loss         | -6.24       |
|    explained_variance   | 0.99        |
|    learning_rate        | 0.0003      |
|    loss                 | 0.254       |
|    n_updates            | 1750        |
|    policy_gradient_loss | -0.0134     |
|    std                  | 0.603       |
|    value_loss           | 0.576       |
-----------------------------------------
---------------------------------
| rollout/           |          |
|    ep_len_mean     | 156      |
|    ep_rew_mean     | -49.1    |
|    success_rate    | 0.64     |
| time/              |          |
|    fps             | 604      |
|    iterations      | 176      |
|    time_elapsed    | 596      |
|    total_timesteps | 360448   |
---------------------------------
-----------------------------------------
| rollout/                |             |
|    ep_len_mean          | 155         |
|    ep_rew_mean          | -48.6       |
|    success_rate         | 0.64        |
| time/                   |             |
|    fps                  | 605         |
|    iterations           | 177         |
|    time_elapsed         | 598         |
|    total_timesteps      | 362496      |
| train/                  |             |
|    approx_kl            | 0.021048918 |
|    clip_fraction        | 0.233       |
|    clip_range           | 0.2         |
|    entropy_loss         | -6.24       |
|    explained_variance   | 0.995       |
|    learning_rate        | 0.0003      |
|    loss                 | 0.0362      |
|    n_updates            | 1760        |
|    policy_gradient_loss | -0.0124     |
|    std                  | 0.604       |
|    value_loss           | 0.331       |
-----------------------------------------
-----------------------------------------
| rollout/                |             |
|    ep_len_mean          | 156         |
|    ep_rew_mean          | -48.6       |
|    success_rate         | 0.62        |
| time/                   |             |
|    fps                  | 606         |
|    iterations           | 178         |
|    time_elapsed         | 600         |
|    total_timesteps      | 364544      |
| train/                  |             |
|    approx_kl            | 0.017187845 |
|    clip_fraction        | 0.233       |
|    clip_range           | 0.2         |
|    entropy_loss         | -6.25       |
|    explained_variance   | 0.988       |
|    learning_rate        | 0.0003      |
|    loss                 | 0.0796      |
|    n_updates            | 1770        |
|    policy_gradient_loss | -0.00903    |
|    std                  | 0.604       |
|    value_loss           | 0.279       |
-----------------------------------------
Eval num_timesteps=365000, episode_reward=-53.91 +/- 20.18
Episode length: 165.50 +/- 42.81
Success rate: 40.00%
-----------------------------------------
| eval/                   |             |
|    mean_ep_length       | 166         |
|    mean_reward          | -53.9       |
|    success_rate         | 0.4         |
| time/                   |             |
|    total_timesteps      | 365000      |
| train/                  |             |
|    approx_kl            | 0.019407889 |
|    clip_fraction        | 0.247       |
|    clip_range           | 0.2         |
|    entropy_loss         | -6.24       |
|    explained_variance   | 0.993       |
|    learning_rate        | 0.0003      |
|    loss                 | 0.0106      |
|    n_updates            | 1780        |
|    policy_gradient_loss | -0.0137     |
|    std                  | 0.603       |
|    value_loss           | 0.231       |
-----------------------------------------
---------------------------------
| rollout/           |          |
|    ep_len_mean     | 156      |
|    ep_rew_mean     | -48.6    |
|    success_rate    | 0.62     |
| time/              |          |
|    fps             | 605      |
|    iterations      | 179      |
|    time_elapsed    | 605      |
|    total_timesteps | 366592   |
---------------------------------
-----------------------------------------
| rollout/                |             |
|    ep_len_mean          | 158         |
|    ep_rew_mean          | -49.1       |
|    success_rate         | 0.59        |
| time/                   |             |
|    fps                  | 606         |
|    iterations           | 180         |
|    time_elapsed         | 607         |
|    total_timesteps      | 368640      |
| train/                  |             |
|    approx_kl            | 0.018578323 |
|    clip_fraction        | 0.207       |
|    clip_range           | 0.2         |
|    entropy_loss         | -6.25       |
|    explained_variance   | 0.99        |
|    learning_rate        | 0.0003      |
|    loss                 | 0.17        |
|    n_updates            | 1790        |
|    policy_gradient_loss | -0.0129     |
|    std                  | 0.606       |
|    value_loss           | 0.531       |
-----------------------------------------
Eval num_timesteps=370000, episode_reward=-45.19 +/- 17.55
Episode length: 147.50 +/- 40.98
Success rate: 63.33%
-----------------------------------------
| eval/                   |             |
|    mean_ep_length       | 148         |
|    mean_reward          | -45.2       |
|    success_rate         | 0.633       |
| time/                   |             |
|    total_timesteps      | 370000      |
| train/                  |             |
|    approx_kl            | 0.021995543 |
|    clip_fraction        | 0.22        |
|    clip_range           | 0.2         |
|    entropy_loss         | -6.26       |
|    explained_variance   | 0.985       |
|    learning_rate        | 0.0003      |
|    loss                 | 0.0359      |
|    n_updates            | 1800        |
|    policy_gradient_loss | -0.0127     |
|    std                  | 0.605       |
|    value_loss           | 0.455       |
-----------------------------------------
---------------------------------
| rollout/           |          |
|    ep_len_mean     | 156      |
|    ep_rew_mean     | -48.2    |
|    success_rate    | 0.61     |
| time/              |          |
|    fps             | 605      |
|    iterations      | 181      |
|    time_elapsed    | 612      |
|    total_timesteps | 370688   |
---------------------------------
-----------------------------------------
| rollout/                |             |
|    ep_len_mean          | 155         |
|    ep_rew_mean          | -48.5       |
|    success_rate         | 0.63        |
| time/                   |             |
|    fps                  | 606         |
|    iterations           | 182         |
|    time_elapsed         | 614         |
|    total_timesteps      | 372736      |
| train/                  |             |
|    approx_kl            | 0.016272457 |
|    clip_fraction        | 0.19        |
|    clip_range           | 0.2         |
|    entropy_loss         | -6.26       |
|    explained_variance   | 0.982       |
|    learning_rate        | 0.0003      |
|    loss                 | 0.0983      |
|    n_updates            | 1810        |
|    policy_gradient_loss | -0.0164     |
|    std                  | 0.605       |
|    value_loss           | 0.882       |
-----------------------------------------
-----------------------------------------
| rollout/                |             |
|    ep_len_mean          | 150         |
|    ep_rew_mean          | -46.8       |
|    success_rate         | 0.7         |
| time/                   |             |
|    fps                  | 607         |
|    iterations           | 183         |
|    time_elapsed         | 616         |
|    total_timesteps      | 374784      |
| train/                  |             |
|    approx_kl            | 0.022184448 |
|    clip_fraction        | 0.252       |
|    clip_range           | 0.2         |
|    entropy_loss         | -6.25       |
|    explained_variance   | 0.995       |
|    learning_rate        | 0.0003      |
|    loss                 | 0.0329      |
|    n_updates            | 1820        |
|    policy_gradient_loss | -0.0152     |
|    std                  | 0.604       |
|    value_loss           | 0.272       |
-----------------------------------------
Eval num_timesteps=375000, episode_reward=-51.38 +/- 18.28
Episode length: 164.10 +/- 44.77
Success rate: 40.00%
-----------------------------------------
| eval/                   |             |
|    mean_ep_length       | 164         |
|    mean_reward          | -51.4       |
|    success_rate         | 0.4         |
| time/                   |             |
|    total_timesteps      | 375000      |
| train/                  |             |
|    approx_kl            | 0.022285253 |
|    clip_fraction        | 0.283       |
|    clip_range           | 0.2         |
|    entropy_loss         | -6.24       |
|    explained_variance   | 0.993       |
|    learning_rate        | 0.0003      |
|    loss                 | 0.0171      |
|    n_updates            | 1830        |
|    policy_gradient_loss | -0.0191     |
|    std                  | 0.604       |
|    value_loss           | 0.181       |
-----------------------------------------
---------------------------------
| rollout/           |          |
|    ep_len_mean     | 148      |
|    ep_rew_mean     | -46.6    |
|    success_rate    | 0.73     |
| time/              |          |
|    fps             | 606      |
|    iterations      | 184      |
|    time_elapsed    | 621      |
|    total_timesteps | 376832   |
---------------------------------
-----------------------------------------
| rollout/                |             |
|    ep_len_mean          | 143         |
|    ep_rew_mean          | -45.1       |
|    success_rate         | 0.78        |
| time/                   |             |
|    fps                  | 607         |
|    iterations           | 185         |
|    time_elapsed         | 623         |
|    total_timesteps      | 378880      |
| train/                  |             |
|    approx_kl            | 0.017917987 |
|    clip_fraction        | 0.217       |
|    clip_range           | 0.2         |
|    entropy_loss         | -6.25       |
|    explained_variance   | 0.993       |
|    learning_rate        | 0.0003      |
|    loss                 | 0.0545      |
|    n_updates            | 1840        |
|    policy_gradient_loss | -0.016      |
|    std                  | 0.608       |
|    value_loss           | 0.316       |
-----------------------------------------
Eval num_timesteps=380000, episode_reward=-62.08 +/- 12.77
Episode length: 184.70 +/- 30.86
Success rate: 20.00%
----------------------------------------
| eval/                   |            |
|    mean_ep_length       | 185        |
|    mean_reward          | -62.1      |
|    success_rate         | 0.2        |
| time/                   |            |
|    total_timesteps      | 380000     |
| train/                  |            |
|    approx_kl            | 0.02380268 |
|    clip_fraction        | 0.271      |
|    clip_range           | 0.2        |
|    entropy_loss         | -6.26      |
|    explained_variance   | 0.997      |
|    learning_rate        | 0.0003     |
|    loss                 | 0.00794    |
|    n_updates            | 1850       |
|    policy_gradient_loss | -0.0183    |
|    std                  | 0.605      |
|    value_loss           | 0.126      |
----------------------------------------
---------------------------------
| rollout/           |          |
|    ep_len_mean     | 145      |
|    ep_rew_mean     | -45.8    |
|    success_rate    | 0.75     |
| time/              |          |
|    fps             | 606      |
|    iterations      | 186      |
|    time_elapsed    | 628      |
|    total_timesteps | 380928   |
---------------------------------
-----------------------------------------
| rollout/                |             |
|    ep_len_mean          | 141         |
|    ep_rew_mean          | -45         |
|    success_rate         | 0.8         |
| time/                   |             |
|    fps                  | 607         |
|    iterations           | 187         |
|    time_elapsed         | 630         |
|    total_timesteps      | 382976      |
| train/                  |             |
|    approx_kl            | 0.018274587 |
|    clip_fraction        | 0.222       |
|    clip_range           | 0.2         |
|    entropy_loss         | -6.25       |
|    explained_variance   | 0.985       |
|    learning_rate        | 0.0003      |
|    loss                 | 0.0375      |
|    n_updates            | 1860        |
|    policy_gradient_loss | -0.0146     |
|    std                  | 0.608       |
|    value_loss           | 0.314       |
-----------------------------------------
Eval num_timesteps=385000, episode_reward=-55.11 +/- 17.24
Episode length: 175.17 +/- 41.69
Success rate: 26.67%
-----------------------------------------
| eval/                   |             |
|    mean_ep_length       | 175         |
|    mean_reward          | -55.1       |
|    success_rate         | 0.267       |
| time/                   |             |
|    total_timesteps      | 385000      |
| train/                  |             |
|    approx_kl            | 0.019449327 |
|    clip_fraction        | 0.251       |
|    clip_range           | 0.2         |
|    entropy_loss         | -6.28       |
|    explained_variance   | 0.991       |
|    learning_rate        | 0.0003      |
|    loss                 | 0.0959      |
|    n_updates            | 1870        |
|    policy_gradient_loss | -0.0157     |
|    std                  | 0.611       |
|    value_loss           | 0.503       |
-----------------------------------------
---------------------------------
| rollout/           |          |
|    ep_len_mean     | 142      |
|    ep_rew_mean     | -45.3    |
|    success_rate    | 0.79     |
| time/              |          |
|    fps             | 606      |
|    iterations      | 188      |
|    time_elapsed    | 635      |
|    total_timesteps | 385024   |
---------------------------------
-----------------------------------------
| rollout/                |             |
|    ep_len_mean          | 144         |
|    ep_rew_mean          | -45.3       |
|    success_rate         | 0.75        |
| time/                   |             |
|    fps                  | 607         |
|    iterations           | 189         |
|    time_elapsed         | 637         |
|    total_timesteps      | 387072      |
| train/                  |             |
|    approx_kl            | 0.021407144 |
|    clip_fraction        | 0.217       |
|    clip_range           | 0.2         |
|    entropy_loss         | -6.29       |
|    explained_variance   | 0.995       |
|    learning_rate        | 0.0003      |
|    loss                 | 0.0343      |
|    n_updates            | 1880        |
|    policy_gradient_loss | -0.0132     |
|    std                  | 0.609       |
|    value_loss           | 0.225       |
-----------------------------------------
-----------------------------------------
| rollout/                |             |
|    ep_len_mean          | 147         |
|    ep_rew_mean          | -46.1       |
|    success_rate         | 0.71        |
| time/                   |             |
|    fps                  | 608         |
|    iterations           | 190         |
|    time_elapsed         | 638         |
|    total_timesteps      | 389120      |
| train/                  |             |
|    approx_kl            | 0.017709719 |
|    clip_fraction        | 0.196       |
|    clip_range           | 0.2         |
|    entropy_loss         | -6.27       |
|    explained_variance   | 0.983       |
|    learning_rate        | 0.0003      |
|    loss                 | 0.095       |
|    n_updates            | 1890        |
|    policy_gradient_loss | -0.0117     |
|    std                  | 0.607       |
|    value_loss           | 0.511       |
-----------------------------------------
Eval num_timesteps=390000, episode_reward=-57.63 +/- 18.79
Episode length: 174.20 +/- 40.00
Success rate: 30.00%
-----------------------------------------
| eval/                   |             |
|    mean_ep_length       | 174         |
|    mean_reward          | -57.6       |
|    success_rate         | 0.3         |
| time/                   |             |
|    total_timesteps      | 390000      |
| train/                  |             |
|    approx_kl            | 0.019955585 |
|    clip_fraction        | 0.255       |
|    clip_range           | 0.2         |
|    entropy_loss         | -6.27       |
|    explained_variance   | 0.988       |
|    learning_rate        | 0.0003      |
|    loss                 | 0.374       |
|    n_updates            | 1900        |
|    policy_gradient_loss | -0.0193     |
|    std                  | 0.608       |
|    value_loss           | 0.653       |
-----------------------------------------
---------------------------------
| rollout/           |          |
|    ep_len_mean     | 148      |
|    ep_rew_mean     | -45.8    |
|    success_rate    | 0.67     |
| time/              |          |
|    fps             | 607      |
|    iterations      | 191      |
|    time_elapsed    | 643      |
|    total_timesteps | 391168   |
---------------------------------
----------------------------------------
| rollout/                |            |
|    ep_len_mean          | 151        |
|    ep_rew_mean          | -47.3      |
|    success_rate         | 0.64       |
| time/                   |            |
|    fps                  | 609        |
|    iterations           | 192        |
|    time_elapsed         | 645        |
|    total_timesteps      | 393216     |
| train/                  |            |
|    approx_kl            | 0.01564223 |
|    clip_fraction        | 0.19       |
|    clip_range           | 0.2        |
|    entropy_loss         | -6.28      |
|    explained_variance   | 0.985      |
|    learning_rate        | 0.0003     |
|    loss                 | 0.151      |
|    n_updates            | 1910       |
|    policy_gradient_loss | -0.0114    |
|    std                  | 0.609      |
|    value_loss           | 0.687      |
----------------------------------------
Eval num_timesteps=395000, episode_reward=-45.45 +/- 19.09
Episode length: 147.60 +/- 43.73
Success rate: 60.00%
-----------------------------------------
| eval/                   |             |
|    mean_ep_length       | 148         |
|    mean_reward          | -45.4       |
|    success_rate         | 0.6         |
| time/                   |             |
|    total_timesteps      | 395000      |
| train/                  |             |
|    approx_kl            | 0.018785454 |
|    clip_fraction        | 0.259       |
|    clip_range           | 0.2         |
|    entropy_loss         | -6.3        |
|    explained_variance   | 0.994       |
|    learning_rate        | 0.0003      |
|    loss                 | 0.025       |
|    n_updates            | 1920        |
|    policy_gradient_loss | -0.00667    |
|    std                  | 0.611       |
|    value_loss           | 0.247       |
-----------------------------------------
---------------------------------
| rollout/           |          |
|    ep_len_mean     | 151      |
|    ep_rew_mean     | -47      |
|    success_rate    | 0.64     |
| time/              |          |
|    fps             | 608      |
|    iterations      | 193      |
|    time_elapsed    | 650      |
|    total_timesteps | 395264   |
---------------------------------
-----------------------------------------
| rollout/                |             |
|    ep_len_mean          | 151         |
|    ep_rew_mean          | -46.9       |
|    success_rate         | 0.63        |
| time/                   |             |
|    fps                  | 609         |
|    iterations           | 194         |
|    time_elapsed         | 652         |
|    total_timesteps      | 397312      |
| train/                  |             |
|    approx_kl            | 0.013818355 |
|    clip_fraction        | 0.2         |
|    clip_range           | 0.2         |
|    entropy_loss         | -6.32       |
|    explained_variance   | 0.985       |
|    learning_rate        | 0.0003      |
|    loss                 | 0.233       |
|    n_updates            | 1930        |
|    policy_gradient_loss | -0.0131     |
|    std                  | 0.612       |
|    value_loss           | 0.628       |
-----------------------------------------
-----------------------------------------
| rollout/                |             |
|    ep_len_mean          | 148         |
|    ep_rew_mean          | -46.2       |
|    success_rate         | 0.67        |
| time/                   |             |
|    fps                  | 610         |
|    iterations           | 195         |
|    time_elapsed         | 654         |
|    total_timesteps      | 399360      |
| train/                  |             |
|    approx_kl            | 0.018877368 |
|    clip_fraction        | 0.233       |
|    clip_range           | 0.2         |
|    entropy_loss         | -6.3        |
|    explained_variance   | 0.991       |
|    learning_rate        | 0.0003      |
|    loss                 | 0.0373      |
|    n_updates            | 1940        |
|    policy_gradient_loss | -0.0193     |
|    std                  | 0.609       |
|    value_loss           | 0.457       |
-----------------------------------------
Eval num_timesteps=400000, episode_reward=-56.47 +/- 20.06
Episode length: 172.67 +/- 42.30
Success rate: 30.00%
----------------------------------------
| eval/                   |            |
|    mean_ep_length       | 173        |
|    mean_reward          | -56.5      |
|    success_rate         | 0.3        |
| time/                   |            |
|    total_timesteps      | 400000     |
| train/                  |            |
|    approx_kl            | 0.02397036 |
|    clip_fraction        | 0.27       |
|    clip_range           | 0.2        |
|    entropy_loss         | -6.26      |
|    explained_variance   | 0.995      |
|    learning_rate        | 0.0003     |
|    loss                 | 0.0288     |
|    n_updates            | 1950       |
|    policy_gradient_loss | -0.0156    |
|    std                  | 0.605      |
|    value_loss           | 0.199      |
----------------------------------------
---------------------------------
| rollout/           |          |
|    ep_len_mean     | 145      |
|    ep_rew_mean     | -44.8    |
|    success_rate    | 0.72     |
| time/              |          |
|    fps             | 609      |
|    iterations      | 196      |
|    time_elapsed    | 658      |
|    total_timesteps | 401408   |
---------------------------------
-----------------------------------------
| rollout/                |             |
|    ep_len_mean          | 143         |
|    ep_rew_mean          | -44.3       |
|    success_rate         | 0.73        |
| time/                   |             |
|    fps                  | 610         |
|    iterations           | 197         |
|    time_elapsed         | 660         |
|    total_timesteps      | 403456      |
| train/                  |             |
|    approx_kl            | 0.020609345 |
|    clip_fraction        | 0.235       |
|    clip_range           | 0.2         |
|    entropy_loss         | -6.22       |
|    explained_variance   | 0.99        |
|    learning_rate        | 0.0003      |
|    loss                 | 0.0694      |
|    n_updates            | 1960        |
|    policy_gradient_loss | -0.00993    |
|    std                  | 0.602       |
|    value_loss           | 0.275       |
-----------------------------------------
Eval num_timesteps=405000, episode_reward=-57.81 +/- 19.20
Episode length: 173.83 +/- 40.41
Success rate: 30.00%
-----------------------------------------
| eval/                   |             |
|    mean_ep_length       | 174         |
|    mean_reward          | -57.8       |
|    success_rate         | 0.3         |
| time/                   |             |
|    total_timesteps      | 405000      |
| train/                  |             |
|    approx_kl            | 0.018316256 |
|    clip_fraction        | 0.252       |
|    clip_range           | 0.2         |
|    entropy_loss         | -6.21       |
|    explained_variance   | 0.994       |
|    learning_rate        | 0.0003      |
|    loss                 | 0.0161      |
|    n_updates            | 1970        |
|    policy_gradient_loss | -0.0144     |
|    std                  | 0.603       |
|    value_loss           | 0.201       |
-----------------------------------------
---------------------------------
| rollout/           |          |
|    ep_len_mean     | 139      |
|    ep_rew_mean     | -43.1    |
|    success_rate    | 0.77     |
| time/              |          |
|    fps             | 609      |
|    iterations      | 198      |
|    time_elapsed    | 665      |
|    total_timesteps | 405504   |
---------------------------------
-----------------------------------------
| rollout/                |             |
|    ep_len_mean          | 138         |
|    ep_rew_mean          | -42.2       |
|    success_rate         | 0.8         |
| time/                   |             |
|    fps                  | 610         |
|    iterations           | 199         |
|    time_elapsed         | 667         |
|    total_timesteps      | 407552      |
| train/                  |             |
|    approx_kl            | 0.019700062 |
|    clip_fraction        | 0.225       |
|    clip_range           | 0.2         |
|    entropy_loss         | -6.22       |
|    explained_variance   | 0.991       |
|    learning_rate        | 0.0003      |
|    loss                 | 0.0401      |
|    n_updates            | 1980        |
|    policy_gradient_loss | -0.00722    |
|    std                  | 0.603       |
|    value_loss           | 0.411       |
-----------------------------------------
-----------------------------------------
| rollout/                |             |
|    ep_len_mean          | 137         |
|    ep_rew_mean          | -41.5       |
|    success_rate         | 0.81        |
| time/                   |             |
|    fps                  | 611         |
|    iterations           | 200         |
|    time_elapsed         | 669         |
|    total_timesteps      | 409600      |
| train/                  |             |
|    approx_kl            | 0.025940724 |
|    clip_fraction        | 0.257       |
|    clip_range           | 0.2         |
|    entropy_loss         | -6.21       |
|    explained_variance   | 0.995       |
|    learning_rate        | 0.0003      |
|    loss                 | 0.0843      |
|    n_updates            | 1990        |
|    policy_gradient_loss | -0.0143     |
|    std                  | 0.601       |
|    value_loss           | 0.228       |
-----------------------------------------
Eval num_timesteps=410000, episode_reward=-56.68 +/- 18.21
Episode length: 178.80 +/- 38.95
Success rate: 23.33%
-----------------------------------------
| eval/                   |             |
|    mean_ep_length       | 179         |
|    mean_reward          | -56.7       |
|    success_rate         | 0.233       |
| time/                   |             |
|    total_timesteps      | 410000      |
| train/                  |             |
|    approx_kl            | 0.018950751 |
|    clip_fraction        | 0.21        |
|    clip_range           | 0.2         |
|    entropy_loss         | -6.22       |
|    explained_variance   | 0.973       |
|    learning_rate        | 0.0003      |
|    loss                 | 0.0964      |
|    n_updates            | 2000        |
|    policy_gradient_loss | -0.0167     |
|    std                  | 0.604       |
|    value_loss           | 0.499       |
-----------------------------------------
---------------------------------
| rollout/           |          |
|    ep_len_mean     | 137      |
|    ep_rew_mean     | -41.4    |
|    success_rate    | 0.81     |
| time/              |          |
|    fps             | 610      |
|    iterations      | 201      |
|    time_elapsed    | 674      |
|    total_timesteps | 411648   |
---------------------------------
-----------------------------------------
| rollout/                |             |
|    ep_len_mean          | 137         |
|    ep_rew_mean          | -41.5       |
|    success_rate         | 0.79        |
| time/                   |             |
|    fps                  | 611         |
|    iterations           | 202         |
|    time_elapsed         | 676         |
|    total_timesteps      | 413696      |
| train/                  |             |
|    approx_kl            | 0.021151582 |
|    clip_fraction        | 0.243       |
|    clip_range           | 0.2         |
|    entropy_loss         | -6.22       |
|    explained_variance   | 0.993       |
|    learning_rate        | 0.0003      |
|    loss                 | 0.0436      |
|    n_updates            | 2010        |
|    policy_gradient_loss | -0.017      |
|    std                  | 0.603       |
|    value_loss           | 0.282       |
-----------------------------------------
Eval num_timesteps=415000, episode_reward=-55.36 +/- 23.18
Episode length: 167.07 +/- 46.97
Success rate: 33.33%
----------------------------------------
| eval/                   |            |
|    mean_ep_length       | 167        |
|    mean_reward          | -55.4      |
|    success_rate         | 0.333      |
| time/                   |            |
|    total_timesteps      | 415000     |
| train/                  |            |
|    approx_kl            | 0.01986905 |
|    clip_fraction        | 0.233      |
|    clip_range           | 0.2        |
|    entropy_loss         | -6.23      |
|    explained_variance   | 0.986      |
|    learning_rate        | 0.0003     |
|    loss                 | 1.31       |
|    n_updates            | 2020       |
|    policy_gradient_loss | -0.0157    |
|    std                  | 0.605      |
|    value_loss           | 1.09       |
----------------------------------------
---------------------------------
| rollout/           |          |
|    ep_len_mean     | 140      |
|    ep_rew_mean     | -42.7    |
|    success_rate    | 0.76     |
| time/              |          |
|    fps             | 610      |
|    iterations      | 203      |
|    time_elapsed    | 680      |
|    total_timesteps | 415744   |
---------------------------------
-----------------------------------------
| rollout/                |             |
|    ep_len_mean          | 142         |
|    ep_rew_mean          | -44         |
|    success_rate         | 0.73        |
| time/                   |             |
|    fps                  | 611         |
|    iterations           | 204         |
|    time_elapsed         | 682         |
|    total_timesteps      | 417792      |
| train/                  |             |
|    approx_kl            | 0.024408272 |
|    clip_fraction        | 0.281       |
|    clip_range           | 0.2         |
|    entropy_loss         | -6.23       |
|    explained_variance   | 0.997       |
|    learning_rate        | 0.0003      |
|    loss                 | 0.0345      |
|    n_updates            | 2030        |
|    policy_gradient_loss | -0.0165     |
|    std                  | 0.603       |
|    value_loss           | 0.189       |
-----------------------------------------
-----------------------------------------
| rollout/                |             |
|    ep_len_mean          | 142         |
|    ep_rew_mean          | -43.7       |
|    success_rate         | 0.74        |
| time/                   |             |
|    fps                  | 613         |
|    iterations           | 205         |
|    time_elapsed         | 684         |
|    total_timesteps      | 419840      |
| train/                  |             |
|    approx_kl            | 0.018601295 |
|    clip_fraction        | 0.208       |
|    clip_range           | 0.2         |
|    entropy_loss         | -6.23       |
|    explained_variance   | 0.991       |
|    learning_rate        | 0.0003      |
|    loss                 | 0.267       |
|    n_updates            | 2040        |
|    policy_gradient_loss | -0.0137     |
|    std                  | 0.604       |
|    value_loss           | 0.389       |
-----------------------------------------
Eval num_timesteps=420000, episode_reward=-49.49 +/- 21.22
Episode length: 159.17 +/- 47.29
Success rate: 43.33%
-----------------------------------------
| eval/                   |             |
|    mean_ep_length       | 159         |
|    mean_reward          | -49.5       |
|    success_rate         | 0.433       |
| time/                   |             |
|    total_timesteps      | 420000      |
| train/                  |             |
|    approx_kl            | 0.018873375 |
|    clip_fraction        | 0.21        |
|    clip_range           | 0.2         |
|    entropy_loss         | -6.22       |
|    explained_variance   | 0.988       |
|    learning_rate        | 0.0003      |
|    loss                 | 0.0834      |
|    n_updates            | 2050        |
|    policy_gradient_loss | -0.00983    |
|    std                  | 0.602       |
|    value_loss           | 0.45        |
-----------------------------------------
---------------------------------
| rollout/           |          |
|    ep_len_mean     | 142      |
|    ep_rew_mean     | -43.7    |
|    success_rate    | 0.73     |
| time/              |          |
|    fps             | 611      |
|    iterations      | 206      |
|    time_elapsed    | 689      |
|    total_timesteps | 421888   |
---------------------------------
-----------------------------------------
| rollout/                |             |
|    ep_len_mean          | 142         |
|    ep_rew_mean          | -44.5       |
|    success_rate         | 0.72        |
| time/                   |             |
|    fps                  | 613         |
|    iterations           | 207         |
|    time_elapsed         | 691         |
|    total_timesteps      | 423936      |
| train/                  |             |
|    approx_kl            | 0.019110223 |
|    clip_fraction        | 0.234       |
|    clip_range           | 0.2         |
|    entropy_loss         | -6.19       |
|    explained_variance   | 0.991       |
|    learning_rate        | 0.0003      |
|    loss                 | -0.00306    |
|    n_updates            | 2060        |
|    policy_gradient_loss | -0.0117     |
|    std                  | 0.599       |
|    value_loss           | 0.155       |
-----------------------------------------
Eval num_timesteps=425000, episode_reward=-55.39 +/- 22.23
Episode length: 168.20 +/- 45.19
Success rate: 33.33%
-----------------------------------------
| eval/                   |             |
|    mean_ep_length       | 168         |
|    mean_reward          | -55.4       |
|    success_rate         | 0.333       |
| time/                   |             |
|    total_timesteps      | 425000      |
| train/                  |             |
|    approx_kl            | 0.019559147 |
|    clip_fraction        | 0.204       |
|    clip_range           | 0.2         |
|    entropy_loss         | -6.15       |
|    explained_variance   | 0.988       |
|    learning_rate        | 0.0003      |
|    loss                 | 0.0264      |
|    n_updates            | 2070        |
|    policy_gradient_loss | -0.0164     |
|    std                  | 0.595       |
|    value_loss           | 0.478       |
-----------------------------------------
---------------------------------
| rollout/           |          |
|    ep_len_mean     | 141      |
|    ep_rew_mean     | -44.6    |
|    success_rate    | 0.74     |
| time/              |          |
|    fps             | 612      |
|    iterations      | 208      |
|    time_elapsed    | 696      |
|    total_timesteps | 425984   |
---------------------------------
-----------------------------------------
| rollout/                |             |
|    ep_len_mean          | 141         |
|    ep_rew_mean          | -44.3       |
|    success_rate         | 0.75        |
| time/                   |             |
|    fps                  | 613         |
|    iterations           | 209         |
|    time_elapsed         | 697         |
|    total_timesteps      | 428032      |
| train/                  |             |
|    approx_kl            | 0.025888555 |
|    clip_fraction        | 0.242       |
|    clip_range           | 0.2         |
|    entropy_loss         | -6.15       |
|    explained_variance   | 0.992       |
|    learning_rate        | 0.0003      |
|    loss                 | 0.0576      |
|    n_updates            | 2080        |
|    policy_gradient_loss | -0.0128     |
|    std                  | 0.597       |
|    value_loss           | 0.329       |
-----------------------------------------
Eval num_timesteps=430000, episode_reward=-60.04 +/- 17.73
Episode length: 176.90 +/- 38.51
Success rate: 26.67%
-----------------------------------------
| eval/                   |             |
|    mean_ep_length       | 177         |
|    mean_reward          | -60         |
|    success_rate         | 0.267       |
| time/                   |             |
|    total_timesteps      | 430000      |
| train/                  |             |
|    approx_kl            | 0.021649666 |
|    clip_fraction        | 0.263       |
|    clip_range           | 0.2         |
|    entropy_loss         | -6.14       |
|    explained_variance   | 0.992       |
|    learning_rate        | 0.0003      |
|    loss                 | 0.146       |
|    n_updates            | 2090        |
|    policy_gradient_loss | -0.0128     |
|    std                  | 0.595       |
|    value_loss           | 0.312       |
-----------------------------------------
---------------------------------
| rollout/           |          |
|    ep_len_mean     | 140      |
|    ep_rew_mean     | -43.7    |
|    success_rate    | 0.76     |
| time/              |          |
|    fps             | 611      |
|    iterations      | 210      |
|    time_elapsed    | 702      |
|    total_timesteps | 430080   |
---------------------------------
----------------------------------------
| rollout/                |            |
|    ep_len_mean          | 140        |
|    ep_rew_mean          | -43.6      |
|    success_rate         | 0.75       |
| time/                   |            |
|    fps                  | 613        |
|    iterations           | 211        |
|    time_elapsed         | 704        |
|    total_timesteps      | 432128     |
| train/                  |            |
|    approx_kl            | 0.02490576 |
|    clip_fraction        | 0.264      |
|    clip_range           | 0.2        |
|    entropy_loss         | -6.13      |
|    explained_variance   | 0.992      |
|    learning_rate        | 0.0003     |
|    loss                 | -0.000632  |
|    n_updates            | 2100       |
|    policy_gradient_loss | -0.0155    |
|    std                  | 0.596      |
|    value_loss           | 0.24       |
----------------------------------------
---------------------------------------
| rollout/                |           |
|    ep_len_mean          | 141       |
|    ep_rew_mean          | -44       |
|    success_rate         | 0.73      |
| time/                   |           |
|    fps                  | 614       |
|    iterations           | 212       |
|    time_elapsed         | 706       |
|    total_timesteps      | 434176    |
| train/                  |           |
|    approx_kl            | 0.0214398 |
|    clip_fraction        | 0.202     |
|    clip_range           | 0.2       |
|    entropy_loss         | -6.17     |
|    explained_variance   | 0.993     |
|    learning_rate        | 0.0003    |
|    loss                 | 0.0934    |
|    n_updates            | 2110      |
|    policy_gradient_loss | -0.0116   |
|    std                  | 0.602     |
|    value_loss           | 0.332     |
---------------------------------------
Eval num_timesteps=435000, episode_reward=-62.12 +/- 17.09
Episode length: 184.47 +/- 34.98
Success rate: 16.67%
-----------------------------------------
| eval/                   |             |
|    mean_ep_length       | 184         |
|    mean_reward          | -62.1       |
|    success_rate         | 0.167       |
| time/                   |             |
|    total_timesteps      | 435000      |
| train/                  |             |
|    approx_kl            | 0.020833716 |
|    clip_fraction        | 0.225       |
|    clip_range           | 0.2         |
|    entropy_loss         | -6.2        |
|    explained_variance   | 0.983       |
|    learning_rate        | 0.0003      |
|    loss                 | 0.0687      |
|    n_updates            | 2120        |
|    policy_gradient_loss | -0.00952    |
|    std                  | 0.603       |
|    value_loss           | 0.439       |
-----------------------------------------
---------------------------------
| rollout/           |          |
|    ep_len_mean     | 144      |
|    ep_rew_mean     | -44.7    |
|    success_rate    | 0.71     |
| time/              |          |
|    fps             | 613      |
|    iterations      | 213      |
|    time_elapsed    | 711      |
|    total_timesteps | 436224   |
---------------------------------
-----------------------------------------
| rollout/                |             |
|    ep_len_mean          | 143         |
|    ep_rew_mean          | -44.5       |
|    success_rate         | 0.73        |
| time/                   |             |
|    fps                  | 614         |
|    iterations           | 214         |
|    time_elapsed         | 713         |
|    total_timesteps      | 438272      |
| train/                  |             |
|    approx_kl            | 0.016882371 |
|    clip_fraction        | 0.208       |
|    clip_range           | 0.2         |
|    entropy_loss         | -6.2        |
|    explained_variance   | 0.981       |
|    learning_rate        | 0.0003      |
|    loss                 | 0.0736      |
|    n_updates            | 2130        |
|    policy_gradient_loss | -0.0162     |
|    std                  | 0.604       |
|    value_loss           | 0.426       |
-----------------------------------------
Eval num_timesteps=440000, episode_reward=-54.18 +/- 17.73
Episode length: 170.77 +/- 42.23
Success rate: 33.33%
-----------------------------------------
| eval/                   |             |
|    mean_ep_length       | 171         |
|    mean_reward          | -54.2       |
|    success_rate         | 0.333       |
| time/                   |             |
|    total_timesteps      | 440000      |
| train/                  |             |
|    approx_kl            | 0.018204657 |
|    clip_fraction        | 0.226       |
|    clip_range           | 0.2         |
|    entropy_loss         | -6.21       |
|    explained_variance   | 0.99        |
|    learning_rate        | 0.0003      |
|    loss                 | -0.00713    |
|    n_updates            | 2140        |
|    policy_gradient_loss | -0.0145     |
|    std                  | 0.604       |
|    value_loss           | 0.216       |
-----------------------------------------
---------------------------------
| rollout/           |          |
|    ep_len_mean     | 142      |
|    ep_rew_mean     | -43.9    |
|    success_rate    | 0.73     |
| time/              |          |
|    fps             | 612      |
|    iterations      | 215      |
|    time_elapsed    | 718      |
|    total_timesteps | 440320   |
---------------------------------
----------------------------------------
| rollout/                |            |
|    ep_len_mean          | 140        |
|    ep_rew_mean          | -43        |
|    success_rate         | 0.75       |
| time/                   |            |
|    fps                  | 614        |
|    iterations           | 216        |
|    time_elapsed         | 720        |
|    total_timesteps      | 442368     |
| train/                  |            |
|    approx_kl            | 0.01793031 |
|    clip_fraction        | 0.178      |
|    clip_range           | 0.2        |
|    entropy_loss         | -6.2       |
|    explained_variance   | 0.994      |
|    learning_rate        | 0.0003     |
|    loss                 | 0.0123     |
|    n_updates            | 2150       |
|    policy_gradient_loss | -0.0131    |
|    std                  | 0.604      |
|    value_loss           | 0.286      |
----------------------------------------
-----------------------------------------
| rollout/                |             |
|    ep_len_mean          | 136         |
|    ep_rew_mean          | -41.7       |
|    success_rate         | 0.8         |
| time/                   |             |
|    fps                  | 615         |
|    iterations           | 217         |
|    time_elapsed         | 722         |
|    total_timesteps      | 444416      |
| train/                  |             |
|    approx_kl            | 0.018881552 |
|    clip_fraction        | 0.229       |
|    clip_range           | 0.2         |
|    entropy_loss         | -6.19       |
|    explained_variance   | 0.993       |
|    learning_rate        | 0.0003      |
|    loss                 | -0.0162     |
|    n_updates            | 2160        |
|    policy_gradient_loss | -0.0102     |
|    std                  | 0.603       |
|    value_loss           | 0.174       |
-----------------------------------------
Eval num_timesteps=445000, episode_reward=-56.54 +/- 20.62
Episode length: 174.73 +/- 42.03
Success rate: 26.67%
-----------------------------------------
| eval/                   |             |
|    mean_ep_length       | 175         |
|    mean_reward          | -56.5       |
|    success_rate         | 0.267       |
| time/                   |             |
|    total_timesteps      | 445000      |
| train/                  |             |
|    approx_kl            | 0.020639444 |
|    clip_fraction        | 0.242       |
|    clip_range           | 0.2         |
|    entropy_loss         | -6.18       |
|    explained_variance   | 0.997       |
|    learning_rate        | 0.0003      |
|    loss                 | -0.0226     |
|    n_updates            | 2170        |
|    policy_gradient_loss | -0.0167     |
|    std                  | 0.603       |
|    value_loss           | 0.113       |
-----------------------------------------
---------------------------------
| rollout/           |          |
|    ep_len_mean     | 135      |
|    ep_rew_mean     | -41.3    |
|    success_rate    | 0.82     |
| time/              |          |
|    fps             | 613      |
|    iterations      | 218      |
|    time_elapsed    | 727      |
|    total_timesteps | 446464   |
---------------------------------
----------------------------------------
| rollout/                |            |
|    ep_len_mean          | 133        |
|    ep_rew_mean          | -40.5      |
|    success_rate         | 0.85       |
| time/                   |            |
|    fps                  | 615        |
|    iterations           | 219        |
|    time_elapsed         | 729        |
|    total_timesteps      | 448512     |
| train/                  |            |
|    approx_kl            | 0.02343316 |
|    clip_fraction        | 0.256      |
|    clip_range           | 0.2        |
|    entropy_loss         | -6.17      |
|    explained_variance   | 0.993      |
|    learning_rate        | 0.0003     |
|    loss                 | 0.0489     |
|    n_updates            | 2180       |
|    policy_gradient_loss | -0.0158    |
|    std                  | 0.602      |
|    value_loss           | 0.162      |
----------------------------------------
Eval num_timesteps=450000, episode_reward=-63.96 +/- 12.60
Episode length: 191.33 +/- 26.07
Success rate: 10.00%
-----------------------------------------
| eval/                   |             |
|    mean_ep_length       | 191         |
|    mean_reward          | -64         |
|    success_rate         | 0.1         |
| time/                   |             |
|    total_timesteps      | 450000      |
| train/                  |             |
|    approx_kl            | 0.022352766 |
|    clip_fraction        | 0.23        |
|    clip_range           | 0.2         |
|    entropy_loss         | -6.15       |
|    explained_variance   | 0.994       |
|    learning_rate        | 0.0003      |
|    loss                 | 0.0743      |
|    n_updates            | 2190        |
|    policy_gradient_loss | -0.0115     |
|    std                  | 0.6         |
|    value_loss           | 0.202       |
-----------------------------------------
---------------------------------
| rollout/           |          |
|    ep_len_mean     | 134      |
|    ep_rew_mean     | -41.3    |
|    success_rate    | 0.83     |
| time/              |          |
|    fps             | 613      |
|    iterations      | 220      |
|    time_elapsed    | 734      |
|    total_timesteps | 450560   |
---------------------------------
-----------------------------------------
| rollout/                |             |
|    ep_len_mean          | 135         |
|    ep_rew_mean          | -40.9       |
|    success_rate         | 0.81        |
| time/                   |             |
|    fps                  | 614         |
|    iterations           | 221         |
|    time_elapsed         | 736         |
|    total_timesteps      | 452608      |
| train/                  |             |
|    approx_kl            | 0.021820776 |
|    clip_fraction        | 0.213       |
|    clip_range           | 0.2         |
|    entropy_loss         | -6.13       |
|    explained_variance   | 0.974       |
|    learning_rate        | 0.0003      |
|    loss                 | 0.0878      |
|    n_updates            | 2200        |
|    policy_gradient_loss | -0.0181     |
|    std                  | 0.599       |
|    value_loss           | 0.47        |
-----------------------------------------
-----------------------------------------
| rollout/                |             |
|    ep_len_mean          | 137         |
|    ep_rew_mean          | -41.7       |
|    success_rate         | 0.78        |
| time/                   |             |
|    fps                  | 615         |
|    iterations           | 222         |
|    time_elapsed         | 738         |
|    total_timesteps      | 454656      |
| train/                  |             |
|    approx_kl            | 0.016035663 |
|    clip_fraction        | 0.206       |
|    clip_range           | 0.2         |
|    entropy_loss         | -6.12       |
|    explained_variance   | 0.987       |
|    learning_rate        | 0.0003      |
|    loss                 | 0.123       |
|    n_updates            | 2210        |
|    policy_gradient_loss | -0.0138     |
|    std                  | 0.602       |
|    value_loss           | 0.649       |
-----------------------------------------
Eval num_timesteps=455000, episode_reward=-52.26 +/- 19.05
Episode length: 167.13 +/- 43.46
Success rate: 36.67%
-----------------------------------------
| eval/                   |             |
|    mean_ep_length       | 167         |
|    mean_reward          | -52.3       |
|    success_rate         | 0.367       |
| time/                   |             |
|    total_timesteps      | 455000      |
| train/                  |             |
|    approx_kl            | 0.022191256 |
|    clip_fraction        | 0.232       |
|    clip_range           | 0.2         |
|    entropy_loss         | -6.14       |
|    explained_variance   | 0.992       |
|    learning_rate        | 0.0003      |
|    loss                 | 0.0477      |
|    n_updates            | 2220        |
|    policy_gradient_loss | -0.0147     |
|    std                  | 0.605       |
|    value_loss           | 0.294       |
-----------------------------------------
---------------------------------
| rollout/           |          |
|    ep_len_mean     | 142      |
|    ep_rew_mean     | -43.6    |
|    success_rate    | 0.73     |
| time/              |          |
|    fps             | 614      |
|    iterations      | 223      |
|    time_elapsed    | 742      |
|    total_timesteps | 456704   |
---------------------------------
-----------------------------------------
| rollout/                |             |
|    ep_len_mean          | 145         |
|    ep_rew_mean          | -45.3       |
|    success_rate         | 0.7         |
| time/                   |             |
|    fps                  | 615         |
|    iterations           | 224         |
|    time_elapsed         | 744         |
|    total_timesteps      | 458752      |
| train/                  |             |
|    approx_kl            | 0.022363458 |
|    clip_fraction        | 0.22        |
|    clip_range           | 0.2         |
|    entropy_loss         | -6.19       |
|    explained_variance   | 0.993       |
|    learning_rate        | 0.0003      |
|    loss                 | 0.0959      |
|    n_updates            | 2230        |
|    policy_gradient_loss | -0.0141     |
|    std                  | 0.61        |
|    value_loss           | 0.509       |
-----------------------------------------
Eval num_timesteps=460000, episode_reward=-50.50 +/- 19.20
Episode length: 159.60 +/- 43.78
Success rate: 46.67%
-----------------------------------------
| eval/                   |             |
|    mean_ep_length       | 160         |
|    mean_reward          | -50.5       |
|    success_rate         | 0.467       |
| time/                   |             |
|    total_timesteps      | 460000      |
| train/                  |             |
|    approx_kl            | 0.019440582 |
|    clip_fraction        | 0.244       |
|    clip_range           | 0.2         |
|    entropy_loss         | -6.23       |
|    explained_variance   | 0.994       |
|    learning_rate        | 0.0003      |
|    loss                 | 0.0107      |
|    n_updates            | 2240        |
|    policy_gradient_loss | -0.0141     |
|    std                  | 0.612       |
|    value_loss           | 0.214       |
-----------------------------------------
---------------------------------
| rollout/           |          |
|    ep_len_mean     | 142      |
|    ep_rew_mean     | -43.8    |
|    success_rate    | 0.72     |
| time/              |          |
|    fps             | 614      |
|    iterations      | 225      |
|    time_elapsed    | 749      |
|    total_timesteps | 460800   |
---------------------------------
-----------------------------------------
| rollout/                |             |
|    ep_len_mean          | 143         |
|    ep_rew_mean          | -44.2       |
|    success_rate         | 0.72        |
| time/                   |             |
|    fps                  | 615         |
|    iterations           | 226         |
|    time_elapsed         | 751         |
|    total_timesteps      | 462848      |
| train/                  |             |
|    approx_kl            | 0.023956962 |
|    clip_fraction        | 0.227       |
|    clip_range           | 0.2         |
|    entropy_loss         | -6.23       |
|    explained_variance   | 0.992       |
|    learning_rate        | 0.0003      |
|    loss                 | 0.0173      |
|    n_updates            | 2250        |
|    policy_gradient_loss | -0.00964    |
|    std                  | 0.611       |
|    value_loss           | 0.172       |
-----------------------------------------
-----------------------------------------
| rollout/                |             |
|    ep_len_mean          | 141         |
|    ep_rew_mean          | -43.3       |
|    success_rate         | 0.74        |
| time/                   |             |
|    fps                  | 616         |
|    iterations           | 227         |
|    time_elapsed         | 753         |
|    total_timesteps      | 464896      |
| train/                  |             |
|    approx_kl            | 0.018159054 |
|    clip_fraction        | 0.242       |
|    clip_range           | 0.2         |
|    entropy_loss         | -6.21       |
|    explained_variance   | 0.991       |
|    learning_rate        | 0.0003      |
|    loss                 | 0.0624      |
|    n_updates            | 2260        |
|    policy_gradient_loss | -0.0194     |
|    std                  | 0.61        |
|    value_loss           | 0.473       |
-----------------------------------------
Eval num_timesteps=465000, episode_reward=-60.16 +/- 19.23
Episode length: 179.70 +/- 37.23
Success rate: 23.33%
-----------------------------------------
| eval/                   |             |
|    mean_ep_length       | 180         |
|    mean_reward          | -60.2       |
|    success_rate         | 0.233       |
| time/                   |             |
|    total_timesteps      | 465000      |
| train/                  |             |
|    approx_kl            | 0.020582596 |
|    clip_fraction        | 0.187       |
|    clip_range           | 0.2         |
|    entropy_loss         | -6.21       |
|    explained_variance   | 0.982       |
|    learning_rate        | 0.0003      |
|    loss                 | 0.11        |
|    n_updates            | 2270        |
|    policy_gradient_loss | -0.0124     |
|    std                  | 0.611       |
|    value_loss           | 0.596       |
-----------------------------------------
---------------------------------
| rollout/           |          |
|    ep_len_mean     | 142      |
|    ep_rew_mean     | -43.9    |
|    success_rate    | 0.73     |
| time/              |          |
|    fps             | 615      |
|    iterations      | 228      |
|    time_elapsed    | 758      |
|    total_timesteps | 466944   |
---------------------------------
-----------------------------------------
| rollout/                |             |
|    ep_len_mean          | 139         |
|    ep_rew_mean          | -42.7       |
|    success_rate         | 0.77        |
| time/                   |             |
|    fps                  | 616         |
|    iterations           | 229         |
|    time_elapsed         | 760         |
|    total_timesteps      | 468992      |
| train/                  |             |
|    approx_kl            | 0.020035353 |
|    clip_fraction        | 0.229       |
|    clip_range           | 0.2         |
|    entropy_loss         | -6.21       |
|    explained_variance   | 0.99        |
|    learning_rate        | 0.0003      |
|    loss                 | 0.0149      |
|    n_updates            | 2280        |
|    policy_gradient_loss | -0.0141     |
|    std                  | 0.609       |
|    value_loss           | 0.222       |
-----------------------------------------
Eval num_timesteps=470000, episode_reward=-48.34 +/- 18.89
Episode length: 156.10 +/- 41.71
Success rate: 53.33%
-----------------------------------------
| eval/                   |             |
|    mean_ep_length       | 156         |
|    mean_reward          | -48.3       |
|    success_rate         | 0.533       |
| time/                   |             |
|    total_timesteps      | 470000      |
| train/                  |             |
|    approx_kl            | 0.017830985 |
|    clip_fraction        | 0.215       |
|    clip_range           | 0.2         |
|    entropy_loss         | -6.2        |
|    explained_variance   | 0.986       |
|    learning_rate        | 0.0003      |
|    loss                 | 0.18        |
|    n_updates            | 2290        |
|    policy_gradient_loss | -0.00751    |
|    std                  | 0.607       |
|    value_loss           | 0.542       |
-----------------------------------------
---------------------------------
| rollout/           |          |
|    ep_len_mean     | 135      |
|    ep_rew_mean     | -41.2    |
|    success_rate    | 0.82     |
| time/              |          |
|    fps             | 615      |
|    iterations      | 230      |
|    time_elapsed    | 765      |
|    total_timesteps | 471040   |
---------------------------------
-----------------------------------------
| rollout/                |             |
|    ep_len_mean          | 135         |
|    ep_rew_mean          | -41.3       |
|    success_rate         | 0.82        |
| time/                   |             |
|    fps                  | 616         |
|    iterations           | 231         |
|    time_elapsed         | 767         |
|    total_timesteps      | 473088      |
| train/                  |             |
|    approx_kl            | 0.019241352 |
|    clip_fraction        | 0.234       |
|    clip_range           | 0.2         |
|    entropy_loss         | -6.17       |
|    explained_variance   | 0.993       |
|    learning_rate        | 0.0003      |
|    loss                 | 0.0492      |
|    n_updates            | 2300        |
|    policy_gradient_loss | -0.0151     |
|    std                  | 0.605       |
|    value_loss           | 0.362       |
-----------------------------------------
Eval num_timesteps=475000, episode_reward=-55.29 +/- 17.48
Episode length: 171.90 +/- 37.54
Success rate: 36.67%
-----------------------------------------
| eval/                   |             |
|    mean_ep_length       | 172         |
|    mean_reward          | -55.3       |
|    success_rate         | 0.367       |
| time/                   |             |
|    total_timesteps      | 475000      |
| train/                  |             |
|    approx_kl            | 0.027288346 |
|    clip_fraction        | 0.283       |
|    clip_range           | 0.2         |
|    entropy_loss         | -6.14       |
|    explained_variance   | 0.998       |
|    learning_rate        | 0.0003      |
|    loss                 | 0.00816     |
|    n_updates            | 2310        |
|    policy_gradient_loss | -0.0186     |
|    std                  | 0.602       |
|    value_loss           | 0.122       |
-----------------------------------------
---------------------------------
| rollout/           |          |
|    ep_len_mean     | 136      |
|    ep_rew_mean     | -42.1    |
|    success_rate    | 0.82     |
| time/              |          |
|    fps             | 615      |
|    iterations      | 232      |
|    time_elapsed    | 772      |
|    total_timesteps | 475136   |
---------------------------------
-----------------------------------------
| rollout/                |             |
|    ep_len_mean          | 136         |
|    ep_rew_mean          | -42         |
|    success_rate         | 0.82        |
| time/                   |             |
|    fps                  | 616         |
|    iterations           | 233         |
|    time_elapsed         | 774         |
|    total_timesteps      | 477184      |
| train/                  |             |
|    approx_kl            | 0.021249194 |
|    clip_fraction        | 0.234       |
|    clip_range           | 0.2         |
|    entropy_loss         | -6.13       |
|    explained_variance   | 0.994       |
|    learning_rate        | 0.0003      |
|    loss                 | 0.0354      |
|    n_updates            | 2320        |
|    policy_gradient_loss | -0.0114     |
|    std                  | 0.604       |
|    value_loss           | 0.165       |
-----------------------------------------
-----------------------------------------
| rollout/                |             |
|    ep_len_mean          | 137         |
|    ep_rew_mean          | -42.6       |
|    success_rate         | 0.82        |
| time/                   |             |
|    fps                  | 617         |
|    iterations           | 234         |
|    time_elapsed         | 776         |
|    total_timesteps      | 479232      |
| train/                  |             |
|    approx_kl            | 0.025804937 |
|    clip_fraction        | 0.294       |
|    clip_range           | 0.2         |
|    entropy_loss         | -6.13       |
|    explained_variance   | 0.998       |
|    learning_rate        | 0.0003      |
|    loss                 | -0.00436    |
|    n_updates            | 2330        |
|    policy_gradient_loss | -0.0194     |
|    std                  | 0.602       |
|    value_loss           | 0.108       |
-----------------------------------------
Eval num_timesteps=480000, episode_reward=-46.46 +/- 19.56
Episode length: 156.97 +/- 43.73
Success rate: 50.00%
-----------------------------------------
| eval/                   |             |
|    mean_ep_length       | 157         |
|    mean_reward          | -46.5       |
|    success_rate         | 0.5         |
| time/                   |             |
|    total_timesteps      | 480000      |
| train/                  |             |
|    approx_kl            | 0.023596087 |
|    clip_fraction        | 0.242       |
|    clip_range           | 0.2         |
|    entropy_loss         | -6.12       |
|    explained_variance   | 0.994       |
|    learning_rate        | 0.0003      |
|    loss                 | 0.064       |
|    n_updates            | 2340        |
|    policy_gradient_loss | -0.0136     |
|    std                  | 0.604       |
|    value_loss           | 0.197       |
-----------------------------------------
---------------------------------
| rollout/           |          |
|    ep_len_mean     | 137      |
|    ep_rew_mean     | -42.4    |
|    success_rate    | 0.82     |
| time/              |          |
|    fps             | 616      |
|    iterations      | 235      |
|    time_elapsed    | 781      |
|    total_timesteps | 481280   |
---------------------------------
-----------------------------------------
| rollout/                |             |
|    ep_len_mean          | 134         |
|    ep_rew_mean          | -40.7       |
|    success_rate         | 0.84        |
| time/                   |             |
|    fps                  | 617         |
|    iterations           | 236         |
|    time_elapsed         | 783         |
|    total_timesteps      | 483328      |
| train/                  |             |
|    approx_kl            | 0.019096117 |
|    clip_fraction        | 0.207       |
|    clip_range           | 0.2         |
|    entropy_loss         | -6.11       |
|    explained_variance   | 0.988       |
|    learning_rate        | 0.0003      |
|    loss                 | 0.222       |
|    n_updates            | 2350        |
|    policy_gradient_loss | -0.0171     |
|    std                  | 0.599       |
|    value_loss           | 0.661       |
-----------------------------------------
Eval num_timesteps=485000, episode_reward=-48.24 +/- 18.87
Episode length: 162.70 +/- 43.29
Success rate: 46.67%
-----------------------------------------
| eval/                   |             |
|    mean_ep_length       | 163         |
|    mean_reward          | -48.2       |
|    success_rate         | 0.467       |
| time/                   |             |
|    total_timesteps      | 485000      |
| train/                  |             |
|    approx_kl            | 0.025569048 |
|    clip_fraction        | 0.274       |
|    clip_range           | 0.2         |
|    entropy_loss         | -6.08       |
|    explained_variance   | 0.996       |
|    learning_rate        | 0.0003      |
|    loss                 | 0.0588      |
|    n_updates            | 2360        |
|    policy_gradient_loss | -0.0189     |
|    std                  | 0.598       |
|    value_loss           | 0.0981      |
-----------------------------------------
---------------------------------
| rollout/           |          |
|    ep_len_mean     | 136      |
|    ep_rew_mean     | -41.4    |
|    success_rate    | 0.82     |
| time/              |          |
|    fps             | 616      |
|    iterations      | 237      |
|    time_elapsed    | 787      |
|    total_timesteps | 485376   |
---------------------------------
-----------------------------------------
| rollout/                |             |
|    ep_len_mean          | 134         |
|    ep_rew_mean          | -41.1       |
|    success_rate         | 0.84        |
| time/                   |             |
|    fps                  | 617         |
|    iterations           | 238         |
|    time_elapsed         | 789         |
|    total_timesteps      | 487424      |
| train/                  |             |
|    approx_kl            | 0.017332425 |
|    clip_fraction        | 0.226       |
|    clip_range           | 0.2         |
|    entropy_loss         | -6.07       |
|    explained_variance   | 0.991       |
|    learning_rate        | 0.0003      |
|    loss                 | 0.00139     |
|    n_updates            | 2370        |
|    policy_gradient_loss | -0.015      |
|    std                  | 0.597       |
|    value_loss           | 0.167       |
-----------------------------------------
-----------------------------------------
| rollout/                |             |
|    ep_len_mean          | 135         |
|    ep_rew_mean          | -41         |
|    success_rate         | 0.84        |
| time/                   |             |
|    fps                  | 618         |
|    iterations           | 239         |
|    time_elapsed         | 791         |
|    total_timesteps      | 489472      |
| train/                  |             |
|    approx_kl            | 0.019657193 |
|    clip_fraction        | 0.218       |
|    clip_range           | 0.2         |
|    entropy_loss         | -6.03       |
|    explained_variance   | 0.997       |
|    learning_rate        | 0.0003      |
|    loss                 | 0.005       |
|    n_updates            | 2380        |
|    policy_gradient_loss | -0.0168     |
|    std                  | 0.593       |
|    value_loss           | 0.122       |
-----------------------------------------
Eval num_timesteps=490000, episode_reward=-47.42 +/- 17.97
Episode length: 156.03 +/- 41.84
Success rate: 56.67%
-----------------------------------------
| eval/                   |             |
|    mean_ep_length       | 156         |
|    mean_reward          | -47.4       |
|    success_rate         | 0.567       |
| time/                   |             |
|    total_timesteps      | 490000      |
| train/                  |             |
|    approx_kl            | 0.019629614 |
|    clip_fraction        | 0.236       |
|    clip_range           | 0.2         |
|    entropy_loss         | -6.03       |
|    explained_variance   | 0.983       |
|    learning_rate        | 0.0003      |
|    loss                 | -0.000381   |
|    n_updates            | 2390        |
|    policy_gradient_loss | -0.0143     |
|    std                  | 0.598       |
|    value_loss           | 0.31        |
-----------------------------------------
---------------------------------
| rollout/           |          |
|    ep_len_mean     | 132      |
|    ep_rew_mean     | -39.3    |
|    success_rate    | 0.85     |
| time/              |          |
|    fps             | 617      |
|    iterations      | 240      |
|    time_elapsed    | 795      |
|    total_timesteps | 491520   |
---------------------------------
-----------------------------------------
| rollout/                |             |
|    ep_len_mean          | 134         |
|    ep_rew_mean          | -40.2       |
|    success_rate         | 0.83        |
| time/                   |             |
|    fps                  | 618         |
|    iterations           | 241         |
|    time_elapsed         | 797         |
|    total_timesteps      | 493568      |
| train/                  |             |
|    approx_kl            | 0.019548526 |
|    clip_fraction        | 0.259       |
|    clip_range           | 0.2         |
|    entropy_loss         | -6.08       |
|    explained_variance   | 0.995       |
|    learning_rate        | 0.0003      |
|    loss                 | -0.0225     |
|    n_updates            | 2400        |
|    policy_gradient_loss | -0.017      |
|    std                  | 0.601       |
|    value_loss           | 0.0959      |
-----------------------------------------
Eval num_timesteps=495000, episode_reward=-47.96 +/- 20.05
Episode length: 156.67 +/- 43.98
Success rate: 50.00%
-----------------------------------------
| eval/                   |             |
|    mean_ep_length       | 157         |
|    mean_reward          | -48         |
|    success_rate         | 0.5         |
| time/                   |             |
|    total_timesteps      | 495000      |
| train/                  |             |
|    approx_kl            | 0.017740618 |
|    clip_fraction        | 0.199       |
|    clip_range           | 0.2         |
|    entropy_loss         | -6.09       |
|    explained_variance   | 0.98        |
|    learning_rate        | 0.0003      |
|    loss                 | 0.143       |
|    n_updates            | 2410        |
|    policy_gradient_loss | -0.0128     |
|    std                  | 0.601       |
|    value_loss           | 0.346       |
-----------------------------------------
---------------------------------
| rollout/           |          |
|    ep_len_mean     | 136      |
|    ep_rew_mean     | -41.1    |
|    success_rate    | 0.82     |
| time/              |          |
|    fps             | 618      |
|    iterations      | 242      |
|    time_elapsed    | 801      |
|    total_timesteps | 495616   |
---------------------------------
----------------------------------------
| rollout/                |            |
|    ep_len_mean          | 136        |
|    ep_rew_mean          | -41.1      |
|    success_rate         | 0.83       |
| time/                   |            |
|    fps                  | 619        |
|    iterations           | 243        |
|    time_elapsed         | 803        |
|    total_timesteps      | 497664     |
| train/                  |            |
|    approx_kl            | 0.01829335 |
|    clip_fraction        | 0.242      |
|    clip_range           | 0.2        |
|    entropy_loss         | -6.07      |
|    explained_variance   | 0.994      |
|    learning_rate        | 0.0003     |
|    loss                 | 0.11       |
|    n_updates            | 2420       |
|    policy_gradient_loss | -0.0125    |
|    std                  | 0.598      |
|    value_loss           | 0.327      |
----------------------------------------
-----------------------------------------
| rollout/                |             |
|    ep_len_mean          | 133         |
|    ep_rew_mean          | -39.6       |
|    success_rate         | 0.85        |
| time/                   |             |
|    fps                  | 620         |
|    iterations           | 244         |
|    time_elapsed         | 805         |
|    total_timesteps      | 499712      |
| train/                  |             |
|    approx_kl            | 0.018061617 |
|    clip_fraction        | 0.206       |
|    clip_range           | 0.2         |
|    entropy_loss         | -6.04       |
|    explained_variance   | 0.995       |
|    learning_rate        | 0.0003      |
|    loss                 | -0.0202     |
|    n_updates            | 2430        |
|    policy_gradient_loss | -0.0142     |
|    std                  | 0.597       |
|    value_loss           | 0.153       |
-----------------------------------------
Eval num_timesteps=500000, episode_reward=-44.78 +/- 17.77
Episode length: 154.67 +/- 43.87
Success rate: 53.33%
-----------------------------------------
| eval/                   |             |
|    mean_ep_length       | 155         |
|    mean_reward          | -44.8       |
|    success_rate         | 0.533       |
| time/                   |             |
|    total_timesteps      | 500000      |
| train/                  |             |
|    approx_kl            | 0.016937084 |
|    clip_fraction        | 0.219       |
|    clip_range           | 0.2         |
|    entropy_loss         | -6.05       |
|    explained_variance   | 0.998       |
|    learning_rate        | 0.0003      |
|    loss                 | -0.0339     |
|    n_updates            | 2440        |
|    policy_gradient_loss | -0.0158     |
|    std                  | 0.599       |
|    value_loss           | 0.0591      |
-----------------------------------------
---------------------------------
| rollout/           |          |
|    ep_len_mean     | 132      |
|    ep_rew_mean     | -38.4    |
|    success_rate    | 0.85     |
| time/              |          |
|    fps             | 620      |
|    iterations      | 245      |
|    time_elapsed    | 809      |
|    total_timesteps | 501760   |
---------------------------------
Training complete. Best model: models\runs\ppo_relvec_s0/best_model.zip
