Using cpu device
Run ppo_basic_s0: 500000 steps
---------------------------------
| rollout/           |          |
|    ep_len_mean     | 200      |
|    ep_rew_mean     | -190     |
|    success_rate    | 0        |
| time/              |          |
|    fps             | 1736     |
|    iterations      | 1        |
|    time_elapsed    | 1        |
|    total_timesteps | 2048     |
---------------------------------
------------------------------------------
| rollout/                |              |
|    ep_len_mean          | 200          |
|    ep_rew_mean          | -188         |
|    success_rate         | 0            |
| time/                   |              |
|    fps                  | 1461         |
|    iterations           | 2            |
|    time_elapsed         | 2            |
|    total_timesteps      | 4096         |
| train/                  |              |
|    approx_kl            | 0.0112344725 |
|    clip_fraction        | 0.104        |
|    clip_range           | 0.2          |
|    entropy_loss         | -9.92        |
|    explained_variance   | -0.0111      |
|    learning_rate        | 0.0003       |
|    loss                 | 13.5         |
|    n_updates            | 10           |
|    policy_gradient_loss | -0.0183      |
|    std                  | 0.996        |
|    value_loss           | 102          |
------------------------------------------
Eval num_timesteps=5000, episode_reward=-165.62 +/- 19.82
Episode length: 200.00 +/- 0.00
Success rate: 0.00%
-----------------------------------------
| eval/                   |             |
|    mean_ep_length       | 200         |
|    mean_reward          | -166        |
|    success_rate         | 0           |
| time/                   |             |
|    total_timesteps      | 5000        |
| train/                  |             |
|    approx_kl            | 0.009664739 |
|    clip_fraction        | 0.0732      |
|    clip_range           | 0.2         |
|    entropy_loss         | -9.89       |
|    explained_variance   | 0.0511      |
|    learning_rate        | 0.0003      |
|    loss                 | 15.4        |
|    n_updates            | 20          |
|    policy_gradient_loss | -0.0125     |
|    std                  | 0.991       |
|    value_loss           | 88.5        |
-----------------------------------------
New best mean reward!
---------------------------------
| rollout/           |          |
|    ep_len_mean     | 200      |
|    ep_rew_mean     | -178     |
|    success_rate    | 0        |
| time/              |          |
|    fps             | 847      |
|    iterations      | 3        |
|    time_elapsed    | 7        |
|    total_timesteps | 6144     |
---------------------------------
-----------------------------------------
| rollout/                |             |
|    ep_len_mean          | 200         |
|    ep_rew_mean          | -176        |
|    success_rate         | 0           |
| time/                   |             |
|    fps                  | 918         |
|    iterations           | 4           |
|    time_elapsed         | 8           |
|    total_timesteps      | 8192        |
| train/                  |             |
|    approx_kl            | 0.009349834 |
|    clip_fraction        | 0.075       |
|    clip_range           | 0.2         |
|    entropy_loss         | -9.86       |
|    explained_variance   | 0.0214      |
|    learning_rate        | 0.0003      |
|    loss                 | 7.58        |
|    n_updates            | 30          |
|    policy_gradient_loss | -0.0118     |
|    std                  | 0.99        |
|    value_loss           | 48          |
-----------------------------------------
Eval num_timesteps=10000, episode_reward=-145.13 +/- 20.90
Episode length: 200.00 +/- 0.00
Success rate: 0.00%
-----------------------------------------
| eval/                   |             |
|    mean_ep_length       | 200         |
|    mean_reward          | -145        |
|    success_rate         | 0           |
| time/                   |             |
|    total_timesteps      | 10000       |
| train/                  |             |
|    approx_kl            | 0.010367183 |
|    clip_fraction        | 0.0835      |
|    clip_range           | 0.2         |
|    entropy_loss         | -9.85       |
|    explained_variance   | -0.0035     |
|    learning_rate        | 0.0003      |
|    loss                 | 6.81        |
|    n_updates            | 40          |
|    policy_gradient_loss | -0.012      |
|    std                  | 0.985       |
|    value_loss           | 42.5        |
-----------------------------------------
New best mean reward!
---------------------------------
| rollout/           |          |
|    ep_len_mean     | 200      |
|    ep_rew_mean     | -175     |
|    success_rate    | 0        |
| time/              |          |
|    fps             | 758      |
|    iterations      | 5        |
|    time_elapsed    | 13       |
|    total_timesteps | 10240    |
---------------------------------
----------------------------------------
| rollout/                |            |
|    ep_len_mean          | 200        |
|    ep_rew_mean          | -174       |
|    success_rate         | 0          |
| time/                   |            |
|    fps                  | 808        |
|    iterations           | 6          |
|    time_elapsed         | 15         |
|    total_timesteps      | 12288      |
| train/                  |            |
|    approx_kl            | 0.01154155 |
|    clip_fraction        | 0.0951     |
|    clip_range           | 0.2        |
|    entropy_loss         | -9.81      |
|    explained_variance   | 0.00127    |
|    learning_rate        | 0.0003     |
|    loss                 | 5.31       |
|    n_updates            | 50         |
|    policy_gradient_loss | -0.0149    |
|    std                  | 0.979      |
|    value_loss           | 37.9       |
----------------------------------------
------------------------------------------
| rollout/                |              |
|    ep_len_mean          | 200          |
|    ep_rew_mean          | -172         |
|    success_rate         | 0            |
| time/                   |              |
|    fps                  | 847          |
|    iterations           | 7            |
|    time_elapsed         | 16           |
|    total_timesteps      | 14336        |
| train/                  |              |
|    approx_kl            | 0.0143394675 |
|    clip_fraction        | 0.107        |
|    clip_range           | 0.2          |
|    entropy_loss         | -9.79        |
|    explained_variance   | -0.000419    |
|    learning_rate        | 0.0003       |
|    loss                 | 3.81         |
|    n_updates            | 60           |
|    policy_gradient_loss | -0.0137      |
|    std                  | 0.982        |
|    value_loss           | 23           |
------------------------------------------
Eval num_timesteps=15000, episode_reward=-143.74 +/- 25.36
Episode length: 200.00 +/- 0.00
Success rate: 0.00%
-----------------------------------------
| eval/                   |             |
|    mean_ep_length       | 200         |
|    mean_reward          | -144        |
|    success_rate         | 0           |
| time/                   |             |
|    total_timesteps      | 15000       |
| train/                  |             |
|    approx_kl            | 0.012369482 |
|    clip_fraction        | 0.14        |
|    clip_range           | 0.2         |
|    entropy_loss         | -9.8        |
|    explained_variance   | -0.00178    |
|    learning_rate        | 0.0003      |
|    loss                 | 2.38        |
|    n_updates            | 70          |
|    policy_gradient_loss | -0.0072     |
|    std                  | 0.978       |
|    value_loss           | 12.8        |
-----------------------------------------
New best mean reward!
---------------------------------
| rollout/           |          |
|    ep_len_mean     | 200      |
|    ep_rew_mean     | -169     |
|    success_rate    | 0        |
| time/              |          |
|    fps             | 765      |
|    iterations      | 8        |
|    time_elapsed    | 21       |
|    total_timesteps | 16384    |
---------------------------------
-----------------------------------------
| rollout/                |             |
|    ep_len_mean          | 200         |
|    ep_rew_mean          | -168        |
|    success_rate         | 0           |
| time/                   |             |
|    fps                  | 797         |
|    iterations           | 9           |
|    time_elapsed         | 23          |
|    total_timesteps      | 18432       |
| train/                  |             |
|    approx_kl            | 0.013352798 |
|    clip_fraction        | 0.115       |
|    clip_range           | 0.2         |
|    entropy_loss         | -9.78       |
|    explained_variance   | -0.000184   |
|    learning_rate        | 0.0003      |
|    loss                 | 3.31        |
|    n_updates            | 80          |
|    policy_gradient_loss | -0.0126     |
|    std                  | 0.982       |
|    value_loss           | 13.6        |
-----------------------------------------
Eval num_timesteps=20000, episode_reward=-131.99 +/- 23.76
Episode length: 200.00 +/- 0.00
Success rate: 0.00%
-----------------------------------------
| eval/                   |             |
|    mean_ep_length       | 200         |
|    mean_reward          | -132        |
|    success_rate         | 0           |
| time/                   |             |
|    total_timesteps      | 20000       |
| train/                  |             |
|    approx_kl            | 0.010372334 |
|    clip_fraction        | 0.0694      |
|    clip_range           | 0.2         |
|    entropy_loss         | -9.79       |
|    explained_variance   | 0.381       |
|    learning_rate        | 0.0003      |
|    loss                 | 1.09        |
|    n_updates            | 90          |
|    policy_gradient_loss | -0.011      |
|    std                  | 0.976       |
|    value_loss           | 7.7         |
-----------------------------------------
New best mean reward!
---------------------------------
| rollout/           |          |
|    ep_len_mean     | 200      |
|    ep_rew_mean     | -164     |
|    success_rate    | 0        |
| time/              |          |
|    fps             | 737      |
|    iterations      | 10       |
|    time_elapsed    | 27       |
|    total_timesteps | 20480    |
---------------------------------
-----------------------------------------
| rollout/                |             |
|    ep_len_mean          | 200         |
|    ep_rew_mean          | -159        |
|    success_rate         | 0           |
| time/                   |             |
|    fps                  | 764         |
|    iterations           | 11          |
|    time_elapsed         | 29          |
|    total_timesteps      | 22528       |
| train/                  |             |
|    approx_kl            | 0.010433685 |
|    clip_fraction        | 0.129       |
|    clip_range           | 0.2         |
|    entropy_loss         | -9.77       |
|    explained_variance   | 0.811       |
|    learning_rate        | 0.0003      |
|    loss                 | 0.565       |
|    n_updates            | 100         |
|    policy_gradient_loss | -0.0146     |
|    std                  | 0.978       |
|    value_loss           | 2.69        |
-----------------------------------------
-----------------------------------------
| rollout/                |             |
|    ep_len_mean          | 200         |
|    ep_rew_mean          | -154        |
|    success_rate         | 0           |
| time/                   |             |
|    fps                  | 788         |
|    iterations           | 12          |
|    time_elapsed         | 31          |
|    total_timesteps      | 24576       |
| train/                  |             |
|    approx_kl            | 0.013799566 |
|    clip_fraction        | 0.141       |
|    clip_range           | 0.2         |
|    entropy_loss         | -9.75       |
|    explained_variance   | 0.923       |
|    learning_rate        | 0.0003      |
|    loss                 | 0.695       |
|    n_updates            | 110         |
|    policy_gradient_loss | -0.0177     |
|    std                  | 0.971       |
|    value_loss           | 3.13        |
-----------------------------------------
Eval num_timesteps=25000, episode_reward=-128.53 +/- 14.46
Episode length: 200.00 +/- 0.00
Success rate: 0.00%
-----------------------------------------
| eval/                   |             |
|    mean_ep_length       | 200         |
|    mean_reward          | -129        |
|    success_rate         | 0           |
| time/                   |             |
|    total_timesteps      | 25000       |
| train/                  |             |
|    approx_kl            | 0.013856409 |
|    clip_fraction        | 0.165       |
|    clip_range           | 0.2         |
|    entropy_loss         | -9.73       |
|    explained_variance   | 0.973       |
|    learning_rate        | 0.0003      |
|    loss                 | 0.652       |
|    n_updates            | 120         |
|    policy_gradient_loss | -0.022      |
|    std                  | 0.971       |
|    value_loss           | 2.56        |
-----------------------------------------
New best mean reward!
---------------------------------
| rollout/           |          |
|    ep_len_mean     | 200      |
|    ep_rew_mean     | -151     |
|    success_rate    | 0        |
| time/              |          |
|    fps             | 738      |
|    iterations      | 13       |
|    time_elapsed    | 36       |
|    total_timesteps | 26624    |
---------------------------------
------------------------------------------
| rollout/                |              |
|    ep_len_mean          | 200          |
|    ep_rew_mean          | -146         |
|    success_rate         | 0            |
| time/                   |              |
|    fps                  | 759          |
|    iterations           | 14           |
|    time_elapsed         | 37           |
|    total_timesteps      | 28672        |
| train/                  |              |
|    approx_kl            | 0.0135308085 |
|    clip_fraction        | 0.181        |
|    clip_range           | 0.2          |
|    entropy_loss         | -9.72        |
|    explained_variance   | 0.974        |
|    learning_rate        | 0.0003       |
|    loss                 | 1.19         |
|    n_updates            | 130          |
|    policy_gradient_loss | -0.0242      |
|    std                  | 0.971        |
|    value_loss           | 3.66         |
------------------------------------------
Eval num_timesteps=30000, episode_reward=-124.67 +/- 12.05
Episode length: 200.00 +/- 0.00
Success rate: 0.00%
----------------------------------------
| eval/                   |            |
|    mean_ep_length       | 200        |
|    mean_reward          | -125       |
|    success_rate         | 0          |
| time/                   |            |
|    total_timesteps      | 30000      |
| train/                  |            |
|    approx_kl            | 0.01219239 |
|    clip_fraction        | 0.139      |
|    clip_range           | 0.2        |
|    entropy_loss         | -9.73      |
|    explained_variance   | 0.978      |
|    learning_rate        | 0.0003     |
|    loss                 | 0.974      |
|    n_updates            | 140        |
|    policy_gradient_loss | -0.0174    |
|    std                  | 0.971      |
|    value_loss           | 2.97       |
----------------------------------------
New best mean reward!
---------------------------------
| rollout/           |          |
|    ep_len_mean     | 200      |
|    ep_rew_mean     | -141     |
|    success_rate    | 0        |
| time/              |          |
|    fps             | 717      |
|    iterations      | 15       |
|    time_elapsed    | 42       |
|    total_timesteps | 30720    |
---------------------------------
-----------------------------------------
| rollout/                |             |
|    ep_len_mean          | 200         |
|    ep_rew_mean          | -137        |
|    success_rate         | 0           |
| time/                   |             |
|    fps                  | 735         |
|    iterations           | 16          |
|    time_elapsed         | 44          |
|    total_timesteps      | 32768       |
| train/                  |             |
|    approx_kl            | 0.012079003 |
|    clip_fraction        | 0.126       |
|    clip_range           | 0.2         |
|    entropy_loss         | -9.7        |
|    explained_variance   | 0.969       |
|    learning_rate        | 0.0003      |
|    loss                 | 1.05        |
|    n_updates            | 150         |
|    policy_gradient_loss | -0.0175     |
|    std                  | 0.966       |
|    value_loss           | 3.14        |
-----------------------------------------
-----------------------------------------
| rollout/                |             |
|    ep_len_mean          | 200         |
|    ep_rew_mean          | -132        |
|    success_rate         | 0           |
| time/                   |             |
|    fps                  | 752         |
|    iterations           | 17          |
|    time_elapsed         | 46          |
|    total_timesteps      | 34816       |
| train/                  |             |
|    approx_kl            | 0.015729029 |
|    clip_fraction        | 0.137       |
|    clip_range           | 0.2         |
|    entropy_loss         | -9.69       |
|    explained_variance   | 0.966       |
|    learning_rate        | 0.0003      |
|    loss                 | 1.02        |
|    n_updates            | 160         |
|    policy_gradient_loss | -0.0162     |
|    std                  | 0.966       |
|    value_loss           | 2.72        |
-----------------------------------------
Eval num_timesteps=35000, episode_reward=-134.97 +/- 18.53
Episode length: 200.00 +/- 0.00
Success rate: 0.00%
-----------------------------------------
| eval/                   |             |
|    mean_ep_length       | 200         |
|    mean_reward          | -135        |
|    success_rate         | 0           |
| time/                   |             |
|    total_timesteps      | 35000       |
| train/                  |             |
|    approx_kl            | 0.013033766 |
|    clip_fraction        | 0.133       |
|    clip_range           | 0.2         |
|    entropy_loss         | -9.65       |
|    explained_variance   | 0.967       |
|    learning_rate        | 0.0003      |
|    loss                 | 0.962       |
|    n_updates            | 170         |
|    policy_gradient_loss | -0.0157     |
|    std                  | 0.957       |
|    value_loss           | 2.47        |
-----------------------------------------
---------------------------------
| rollout/           |          |
|    ep_len_mean     | 200      |
|    ep_rew_mean     | -130     |
|    success_rate    | 0        |
| time/              |          |
|    fps             | 717      |
|    iterations      | 18       |
|    time_elapsed    | 51       |
|    total_timesteps | 36864    |
---------------------------------
-----------------------------------------
| rollout/                |             |
|    ep_len_mean          | 200         |
|    ep_rew_mean          | -128        |
|    success_rate         | 0           |
| time/                   |             |
|    fps                  | 732         |
|    iterations           | 19          |
|    time_elapsed         | 53          |
|    total_timesteps      | 38912       |
| train/                  |             |
|    approx_kl            | 0.012196137 |
|    clip_fraction        | 0.117       |
|    clip_range           | 0.2         |
|    entropy_loss         | -9.6        |
|    explained_variance   | 0.965       |
|    learning_rate        | 0.0003      |
|    loss                 | 0.798       |
|    n_updates            | 180         |
|    policy_gradient_loss | -0.0148     |
|    std                  | 0.952       |
|    value_loss           | 2.85        |
-----------------------------------------
Eval num_timesteps=40000, episode_reward=-129.05 +/- 19.73
Episode length: 200.00 +/- 0.00
Success rate: 0.00%
----------------------------------------
| eval/                   |            |
|    mean_ep_length       | 200        |
|    mean_reward          | -129       |
|    success_rate         | 0          |
| time/                   |            |
|    total_timesteps      | 40000      |
| train/                  |            |
|    approx_kl            | 0.01337355 |
|    clip_fraction        | 0.145      |
|    clip_range           | 0.2        |
|    entropy_loss         | -9.56      |
|    explained_variance   | 0.977      |
|    learning_rate        | 0.0003     |
|    loss                 | 0.805      |
|    n_updates            | 190        |
|    policy_gradient_loss | -0.0166    |
|    std                  | 0.946      |
|    value_loss           | 3.11       |
----------------------------------------
---------------------------------
| rollout/           |          |
|    ep_len_mean     | 200      |
|    ep_rew_mean     | -126     |
|    success_rate    | 0        |
| time/              |          |
|    fps             | 706      |
|    iterations      | 20       |
|    time_elapsed    | 57       |
|    total_timesteps | 40960    |
---------------------------------
----------------------------------------
| rollout/                |            |
|    ep_len_mean          | 200        |
|    ep_rew_mean          | -125       |
|    success_rate         | 0          |
| time/                   |            |
|    fps                  | 719        |
|    iterations           | 21         |
|    time_elapsed         | 59         |
|    total_timesteps      | 43008      |
| train/                  |            |
|    approx_kl            | 0.01455191 |
|    clip_fraction        | 0.184      |
|    clip_range           | 0.2        |
|    entropy_loss         | -9.51      |
|    explained_variance   | 0.986      |
|    learning_rate        | 0.0003     |
|    loss                 | 1.38       |
|    n_updates            | 200        |
|    policy_gradient_loss | -0.0248    |
|    std                  | 0.941      |
|    value_loss           | 2.57       |
----------------------------------------
Eval num_timesteps=45000, episode_reward=-133.96 +/- 18.22
Episode length: 200.00 +/- 0.00
Success rate: 0.00%
-----------------------------------------
| eval/                   |             |
|    mean_ep_length       | 200         |
|    mean_reward          | -134        |
|    success_rate         | 0           |
| time/                   |             |
|    total_timesteps      | 45000       |
| train/                  |             |
|    approx_kl            | 0.012209449 |
|    clip_fraction        | 0.153       |
|    clip_range           | 0.2         |
|    entropy_loss         | -9.46       |
|    explained_variance   | 0.987       |
|    learning_rate        | 0.0003      |
|    loss                 | 0.937       |
|    n_updates            | 210         |
|    policy_gradient_loss | -0.0181     |
|    std                  | 0.932       |
|    value_loss           | 2.72        |
-----------------------------------------
---------------------------------
| rollout/           |          |
|    ep_len_mean     | 200      |
|    ep_rew_mean     | -126     |
|    success_rate    | 0        |
| time/              |          |
|    fps             | 697      |
|    iterations      | 22       |
|    time_elapsed    | 64       |
|    total_timesteps | 45056    |
---------------------------------
-----------------------------------------
| rollout/                |             |
|    ep_len_mean          | 200         |
|    ep_rew_mean          | -123        |
|    success_rate         | 0           |
| time/                   |             |
|    fps                  | 709         |
|    iterations           | 23          |
|    time_elapsed         | 66          |
|    total_timesteps      | 47104       |
| train/                  |             |
|    approx_kl            | 0.010682884 |
|    clip_fraction        | 0.119       |
|    clip_range           | 0.2         |
|    entropy_loss         | -9.42       |
|    explained_variance   | 0.977       |
|    learning_rate        | 0.0003      |
|    loss                 | 0.857       |
|    n_updates            | 220         |
|    policy_gradient_loss | -0.014      |
|    std                  | 0.93        |
|    value_loss           | 3.18        |
-----------------------------------------
-----------------------------------------
| rollout/                |             |
|    ep_len_mean          | 200         |
|    ep_rew_mean          | -123        |
|    success_rate         | 0           |
| time/                   |             |
|    fps                  | 720         |
|    iterations           | 24          |
|    time_elapsed         | 68          |
|    total_timesteps      | 49152       |
| train/                  |             |
|    approx_kl            | 0.014328231 |
|    clip_fraction        | 0.172       |
|    clip_range           | 0.2         |
|    entropy_loss         | -9.39       |
|    explained_variance   | 0.988       |
|    learning_rate        | 0.0003      |
|    loss                 | 0.618       |
|    n_updates            | 230         |
|    policy_gradient_loss | -0.0188     |
|    std                  | 0.923       |
|    value_loss           | 1.99        |
-----------------------------------------
Eval num_timesteps=50000, episode_reward=-125.97 +/- 16.08
Episode length: 200.00 +/- 0.00
Success rate: 0.00%
---------------------------------------
| eval/                   |           |
|    mean_ep_length       | 200       |
|    mean_reward          | -126      |
|    success_rate         | 0         |
| time/                   |           |
|    total_timesteps      | 50000     |
| train/                  |           |
|    approx_kl            | 0.0124426 |
|    clip_fraction        | 0.164     |
|    clip_range           | 0.2       |
|    entropy_loss         | -9.32     |
|    explained_variance   | 0.988     |
|    learning_rate        | 0.0003    |
|    loss                 | 0.613     |
|    n_updates            | 240       |
|    policy_gradient_loss | -0.0176   |
|    std                  | 0.915     |
|    value_loss           | 1.89      |
---------------------------------------
---------------------------------
| rollout/           |          |
|    ep_len_mean     | 200      |
|    ep_rew_mean     | -122     |
|    success_rate    | 0        |
| time/              |          |
|    fps             | 699      |
|    iterations      | 25       |
|    time_elapsed    | 73       |
|    total_timesteps | 51200    |
---------------------------------
-----------------------------------------
| rollout/                |             |
|    ep_len_mean          | 200         |
|    ep_rew_mean          | -124        |
|    success_rate         | 0           |
| time/                   |             |
|    fps                  | 710         |
|    iterations           | 26          |
|    time_elapsed         | 74          |
|    total_timesteps      | 53248       |
| train/                  |             |
|    approx_kl            | 0.011001127 |
|    clip_fraction        | 0.155       |
|    clip_range           | 0.2         |
|    entropy_loss         | -9.27       |
|    explained_variance   | 0.991       |
|    learning_rate        | 0.0003      |
|    loss                 | 0.451       |
|    n_updates            | 250         |
|    policy_gradient_loss | -0.0141     |
|    std                  | 0.909       |
|    value_loss           | 1.91        |
-----------------------------------------
Eval num_timesteps=55000, episode_reward=-127.77 +/- 17.68
Episode length: 200.00 +/- 0.00
Success rate: 0.00%
-----------------------------------------
| eval/                   |             |
|    mean_ep_length       | 200         |
|    mean_reward          | -128        |
|    success_rate         | 0           |
| time/                   |             |
|    total_timesteps      | 55000       |
| train/                  |             |
|    approx_kl            | 0.016274258 |
|    clip_fraction        | 0.183       |
|    clip_range           | 0.2         |
|    entropy_loss         | -9.23       |
|    explained_variance   | 0.992       |
|    learning_rate        | 0.0003      |
|    loss                 | 0.699       |
|    n_updates            | 260         |
|    policy_gradient_loss | -0.0175     |
|    std                  | 0.903       |
|    value_loss           | 2.21        |
-----------------------------------------
---------------------------------
| rollout/           |          |
|    ep_len_mean     | 200      |
|    ep_rew_mean     | -124     |
|    success_rate    | 0        |
| time/              |          |
|    fps             | 693      |
|    iterations      | 27       |
|    time_elapsed    | 79       |
|    total_timesteps | 55296    |
---------------------------------
-----------------------------------------
| rollout/                |             |
|    ep_len_mean          | 200         |
|    ep_rew_mean          | -124        |
|    success_rate         | 0           |
| time/                   |             |
|    fps                  | 703         |
|    iterations           | 28          |
|    time_elapsed         | 81          |
|    total_timesteps      | 57344       |
| train/                  |             |
|    approx_kl            | 0.013063744 |
|    clip_fraction        | 0.146       |
|    clip_range           | 0.2         |
|    entropy_loss         | -9.19       |
|    explained_variance   | 0.988       |
|    learning_rate        | 0.0003      |
|    loss                 | 0.766       |
|    n_updates            | 270         |
|    policy_gradient_loss | -0.0126     |
|    std                  | 0.899       |
|    value_loss           | 2.07        |
-----------------------------------------
-----------------------------------------
| rollout/                |             |
|    ep_len_mean          | 200         |
|    ep_rew_mean          | -122        |
|    success_rate         | 0           |
| time/                   |             |
|    fps                  | 713         |
|    iterations           | 29          |
|    time_elapsed         | 83          |
|    total_timesteps      | 59392       |
| train/                  |             |
|    approx_kl            | 0.012861268 |
|    clip_fraction        | 0.127       |
|    clip_range           | 0.2         |
|    entropy_loss         | -9.13       |
|    explained_variance   | 0.984       |
|    learning_rate        | 0.0003      |
|    loss                 | 0.495       |
|    n_updates            | 280         |
|    policy_gradient_loss | -0.0142     |
|    std                  | 0.891       |
|    value_loss           | 2.53        |
-----------------------------------------
Eval num_timesteps=60000, episode_reward=-123.74 +/- 20.52
Episode length: 200.00 +/- 0.00
Success rate: 0.00%
-----------------------------------------
| eval/                   |             |
|    mean_ep_length       | 200         |
|    mean_reward          | -124        |
|    success_rate         | 0           |
| time/                   |             |
|    total_timesteps      | 60000       |
| train/                  |             |
|    approx_kl            | 0.013617142 |
|    clip_fraction        | 0.175       |
|    clip_range           | 0.2         |
|    entropy_loss         | -9.09       |
|    explained_variance   | 0.989       |
|    learning_rate        | 0.0003      |
|    loss                 | 0.4         |
|    n_updates            | 290         |
|    policy_gradient_loss | -0.0154     |
|    std                  | 0.889       |
|    value_loss           | 1.27        |
-----------------------------------------
New best mean reward!
---------------------------------
| rollout/           |          |
|    ep_len_mean     | 200      |
|    ep_rew_mean     | -121     |
|    success_rate    | 0        |
| time/              |          |
|    fps             | 698      |
|    iterations      | 30       |
|    time_elapsed    | 87       |
|    total_timesteps | 61440    |
---------------------------------
------------------------------------------
| rollout/                |              |
|    ep_len_mean          | 200          |
|    ep_rew_mean          | -121         |
|    success_rate         | 0            |
| time/                   |              |
|    fps                  | 708          |
|    iterations           | 31           |
|    time_elapsed         | 89           |
|    total_timesteps      | 63488        |
| train/                  |              |
|    approx_kl            | 0.0114494525 |
|    clip_fraction        | 0.118        |
|    clip_range           | 0.2          |
|    entropy_loss         | -9.08        |
|    explained_variance   | 0.991        |
|    learning_rate        | 0.0003       |
|    loss                 | 0.36         |
|    n_updates            | 300          |
|    policy_gradient_loss | -0.0107      |
|    std                  | 0.887        |
|    value_loss           | 1.49         |
------------------------------------------
Eval num_timesteps=65000, episode_reward=-124.74 +/- 22.49
Episode length: 200.00 +/- 0.00
Success rate: 0.00%
-----------------------------------------
| eval/                   |             |
|    mean_ep_length       | 200         |
|    mean_reward          | -125        |
|    success_rate         | 0           |
| time/                   |             |
|    total_timesteps      | 65000       |
| train/                  |             |
|    approx_kl            | 0.014628707 |
|    clip_fraction        | 0.128       |
|    clip_range           | 0.2         |
|    entropy_loss         | -9.05       |
|    explained_variance   | 0.991       |
|    learning_rate        | 0.0003      |
|    loss                 | 0.305       |
|    n_updates            | 310         |
|    policy_gradient_loss | -0.0118     |
|    std                  | 0.882       |
|    value_loss           | 2.01        |
-----------------------------------------
---------------------------------
| rollout/           |          |
|    ep_len_mean     | 200      |
|    ep_rew_mean     | -118     |
|    success_rate    | 0        |
| time/              |          |
|    fps             | 695      |
|    iterations      | 32       |
|    time_elapsed    | 94       |
|    total_timesteps | 65536    |
---------------------------------
-----------------------------------------
| rollout/                |             |
|    ep_len_mean          | 200         |
|    ep_rew_mean          | -118        |
|    success_rate         | 0           |
| time/                   |             |
|    fps                  | 704         |
|    iterations           | 33          |
|    time_elapsed         | 95          |
|    total_timesteps      | 67584       |
| train/                  |             |
|    approx_kl            | 0.007933562 |
|    clip_fraction        | 0.15        |
|    clip_range           | 0.2         |
|    entropy_loss         | -9.03       |
|    explained_variance   | 0.993       |
|    learning_rate        | 0.0003      |
|    loss                 | 0.351       |
|    n_updates            | 320         |
|    policy_gradient_loss | -0.0122     |
|    std                  | 0.881       |
|    value_loss           | 1.22        |
-----------------------------------------
-----------------------------------------
| rollout/                |             |
|    ep_len_mean          | 200         |
|    ep_rew_mean          | -117        |
|    success_rate         | 0           |
| time/                   |             |
|    fps                  | 713         |
|    iterations           | 34          |
|    time_elapsed         | 97          |
|    total_timesteps      | 69632       |
| train/                  |             |
|    approx_kl            | 0.013058353 |
|    clip_fraction        | 0.193       |
|    clip_range           | 0.2         |
|    entropy_loss         | -9.01       |
|    explained_variance   | 0.995       |
|    learning_rate        | 0.0003      |
|    loss                 | 0.452       |
|    n_updates            | 330         |
|    policy_gradient_loss | -0.0177     |
|    std                  | 0.878       |
|    value_loss           | 1.37        |
-----------------------------------------
Eval num_timesteps=70000, episode_reward=-114.97 +/- 18.87
Episode length: 200.00 +/- 0.00
Success rate: 0.00%
-----------------------------------------
| eval/                   |             |
|    mean_ep_length       | 200         |
|    mean_reward          | -115        |
|    success_rate         | 0           |
| time/                   |             |
|    total_timesteps      | 70000       |
| train/                  |             |
|    approx_kl            | 0.013413398 |
|    clip_fraction        | 0.17        |
|    clip_range           | 0.2         |
|    entropy_loss         | -8.99       |
|    explained_variance   | 0.994       |
|    learning_rate        | 0.0003      |
|    loss                 | 0.35        |
|    n_updates            | 340         |
|    policy_gradient_loss | -0.0161     |
|    std                  | 0.875       |
|    value_loss           | 1.02        |
-----------------------------------------
New best mean reward!
---------------------------------
| rollout/           |          |
|    ep_len_mean     | 200      |
|    ep_rew_mean     | -114     |
|    success_rate    | 0        |
| time/              |          |
|    fps             | 700      |
|    iterations      | 35       |
|    time_elapsed    | 102      |
|    total_timesteps | 71680    |
---------------------------------
-----------------------------------------
| rollout/                |             |
|    ep_len_mean          | 200         |
|    ep_rew_mean          | -111        |
|    success_rate         | 0           |
| time/                   |             |
|    fps                  | 708         |
|    iterations           | 36          |
|    time_elapsed         | 104         |
|    total_timesteps      | 73728       |
| train/                  |             |
|    approx_kl            | 0.012405775 |
|    clip_fraction        | 0.169       |
|    clip_range           | 0.2         |
|    entropy_loss         | -8.95       |
|    explained_variance   | 0.993       |
|    learning_rate        | 0.0003      |
|    loss                 | 0.488       |
|    n_updates            | 350         |
|    policy_gradient_loss | -0.0136     |
|    std                  | 0.867       |
|    value_loss           | 0.905       |
-----------------------------------------
Eval num_timesteps=75000, episode_reward=-113.70 +/- 17.44
Episode length: 200.00 +/- 0.00
Success rate: 0.00%
------------------------------------------
| eval/                   |              |
|    mean_ep_length       | 200          |
|    mean_reward          | -114         |
|    success_rate         | 0            |
| time/                   |              |
|    total_timesteps      | 75000        |
| train/                  |              |
|    approx_kl            | 0.0148131475 |
|    clip_fraction        | 0.184        |
|    clip_range           | 0.2          |
|    entropy_loss         | -8.89        |
|    explained_variance   | 0.995        |
|    learning_rate        | 0.0003       |
|    loss                 | 0.385        |
|    n_updates            | 360          |
|    policy_gradient_loss | -0.0125      |
|    std                  | 0.86         |
|    value_loss           | 0.91         |
------------------------------------------
New best mean reward!
---------------------------------
| rollout/           |          |
|    ep_len_mean     | 200      |
|    ep_rew_mean     | -108     |
|    success_rate    | 0        |
| time/              |          |
|    fps             | 694      |
|    iterations      | 37       |
|    time_elapsed    | 109      |
|    total_timesteps | 75776    |
---------------------------------
-----------------------------------------
| rollout/                |             |
|    ep_len_mean          | 200         |
|    ep_rew_mean          | -106        |
|    success_rate         | 0           |
| time/                   |             |
|    fps                  | 701         |
|    iterations           | 38          |
|    time_elapsed         | 110         |
|    total_timesteps      | 77824       |
| train/                  |             |
|    approx_kl            | 0.011810388 |
|    clip_fraction        | 0.148       |
|    clip_range           | 0.2         |
|    entropy_loss         | -8.84       |
|    explained_variance   | 0.993       |
|    learning_rate        | 0.0003      |
|    loss                 | 0.425       |
|    n_updates            | 370         |
|    policy_gradient_loss | -0.0097     |
|    std                  | 0.858       |
|    value_loss           | 1.11        |
-----------------------------------------
-----------------------------------------
| rollout/                |             |
|    ep_len_mean          | 200         |
|    ep_rew_mean          | -104        |
|    success_rate         | 0.01        |
| time/                   |             |
|    fps                  | 708         |
|    iterations           | 39          |
|    time_elapsed         | 112         |
|    total_timesteps      | 79872       |
| train/                  |             |
|    approx_kl            | 0.017448183 |
|    clip_fraction        | 0.146       |
|    clip_range           | 0.2         |
|    entropy_loss         | -8.81       |
|    explained_variance   | 0.991       |
|    learning_rate        | 0.0003      |
|    loss                 | 0.291       |
|    n_updates            | 380         |
|    policy_gradient_loss | -0.0102     |
|    std                  | 0.851       |
|    value_loss           | 0.945       |
-----------------------------------------
Eval num_timesteps=80000, episode_reward=-105.67 +/- 19.31
Episode length: 196.50 +/- 18.85
Success rate: 3.33%
-----------------------------------------
| eval/                   |             |
|    mean_ep_length       | 196         |
|    mean_reward          | -106        |
|    success_rate         | 0.0333      |
| time/                   |             |
|    total_timesteps      | 80000       |
| train/                  |             |
|    approx_kl            | 0.011172169 |
|    clip_fraction        | 0.132       |
|    clip_range           | 0.2         |
|    entropy_loss         | -8.77       |
|    explained_variance   | 0.989       |
|    learning_rate        | 0.0003      |
|    loss                 | 0.295       |
|    n_updates            | 390         |
|    policy_gradient_loss | -0.0117     |
|    std                  | 0.847       |
|    value_loss           | 1.23        |
-----------------------------------------
New best mean reward!
---------------------------------
| rollout/           |          |
|    ep_len_mean     | 200      |
|    ep_rew_mean     | -101     |
|    success_rate    | 0.01     |
| time/              |          |
|    fps             | 696      |
|    iterations      | 40       |
|    time_elapsed    | 117      |
|    total_timesteps | 81920    |
---------------------------------
-----------------------------------------
| rollout/                |             |
|    ep_len_mean          | 200         |
|    ep_rew_mean          | -99.9       |
|    success_rate         | 0.01        |
| time/                   |             |
|    fps                  | 702         |
|    iterations           | 41          |
|    time_elapsed         | 119         |
|    total_timesteps      | 83968       |
| train/                  |             |
|    approx_kl            | 0.012493967 |
|    clip_fraction        | 0.164       |
|    clip_range           | 0.2         |
|    entropy_loss         | -8.74       |
|    explained_variance   | 0.995       |
|    learning_rate        | 0.0003      |
|    loss                 | 0.258       |
|    n_updates            | 400         |
|    policy_gradient_loss | -0.0147     |
|    std                  | 0.846       |
|    value_loss           | 0.586       |
-----------------------------------------
Eval num_timesteps=85000, episode_reward=-106.04 +/- 26.42
Episode length: 191.67 +/- 31.20
Success rate: 6.67%
-----------------------------------------
| eval/                   |             |
|    mean_ep_length       | 192         |
|    mean_reward          | -106        |
|    success_rate         | 0.0667      |
| time/                   |             |
|    total_timesteps      | 85000       |
| train/                  |             |
|    approx_kl            | 0.012917602 |
|    clip_fraction        | 0.172       |
|    clip_range           | 0.2         |
|    entropy_loss         | -8.72       |
|    explained_variance   | 0.996       |
|    learning_rate        | 0.0003      |
|    loss                 | 0.133       |
|    n_updates            | 410         |
|    policy_gradient_loss | -0.0111     |
|    std                  | 0.841       |
|    value_loss           | 0.634       |
-----------------------------------------
---------------------------------
| rollout/           |          |
|    ep_len_mean     | 200      |
|    ep_rew_mean     | -98.5    |
|    success_rate    | 0.01     |
| time/              |          |
|    fps             | 690      |
|    iterations      | 42       |
|    time_elapsed    | 124      |
|    total_timesteps | 86016    |
---------------------------------
-----------------------------------------
| rollout/                |             |
|    ep_len_mean          | 200         |
|    ep_rew_mean          | -96.5       |
|    success_rate         | 0.01        |
| time/                   |             |
|    fps                  | 696         |
|    iterations           | 43          |
|    time_elapsed         | 126         |
|    total_timesteps      | 88064       |
| train/                  |             |
|    approx_kl            | 0.010774115 |
|    clip_fraction        | 0.133       |
|    clip_range           | 0.2         |
|    entropy_loss         | -8.66       |
|    explained_variance   | 0.995       |
|    learning_rate        | 0.0003      |
|    loss                 | 0.186       |
|    n_updates            | 420         |
|    policy_gradient_loss | -0.0105     |
|    std                  | 0.833       |
|    value_loss           | 0.71        |
-----------------------------------------
Eval num_timesteps=90000, episode_reward=-96.30 +/- 22.54
Episode length: 192.10 +/- 29.56
Success rate: 6.67%
-----------------------------------------
| eval/                   |             |
|    mean_ep_length       | 192         |
|    mean_reward          | -96.3       |
|    success_rate         | 0.0667      |
| time/                   |             |
|    total_timesteps      | 90000       |
| train/                  |             |
|    approx_kl            | 0.012806083 |
|    clip_fraction        | 0.141       |
|    clip_range           | 0.2         |
|    entropy_loss         | -8.6        |
|    explained_variance   | 0.994       |
|    learning_rate        | 0.0003      |
|    loss                 | 0.141       |
|    n_updates            | 430         |
|    policy_gradient_loss | -0.0101     |
|    std                  | 0.824       |
|    value_loss           | 0.739       |
-----------------------------------------
New best mean reward!
---------------------------------
| rollout/           |          |
|    ep_len_mean     | 199      |
|    ep_rew_mean     | -94.6    |
|    success_rate    | 0.02     |
| time/              |          |
|    fps             | 685      |
|    iterations      | 44       |
|    time_elapsed    | 131      |
|    total_timesteps | 90112    |
---------------------------------
-----------------------------------------
| rollout/                |             |
|    ep_len_mean          | 199         |
|    ep_rew_mean          | -93.2       |
|    success_rate         | 0.02        |
| time/                   |             |
|    fps                  | 691         |
|    iterations           | 45          |
|    time_elapsed         | 133         |
|    total_timesteps      | 92160       |
| train/                  |             |
|    approx_kl            | 0.012857446 |
|    clip_fraction        | 0.165       |
|    clip_range           | 0.2         |
|    entropy_loss         | -8.55       |
|    explained_variance   | 0.993       |
|    learning_rate        | 0.0003      |
|    loss                 | 0.158       |
|    n_updates            | 440         |
|    policy_gradient_loss | -0.00883    |
|    std                  | 0.824       |
|    value_loss           | 0.578       |
-----------------------------------------
-----------------------------------------
| rollout/                |             |
|    ep_len_mean          | 199         |
|    ep_rew_mean          | -91.5       |
|    success_rate         | 0.02        |
| time/                   |             |
|    fps                  | 697         |
|    iterations           | 46          |
|    time_elapsed         | 135         |
|    total_timesteps      | 94208       |
| train/                  |             |
|    approx_kl            | 0.010585501 |
|    clip_fraction        | 0.167       |
|    clip_range           | 0.2         |
|    entropy_loss         | -8.57       |
|    explained_variance   | 0.993       |
|    learning_rate        | 0.0003      |
|    loss                 | 0.2         |
|    n_updates            | 450         |
|    policy_gradient_loss | -0.0106     |
|    std                  | 0.827       |
|    value_loss           | 0.762       |
-----------------------------------------
Eval num_timesteps=95000, episode_reward=-91.98 +/- 14.25
Episode length: 195.90 +/- 22.08
Success rate: 3.33%
-----------------------------------------
| eval/                   |             |
|    mean_ep_length       | 196         |
|    mean_reward          | -92         |
|    success_rate         | 0.0333      |
| time/                   |             |
|    total_timesteps      | 95000       |
| train/                  |             |
|    approx_kl            | 0.009112931 |
|    clip_fraction        | 0.103       |
|    clip_range           | 0.2         |
|    entropy_loss         | -8.6        |
|    explained_variance   | 0.989       |
|    learning_rate        | 0.0003      |
|    loss                 | 0.224       |
|    n_updates            | 460         |
|    policy_gradient_loss | -0.00904    |
|    std                  | 0.83        |
|    value_loss           | 0.711       |
-----------------------------------------
New best mean reward!
---------------------------------
| rollout/           |          |
|    ep_len_mean     | 197      |
|    ep_rew_mean     | -89.5    |
|    success_rate    | 0.04     |
| time/              |          |
|    fps             | 688      |
|    iterations      | 47       |
|    time_elapsed    | 139      |
|    total_timesteps | 96256    |
---------------------------------
-----------------------------------------
| rollout/                |             |
|    ep_len_mean          | 196         |
|    ep_rew_mean          | -87.5       |
|    success_rate         | 0.06        |
| time/                   |             |
|    fps                  | 694         |
|    iterations           | 48          |
|    time_elapsed         | 141         |
|    total_timesteps      | 98304       |
| train/                  |             |
|    approx_kl            | 0.009200344 |
|    clip_fraction        | 0.113       |
|    clip_range           | 0.2         |
|    entropy_loss         | -8.58       |
|    explained_variance   | 0.98        |
|    learning_rate        | 0.0003      |
|    loss                 | 2.24        |
|    n_updates            | 470         |
|    policy_gradient_loss | -0.0081     |
|    std                  | 0.825       |
|    value_loss           | 2.33        |
-----------------------------------------
Eval num_timesteps=100000, episode_reward=-81.61 +/- 31.39
Episode length: 171.30 +/- 52.10
Success rate: 23.33%
-----------------------------------------
| eval/                   |             |
|    mean_ep_length       | 171         |
|    mean_reward          | -81.6       |
|    success_rate         | 0.233       |
| time/                   |             |
|    total_timesteps      | 100000      |
| train/                  |             |
|    approx_kl            | 0.012846589 |
|    clip_fraction        | 0.137       |
|    clip_range           | 0.2         |
|    entropy_loss         | -8.52       |
|    explained_variance   | 0.991       |
|    learning_rate        | 0.0003      |
|    loss                 | 0.257       |
|    n_updates            | 480         |
|    policy_gradient_loss | -0.0105     |
|    std                  | 0.816       |
|    value_loss           | 0.864       |
-----------------------------------------
New best mean reward!
---------------------------------
| rollout/           |          |
|    ep_len_mean     | 195      |
|    ep_rew_mean     | -86.4    |
|    success_rate    | 0.06     |
| time/              |          |
|    fps             | 685      |
|    iterations      | 49       |
|    time_elapsed    | 146      |
|    total_timesteps | 100352   |
---------------------------------
-----------------------------------------
| rollout/                |             |
|    ep_len_mean          | 195         |
|    ep_rew_mean          | -85.6       |
|    success_rate         | 0.06        |
| time/                   |             |
|    fps                  | 691         |
|    iterations           | 50          |
|    time_elapsed         | 148         |
|    total_timesteps      | 102400      |
| train/                  |             |
|    approx_kl            | 0.013824543 |
|    clip_fraction        | 0.139       |
|    clip_range           | 0.2         |
|    entropy_loss         | -8.5        |
|    explained_variance   | 0.99        |
|    learning_rate        | 0.0003      |
|    loss                 | 0.618       |
|    n_updates            | 490         |
|    policy_gradient_loss | -0.00852    |
|    std                  | 0.817       |
|    value_loss           | 1.52        |
-----------------------------------------
-----------------------------------------
| rollout/                |             |
|    ep_len_mean          | 195         |
|    ep_rew_mean          | -83.7       |
|    success_rate         | 0.07        |
| time/                   |             |
|    fps                  | 696         |
|    iterations           | 51          |
|    time_elapsed         | 149         |
|    total_timesteps      | 104448      |
| train/                  |             |
|    approx_kl            | 0.011568772 |
|    clip_fraction        | 0.158       |
|    clip_range           | 0.2         |
|    entropy_loss         | -8.48       |
|    explained_variance   | 0.993       |
|    learning_rate        | 0.0003      |
|    loss                 | 0.18        |
|    n_updates            | 500         |
|    policy_gradient_loss | -0.0117     |
|    std                  | 0.813       |
|    value_loss           | 0.692       |
-----------------------------------------
Eval num_timesteps=105000, episode_reward=-89.53 +/- 22.94
Episode length: 187.27 +/- 38.35
Success rate: 10.00%
-----------------------------------------
| eval/                   |             |
|    mean_ep_length       | 187         |
|    mean_reward          | -89.5       |
|    success_rate         | 0.1         |
| time/                   |             |
|    total_timesteps      | 105000      |
| train/                  |             |
|    approx_kl            | 0.009873632 |
|    clip_fraction        | 0.147       |
|    clip_range           | 0.2         |
|    entropy_loss         | -8.44       |
|    explained_variance   | 0.984       |
|    learning_rate        | 0.0003      |
|    loss                 | 1.73        |
|    n_updates            | 510         |
|    policy_gradient_loss | -0.009      |
|    std                  | 0.81        |
|    value_loss           | 1.79        |
-----------------------------------------
---------------------------------
| rollout/           |          |
|    ep_len_mean     | 193      |
|    ep_rew_mean     | -82.2    |
|    success_rate    | 0.08     |
| time/              |          |
|    fps             | 688      |
|    iterations      | 52       |
|    time_elapsed    | 154      |
|    total_timesteps | 106496   |
---------------------------------
-----------------------------------------
| rollout/                |             |
|    ep_len_mean          | 193         |
|    ep_rew_mean          | -80.7       |
|    success_rate         | 0.09        |
| time/                   |             |
|    fps                  | 693         |
|    iterations           | 53          |
|    time_elapsed         | 156         |
|    total_timesteps      | 108544      |
| train/                  |             |
|    approx_kl            | 0.012698671 |
|    clip_fraction        | 0.147       |
|    clip_range           | 0.2         |
|    entropy_loss         | -8.44       |
|    explained_variance   | 0.975       |
|    learning_rate        | 0.0003      |
|    loss                 | 0.234       |
|    n_updates            | 520         |
|    policy_gradient_loss | -0.00947    |
|    std                  | 0.81        |
|    value_loss           | 1.51        |
-----------------------------------------
Eval num_timesteps=110000, episode_reward=-88.87 +/- 22.71
Episode length: 188.13 +/- 35.64
Success rate: 10.00%
-----------------------------------------
| eval/                   |             |
|    mean_ep_length       | 188         |
|    mean_reward          | -88.9       |
|    success_rate         | 0.1         |
| time/                   |             |
|    total_timesteps      | 110000      |
| train/                  |             |
|    approx_kl            | 0.010830331 |
|    clip_fraction        | 0.135       |
|    clip_range           | 0.2         |
|    entropy_loss         | -8.42       |
|    explained_variance   | 0.982       |
|    learning_rate        | 0.0003      |
|    loss                 | 0.25        |
|    n_updates            | 530         |
|    policy_gradient_loss | -0.00872    |
|    std                  | 0.805       |
|    value_loss           | 0.971       |
-----------------------------------------
---------------------------------
| rollout/           |          |
|    ep_len_mean     | 193      |
|    ep_rew_mean     | -79.8    |
|    success_rate    | 0.09     |
| time/              |          |
|    fps             | 685      |
|    iterations      | 54       |
|    time_elapsed    | 161      |
|    total_timesteps | 110592   |
---------------------------------
-----------------------------------------
| rollout/                |             |
|    ep_len_mean          | 192         |
|    ep_rew_mean          | -78.1       |
|    success_rate         | 0.1         |
| time/                   |             |
|    fps                  | 690         |
|    iterations           | 55          |
|    time_elapsed         | 163         |
|    total_timesteps      | 112640      |
| train/                  |             |
|    approx_kl            | 0.008958289 |
|    clip_fraction        | 0.121       |
|    clip_range           | 0.2         |
|    entropy_loss         | -8.41       |
|    explained_variance   | 0.983       |
|    learning_rate        | 0.0003      |
|    loss                 | 0.246       |
|    n_updates            | 540         |
|    policy_gradient_loss | -0.00859    |
|    std                  | 0.808       |
|    value_loss           | 0.714       |
-----------------------------------------
-----------------------------------------
| rollout/                |             |
|    ep_len_mean          | 191         |
|    ep_rew_mean          | -77         |
|    success_rate         | 0.11        |
| time/                   |             |
|    fps                  | 695         |
|    iterations           | 56          |
|    time_elapsed         | 164         |
|    total_timesteps      | 114688      |
| train/                  |             |
|    approx_kl            | 0.011834213 |
|    clip_fraction        | 0.138       |
|    clip_range           | 0.2         |
|    entropy_loss         | -8.43       |
|    explained_variance   | 0.972       |
|    learning_rate        | 0.0003      |
|    loss                 | 0.372       |
|    n_updates            | 550         |
|    policy_gradient_loss | -0.00808    |
|    std                  | 0.809       |
|    value_loss           | 1.86        |
-----------------------------------------
Eval num_timesteps=115000, episode_reward=-74.20 +/- 32.70
Episode length: 164.67 +/- 54.17
Success rate: 30.00%
-----------------------------------------
| eval/                   |             |
|    mean_ep_length       | 165         |
|    mean_reward          | -74.2       |
|    success_rate         | 0.3         |
| time/                   |             |
|    total_timesteps      | 115000      |
| train/                  |             |
|    approx_kl            | 0.010535643 |
|    clip_fraction        | 0.131       |
|    clip_range           | 0.2         |
|    entropy_loss         | -8.42       |
|    explained_variance   | 0.962       |
|    learning_rate        | 0.0003      |
|    loss                 | 0.494       |
|    n_updates            | 560         |
|    policy_gradient_loss | -0.00949    |
|    std                  | 0.806       |
|    value_loss           | 2.06        |
-----------------------------------------
New best mean reward!
---------------------------------
| rollout/           |          |
|    ep_len_mean     | 191      |
|    ep_rew_mean     | -76.4    |
|    success_rate    | 0.1      |
| time/              |          |
|    fps             | 689      |
|    iterations      | 57       |
|    time_elapsed    | 169      |
|    total_timesteps | 116736   |
---------------------------------
-----------------------------------------
| rollout/                |             |
|    ep_len_mean          | 192         |
|    ep_rew_mean          | -76.4       |
|    success_rate         | 0.09        |
| time/                   |             |
|    fps                  | 694         |
|    iterations           | 58          |
|    time_elapsed         | 171         |
|    total_timesteps      | 118784      |
| train/                  |             |
|    approx_kl            | 0.013577237 |
|    clip_fraction        | 0.151       |
|    clip_range           | 0.2         |
|    entropy_loss         | -8.36       |
|    explained_variance   | 0.969       |
|    learning_rate        | 0.0003      |
|    loss                 | 0.476       |
|    n_updates            | 570         |
|    policy_gradient_loss | -0.00895    |
|    std                  | 0.798       |
|    value_loss           | 0.918       |
-----------------------------------------
Eval num_timesteps=120000, episode_reward=-97.58 +/- 7.45
Episode length: 200.00 +/- 0.00
Success rate: 0.00%
-----------------------------------------
| eval/                   |             |
|    mean_ep_length       | 200         |
|    mean_reward          | -97.6       |
|    success_rate         | 0           |
| time/                   |             |
|    total_timesteps      | 120000      |
| train/                  |             |
|    approx_kl            | 0.010371327 |
|    clip_fraction        | 0.172       |
|    clip_range           | 0.2         |
|    entropy_loss         | -8.31       |
|    explained_variance   | 0.969       |
|    learning_rate        | 0.0003      |
|    loss                 | 0.699       |
|    n_updates            | 580         |
|    policy_gradient_loss | -0.0123     |
|    std                  | 0.795       |
|    value_loss           | 1.27        |
-----------------------------------------
---------------------------------
| rollout/           |          |
|    ep_len_mean     | 192      |
|    ep_rew_mean     | -75.9    |
|    success_rate    | 0.09     |
| time/              |          |
|    fps             | 686      |
|    iterations      | 59       |
|    time_elapsed    | 175      |
|    total_timesteps | 120832   |
---------------------------------
-----------------------------------------
| rollout/                |             |
|    ep_len_mean          | 188         |
|    ep_rew_mean          | -73.2       |
|    success_rate         | 0.13        |
| time/                   |             |
|    fps                  | 690         |
|    iterations           | 60          |
|    time_elapsed         | 177         |
|    total_timesteps      | 122880      |
| train/                  |             |
|    approx_kl            | 0.013151418 |
|    clip_fraction        | 0.155       |
|    clip_range           | 0.2         |
|    entropy_loss         | -8.29       |
|    explained_variance   | 0.978       |
|    learning_rate        | 0.0003      |
|    loss                 | 0.273       |
|    n_updates            | 590         |
|    policy_gradient_loss | -0.01       |
|    std                  | 0.794       |
|    value_loss           | 0.8         |
-----------------------------------------
-----------------------------------------
| rollout/                |             |
|    ep_len_mean          | 187         |
|    ep_rew_mean          | -72.4       |
|    success_rate         | 0.14        |
| time/                   |             |
|    fps                  | 695         |
|    iterations           | 61          |
|    time_elapsed         | 179         |
|    total_timesteps      | 124928      |
| train/                  |             |
|    approx_kl            | 0.011015187 |
|    clip_fraction        | 0.111       |
|    clip_range           | 0.2         |
|    entropy_loss         | -8.26       |
|    explained_variance   | 0.874       |
|    learning_rate        | 0.0003      |
|    loss                 | 2.43        |
|    n_updates            | 600         |
|    policy_gradient_loss | -0.00975    |
|    std                  | 0.788       |
|    value_loss           | 6.05        |
-----------------------------------------
Eval num_timesteps=125000, episode_reward=-81.91 +/- 28.51
Episode length: 178.97 +/- 47.11
Success rate: 16.67%
-----------------------------------------
| eval/                   |             |
|    mean_ep_length       | 179         |
|    mean_reward          | -81.9       |
|    success_rate         | 0.167       |
| time/                   |             |
|    total_timesteps      | 125000      |
| train/                  |             |
|    approx_kl            | 0.019097585 |
|    clip_fraction        | 0.166       |
|    clip_range           | 0.2         |
|    entropy_loss         | -8.22       |
|    explained_variance   | 0.886       |
|    learning_rate        | 0.0003      |
|    loss                 | 1.62        |
|    n_updates            | 610         |
|    policy_gradient_loss | -0.00978    |
|    std                  | 0.785       |
|    value_loss           | 3.76        |
-----------------------------------------
---------------------------------
| rollout/           |          |
|    ep_len_mean     | 186      |
|    ep_rew_mean     | -72.1    |
|    success_rate    | 0.14     |
| time/              |          |
|    fps             | 688      |
|    iterations      | 62       |
|    time_elapsed    | 184      |
|    total_timesteps | 126976   |
---------------------------------
-----------------------------------------
| rollout/                |             |
|    ep_len_mean          | 184         |
|    ep_rew_mean          | -70.9       |
|    success_rate         | 0.16        |
| time/                   |             |
|    fps                  | 692         |
|    iterations           | 63          |
|    time_elapsed         | 186         |
|    total_timesteps      | 129024      |
| train/                  |             |
|    approx_kl            | 0.013064435 |
|    clip_fraction        | 0.148       |
|    clip_range           | 0.2         |
|    entropy_loss         | -8.2        |
|    explained_variance   | 0.913       |
|    learning_rate        | 0.0003      |
|    loss                 | 2.83        |
|    n_updates            | 620         |
|    policy_gradient_loss | -0.0105     |
|    std                  | 0.783       |
|    value_loss           | 2.42        |
-----------------------------------------
Eval num_timesteps=130000, episode_reward=-90.65 +/- 21.19
Episode length: 190.97 +/- 33.86
Success rate: 6.67%
-----------------------------------------
| eval/                   |             |
|    mean_ep_length       | 191         |
|    mean_reward          | -90.6       |
|    success_rate         | 0.0667      |
| time/                   |             |
|    total_timesteps      | 130000      |
| train/                  |             |
|    approx_kl            | 0.013617541 |
|    clip_fraction        | 0.12        |
|    clip_range           | 0.2         |
|    entropy_loss         | -8.17       |
|    explained_variance   | 0.872       |
|    learning_rate        | 0.0003      |
|    loss                 | 2.33        |
|    n_updates            | 630         |
|    policy_gradient_loss | -0.0111     |
|    std                  | 0.778       |
|    value_loss           | 5.4         |
-----------------------------------------
---------------------------------
| rollout/           |          |
|    ep_len_mean     | 181      |
|    ep_rew_mean     | -69.8    |
|    success_rate    | 0.19     |
| time/              |          |
|    fps             | 686      |
|    iterations      | 64       |
|    time_elapsed    | 190      |
|    total_timesteps | 131072   |
---------------------------------
-----------------------------------------
| rollout/                |             |
|    ep_len_mean          | 183         |
|    ep_rew_mean          | -70.5       |
|    success_rate         | 0.17        |
| time/                   |             |
|    fps                  | 691         |
|    iterations           | 65          |
|    time_elapsed         | 192         |
|    total_timesteps      | 133120      |
| train/                  |             |
|    approx_kl            | 0.014613093 |
|    clip_fraction        | 0.158       |
|    clip_range           | 0.2         |
|    entropy_loss         | -8.15       |
|    explained_variance   | 0.921       |
|    learning_rate        | 0.0003      |
|    loss                 | 1.26        |
|    n_updates            | 640         |
|    policy_gradient_loss | -0.0112     |
|    std                  | 0.779       |
|    value_loss           | 2.95        |
-----------------------------------------
Eval num_timesteps=135000, episode_reward=-72.91 +/- 30.55
Episode length: 170.83 +/- 53.04
Success rate: 23.33%
-----------------------------------------
| eval/                   |             |
|    mean_ep_length       | 171         |
|    mean_reward          | -72.9       |
|    success_rate         | 0.233       |
| time/                   |             |
|    total_timesteps      | 135000      |
| train/                  |             |
|    approx_kl            | 0.022258615 |
|    clip_fraction        | 0.206       |
|    clip_range           | 0.2         |
|    entropy_loss         | -8.14       |
|    explained_variance   | 0.901       |
|    learning_rate        | 0.0003      |
|    loss                 | 0.419       |
|    n_updates            | 650         |
|    policy_gradient_loss | -0.0122     |
|    std                  | 0.777       |
|    value_loss           | 1.1         |
-----------------------------------------
New best mean reward!
---------------------------------
| rollout/           |          |
|    ep_len_mean     | 182      |
|    ep_rew_mean     | -70      |
|    success_rate    | 0.18     |
| time/              |          |
|    fps             | 685      |
|    iterations      | 66       |
|    time_elapsed    | 197      |
|    total_timesteps | 135168   |
---------------------------------
-----------------------------------------
| rollout/                |             |
|    ep_len_mean          | 180         |
|    ep_rew_mean          | -69.1       |
|    success_rate         | 0.19        |
| time/                   |             |
|    fps                  | 689         |
|    iterations           | 67          |
|    time_elapsed         | 199         |
|    total_timesteps      | 137216      |
| train/                  |             |
|    approx_kl            | 0.015320143 |
|    clip_fraction        | 0.15        |
|    clip_range           | 0.2         |
|    entropy_loss         | -8.14       |
|    explained_variance   | 0.807       |
|    learning_rate        | 0.0003      |
|    loss                 | 2.53        |
|    n_updates            | 660         |
|    policy_gradient_loss | -0.0101     |
|    std                  | 0.777       |
|    value_loss           | 4.69        |
-----------------------------------------
------------------------------------------
| rollout/                |              |
|    ep_len_mean          | 181          |
|    ep_rew_mean          | -68.4        |
|    success_rate         | 0.19         |
| time/                   |              |
|    fps                  | 693          |
|    iterations           | 68           |
|    time_elapsed         | 200          |
|    total_timesteps      | 139264       |
| train/                  |              |
|    approx_kl            | 0.0122753605 |
|    clip_fraction        | 0.159        |
|    clip_range           | 0.2          |
|    entropy_loss         | -8.12        |
|    explained_variance   | 0.915        |
|    learning_rate        | 0.0003       |
|    loss                 | 0.252        |
|    n_updates            | 670          |
|    policy_gradient_loss | -0.0104      |
|    std                  | 0.774        |
|    value_loss           | 2.61         |
------------------------------------------
Eval num_timesteps=140000, episode_reward=-77.11 +/- 18.69
Episode length: 192.20 +/- 29.19
Success rate: 6.67%
-----------------------------------------
| eval/                   |             |
|    mean_ep_length       | 192         |
|    mean_reward          | -77.1       |
|    success_rate         | 0.0667      |
| time/                   |             |
|    total_timesteps      | 140000      |
| train/                  |             |
|    approx_kl            | 0.027175575 |
|    clip_fraction        | 0.201       |
|    clip_range           | 0.2         |
|    entropy_loss         | -8.09       |
|    explained_variance   | 0.919       |
|    learning_rate        | 0.0003      |
|    loss                 | 0.728       |
|    n_updates            | 680         |
|    policy_gradient_loss | -0.00814    |
|    std                  | 0.77        |
|    value_loss           | 2.77        |
-----------------------------------------
---------------------------------
| rollout/           |          |
|    ep_len_mean     | 181      |
|    ep_rew_mean     | -67.6    |
|    success_rate    | 0.18     |
| time/              |          |
|    fps             | 653      |
|    iterations      | 69       |
|    time_elapsed    | 216      |
|    total_timesteps | 141312   |
---------------------------------
-----------------------------------------
| rollout/                |             |
|    ep_len_mean          | 182         |
|    ep_rew_mean          | -67.5       |
|    success_rate         | 0.17        |
| time/                   |             |
|    fps                  | 630         |
|    iterations           | 70          |
|    time_elapsed         | 227         |
|    total_timesteps      | 143360      |
| train/                  |             |
|    approx_kl            | 0.015133563 |
|    clip_fraction        | 0.186       |
|    clip_range           | 0.2         |
|    entropy_loss         | -8.07       |
|    explained_variance   | 0.864       |
|    learning_rate        | 0.0003      |
|    loss                 | 0.762       |
|    n_updates            | 690         |
|    policy_gradient_loss | -0.0132     |
|    std                  | 0.769       |
|    value_loss           | 4.29        |
-----------------------------------------
Eval num_timesteps=145000, episode_reward=-81.38 +/- 24.24
Episode length: 186.80 +/- 39.79
Success rate: 10.00%
-----------------------------------------
| eval/                   |             |
|    mean_ep_length       | 187         |
|    mean_reward          | -81.4       |
|    success_rate         | 0.1         |
| time/                   |             |
|    total_timesteps      | 145000      |
| train/                  |             |
|    approx_kl            | 0.016468218 |
|    clip_fraction        | 0.17        |
|    clip_range           | 0.2         |
|    entropy_loss         | -8.06       |
|    explained_variance   | 0.905       |
|    learning_rate        | 0.0003      |
|    loss                 | 8.11        |
|    n_updates            | 700         |
|    policy_gradient_loss | -0.00596    |
|    std                  | 0.768       |
|    value_loss           | 3.4         |
-----------------------------------------
---------------------------------
| rollout/           |          |
|    ep_len_mean     | 183      |
|    ep_rew_mean     | -67.2    |
|    success_rate    | 0.17     |
| time/              |          |
|    fps             | 606      |
|    iterations      | 71       |
|    time_elapsed    | 239      |
|    total_timesteps | 145408   |
---------------------------------
-----------------------------------------
| rollout/                |             |
|    ep_len_mean          | 186         |
|    ep_rew_mean          | -67.5       |
|    success_rate         | 0.14        |
| time/                   |             |
|    fps                  | 610         |
|    iterations           | 72          |
|    time_elapsed         | 241         |
|    total_timesteps      | 147456      |
| train/                  |             |
|    approx_kl            | 0.012119118 |
|    clip_fraction        | 0.151       |
|    clip_range           | 0.2         |
|    entropy_loss         | -8.05       |
|    explained_variance   | 0.882       |
|    learning_rate        | 0.0003      |
|    loss                 | 3.13        |
|    n_updates            | 710         |
|    policy_gradient_loss | -0.00901    |
|    std                  | 0.766       |
|    value_loss           | 5           |
-----------------------------------------
-----------------------------------------
| rollout/                |             |
|    ep_len_mean          | 185         |
|    ep_rew_mean          | -66.5       |
|    success_rate         | 0.14        |
| time/                   |             |
|    fps                  | 614         |
|    iterations           | 73          |
|    time_elapsed         | 243         |
|    total_timesteps      | 149504      |
| train/                  |             |
|    approx_kl            | 0.016872596 |
|    clip_fraction        | 0.233       |
|    clip_range           | 0.2         |
|    entropy_loss         | -8.03       |
|    explained_variance   | 0.982       |
|    learning_rate        | 0.0003      |
|    loss                 | 0.11        |
|    n_updates            | 720         |
|    policy_gradient_loss | -0.00873    |
|    std                  | 0.764       |
|    value_loss           | 0.295       |
-----------------------------------------
Eval num_timesteps=150000, episode_reward=-85.83 +/- 22.68
Episode length: 190.60 +/- 35.22
Success rate: 6.67%
------------------------------------------
| eval/                   |              |
|    mean_ep_length       | 191          |
|    mean_reward          | -85.8        |
|    success_rate         | 0.0667       |
| time/                   |              |
|    total_timesteps      | 150000       |
| train/                  |              |
|    approx_kl            | 0.0132012125 |
|    clip_fraction        | 0.137        |
|    clip_range           | 0.2          |
|    entropy_loss         | -8.02        |
|    explained_variance   | 0.828        |
|    learning_rate        | 0.0003       |
|    loss                 | 1.25         |
|    n_updates            | 730          |
|    policy_gradient_loss | -0.0121      |
|    std                  | 0.763        |
|    value_loss           | 6.8          |
------------------------------------------
---------------------------------
| rollout/           |          |
|    ep_len_mean     | 182      |
|    ep_rew_mean     | -64.6    |
|    success_rate    | 0.18     |
| time/              |          |
|    fps             | 610      |
|    iterations      | 74       |
|    time_elapsed    | 248      |
|    total_timesteps | 151552   |
---------------------------------
-----------------------------------------
| rollout/                |             |
|    ep_len_mean          | 183         |
|    ep_rew_mean          | -63.9       |
|    success_rate         | 0.17        |
| time/                   |             |
|    fps                  | 613         |
|    iterations           | 75          |
|    time_elapsed         | 250         |
|    total_timesteps      | 153600      |
| train/                  |             |
|    approx_kl            | 0.012074757 |
|    clip_fraction        | 0.132       |
|    clip_range           | 0.2         |
|    entropy_loss         | -8.01       |
|    explained_variance   | 0.874       |
|    learning_rate        | 0.0003      |
|    loss                 | 0.929       |
|    n_updates            | 740         |
|    policy_gradient_loss | -0.00796    |
|    std                  | 0.761       |
|    value_loss           | 6           |
-----------------------------------------
Eval num_timesteps=155000, episode_reward=-81.74 +/- 17.82
Episode length: 195.77 +/- 22.80
Success rate: 3.33%
-----------------------------------------
| eval/                   |             |
|    mean_ep_length       | 196         |
|    mean_reward          | -81.7       |
|    success_rate         | 0.0333      |
| time/                   |             |
|    total_timesteps      | 155000      |
| train/                  |             |
|    approx_kl            | 0.016596388 |
|    clip_fraction        | 0.193       |
|    clip_range           | 0.2         |
|    entropy_loss         | -7.97       |
|    explained_variance   | 0.918       |
|    learning_rate        | 0.0003      |
|    loss                 | 1.79        |
|    n_updates            | 750         |
|    policy_gradient_loss | -0.0106     |
|    std                  | 0.757       |
|    value_loss           | 1.84        |
-----------------------------------------
---------------------------------
| rollout/           |          |
|    ep_len_mean     | 182      |
|    ep_rew_mean     | -63.2    |
|    success_rate    | 0.18     |
| time/              |          |
|    fps             | 609      |
|    iterations      | 76       |
|    time_elapsed    | 255      |
|    total_timesteps | 155648   |
---------------------------------
------------------------------------------
| rollout/                |              |
|    ep_len_mean          | 183          |
|    ep_rew_mean          | -64.4        |
|    success_rate         | 0.17         |
| time/                   |              |
|    fps                  | 613          |
|    iterations           | 77           |
|    time_elapsed         | 257          |
|    total_timesteps      | 157696       |
| train/                  |              |
|    approx_kl            | 0.0120030865 |
|    clip_fraction        | 0.116        |
|    clip_range           | 0.2          |
|    entropy_loss         | -7.97        |
|    explained_variance   | 0.79         |
|    learning_rate        | 0.0003       |
|    loss                 | 3.64         |
|    n_updates            | 760          |
|    policy_gradient_loss | -0.0107      |
|    std                  | 0.758        |
|    value_loss           | 7.92         |
------------------------------------------
----------------------------------------
| rollout/                |            |
|    ep_len_mean          | 183        |
|    ep_rew_mean          | -65        |
|    success_rate         | 0.16       |
| time/                   |            |
|    fps                  | 617        |
|    iterations           | 78         |
|    time_elapsed         | 258        |
|    total_timesteps      | 159744     |
| train/                  |            |
|    approx_kl            | 0.01526165 |
|    clip_fraction        | 0.227      |
|    clip_range           | 0.2        |
|    entropy_loss         | -7.97      |
|    explained_variance   | 0.967      |
|    learning_rate        | 0.0003     |
|    loss                 | 0.176      |
|    n_updates            | 770        |
|    policy_gradient_loss | -0.00716   |
|    std                  | 0.757      |
|    value_loss           | 0.538      |
----------------------------------------
Eval num_timesteps=160000, episode_reward=-81.70 +/- 12.05
Episode length: 200.00 +/- 0.00
Success rate: 0.00%
----------------------------------------
| eval/                   |            |
|    mean_ep_length       | 200        |
|    mean_reward          | -81.7      |
|    success_rate         | 0          |
| time/                   |            |
|    total_timesteps      | 160000     |
| train/                  |            |
|    approx_kl            | 0.01610604 |
|    clip_fraction        | 0.168      |
|    clip_range           | 0.2        |
|    entropy_loss         | -7.95      |
|    explained_variance   | 0.816      |
|    learning_rate        | 0.0003     |
|    loss                 | 0.935      |
|    n_updates            | 780        |
|    policy_gradient_loss | -0.00835   |
|    std                  | 0.755      |
|    value_loss           | 7.94       |
----------------------------------------
---------------------------------
| rollout/           |          |
|    ep_len_mean     | 182      |
|    ep_rew_mean     | -64.6    |
|    success_rate    | 0.17     |
| time/              |          |
|    fps             | 613      |
|    iterations      | 79       |
|    time_elapsed    | 263      |
|    total_timesteps | 161792   |
---------------------------------
-----------------------------------------
| rollout/                |             |
|    ep_len_mean          | 182         |
|    ep_rew_mean          | -64.9       |
|    success_rate         | 0.17        |
| time/                   |             |
|    fps                  | 616         |
|    iterations           | 80          |
|    time_elapsed         | 265         |
|    total_timesteps      | 163840      |
| train/                  |             |
|    approx_kl            | 0.015605235 |
|    clip_fraction        | 0.162       |
|    clip_range           | 0.2         |
|    entropy_loss         | -7.95       |
|    explained_variance   | 0.892       |
|    learning_rate        | 0.0003      |
|    loss                 | 3.98        |
|    n_updates            | 790         |
|    policy_gradient_loss | -0.0104     |
|    std                  | 0.755       |
|    value_loss           | 6.56        |
-----------------------------------------
Eval num_timesteps=165000, episode_reward=-73.96 +/- 21.95
Episode length: 186.97 +/- 39.17
Success rate: 10.00%
-----------------------------------------
| eval/                   |             |
|    mean_ep_length       | 187         |
|    mean_reward          | -74         |
|    success_rate         | 0.1         |
| time/                   |             |
|    total_timesteps      | 165000      |
| train/                  |             |
|    approx_kl            | 0.012775466 |
|    clip_fraction        | 0.19        |
|    clip_range           | 0.2         |
|    entropy_loss         | -7.94       |
|    explained_variance   | 0.929       |
|    learning_rate        | 0.0003      |
|    loss                 | 1.03        |
|    n_updates            | 800         |
|    policy_gradient_loss | -0.0132     |
|    std                  | 0.755       |
|    value_loss           | 5.11        |
-----------------------------------------
---------------------------------
| rollout/           |          |
|    ep_len_mean     | 181      |
|    ep_rew_mean     | -64.8    |
|    success_rate    | 0.18     |
| time/              |          |
|    fps             | 613      |
|    iterations      | 81       |
|    time_elapsed    | 270      |
|    total_timesteps | 165888   |
---------------------------------
-----------------------------------------
| rollout/                |             |
|    ep_len_mean          | 183         |
|    ep_rew_mean          | -66.1       |
|    success_rate         | 0.16        |
| time/                   |             |
|    fps                  | 616         |
|    iterations           | 82          |
|    time_elapsed         | 272         |
|    total_timesteps      | 167936      |
| train/                  |             |
|    approx_kl            | 0.016537085 |
|    clip_fraction        | 0.189       |
|    clip_range           | 0.2         |
|    entropy_loss         | -7.94       |
|    explained_variance   | 0.925       |
|    learning_rate        | 0.0003      |
|    loss                 | 5.55        |
|    n_updates            | 810         |
|    policy_gradient_loss | -0.00854    |
|    std                  | 0.754       |
|    value_loss           | 3.36        |
-----------------------------------------
----------------------------------------
| rollout/                |            |
|    ep_len_mean          | 186        |
|    ep_rew_mean          | -66.3      |
|    success_rate         | 0.13       |
| time/                   |            |
|    fps                  | 619        |
|    iterations           | 83         |
|    time_elapsed         | 274        |
|    total_timesteps      | 169984     |
| train/                  |            |
|    approx_kl            | 0.02004985 |
|    clip_fraction        | 0.224      |
|    clip_range           | 0.2        |
|    entropy_loss         | -7.93      |
|    explained_variance   | 0.902      |
|    learning_rate        | 0.0003     |
|    loss                 | 1.2        |
|    n_updates            | 820        |
|    policy_gradient_loss | -0.0129    |
|    std                  | 0.752      |
|    value_loss           | 2.99       |
----------------------------------------
Eval num_timesteps=170000, episode_reward=-71.66 +/- 19.09
Episode length: 191.50 +/- 31.90
Success rate: 6.67%
-----------------------------------------
| eval/                   |             |
|    mean_ep_length       | 192         |
|    mean_reward          | -71.7       |
|    success_rate         | 0.0667      |
| time/                   |             |
|    total_timesteps      | 170000      |
| train/                  |             |
|    approx_kl            | 0.017370196 |
|    clip_fraction        | 0.181       |
|    clip_range           | 0.2         |
|    entropy_loss         | -7.92       |
|    explained_variance   | 0.856       |
|    learning_rate        | 0.0003      |
|    loss                 | 0.272       |
|    n_updates            | 830         |
|    policy_gradient_loss | -0.0106     |
|    std                  | 0.752       |
|    value_loss           | 3.92        |
-----------------------------------------
New best mean reward!
---------------------------------
| rollout/           |          |
|    ep_len_mean     | 186      |
|    ep_rew_mean     | -66      |
|    success_rate    | 0.13     |
| time/              |          |
|    fps             | 615      |
|    iterations      | 84       |
|    time_elapsed    | 279      |
|    total_timesteps | 172032   |
---------------------------------
----------------------------------------
| rollout/                |            |
|    ep_len_mean          | 188        |
|    ep_rew_mean          | -66.6      |
|    success_rate         | 0.11       |
| time/                   |            |
|    fps                  | 619        |
|    iterations           | 85         |
|    time_elapsed         | 281        |
|    total_timesteps      | 174080     |
| train/                  |            |
|    approx_kl            | 0.01941463 |
|    clip_fraction        | 0.241      |
|    clip_range           | 0.2        |
|    entropy_loss         | -7.91      |
|    explained_variance   | 0.936      |
|    learning_rate        | 0.0003     |
|    loss                 | 1.39       |
|    n_updates            | 840        |
|    policy_gradient_loss | -0.00988   |
|    std                  | 0.752      |
|    value_loss           | 2.11       |
----------------------------------------
Eval num_timesteps=175000, episode_reward=-75.85 +/- 20.51
Episode length: 191.90 +/- 30.32
Success rate: 6.67%
-----------------------------------------
| eval/                   |             |
|    mean_ep_length       | 192         |
|    mean_reward          | -75.8       |
|    success_rate         | 0.0667      |
| time/                   |             |
|    total_timesteps      | 175000      |
| train/                  |             |
|    approx_kl            | 0.024441093 |
|    clip_fraction        | 0.261       |
|    clip_range           | 0.2         |
|    entropy_loss         | -7.92       |
|    explained_variance   | 0.988       |
|    learning_rate        | 0.0003      |
|    loss                 | 0.158       |
|    n_updates            | 850         |
|    policy_gradient_loss | -0.013      |
|    std                  | 0.754       |
|    value_loss           | 0.332       |
-----------------------------------------
---------------------------------
| rollout/           |          |
|    ep_len_mean     | 188      |
|    ep_rew_mean     | -65.5    |
|    success_rate    | 0.11     |
| time/              |          |
|    fps             | 615      |
|    iterations      | 86       |
|    time_elapsed    | 286      |
|    total_timesteps | 176128   |
---------------------------------
-----------------------------------------
| rollout/                |             |
|    ep_len_mean          | 188         |
|    ep_rew_mean          | -65.3       |
|    success_rate         | 0.11        |
| time/                   |             |
|    fps                  | 618         |
|    iterations           | 87          |
|    time_elapsed         | 288         |
|    total_timesteps      | 178176      |
| train/                  |             |
|    approx_kl            | 0.017876953 |
|    clip_fraction        | 0.233       |
|    clip_range           | 0.2         |
|    entropy_loss         | -7.91       |
|    explained_variance   | 0.939       |
|    learning_rate        | 0.0003      |
|    loss                 | 0.32        |
|    n_updates            | 860         |
|    policy_gradient_loss | -0.0152     |
|    std                  | 0.75        |
|    value_loss           | 2.97        |
-----------------------------------------
Eval num_timesteps=180000, episode_reward=-74.06 +/- 17.24
Episode length: 195.60 +/- 20.76
Success rate: 6.67%
-----------------------------------------
| eval/                   |             |
|    mean_ep_length       | 196         |
|    mean_reward          | -74.1       |
|    success_rate         | 0.0667      |
| time/                   |             |
|    total_timesteps      | 180000      |
| train/                  |             |
|    approx_kl            | 0.023219906 |
|    clip_fraction        | 0.197       |
|    clip_range           | 0.2         |
|    entropy_loss         | -7.91       |
|    explained_variance   | 0.951       |
|    learning_rate        | 0.0003      |
|    loss                 | 0.535       |
|    n_updates            | 870         |
|    policy_gradient_loss | -0.0104     |
|    std                  | 0.753       |
|    value_loss           | 2.84        |
-----------------------------------------
---------------------------------
| rollout/           |          |
|    ep_len_mean     | 187      |
|    ep_rew_mean     | -64.5    |
|    success_rate    | 0.12     |
| time/              |          |
|    fps             | 614      |
|    iterations      | 88       |
|    time_elapsed    | 293      |
|    total_timesteps | 180224   |
---------------------------------
-----------------------------------------
| rollout/                |             |
|    ep_len_mean          | 189         |
|    ep_rew_mean          | -64.1       |
|    success_rate         | 0.1         |
| time/                   |             |
|    fps                  | 617         |
|    iterations           | 89          |
|    time_elapsed         | 295         |
|    total_timesteps      | 182272      |
| train/                  |             |
|    approx_kl            | 0.011840966 |
|    clip_fraction        | 0.162       |
|    clip_range           | 0.2         |
|    entropy_loss         | -7.93       |
|    explained_variance   | 0.952       |
|    learning_rate        | 0.0003      |
|    loss                 | 3.61        |
|    n_updates            | 880         |
|    policy_gradient_loss | -0.0112     |
|    std                  | 0.753       |
|    value_loss           | 4.9         |
-----------------------------------------
----------------------------------------
| rollout/                |            |
|    ep_len_mean          | 189        |
|    ep_rew_mean          | -63.7      |
|    success_rate         | 0.1        |
| time/                   |            |
|    fps                  | 620        |
|    iterations           | 90         |
|    time_elapsed         | 297        |
|    total_timesteps      | 184320     |
| train/                  |            |
|    approx_kl            | 0.01483685 |
|    clip_fraction        | 0.202      |
|    clip_range           | 0.2        |
|    entropy_loss         | -7.9       |
|    explained_variance   | 0.959      |
|    learning_rate        | 0.0003     |
|    loss                 | 0.596      |
|    n_updates            | 890        |
|    policy_gradient_loss | -0.00539   |
|    std                  | 0.749      |
|    value_loss           | 1.23       |
----------------------------------------
Eval num_timesteps=185000, episode_reward=-73.82 +/- 14.53
Episode length: 195.83 +/- 22.44
Success rate: 3.33%
-----------------------------------------
| eval/                   |             |
|    mean_ep_length       | 196         |
|    mean_reward          | -73.8       |
|    success_rate         | 0.0333      |
| time/                   |             |
|    total_timesteps      | 185000      |
| train/                  |             |
|    approx_kl            | 0.023366222 |
|    clip_fraction        | 0.231       |
|    clip_range           | 0.2         |
|    entropy_loss         | -7.87       |
|    explained_variance   | 0.978       |
|    learning_rate        | 0.0003      |
|    loss                 | 0.0965      |
|    n_updates            | 900         |
|    policy_gradient_loss | -0.00728    |
|    std                  | 0.745       |
|    value_loss           | 0.428       |
-----------------------------------------
---------------------------------
| rollout/           |          |
|    ep_len_mean     | 192      |
|    ep_rew_mean     | -62.9    |
|    success_rate    | 0.08     |
| time/              |          |
|    fps             | 616      |
|    iterations      | 91       |
|    time_elapsed    | 302      |
|    total_timesteps | 186368   |
---------------------------------
-----------------------------------------
| rollout/                |             |
|    ep_len_mean          | 193         |
|    ep_rew_mean          | -63.9       |
|    success_rate         | 0.07        |
| time/                   |             |
|    fps                  | 619         |
|    iterations           | 92          |
|    time_elapsed         | 304         |
|    total_timesteps      | 188416      |
| train/                  |             |
|    approx_kl            | 0.017936487 |
|    clip_fraction        | 0.236       |
|    clip_range           | 0.2         |
|    entropy_loss         | -7.84       |
|    explained_variance   | 0.99        |
|    learning_rate        | 0.0003      |
|    loss                 | 0.0495      |
|    n_updates            | 910         |
|    policy_gradient_loss | -0.00602    |
|    std                  | 0.742       |
|    value_loss           | 0.237       |
-----------------------------------------
Eval num_timesteps=190000, episode_reward=-76.83 +/- 14.65
Episode length: 195.33 +/- 25.13
Success rate: 3.33%
-----------------------------------------
| eval/                   |             |
|    mean_ep_length       | 195         |
|    mean_reward          | -76.8       |
|    success_rate         | 0.0333      |
| time/                   |             |
|    total_timesteps      | 190000      |
| train/                  |             |
|    approx_kl            | 0.021677092 |
|    clip_fraction        | 0.242       |
|    clip_range           | 0.2         |
|    entropy_loss         | -7.81       |
|    explained_variance   | 0.994       |
|    learning_rate        | 0.0003      |
|    loss                 | 0.0871      |
|    n_updates            | 920         |
|    policy_gradient_loss | -0.0186     |
|    std                  | 0.738       |
|    value_loss           | 0.225       |
-----------------------------------------
---------------------------------
| rollout/           |          |
|    ep_len_mean     | 192      |
|    ep_rew_mean     | -63      |
|    success_rate    | 0.08     |
| time/              |          |
|    fps             | 615      |
|    iterations      | 93       |
|    time_elapsed    | 309      |
|    total_timesteps | 190464   |
---------------------------------
-----------------------------------------
| rollout/                |             |
|    ep_len_mean          | 192         |
|    ep_rew_mean          | -63.2       |
|    success_rate         | 0.08        |
| time/                   |             |
|    fps                  | 618         |
|    iterations           | 94          |
|    time_elapsed         | 311         |
|    total_timesteps      | 192512      |
| train/                  |             |
|    approx_kl            | 0.016771153 |
|    clip_fraction        | 0.161       |
|    clip_range           | 0.2         |
|    entropy_loss         | -7.77       |
|    explained_variance   | 0.955       |
|    learning_rate        | 0.0003      |
|    loss                 | 0.409       |
|    n_updates            | 930         |
|    policy_gradient_loss | -0.0114     |
|    std                  | 0.735       |
|    value_loss           | 3.51        |
-----------------------------------------
-----------------------------------------
| rollout/                |             |
|    ep_len_mean          | 192         |
|    ep_rew_mean          | -63.2       |
|    success_rate         | 0.08        |
| time/                   |             |
|    fps                  | 621         |
|    iterations           | 95          |
|    time_elapsed         | 313         |
|    total_timesteps      | 194560      |
| train/                  |             |
|    approx_kl            | 0.019935966 |
|    clip_fraction        | 0.232       |
|    clip_range           | 0.2         |
|    entropy_loss         | -7.74       |
|    explained_variance   | 0.991       |
|    learning_rate        | 0.0003      |
|    loss                 | 0.0902      |
|    n_updates            | 940         |
|    policy_gradient_loss | -0.0156     |
|    std                  | 0.733       |
|    value_loss           | 0.316       |
-----------------------------------------
Eval num_timesteps=195000, episode_reward=-77.24 +/- 7.87
Episode length: 200.00 +/- 0.00
Success rate: 0.00%
----------------------------------------
| eval/                   |            |
|    mean_ep_length       | 200        |
|    mean_reward          | -77.2      |
|    success_rate         | 0          |
| time/                   |            |
|    total_timesteps      | 195000     |
| train/                  |            |
|    approx_kl            | 0.01568803 |
|    clip_fraction        | 0.225      |
|    clip_range           | 0.2        |
|    entropy_loss         | -7.72      |
|    explained_variance   | 0.991      |
|    learning_rate        | 0.0003     |
|    loss                 | 0.0958     |
|    n_updates            | 950        |
|    policy_gradient_loss | -0.0166    |
|    std                  | 0.732      |
|    value_loss           | 0.325      |
----------------------------------------
---------------------------------
| rollout/           |          |
|    ep_len_mean     | 192      |
|    ep_rew_mean     | -63.5    |
|    success_rate    | 0.07     |
| time/              |          |
|    fps             | 617      |
|    iterations      | 96       |
|    time_elapsed    | 318      |
|    total_timesteps | 196608   |
---------------------------------
-----------------------------------------
| rollout/                |             |
|    ep_len_mean          | 193         |
|    ep_rew_mean          | -62.7       |
|    success_rate         | 0.06        |
| time/                   |             |
|    fps                  | 619         |
|    iterations           | 97          |
|    time_elapsed         | 320         |
|    total_timesteps      | 198656      |
| train/                  |             |
|    approx_kl            | 0.014158211 |
|    clip_fraction        | 0.172       |
|    clip_range           | 0.2         |
|    entropy_loss         | -7.69       |
|    explained_variance   | 0.961       |
|    learning_rate        | 0.0003      |
|    loss                 | 1.06        |
|    n_updates            | 960         |
|    policy_gradient_loss | -0.0126     |
|    std                  | 0.727       |
|    value_loss           | 2.25        |
-----------------------------------------
Eval num_timesteps=200000, episode_reward=-70.01 +/- 15.86
Episode length: 192.43 +/- 28.31
Success rate: 6.67%
-----------------------------------------
| eval/                   |             |
|    mean_ep_length       | 192         |
|    mean_reward          | -70         |
|    success_rate         | 0.0667      |
| time/                   |             |
|    total_timesteps      | 200000      |
| train/                  |             |
|    approx_kl            | 0.017134875 |
|    clip_fraction        | 0.197       |
|    clip_range           | 0.2         |
|    entropy_loss         | -7.66       |
|    explained_variance   | 0.978       |
|    learning_rate        | 0.0003      |
|    loss                 | 0.136       |
|    n_updates            | 970         |
|    policy_gradient_loss | -0.0122     |
|    std                  | 0.725       |
|    value_loss           | 1.08        |
-----------------------------------------
New best mean reward!
---------------------------------
| rollout/           |          |
|    ep_len_mean     | 190      |
|    ep_rew_mean     | -61.7    |
|    success_rate    | 0.09     |
| time/              |          |
|    fps             | 613      |
|    iterations      | 98       |
|    time_elapsed    | 326      |
|    total_timesteps | 200704   |
---------------------------------
-----------------------------------------
| rollout/                |             |
|    ep_len_mean          | 189         |
|    ep_rew_mean          | -60.8       |
|    success_rate         | 0.11        |
| time/                   |             |
|    fps                  | 615         |
|    iterations           | 99          |
|    time_elapsed         | 329         |
|    total_timesteps      | 202752      |
| train/                  |             |
|    approx_kl            | 0.011221516 |
|    clip_fraction        | 0.145       |
|    clip_range           | 0.2         |
|    entropy_loss         | -7.64       |
|    explained_variance   | 0.938       |
|    learning_rate        | 0.0003      |
|    loss                 | 2.65        |
|    n_updates            | 980         |
|    policy_gradient_loss | -0.0105     |
|    std                  | 0.724       |
|    value_loss           | 4.46        |
-----------------------------------------
-----------------------------------------
| rollout/                |             |
|    ep_len_mean          | 185         |
|    ep_rew_mean          | -59.8       |
|    success_rate         | 0.16        |
| time/                   |             |
|    fps                  | 617         |
|    iterations           | 100         |
|    time_elapsed         | 331         |
|    total_timesteps      | 204800      |
| train/                  |             |
|    approx_kl            | 0.014309267 |
|    clip_fraction        | 0.176       |
|    clip_range           | 0.2         |
|    entropy_loss         | -7.62       |
|    explained_variance   | 0.96        |
|    learning_rate        | 0.0003      |
|    loss                 | 1.59        |
|    n_updates            | 990         |
|    policy_gradient_loss | -0.011      |
|    std                  | 0.721       |
|    value_loss           | 2.92        |
-----------------------------------------
Eval num_timesteps=205000, episode_reward=-64.67 +/- 22.67
Episode length: 180.07 +/- 44.62
Success rate: 16.67%
-----------------------------------------
| eval/                   |             |
|    mean_ep_length       | 180         |
|    mean_reward          | -64.7       |
|    success_rate         | 0.167       |
| time/                   |             |
|    total_timesteps      | 205000      |
| train/                  |             |
|    approx_kl            | 0.014310659 |
|    clip_fraction        | 0.18        |
|    clip_range           | 0.2         |
|    entropy_loss         | -7.6        |
|    explained_variance   | 0.951       |
|    learning_rate        | 0.0003      |
|    loss                 | 1.78        |
|    n_updates            | 1000        |
|    policy_gradient_loss | -0.0135     |
|    std                  | 0.72        |
|    value_loss           | 2.7         |
-----------------------------------------
New best mean reward!
---------------------------------
| rollout/           |          |
|    ep_len_mean     | 184      |
|    ep_rew_mean     | -58.2    |
|    success_rate    | 0.17     |
| time/              |          |
|    fps             | 614      |
|    iterations      | 101      |
|    time_elapsed    | 336      |
|    total_timesteps | 206848   |
---------------------------------
-----------------------------------------
| rollout/                |             |
|    ep_len_mean          | 184         |
|    ep_rew_mean          | -57.9       |
|    success_rate         | 0.17        |
| time/                   |             |
|    fps                  | 616         |
|    iterations           | 102         |
|    time_elapsed         | 338         |
|    total_timesteps      | 208896      |
| train/                  |             |
|    approx_kl            | 0.016237631 |
|    clip_fraction        | 0.248       |
|    clip_range           | 0.2         |
|    entropy_loss         | -7.58       |
|    explained_variance   | 0.98        |
|    learning_rate        | 0.0003      |
|    loss                 | 0.159       |
|    n_updates            | 1010        |
|    policy_gradient_loss | -0.0167     |
|    std                  | 0.718       |
|    value_loss           | 0.724       |
-----------------------------------------
Eval num_timesteps=210000, episode_reward=-64.01 +/- 16.59
Episode length: 188.27 +/- 35.28
Success rate: 10.00%
-----------------------------------------
| eval/                   |             |
|    mean_ep_length       | 188         |
|    mean_reward          | -64         |
|    success_rate         | 0.1         |
| time/                   |             |
|    total_timesteps      | 210000      |
| train/                  |             |
|    approx_kl            | 0.016996961 |
|    clip_fraction        | 0.223       |
|    clip_range           | 0.2         |
|    entropy_loss         | -7.55       |
|    explained_variance   | 0.968       |
|    learning_rate        | 0.0003      |
|    loss                 | 0.117       |
|    n_updates            | 1020        |
|    policy_gradient_loss | -0.00793    |
|    std                  | 0.714       |
|    value_loss           | 1.03        |
-----------------------------------------
New best mean reward!
---------------------------------
| rollout/           |          |
|    ep_len_mean     | 180      |
|    ep_rew_mean     | -55.7    |
|    success_rate    | 0.21     |
| time/              |          |
|    fps             | 613      |
|    iterations      | 103      |
|    time_elapsed    | 344      |
|    total_timesteps | 210944   |
---------------------------------
-----------------------------------------
| rollout/                |             |
|    ep_len_mean          | 177         |
|    ep_rew_mean          | -54.2       |
|    success_rate         | 0.25        |
| time/                   |             |
|    fps                  | 615         |
|    iterations           | 104         |
|    time_elapsed         | 345         |
|    total_timesteps      | 212992      |
| train/                  |             |
|    approx_kl            | 0.017416893 |
|    clip_fraction        | 0.17        |
|    clip_range           | 0.2         |
|    entropy_loss         | -7.52       |
|    explained_variance   | 0.971       |
|    learning_rate        | 0.0003      |
|    loss                 | 0.956       |
|    n_updates            | 1030        |
|    policy_gradient_loss | -0.0106     |
|    std                  | 0.713       |
|    value_loss           | 1.84        |
-----------------------------------------
Eval num_timesteps=215000, episode_reward=-61.94 +/- 22.21
Episode length: 178.90 +/- 47.25
Success rate: 16.67%
-----------------------------------------
| eval/                   |             |
|    mean_ep_length       | 179         |
|    mean_reward          | -61.9       |
|    success_rate         | 0.167       |
| time/                   |             |
|    total_timesteps      | 215000      |
| train/                  |             |
|    approx_kl            | 0.015489676 |
|    clip_fraction        | 0.194       |
|    clip_range           | 0.2         |
|    entropy_loss         | -7.48       |
|    explained_variance   | 0.949       |
|    learning_rate        | 0.0003      |
|    loss                 | 1.37        |
|    n_updates            | 1040        |
|    policy_gradient_loss | -0.0113     |
|    std                  | 0.707       |
|    value_loss           | 1.94        |
-----------------------------------------
New best mean reward!
---------------------------------
| rollout/           |          |
|    ep_len_mean     | 177      |
|    ep_rew_mean     | -53.6    |
|    success_rate    | 0.25     |
| time/              |          |
|    fps             | 612      |
|    iterations      | 105      |
|    time_elapsed    | 350      |
|    total_timesteps | 215040   |
---------------------------------
-----------------------------------------
| rollout/                |             |
|    ep_len_mean          | 178         |
|    ep_rew_mean          | -54.4       |
|    success_rate         | 0.24        |
| time/                   |             |
|    fps                  | 615         |
|    iterations           | 106         |
|    time_elapsed         | 352         |
|    total_timesteps      | 217088      |
| train/                  |             |
|    approx_kl            | 0.016055156 |
|    clip_fraction        | 0.185       |
|    clip_range           | 0.2         |
|    entropy_loss         | -7.47       |
|    explained_variance   | 0.939       |
|    learning_rate        | 0.0003      |
|    loss                 | 2.23        |
|    n_updates            | 1050        |
|    policy_gradient_loss | -0.0105     |
|    std                  | 0.708       |
|    value_loss           | 1.71        |
-----------------------------------------
------------------------------------------
| rollout/                |              |
|    ep_len_mean          | 178          |
|    ep_rew_mean          | -54          |
|    success_rate         | 0.23         |
| time/                   |              |
|    fps                  | 617          |
|    iterations           | 107          |
|    time_elapsed         | 354          |
|    total_timesteps      | 219136       |
| train/                  |              |
|    approx_kl            | 0.0147047825 |
|    clip_fraction        | 0.177        |
|    clip_range           | 0.2          |
|    entropy_loss         | -7.46        |
|    explained_variance   | 0.967        |
|    learning_rate        | 0.0003       |
|    loss                 | 0.409        |
|    n_updates            | 1060         |
|    policy_gradient_loss | -0.0103      |
|    std                  | 0.707        |
|    value_loss           | 1.56         |
------------------------------------------
Eval num_timesteps=220000, episode_reward=-71.96 +/- 8.94
Episode length: 200.00 +/- 0.00
Success rate: 0.00%
------------------------------------------
| eval/                   |              |
|    mean_ep_length       | 200          |
|    mean_reward          | -72          |
|    success_rate         | 0            |
| time/                   |              |
|    total_timesteps      | 220000       |
| train/                  |              |
|    approx_kl            | 0.0145686455 |
|    clip_fraction        | 0.191        |
|    clip_range           | 0.2          |
|    entropy_loss         | -7.43        |
|    explained_variance   | 0.939        |
|    learning_rate        | 0.0003       |
|    loss                 | 1.97         |
|    n_updates            | 1070         |
|    policy_gradient_loss | -0.00819     |
|    std                  | 0.704        |
|    value_loss           | 1.68         |
------------------------------------------
---------------------------------
| rollout/           |          |
|    ep_len_mean     | 179      |
|    ep_rew_mean     | -54.6    |
|    success_rate    | 0.22     |
| time/              |          |
|    fps             | 613      |
|    iterations      | 108      |
|    time_elapsed    | 360      |
|    total_timesteps | 221184   |
---------------------------------
-----------------------------------------
| rollout/                |             |
|    ep_len_mean          | 179         |
|    ep_rew_mean          | -55.1       |
|    success_rate         | 0.21        |
| time/                   |             |
|    fps                  | 616         |
|    iterations           | 109         |
|    time_elapsed         | 362         |
|    total_timesteps      | 223232      |
| train/                  |             |
|    approx_kl            | 0.012319444 |
|    clip_fraction        | 0.191       |
|    clip_range           | 0.2         |
|    entropy_loss         | -7.4        |
|    explained_variance   | 0.966       |
|    learning_rate        | 0.0003      |
|    loss                 | 0.435       |
|    n_updates            | 1080        |
|    policy_gradient_loss | -0.0142     |
|    std                  | 0.7         |
|    value_loss           | 2.5         |
-----------------------------------------
Eval num_timesteps=225000, episode_reward=-61.58 +/- 12.69
Episode length: 189.93 +/- 28.25
Success rate: 13.33%
-----------------------------------------
| eval/                   |             |
|    mean_ep_length       | 190         |
|    mean_reward          | -61.6       |
|    success_rate         | 0.133       |
| time/                   |             |
|    total_timesteps      | 225000      |
| train/                  |             |
|    approx_kl            | 0.011911061 |
|    clip_fraction        | 0.153       |
|    clip_range           | 0.2         |
|    entropy_loss         | -7.37       |
|    explained_variance   | 0.837       |
|    learning_rate        | 0.0003      |
|    loss                 | 1.09        |
|    n_updates            | 1090        |
|    policy_gradient_loss | -0.0139     |
|    std                  | 0.698       |
|    value_loss           | 6.01        |
-----------------------------------------
New best mean reward!
---------------------------------
| rollout/           |          |
|    ep_len_mean     | 178      |
|    ep_rew_mean     | -54.3    |
|    success_rate    | 0.22     |
| time/              |          |
|    fps             | 613      |
|    iterations      | 110      |
|    time_elapsed    | 367      |
|    total_timesteps | 225280   |
---------------------------------
-----------------------------------------
| rollout/                |             |
|    ep_len_mean          | 178         |
|    ep_rew_mean          | -54.5       |
|    success_rate         | 0.22        |
| time/                   |             |
|    fps                  | 615         |
|    iterations           | 111         |
|    time_elapsed         | 369         |
|    total_timesteps      | 227328      |
| train/                  |             |
|    approx_kl            | 0.017004393 |
|    clip_fraction        | 0.176       |
|    clip_range           | 0.2         |
|    entropy_loss         | -7.35       |
|    explained_variance   | 0.941       |
|    learning_rate        | 0.0003      |
|    loss                 | 0.519       |
|    n_updates            | 1100        |
|    policy_gradient_loss | -0.0113     |
|    std                  | 0.697       |
|    value_loss           | 2.79        |
-----------------------------------------
-----------------------------------------
| rollout/                |             |
|    ep_len_mean          | 179         |
|    ep_rew_mean          | -54.1       |
|    success_rate         | 0.21        |
| time/                   |             |
|    fps                  | 617         |
|    iterations           | 112         |
|    time_elapsed         | 371         |
|    total_timesteps      | 229376      |
| train/                  |             |
|    approx_kl            | 0.014155503 |
|    clip_fraction        | 0.18        |
|    clip_range           | 0.2         |
|    entropy_loss         | -7.35       |
|    explained_variance   | 0.914       |
|    learning_rate        | 0.0003      |
|    loss                 | 0.627       |
|    n_updates            | 1110        |
|    policy_gradient_loss | -0.00991    |
|    std                  | 0.698       |
|    value_loss           | 2.86        |
-----------------------------------------
Eval num_timesteps=230000, episode_reward=-54.40 +/- 24.75
Episode length: 165.40 +/- 57.50
Success rate: 26.67%
-----------------------------------------
| eval/                   |             |
|    mean_ep_length       | 165         |
|    mean_reward          | -54.4       |
|    success_rate         | 0.267       |
| time/                   |             |
|    total_timesteps      | 230000      |
| train/                  |             |
|    approx_kl            | 0.012223234 |
|    clip_fraction        | 0.175       |
|    clip_range           | 0.2         |
|    entropy_loss         | -7.36       |
|    explained_variance   | 0.925       |
|    learning_rate        | 0.0003      |
|    loss                 | 2.33        |
|    n_updates            | 1120        |
|    policy_gradient_loss | -0.0088     |
|    std                  | 0.697       |
|    value_loss           | 3.76        |
-----------------------------------------
New best mean reward!
---------------------------------
| rollout/           |          |
|    ep_len_mean     | 182      |
|    ep_rew_mean     | -55.5    |
|    success_rate    | 0.17     |
| time/              |          |
|    fps             | 615      |
|    iterations      | 113      |
|    time_elapsed    | 376      |
|    total_timesteps | 231424   |
---------------------------------
-----------------------------------------
| rollout/                |             |
|    ep_len_mean          | 182         |
|    ep_rew_mean          | -55.9       |
|    success_rate         | 0.17        |
| time/                   |             |
|    fps                  | 617         |
|    iterations           | 114         |
|    time_elapsed         | 378         |
|    total_timesteps      | 233472      |
| train/                  |             |
|    approx_kl            | 0.025011636 |
|    clip_fraction        | 0.297       |
|    clip_range           | 0.2         |
|    entropy_loss         | -7.34       |
|    explained_variance   | 0.983       |
|    learning_rate        | 0.0003      |
|    loss                 | 0.0695      |
|    n_updates            | 1130        |
|    policy_gradient_loss | -0.00595    |
|    std                  | 0.695       |
|    value_loss           | 0.262       |
-----------------------------------------
Eval num_timesteps=235000, episode_reward=-68.37 +/- 10.56
Episode length: 196.43 +/- 19.21
Success rate: 3.33%
-----------------------------------------
| eval/                   |             |
|    mean_ep_length       | 196         |
|    mean_reward          | -68.4       |
|    success_rate         | 0.0333      |
| time/                   |             |
|    total_timesteps      | 235000      |
| train/                  |             |
|    approx_kl            | 0.012102926 |
|    clip_fraction        | 0.173       |
|    clip_range           | 0.2         |
|    entropy_loss         | -7.31       |
|    explained_variance   | 0.96        |
|    learning_rate        | 0.0003      |
|    loss                 | 0.463       |
|    n_updates            | 1140        |
|    policy_gradient_loss | -0.00962    |
|    std                  | 0.693       |
|    value_loss           | 3.12        |
-----------------------------------------
---------------------------------
| rollout/           |          |
|    ep_len_mean     | 184      |
|    ep_rew_mean     | -56      |
|    success_rate    | 0.15     |
| time/              |          |
|    fps             | 614      |
|    iterations      | 115      |
|    time_elapsed    | 383      |
|    total_timesteps | 235520   |
---------------------------------
-----------------------------------------
| rollout/                |             |
|    ep_len_mean          | 184         |
|    ep_rew_mean          | -56.4       |
|    success_rate         | 0.15        |
| time/                   |             |
|    fps                  | 616         |
|    iterations           | 116         |
|    time_elapsed         | 385         |
|    total_timesteps      | 237568      |
| train/                  |             |
|    approx_kl            | 0.020186784 |
|    clip_fraction        | 0.224       |
|    clip_range           | 0.2         |
|    entropy_loss         | -7.29       |
|    explained_variance   | 0.992       |
|    learning_rate        | 0.0003      |
|    loss                 | 0.0731      |
|    n_updates            | 1150        |
|    policy_gradient_loss | -0.00615    |
|    std                  | 0.692       |
|    value_loss           | 0.261       |
-----------------------------------------
----------------------------------------
| rollout/                |            |
|    ep_len_mean          | 183        |
|    ep_rew_mean          | -55.3      |
|    success_rate         | 0.17       |
| time/                   |            |
|    fps                  | 618        |
|    iterations           | 117        |
|    time_elapsed         | 387        |
|    total_timesteps      | 239616     |
| train/                  |            |
|    approx_kl            | 0.01664693 |
|    clip_fraction        | 0.173      |
|    clip_range           | 0.2        |
|    entropy_loss         | -7.27      |
|    explained_variance   | 0.972      |
|    learning_rate        | 0.0003     |
|    loss                 | 0.213      |
|    n_updates            | 1160       |
|    policy_gradient_loss | -0.0121    |
|    std                  | 0.688      |
|    value_loss           | 1.53       |
----------------------------------------
Eval num_timesteps=240000, episode_reward=-67.23 +/- 10.48
Episode length: 196.03 +/- 21.36
Success rate: 3.33%
-----------------------------------------
| eval/                   |             |
|    mean_ep_length       | 196         |
|    mean_reward          | -67.2       |
|    success_rate         | 0.0333      |
| time/                   |             |
|    total_timesteps      | 240000      |
| train/                  |             |
|    approx_kl            | 0.014484341 |
|    clip_fraction        | 0.173       |
|    clip_range           | 0.2         |
|    entropy_loss         | -7.22       |
|    explained_variance   | 0.963       |
|    learning_rate        | 0.0003      |
|    loss                 | 0.394       |
|    n_updates            | 1170        |
|    policy_gradient_loss | -0.00811    |
|    std                  | 0.683       |
|    value_loss           | 1.9         |
-----------------------------------------
---------------------------------
| rollout/           |          |
|    ep_len_mean     | 185      |
|    ep_rew_mean     | -56.3    |
|    success_rate    | 0.15     |
| time/              |          |
|    fps             | 615      |
|    iterations      | 118      |
|    time_elapsed    | 392      |
|    total_timesteps | 241664   |
---------------------------------
-----------------------------------------
| rollout/                |             |
|    ep_len_mean          | 182         |
|    ep_rew_mean          | -55.4       |
|    success_rate         | 0.17        |
| time/                   |             |
|    fps                  | 617         |
|    iterations           | 119         |
|    time_elapsed         | 394         |
|    total_timesteps      | 243712      |
| train/                  |             |
|    approx_kl            | 0.024827035 |
|    clip_fraction        | 0.22        |
|    clip_range           | 0.2         |
|    entropy_loss         | -7.16       |
|    explained_variance   | 0.973       |
|    learning_rate        | 0.0003      |
|    loss                 | 0.507       |
|    n_updates            | 1180        |
|    policy_gradient_loss | -0.00806    |
|    std                  | 0.677       |
|    value_loss           | 1.06        |
-----------------------------------------
Eval num_timesteps=245000, episode_reward=-64.42 +/- 13.75
Episode length: 190.17 +/- 28.90
Success rate: 13.33%
-----------------------------------------
| eval/                   |             |
|    mean_ep_length       | 190         |
|    mean_reward          | -64.4       |
|    success_rate         | 0.133       |
| time/                   |             |
|    total_timesteps      | 245000      |
| train/                  |             |
|    approx_kl            | 0.010908971 |
|    clip_fraction        | 0.15        |
|    clip_range           | 0.2         |
|    entropy_loss         | -7.13       |
|    explained_variance   | 0.907       |
|    learning_rate        | 0.0003      |
|    loss                 | 1.09        |
|    n_updates            | 1190        |
|    policy_gradient_loss | -0.0121     |
|    std                  | 0.677       |
|    value_loss           | 3.41        |
-----------------------------------------
---------------------------------
| rollout/           |          |
|    ep_len_mean     | 180      |
|    ep_rew_mean     | -54.9    |
|    success_rate    | 0.19     |
| time/              |          |
|    fps             | 614      |
|    iterations      | 120      |
|    time_elapsed    | 399      |
|    total_timesteps | 245760   |
---------------------------------
-----------------------------------------
| rollout/                |             |
|    ep_len_mean          | 179         |
|    ep_rew_mean          | -55.3       |
|    success_rate         | 0.2         |
| time/                   |             |
|    fps                  | 616         |
|    iterations           | 121         |
|    time_elapsed         | 401         |
|    total_timesteps      | 247808      |
| train/                  |             |
|    approx_kl            | 0.013513258 |
|    clip_fraction        | 0.162       |
|    clip_range           | 0.2         |
|    entropy_loss         | -7.14       |
|    explained_variance   | 0.934       |
|    learning_rate        | 0.0003      |
|    loss                 | 0.968       |
|    n_updates            | 1200        |
|    policy_gradient_loss | -0.0135     |
|    std                  | 0.677       |
|    value_loss           | 3.48        |
-----------------------------------------
-----------------------------------------
| rollout/                |             |
|    ep_len_mean          | 174         |
|    ep_rew_mean          | -53         |
|    success_rate         | 0.26        |
| time/                   |             |
|    fps                  | 618         |
|    iterations           | 122         |
|    time_elapsed         | 403         |
|    total_timesteps      | 249856      |
| train/                  |             |
|    approx_kl            | 0.018664952 |
|    clip_fraction        | 0.201       |
|    clip_range           | 0.2         |
|    entropy_loss         | -7.13       |
|    explained_variance   | 0.934       |
|    learning_rate        | 0.0003      |
|    loss                 | 0.635       |
|    n_updates            | 1210        |
|    policy_gradient_loss | -0.00968    |
|    std                  | 0.675       |
|    value_loss           | 3.4         |
-----------------------------------------
Eval num_timesteps=250000, episode_reward=-55.87 +/- 19.29
Episode length: 171.13 +/- 52.68
Success rate: 23.33%
-----------------------------------------
| eval/                   |             |
|    mean_ep_length       | 171         |
|    mean_reward          | -55.9       |
|    success_rate         | 0.233       |
| time/                   |             |
|    total_timesteps      | 250000      |
| train/                  |             |
|    approx_kl            | 0.014302539 |
|    clip_fraction        | 0.169       |
|    clip_range           | 0.2         |
|    entropy_loss         | -7.1        |
|    explained_variance   | 0.914       |
|    learning_rate        | 0.0003      |
|    loss                 | 0.692       |
|    n_updates            | 1220        |
|    policy_gradient_loss | -0.011      |
|    std                  | 0.671       |
|    value_loss           | 3.04        |
-----------------------------------------
---------------------------------
| rollout/           |          |
|    ep_len_mean     | 172      |
|    ep_rew_mean     | -52.5    |
|    success_rate    | 0.27     |
| time/              |          |
|    fps             | 615      |
|    iterations      | 123      |
|    time_elapsed    | 409      |
|    total_timesteps | 251904   |
---------------------------------
-----------------------------------------
| rollout/                |             |
|    ep_len_mean          | 172         |
|    ep_rew_mean          | -52.6       |
|    success_rate         | 0.28        |
| time/                   |             |
|    fps                  | 616         |
|    iterations           | 124         |
|    time_elapsed         | 411         |
|    total_timesteps      | 253952      |
| train/                  |             |
|    approx_kl            | 0.014806783 |
|    clip_fraction        | 0.196       |
|    clip_range           | 0.2         |
|    entropy_loss         | -7.07       |
|    explained_variance   | 0.917       |
|    learning_rate        | 0.0003      |
|    loss                 | 1.11        |
|    n_updates            | 1230        |
|    policy_gradient_loss | -0.0114     |
|    std                  | 0.671       |
|    value_loss           | 2.23        |
-----------------------------------------
Eval num_timesteps=255000, episode_reward=-49.07 +/- 23.13
Episode length: 153.70 +/- 58.41
Success rate: 40.00%
-----------------------------------------
| eval/                   |             |
|    mean_ep_length       | 154         |
|    mean_reward          | -49.1       |
|    success_rate         | 0.4         |
| time/                   |             |
|    total_timesteps      | 255000      |
| train/                  |             |
|    approx_kl            | 0.019313462 |
|    clip_fraction        | 0.213       |
|    clip_range           | 0.2         |
|    entropy_loss         | -7.07       |
|    explained_variance   | 0.961       |
|    learning_rate        | 0.0003      |
|    loss                 | 0.718       |
|    n_updates            | 1240        |
|    policy_gradient_loss | -0.0114     |
|    std                  | 0.671       |
|    value_loss           | 1.31        |
-----------------------------------------
New best mean reward!
---------------------------------
| rollout/           |          |
|    ep_len_mean     | 171      |
|    ep_rew_mean     | -52.1    |
|    success_rate    | 0.28     |
| time/              |          |
|    fps             | 612      |
|    iterations      | 125      |
|    time_elapsed    | 418      |
|    total_timesteps | 256000   |
---------------------------------
-----------------------------------------
| rollout/                |             |
|    ep_len_mean          | 168         |
|    ep_rew_mean          | -50.9       |
|    success_rate         | 0.3         |
| time/                   |             |
|    fps                  | 614         |
|    iterations           | 126         |
|    time_elapsed         | 420         |
|    total_timesteps      | 258048      |
| train/                  |             |
|    approx_kl            | 0.015615583 |
|    clip_fraction        | 0.228       |
|    clip_range           | 0.2         |
|    entropy_loss         | -7.05       |
|    explained_variance   | 0.942       |
|    learning_rate        | 0.0003      |
|    loss                 | 1.21        |
|    n_updates            | 1250        |
|    policy_gradient_loss | -0.00629    |
|    std                  | 0.667       |
|    value_loss           | 2.4         |
-----------------------------------------
Eval num_timesteps=260000, episode_reward=-58.23 +/- 19.49
Episode length: 174.53 +/- 51.12
Success rate: 20.00%
-----------------------------------------
| eval/                   |             |
|    mean_ep_length       | 175         |
|    mean_reward          | -58.2       |
|    success_rate         | 0.2         |
| time/                   |             |
|    total_timesteps      | 260000      |
| train/                  |             |
|    approx_kl            | 0.018668257 |
|    clip_fraction        | 0.213       |
|    clip_range           | 0.2         |
|    entropy_loss         | -7.01       |
|    explained_variance   | 0.93        |
|    learning_rate        | 0.0003      |
|    loss                 | 1.3         |
|    n_updates            | 1260        |
|    policy_gradient_loss | -0.00956    |
|    std                  | 0.664       |
|    value_loss           | 3.07        |
-----------------------------------------
---------------------------------
| rollout/           |          |
|    ep_len_mean     | 169      |
|    ep_rew_mean     | -50.8    |
|    success_rate    | 0.3      |
| time/              |          |
|    fps             | 611      |
|    iterations      | 127      |
|    time_elapsed    | 425      |
|    total_timesteps | 260096   |
---------------------------------
-----------------------------------------
| rollout/                |             |
|    ep_len_mean          | 173         |
|    ep_rew_mean          | -52.4       |
|    success_rate         | 0.27        |
| time/                   |             |
|    fps                  | 613         |
|    iterations           | 128         |
|    time_elapsed         | 427         |
|    total_timesteps      | 262144      |
| train/                  |             |
|    approx_kl            | 0.016013106 |
|    clip_fraction        | 0.222       |
|    clip_range           | 0.2         |
|    entropy_loss         | -6.96       |
|    explained_variance   | 0.929       |
|    learning_rate        | 0.0003      |
|    loss                 | 0.851       |
|    n_updates            | 1270        |
|    policy_gradient_loss | -0.00747    |
|    std                  | 0.657       |
|    value_loss           | 1.66        |
-----------------------------------------
-----------------------------------------
| rollout/                |             |
|    ep_len_mean          | 172         |
|    ep_rew_mean          | -51.4       |
|    success_rate         | 0.28        |
| time/                   |             |
|    fps                  | 615         |
|    iterations           | 129         |
|    time_elapsed         | 429         |
|    total_timesteps      | 264192      |
| train/                  |             |
|    approx_kl            | 0.019638091 |
|    clip_fraction        | 0.2         |
|    clip_range           | 0.2         |
|    entropy_loss         | -6.9        |
|    explained_variance   | 0.966       |
|    learning_rate        | 0.0003      |
|    loss                 | 0.274       |
|    n_updates            | 1280        |
|    policy_gradient_loss | -0.00857    |
|    std                  | 0.653       |
|    value_loss           | 1.83        |
-----------------------------------------
Eval num_timesteps=265000, episode_reward=-66.26 +/- 15.27
Episode length: 188.77 +/- 35.22
Success rate: 10.00%
-----------------------------------------
| eval/                   |             |
|    mean_ep_length       | 189         |
|    mean_reward          | -66.3       |
|    success_rate         | 0.1         |
| time/                   |             |
|    total_timesteps      | 265000      |
| train/                  |             |
|    approx_kl            | 0.024057075 |
|    clip_fraction        | 0.171       |
|    clip_range           | 0.2         |
|    entropy_loss         | -6.87       |
|    explained_variance   | 0.94        |
|    learning_rate        | 0.0003      |
|    loss                 | 1.45        |
|    n_updates            | 1290        |
|    policy_gradient_loss | -0.00627    |
|    std                  | 0.653       |
|    value_loss           | 3.1         |
-----------------------------------------
---------------------------------
| rollout/           |          |
|    ep_len_mean     | 176      |
|    ep_rew_mean     | -52.2    |
|    success_rate    | 0.26     |
| time/              |          |
|    fps             | 612      |
|    iterations      | 130      |
|    time_elapsed    | 434      |
|    total_timesteps | 266240   |
---------------------------------
-----------------------------------------
| rollout/                |             |
|    ep_len_mean          | 175         |
|    ep_rew_mean          | -52.5       |
|    success_rate         | 0.26        |
| time/                   |             |
|    fps                  | 613         |
|    iterations           | 131         |
|    time_elapsed         | 436         |
|    total_timesteps      | 268288      |
| train/                  |             |
|    approx_kl            | 0.020241342 |
|    clip_fraction        | 0.22        |
|    clip_range           | 0.2         |
|    entropy_loss         | -6.88       |
|    explained_variance   | 0.954       |
|    learning_rate        | 0.0003      |
|    loss                 | 0.24        |
|    n_updates            | 1300        |
|    policy_gradient_loss | -0.00928    |
|    std                  | 0.653       |
|    value_loss           | 1.84        |
-----------------------------------------
Eval num_timesteps=270000, episode_reward=-62.54 +/- 15.89
Episode length: 184.20 +/- 42.68
Success rate: 13.33%
-----------------------------------------
| eval/                   |             |
|    mean_ep_length       | 184         |
|    mean_reward          | -62.5       |
|    success_rate         | 0.133       |
| time/                   |             |
|    total_timesteps      | 270000      |
| train/                  |             |
|    approx_kl            | 0.020193761 |
|    clip_fraction        | 0.208       |
|    clip_range           | 0.2         |
|    entropy_loss         | -6.87       |
|    explained_variance   | 0.925       |
|    learning_rate        | 0.0003      |
|    loss                 | 0.538       |
|    n_updates            | 1310        |
|    policy_gradient_loss | -0.0165     |
|    std                  | 0.651       |
|    value_loss           | 1.9         |
-----------------------------------------
---------------------------------
| rollout/           |          |
|    ep_len_mean     | 173      |
|    ep_rew_mean     | -52.3    |
|    success_rate    | 0.27     |
| time/              |          |
|    fps             | 610      |
|    iterations      | 132      |
|    time_elapsed    | 442      |
|    total_timesteps | 270336   |
---------------------------------
-----------------------------------------
| rollout/                |             |
|    ep_len_mean          | 170         |
|    ep_rew_mean          | -51         |
|    success_rate         | 0.3         |
| time/                   |             |
|    fps                  | 612         |
|    iterations           | 133         |
|    time_elapsed         | 444         |
|    total_timesteps      | 272384      |
| train/                  |             |
|    approx_kl            | 0.017000102 |
|    clip_fraction        | 0.199       |
|    clip_range           | 0.2         |
|    entropy_loss         | -6.86       |
|    explained_variance   | 0.89        |
|    learning_rate        | 0.0003      |
|    loss                 | 2.04        |
|    n_updates            | 1320        |
|    policy_gradient_loss | -0.011      |
|    std                  | 0.652       |
|    value_loss           | 3.21        |
-----------------------------------------
-----------------------------------------
| rollout/                |             |
|    ep_len_mean          | 172         |
|    ep_rew_mean          | -52         |
|    success_rate         | 0.28        |
| time/                   |             |
|    fps                  | 614         |
|    iterations           | 134         |
|    time_elapsed         | 446         |
|    total_timesteps      | 274432      |
| train/                  |             |
|    approx_kl            | 0.014688675 |
|    clip_fraction        | 0.204       |
|    clip_range           | 0.2         |
|    entropy_loss         | -6.85       |
|    explained_variance   | 0.921       |
|    learning_rate        | 0.0003      |
|    loss                 | 0.565       |
|    n_updates            | 1330        |
|    policy_gradient_loss | -0.0145     |
|    std                  | 0.648       |
|    value_loss           | 3.15        |
-----------------------------------------
Eval num_timesteps=275000, episode_reward=-62.19 +/- 20.54
Episode length: 178.90 +/- 47.49
Success rate: 16.67%
-----------------------------------------
| eval/                   |             |
|    mean_ep_length       | 179         |
|    mean_reward          | -62.2       |
|    success_rate         | 0.167       |
| time/                   |             |
|    total_timesteps      | 275000      |
| train/                  |             |
|    approx_kl            | 0.020377155 |
|    clip_fraction        | 0.252       |
|    clip_range           | 0.2         |
|    entropy_loss         | -6.81       |
|    explained_variance   | 0.955       |
|    learning_rate        | 0.0003      |
|    loss                 | 0.143       |
|    n_updates            | 1340        |
|    policy_gradient_loss | -0.00771    |
|    std                  | 0.645       |
|    value_loss           | 0.598       |
-----------------------------------------
---------------------------------
| rollout/           |          |
|    ep_len_mean     | 175      |
|    ep_rew_mean     | -53.3    |
|    success_rate    | 0.26     |
| time/              |          |
|    fps             | 612      |
|    iterations      | 135      |
|    time_elapsed    | 451      |
|    total_timesteps | 276480   |
---------------------------------
----------------------------------------
| rollout/                |            |
|    ep_len_mean          | 174        |
|    ep_rew_mean          | -53.7      |
|    success_rate         | 0.26       |
| time/                   |            |
|    fps                  | 614        |
|    iterations           | 136        |
|    time_elapsed         | 453        |
|    total_timesteps      | 278528     |
| train/                  |            |
|    approx_kl            | 0.01653938 |
|    clip_fraction        | 0.208      |
|    clip_range           | 0.2        |
|    entropy_loss         | -6.79      |
|    explained_variance   | 0.975      |
|    learning_rate        | 0.0003     |
|    loss                 | 0.129      |
|    n_updates            | 1350       |
|    policy_gradient_loss | -0.00554   |
|    std                  | 0.643      |
|    value_loss           | 0.936      |
----------------------------------------
Eval num_timesteps=280000, episode_reward=-63.83 +/- 21.02
Episode length: 181.57 +/- 47.09
Success rate: 13.33%
-----------------------------------------
| eval/                   |             |
|    mean_ep_length       | 182         |
|    mean_reward          | -63.8       |
|    success_rate         | 0.133       |
| time/                   |             |
|    total_timesteps      | 280000      |
| train/                  |             |
|    approx_kl            | 0.013557332 |
|    clip_fraction        | 0.175       |
|    clip_range           | 0.2         |
|    entropy_loss         | -6.77       |
|    explained_variance   | 0.945       |
|    learning_rate        | 0.0003      |
|    loss                 | 1.11        |
|    n_updates            | 1360        |
|    policy_gradient_loss | -0.0093     |
|    std                  | 0.642       |
|    value_loss           | 3.37        |
-----------------------------------------
---------------------------------
| rollout/           |          |
|    ep_len_mean     | 173      |
|    ep_rew_mean     | -53.2    |
|    success_rate    | 0.26     |
| time/              |          |
|    fps             | 612      |
|    iterations      | 137      |
|    time_elapsed    | 458      |
|    total_timesteps | 280576   |
---------------------------------
-----------------------------------------
| rollout/                |             |
|    ep_len_mean          | 175         |
|    ep_rew_mean          | -54         |
|    success_rate         | 0.24        |
| time/                   |             |
|    fps                  | 613         |
|    iterations           | 138         |
|    time_elapsed         | 460         |
|    total_timesteps      | 282624      |
| train/                  |             |
|    approx_kl            | 0.021099033 |
|    clip_fraction        | 0.205       |
|    clip_range           | 0.2         |
|    entropy_loss         | -6.77       |
|    explained_variance   | 0.878       |
|    learning_rate        | 0.0003      |
|    loss                 | 0.304       |
|    n_updates            | 1370        |
|    policy_gradient_loss | -0.00859    |
|    std                  | 0.643       |
|    value_loss           | 1.97        |
-----------------------------------------
-----------------------------------------
| rollout/                |             |
|    ep_len_mean          | 176         |
|    ep_rew_mean          | -54         |
|    success_rate         | 0.23        |
| time/                   |             |
|    fps                  | 615         |
|    iterations           | 139         |
|    time_elapsed         | 462         |
|    total_timesteps      | 284672      |
| train/                  |             |
|    approx_kl            | 0.013566105 |
|    clip_fraction        | 0.169       |
|    clip_range           | 0.2         |
|    entropy_loss         | -6.76       |
|    explained_variance   | 0.927       |
|    learning_rate        | 0.0003      |
|    loss                 | 0.296       |
|    n_updates            | 1380        |
|    policy_gradient_loss | -0.00893    |
|    std                  | 0.64        |
|    value_loss           | 2.35        |
-----------------------------------------
Eval num_timesteps=285000, episode_reward=-56.09 +/- 21.67
Episode length: 174.20 +/- 48.98
Success rate: 23.33%
-----------------------------------------
| eval/                   |             |
|    mean_ep_length       | 174         |
|    mean_reward          | -56.1       |
|    success_rate         | 0.233       |
| time/                   |             |
|    total_timesteps      | 285000      |
| train/                  |             |
|    approx_kl            | 0.014718968 |
|    clip_fraction        | 0.17        |
|    clip_range           | 0.2         |
|    entropy_loss         | -6.73       |
|    explained_variance   | 0.95        |
|    learning_rate        | 0.0003      |
|    loss                 | 0.211       |
|    n_updates            | 1390        |
|    policy_gradient_loss | -0.00872    |
|    std                  | 0.637       |
|    value_loss           | 2.18        |
-----------------------------------------
---------------------------------
| rollout/           |          |
|    ep_len_mean     | 175      |
|    ep_rew_mean     | -53.8    |
|    success_rate    | 0.23     |
| time/              |          |
|    fps             | 613      |
|    iterations      | 140      |
|    time_elapsed    | 467      |
|    total_timesteps | 286720   |
---------------------------------
-----------------------------------------
| rollout/                |             |
|    ep_len_mean          | 177         |
|    ep_rew_mean          | -53.8       |
|    success_rate         | 0.22        |
| time/                   |             |
|    fps                  | 615         |
|    iterations           | 141         |
|    time_elapsed         | 469         |
|    total_timesteps      | 288768      |
| train/                  |             |
|    approx_kl            | 0.017822132 |
|    clip_fraction        | 0.187       |
|    clip_range           | 0.2         |
|    entropy_loss         | -6.73       |
|    explained_variance   | 0.964       |
|    learning_rate        | 0.0003      |
|    loss                 | 1.28        |
|    n_updates            | 1400        |
|    policy_gradient_loss | -0.00655    |
|    std                  | 0.639       |
|    value_loss           | 2.03        |
-----------------------------------------
Eval num_timesteps=290000, episode_reward=-60.75 +/- 22.63
Episode length: 179.33 +/- 46.27
Success rate: 16.67%
------------------------------------------
| eval/                   |              |
|    mean_ep_length       | 179          |
|    mean_reward          | -60.8        |
|    success_rate         | 0.167        |
| time/                   |              |
|    total_timesteps      | 290000       |
| train/                  |              |
|    approx_kl            | 0.0150970295 |
|    clip_fraction        | 0.184        |
|    clip_range           | 0.2          |
|    entropy_loss         | -6.72        |
|    explained_variance   | 0.919        |
|    learning_rate        | 0.0003       |
|    loss                 | 1.07         |
|    n_updates            | 1410         |
|    policy_gradient_loss | -0.00983     |
|    std                  | 0.635        |
|    value_loss           | 3.48         |
------------------------------------------
---------------------------------
| rollout/           |          |
|    ep_len_mean     | 179      |
|    ep_rew_mean     | -54.7    |
|    success_rate    | 0.2      |
| time/              |          |
|    fps             | 613      |
|    iterations      | 142      |
|    time_elapsed    | 474      |
|    total_timesteps | 290816   |
---------------------------------
-----------------------------------------
| rollout/                |             |
|    ep_len_mean          | 179         |
|    ep_rew_mean          | -54.9       |
|    success_rate         | 0.2         |
| time/                   |             |
|    fps                  | 614         |
|    iterations           | 143         |
|    time_elapsed         | 476         |
|    total_timesteps      | 292864      |
| train/                  |             |
|    approx_kl            | 0.016299393 |
|    clip_fraction        | 0.194       |
|    clip_range           | 0.2         |
|    entropy_loss         | -6.67       |
|    explained_variance   | 0.941       |
|    learning_rate        | 0.0003      |
|    loss                 | 0.688       |
|    n_updates            | 1420        |
|    policy_gradient_loss | -0.00704    |
|    std                  | 0.629       |
|    value_loss           | 1.6         |
-----------------------------------------
-----------------------------------------
| rollout/                |             |
|    ep_len_mean          | 179         |
|    ep_rew_mean          | -54.6       |
|    success_rate         | 0.2         |
| time/                   |             |
|    fps                  | 616         |
|    iterations           | 144         |
|    time_elapsed         | 478         |
|    total_timesteps      | 294912      |
| train/                  |             |
|    approx_kl            | 0.019882187 |
|    clip_fraction        | 0.275       |
|    clip_range           | 0.2         |
|    entropy_loss         | -6.64       |
|    explained_variance   | 0.992       |
|    learning_rate        | 0.0003      |
|    loss                 | 0.0274      |
|    n_updates            | 1430        |
|    policy_gradient_loss | -0.00768    |
|    std                  | 0.63        |
|    value_loss           | 0.193       |
-----------------------------------------
Eval num_timesteps=295000, episode_reward=-55.64 +/- 18.79
Episode length: 179.33 +/- 46.40
Success rate: 16.67%
-----------------------------------------
| eval/                   |             |
|    mean_ep_length       | 179         |
|    mean_reward          | -55.6       |
|    success_rate         | 0.167       |
| time/                   |             |
|    total_timesteps      | 295000      |
| train/                  |             |
|    approx_kl            | 0.019560575 |
|    clip_fraction        | 0.22        |
|    clip_range           | 0.2         |
|    entropy_loss         | -6.62       |
|    explained_variance   | 0.977       |
|    learning_rate        | 0.0003      |
|    loss                 | 0.0796      |
|    n_updates            | 1440        |
|    policy_gradient_loss | -0.00917    |
|    std                  | 0.627       |
|    value_loss           | 1.02        |
-----------------------------------------
---------------------------------
| rollout/           |          |
|    ep_len_mean     | 178      |
|    ep_rew_mean     | -54.1    |
|    success_rate    | 0.22     |
| time/              |          |
|    fps             | 614      |
|    iterations      | 145      |
|    time_elapsed    | 483      |
|    total_timesteps | 296960   |
---------------------------------
-----------------------------------------
| rollout/                |             |
|    ep_len_mean          | 177         |
|    ep_rew_mean          | -54.2       |
|    success_rate         | 0.23        |
| time/                   |             |
|    fps                  | 616         |
|    iterations           | 146         |
|    time_elapsed         | 485         |
|    total_timesteps      | 299008      |
| train/                  |             |
|    approx_kl            | 0.015024635 |
|    clip_fraction        | 0.182       |
|    clip_range           | 0.2         |
|    entropy_loss         | -6.59       |
|    explained_variance   | 0.918       |
|    learning_rate        | 0.0003      |
|    loss                 | 1.84        |
|    n_updates            | 1450        |
|    policy_gradient_loss | -0.0105     |
|    std                  | 0.623       |
|    value_loss           | 4.04        |
-----------------------------------------
Eval num_timesteps=300000, episode_reward=-54.23 +/- 23.81
Episode length: 167.13 +/- 54.20
Success rate: 30.00%
-----------------------------------------
| eval/                   |             |
|    mean_ep_length       | 167         |
|    mean_reward          | -54.2       |
|    success_rate         | 0.3         |
| time/                   |             |
|    total_timesteps      | 300000      |
| train/                  |             |
|    approx_kl            | 0.013885275 |
|    clip_fraction        | 0.152       |
|    clip_range           | 0.2         |
|    entropy_loss         | -6.56       |
|    explained_variance   | 0.931       |
|    learning_rate        | 0.0003      |
|    loss                 | 0.301       |
|    n_updates            | 1460        |
|    policy_gradient_loss | -0.00787    |
|    std                  | 0.622       |
|    value_loss           | 3.48        |
-----------------------------------------
---------------------------------
| rollout/           |          |
|    ep_len_mean     | 180      |
|    ep_rew_mean     | -55.1    |
|    success_rate    | 0.21     |
| time/              |          |
|    fps             | 614      |
|    iterations      | 147      |
|    time_elapsed    | 489      |
|    total_timesteps | 301056   |
---------------------------------
---------------------------------------
| rollout/                |           |
|    ep_len_mean          | 176       |
|    ep_rew_mean          | -53.8     |
|    success_rate         | 0.24      |
| time/                   |           |
|    fps                  | 616       |
|    iterations           | 148       |
|    time_elapsed         | 491       |
|    total_timesteps      | 303104    |
| train/                  |           |
|    approx_kl            | 0.0208808 |
|    clip_fraction        | 0.24      |
|    clip_range           | 0.2       |
|    entropy_loss         | -6.55     |
|    explained_variance   | 0.978     |
|    learning_rate        | 0.0003    |
|    loss                 | 0.0677    |
|    n_updates            | 1470      |
|    policy_gradient_loss | -0.0107   |
|    std                  | 0.622     |
|    value_loss           | 0.37      |
---------------------------------------
Eval num_timesteps=305000, episode_reward=-56.42 +/- 21.02
Episode length: 170.80 +/- 50.80
Success rate: 26.67%
-----------------------------------------
| eval/                   |             |
|    mean_ep_length       | 171         |
|    mean_reward          | -56.4       |
|    success_rate         | 0.267       |
| time/                   |             |
|    total_timesteps      | 305000      |
| train/                  |             |
|    approx_kl            | 0.011279779 |
|    clip_fraction        | 0.156       |
|    clip_range           | 0.2         |
|    entropy_loss         | -6.54       |
|    explained_variance   | 0.892       |
|    learning_rate        | 0.0003      |
|    loss                 | 2.25        |
|    n_updates            | 1480        |
|    policy_gradient_loss | -0.011      |
|    std                  | 0.621       |
|    value_loss           | 5.2         |
-----------------------------------------
---------------------------------
| rollout/           |          |
|    ep_len_mean     | 176      |
|    ep_rew_mean     | -53.4    |
|    success_rate    | 0.24     |
| time/              |          |
|    fps             | 614      |
|    iterations      | 149      |
|    time_elapsed    | 496      |
|    total_timesteps | 305152   |
---------------------------------
-----------------------------------------
| rollout/                |             |
|    ep_len_mean          | 178         |
|    ep_rew_mean          | -54.4       |
|    success_rate         | 0.22        |
| time/                   |             |
|    fps                  | 615         |
|    iterations           | 150         |
|    time_elapsed         | 498         |
|    total_timesteps      | 307200      |
| train/                  |             |
|    approx_kl            | 0.014511446 |
|    clip_fraction        | 0.174       |
|    clip_range           | 0.2         |
|    entropy_loss         | -6.53       |
|    explained_variance   | 0.927       |
|    learning_rate        | 0.0003      |
|    loss                 | 1.24        |
|    n_updates            | 1490        |
|    policy_gradient_loss | -0.0105     |
|    std                  | 0.617       |
|    value_loss           | 3.92        |
-----------------------------------------
-----------------------------------------
| rollout/                |             |
|    ep_len_mean          | 176         |
|    ep_rew_mean          | -53.8       |
|    success_rate         | 0.24        |
| time/                   |             |
|    fps                  | 617         |
|    iterations           | 151         |
|    time_elapsed         | 500         |
|    total_timesteps      | 309248      |
| train/                  |             |
|    approx_kl            | 0.016668532 |
|    clip_fraction        | 0.19        |
|    clip_range           | 0.2         |
|    entropy_loss         | -6.51       |
|    explained_variance   | 0.943       |
|    learning_rate        | 0.0003      |
|    loss                 | 2.67        |
|    n_updates            | 1500        |
|    policy_gradient_loss | -0.00964    |
|    std                  | 0.619       |
|    value_loss           | 2.21        |
-----------------------------------------
Eval num_timesteps=310000, episode_reward=-50.01 +/- 19.90
Episode length: 161.27 +/- 59.46
Success rate: 30.00%
-----------------------------------------
| eval/                   |             |
|    mean_ep_length       | 161         |
|    mean_reward          | -50         |
|    success_rate         | 0.3         |
| time/                   |             |
|    total_timesteps      | 310000      |
| train/                  |             |
|    approx_kl            | 0.019035492 |
|    clip_fraction        | 0.2         |
|    clip_range           | 0.2         |
|    entropy_loss         | -6.5        |
|    explained_variance   | 0.928       |
|    learning_rate        | 0.0003      |
|    loss                 | 0.412       |
|    n_updates            | 1510        |
|    policy_gradient_loss | -0.011      |
|    std                  | 0.615       |
|    value_loss           | 3.04        |
-----------------------------------------
---------------------------------
| rollout/           |          |
|    ep_len_mean     | 172      |
|    ep_rew_mean     | -51.8    |
|    success_rate    | 0.27     |
| time/              |          |
|    fps             | 615      |
|    iterations      | 152      |
|    time_elapsed    | 505      |
|    total_timesteps | 311296   |
---------------------------------
-----------------------------------------
| rollout/                |             |
|    ep_len_mean          | 172         |
|    ep_rew_mean          | -51.3       |
|    success_rate         | 0.27        |
| time/                   |             |
|    fps                  | 617         |
|    iterations           | 153         |
|    time_elapsed         | 507         |
|    total_timesteps      | 313344      |
| train/                  |             |
|    approx_kl            | 0.015052613 |
|    clip_fraction        | 0.184       |
|    clip_range           | 0.2         |
|    entropy_loss         | -6.48       |
|    explained_variance   | 0.912       |
|    learning_rate        | 0.0003      |
|    loss                 | 0.881       |
|    n_updates            | 1520        |
|    policy_gradient_loss | -0.0123     |
|    std                  | 0.616       |
|    value_loss           | 3.28        |
-----------------------------------------
Eval num_timesteps=315000, episode_reward=-44.68 +/- 21.55
Episode length: 148.07 +/- 62.19
Success rate: 46.67%
-----------------------------------------
| eval/                   |             |
|    mean_ep_length       | 148         |
|    mean_reward          | -44.7       |
|    success_rate         | 0.467       |
| time/                   |             |
|    total_timesteps      | 315000      |
| train/                  |             |
|    approx_kl            | 0.020402435 |
|    clip_fraction        | 0.22        |
|    clip_range           | 0.2         |
|    entropy_loss         | -6.46       |
|    explained_variance   | 0.935       |
|    learning_rate        | 0.0003      |
|    loss                 | 0.813       |
|    n_updates            | 1530        |
|    policy_gradient_loss | -0.0115     |
|    std                  | 0.612       |
|    value_loss           | 1.42        |
-----------------------------------------
New best mean reward!
---------------------------------
| rollout/           |          |
|    ep_len_mean     | 174      |
|    ep_rew_mean     | -52.4    |
|    success_rate    | 0.25     |
| time/              |          |
|    fps             | 615      |
|    iterations      | 154      |
|    time_elapsed    | 512      |
|    total_timesteps | 315392   |
---------------------------------
-----------------------------------------
| rollout/                |             |
|    ep_len_mean          | 174         |
|    ep_rew_mean          | -52         |
|    success_rate         | 0.25        |
| time/                   |             |
|    fps                  | 616         |
|    iterations           | 155         |
|    time_elapsed         | 514         |
|    total_timesteps      | 317440      |
| train/                  |             |
|    approx_kl            | 0.026021255 |
|    clip_fraction        | 0.295       |
|    clip_range           | 0.2         |
|    entropy_loss         | -6.42       |
|    explained_variance   | 0.964       |
|    learning_rate        | 0.0003      |
|    loss                 | 0.0479      |
|    n_updates            | 1540        |
|    policy_gradient_loss | -0.00385    |
|    std                  | 0.609       |
|    value_loss           | 0.37        |
-----------------------------------------
-----------------------------------------
| rollout/                |             |
|    ep_len_mean          | 174         |
|    ep_rew_mean          | -52.2       |
|    success_rate         | 0.25        |
| time/                   |             |
|    fps                  | 618         |
|    iterations           | 156         |
|    time_elapsed         | 516         |
|    total_timesteps      | 319488      |
| train/                  |             |
|    approx_kl            | 0.016343772 |
|    clip_fraction        | 0.193       |
|    clip_range           | 0.2         |
|    entropy_loss         | -6.38       |
|    explained_variance   | 0.925       |
|    learning_rate        | 0.0003      |
|    loss                 | 0.803       |
|    n_updates            | 1550        |
|    policy_gradient_loss | -0.0134     |
|    std                  | 0.605       |
|    value_loss           | 2.26        |
-----------------------------------------
Eval num_timesteps=320000, episode_reward=-50.23 +/- 19.65
Episode length: 168.70 +/- 53.98
Success rate: 26.67%
----------------------------------------
| eval/                   |            |
|    mean_ep_length       | 169        |
|    mean_reward          | -50.2      |
|    success_rate         | 0.267      |
| time/                   |            |
|    total_timesteps      | 320000     |
| train/                  |            |
|    approx_kl            | 0.01724387 |
|    clip_fraction        | 0.204      |
|    clip_range           | 0.2        |
|    entropy_loss         | -6.37      |
|    explained_variance   | 0.964      |
|    learning_rate        | 0.0003     |
|    loss                 | 0.358      |
|    n_updates            | 1560       |
|    policy_gradient_loss | -0.00873   |
|    std                  | 0.606      |
|    value_loss           | 1.93       |
----------------------------------------
---------------------------------
| rollout/           |          |
|    ep_len_mean     | 174      |
|    ep_rew_mean     | -51.4    |
|    success_rate    | 0.27     |
| time/              |          |
|    fps             | 616      |
|    iterations      | 157      |
|    time_elapsed    | 521      |
|    total_timesteps | 321536   |
---------------------------------
----------------------------------------
| rollout/                |            |
|    ep_len_mean          | 176        |
|    ep_rew_mean          | -51.9      |
|    success_rate         | 0.26       |
| time/                   |            |
|    fps                  | 618        |
|    iterations           | 158        |
|    time_elapsed         | 523        |
|    total_timesteps      | 323584     |
| train/                  |            |
|    approx_kl            | 0.01946715 |
|    clip_fraction        | 0.247      |
|    clip_range           | 0.2        |
|    entropy_loss         | -6.37      |
|    explained_variance   | 0.977      |
|    learning_rate        | 0.0003     |
|    loss                 | 0.125      |
|    n_updates            | 1570       |
|    policy_gradient_loss | -0.0122    |
|    std                  | 0.605      |
|    value_loss           | 0.686      |
----------------------------------------
Eval num_timesteps=325000, episode_reward=-59.65 +/- 17.29
Episode length: 184.13 +/- 37.33
Success rate: 20.00%
----------------------------------------
| eval/                   |            |
|    mean_ep_length       | 184        |
|    mean_reward          | -59.6      |
|    success_rate         | 0.2        |
| time/                   |            |
|    total_timesteps      | 325000     |
| train/                  |            |
|    approx_kl            | 0.01356752 |
|    clip_fraction        | 0.172      |
|    clip_range           | 0.2        |
|    entropy_loss         | -6.37      |
|    explained_variance   | 0.965      |
|    learning_rate        | 0.0003     |
|    loss                 | 0.42       |
|    n_updates            | 1580       |
|    policy_gradient_loss | -0.00679   |
|    std                  | 0.606      |
|    value_loss           | 1.23       |
----------------------------------------
---------------------------------
| rollout/           |          |
|    ep_len_mean     | 172      |
|    ep_rew_mean     | -50.4    |
|    success_rate    | 0.29     |
| time/              |          |
|    fps             | 616      |
|    iterations      | 159      |
|    time_elapsed    | 528      |
|    total_timesteps | 325632   |
---------------------------------
-----------------------------------------
| rollout/                |             |
|    ep_len_mean          | 173         |
|    ep_rew_mean          | -50.5       |
|    success_rate         | 0.28        |
| time/                   |             |
|    fps                  | 617         |
|    iterations           | 160         |
|    time_elapsed         | 530         |
|    total_timesteps      | 327680      |
| train/                  |             |
|    approx_kl            | 0.013530057 |
|    clip_fraction        | 0.163       |
|    clip_range           | 0.2         |
|    entropy_loss         | -6.36       |
|    explained_variance   | 0.866       |
|    learning_rate        | 0.0003      |
|    loss                 | 0.734       |
|    n_updates            | 1590        |
|    policy_gradient_loss | -0.0125     |
|    std                  | 0.603       |
|    value_loss           | 2.56        |
-----------------------------------------
-----------------------------------------
| rollout/                |             |
|    ep_len_mean          | 171         |
|    ep_rew_mean          | -49.9       |
|    success_rate         | 0.31        |
| time/                   |             |
|    fps                  | 619         |
|    iterations           | 161         |
|    time_elapsed         | 532         |
|    total_timesteps      | 329728      |
| train/                  |             |
|    approx_kl            | 0.016195945 |
|    clip_fraction        | 0.205       |
|    clip_range           | 0.2         |
|    entropy_loss         | -6.35       |
|    explained_variance   | 0.9         |
|    learning_rate        | 0.0003      |
|    loss                 | 0.058       |
|    n_updates            | 1600        |
|    policy_gradient_loss | -0.00851    |
|    std                  | 0.605       |
|    value_loss           | 1.52        |
-----------------------------------------
Eval num_timesteps=330000, episode_reward=-64.16 +/- 13.93
Episode length: 191.20 +/- 30.49
Success rate: 10.00%
-----------------------------------------
| eval/                   |             |
|    mean_ep_length       | 191         |
|    mean_reward          | -64.2       |
|    success_rate         | 0.1         |
| time/                   |             |
|    total_timesteps      | 330000      |
| train/                  |             |
|    approx_kl            | 0.014370055 |
|    clip_fraction        | 0.179       |
|    clip_range           | 0.2         |
|    entropy_loss         | -6.36       |
|    explained_variance   | 0.942       |
|    learning_rate        | 0.0003      |
|    loss                 | 0.613       |
|    n_updates            | 1610        |
|    policy_gradient_loss | -0.0104     |
|    std                  | 0.605       |
|    value_loss           | 2.24        |
-----------------------------------------
---------------------------------
| rollout/           |          |
|    ep_len_mean     | 170      |
|    ep_rew_mean     | -49.4    |
|    success_rate    | 0.33     |
| time/              |          |
|    fps             | 617      |
|    iterations      | 162      |
|    time_elapsed    | 537      |
|    total_timesteps | 331776   |
---------------------------------
------------------------------------------
| rollout/                |              |
|    ep_len_mean          | 170          |
|    ep_rew_mean          | -49.7        |
|    success_rate         | 0.32         |
| time/                   |              |
|    fps                  | 618          |
|    iterations           | 163          |
|    time_elapsed         | 539          |
|    total_timesteps      | 333824       |
| train/                  |              |
|    approx_kl            | 0.0121503305 |
|    clip_fraction        | 0.17         |
|    clip_range           | 0.2          |
|    entropy_loss         | -6.36        |
|    explained_variance   | 0.926        |
|    learning_rate        | 0.0003       |
|    loss                 | 0.375        |
|    n_updates            | 1620         |
|    policy_gradient_loss | -0.0128      |
|    std                  | 0.604        |
|    value_loss           | 2.46         |
------------------------------------------
Eval num_timesteps=335000, episode_reward=-54.32 +/- 20.21
Episode length: 170.97 +/- 50.26
Success rate: 26.67%
-----------------------------------------
| eval/                   |             |
|    mean_ep_length       | 171         |
|    mean_reward          | -54.3       |
|    success_rate         | 0.267       |
| time/                   |             |
|    total_timesteps      | 335000      |
| train/                  |             |
|    approx_kl            | 0.017591089 |
|    clip_fraction        | 0.204       |
|    clip_range           | 0.2         |
|    entropy_loss         | -6.35       |
|    explained_variance   | 0.964       |
|    learning_rate        | 0.0003      |
|    loss                 | 0.939       |
|    n_updates            | 1630        |
|    policy_gradient_loss | -0.0065     |
|    std                  | 0.604       |
|    value_loss           | 1.62        |
-----------------------------------------
---------------------------------
| rollout/           |          |
|    ep_len_mean     | 167      |
|    ep_rew_mean     | -48.3    |
|    success_rate    | 0.35     |
| time/              |          |
|    fps             | 616      |
|    iterations      | 164      |
|    time_elapsed    | 544      |
|    total_timesteps | 335872   |
---------------------------------
----------------------------------------
| rollout/                |            |
|    ep_len_mean          | 164        |
|    ep_rew_mean          | -47.9      |
|    success_rate         | 0.36       |
| time/                   |            |
|    fps                  | 618        |
|    iterations           | 165        |
|    time_elapsed         | 546        |
|    total_timesteps      | 337920     |
| train/                  |            |
|    approx_kl            | 0.01375154 |
|    clip_fraction        | 0.158      |
|    clip_range           | 0.2        |
|    entropy_loss         | -6.34      |
|    explained_variance   | 0.889      |
|    learning_rate        | 0.0003     |
|    loss                 | 1.89       |
|    n_updates            | 1640       |
|    policy_gradient_loss | -0.00938   |
|    std                  | 0.602      |
|    value_loss           | 4.73       |
----------------------------------------
-----------------------------------------
| rollout/                |             |
|    ep_len_mean          | 166         |
|    ep_rew_mean          | -49.2       |
|    success_rate         | 0.34        |
| time/                   |             |
|    fps                  | 619         |
|    iterations           | 166         |
|    time_elapsed         | 548         |
|    total_timesteps      | 339968      |
| train/                  |             |
|    approx_kl            | 0.016206997 |
|    clip_fraction        | 0.179       |
|    clip_range           | 0.2         |
|    entropy_loss         | -6.31       |
|    explained_variance   | 0.905       |
|    learning_rate        | 0.0003      |
|    loss                 | 0.702       |
|    n_updates            | 1650        |
|    policy_gradient_loss | -0.0109     |
|    std                  | 0.599       |
|    value_loss           | 3.95        |
-----------------------------------------
Eval num_timesteps=340000, episode_reward=-47.86 +/- 19.65
Episode length: 158.60 +/- 54.87
Success rate: 43.33%
----------------------------------------
| eval/                   |            |
|    mean_ep_length       | 159        |
|    mean_reward          | -47.9      |
|    success_rate         | 0.433      |
| time/                   |            |
|    total_timesteps      | 340000     |
| train/                  |            |
|    approx_kl            | 0.02307875 |
|    clip_fraction        | 0.269      |
|    clip_range           | 0.2        |
|    entropy_loss         | -6.29      |
|    explained_variance   | 0.979      |
|    learning_rate        | 0.0003     |
|    loss                 | 0.0636     |
|    n_updates            | 1660       |
|    policy_gradient_loss | -0.00914   |
|    std                  | 0.599      |
|    value_loss           | 0.454      |
----------------------------------------
---------------------------------
| rollout/           |          |
|    ep_len_mean     | 168      |
|    ep_rew_mean     | -49.9    |
|    success_rate    | 0.32     |
| time/              |          |
|    fps             | 617      |
|    iterations      | 167      |
|    time_elapsed    | 553      |
|    total_timesteps | 342016   |
---------------------------------
-----------------------------------------
| rollout/                |             |
|    ep_len_mean          | 172         |
|    ep_rew_mean          | -51.2       |
|    success_rate         | 0.29        |
| time/                   |             |
|    fps                  | 619         |
|    iterations           | 168         |
|    time_elapsed         | 555         |
|    total_timesteps      | 344064      |
| train/                  |             |
|    approx_kl            | 0.019691609 |
|    clip_fraction        | 0.272       |
|    clip_range           | 0.2         |
|    entropy_loss         | -6.27       |
|    explained_variance   | 0.976       |
|    learning_rate        | 0.0003      |
|    loss                 | 0.147       |
|    n_updates            | 1670        |
|    policy_gradient_loss | -0.0122     |
|    std                  | 0.597       |
|    value_loss           | 1.02        |
-----------------------------------------
Eval num_timesteps=345000, episode_reward=-41.68 +/- 21.31
Episode length: 142.43 +/- 60.00
Success rate: 50.00%
-----------------------------------------
| eval/                   |             |
|    mean_ep_length       | 142         |
|    mean_reward          | -41.7       |
|    success_rate         | 0.5         |
| time/                   |             |
|    total_timesteps      | 345000      |
| train/                  |             |
|    approx_kl            | 0.022922266 |
|    clip_fraction        | 0.262       |
|    clip_range           | 0.2         |
|    entropy_loss         | -6.23       |
|    explained_variance   | 0.985       |
|    learning_rate        | 0.0003      |
|    loss                 | 0.0726      |
|    n_updates            | 1680        |
|    policy_gradient_loss | -0.00701    |
|    std                  | 0.593       |
|    value_loss           | 0.419       |
-----------------------------------------
New best mean reward!
---------------------------------
| rollout/           |          |
|    ep_len_mean     | 172      |
|    ep_rew_mean     | -51.2    |
|    success_rate    | 0.29     |
| time/              |          |
|    fps             | 618      |
|    iterations      | 169      |
|    time_elapsed    | 559      |
|    total_timesteps | 346112   |
---------------------------------
----------------------------------------
| rollout/                |            |
|    ep_len_mean          | 173        |
|    ep_rew_mean          | -51.7      |
|    success_rate         | 0.27       |
| time/                   |            |
|    fps                  | 619        |
|    iterations           | 170        |
|    time_elapsed         | 562        |
|    total_timesteps      | 348160     |
| train/                  |            |
|    approx_kl            | 0.01705417 |
|    clip_fraction        | 0.196      |
|    clip_range           | 0.2        |
|    entropy_loss         | -6.21      |
|    explained_variance   | 0.942      |
|    learning_rate        | 0.0003     |
|    loss                 | 0.526      |
|    n_updates            | 1690       |
|    policy_gradient_loss | -0.00959   |
|    std                  | 0.593      |
|    value_loss           | 2.35       |
----------------------------------------
Eval num_timesteps=350000, episode_reward=-45.90 +/- 23.64
Episode length: 151.97 +/- 59.17
Success rate: 40.00%
-----------------------------------------
| eval/                   |             |
|    mean_ep_length       | 152         |
|    mean_reward          | -45.9       |
|    success_rate         | 0.4         |
| time/                   |             |
|    total_timesteps      | 350000      |
| train/                  |             |
|    approx_kl            | 0.021832285 |
|    clip_fraction        | 0.199       |
|    clip_range           | 0.2         |
|    entropy_loss         | -6.22       |
|    explained_variance   | 0.919       |
|    learning_rate        | 0.0003      |
|    loss                 | 0.205       |
|    n_updates            | 1700        |
|    policy_gradient_loss | -0.0103     |
|    std                  | 0.593       |
|    value_loss           | 1.91        |
-----------------------------------------
---------------------------------
| rollout/           |          |
|    ep_len_mean     | 172      |
|    ep_rew_mean     | -50.9    |
|    success_rate    | 0.29     |
| time/              |          |
|    fps             | 617      |
|    iterations      | 171      |
|    time_elapsed    | 566      |
|    total_timesteps | 350208   |
---------------------------------
-----------------------------------------
| rollout/                |             |
|    ep_len_mean          | 172         |
|    ep_rew_mean          | -50.6       |
|    success_rate         | 0.28        |
| time/                   |             |
|    fps                  | 619         |
|    iterations           | 172         |
|    time_elapsed         | 568         |
|    total_timesteps      | 352256      |
| train/                  |             |
|    approx_kl            | 0.014464394 |
|    clip_fraction        | 0.157       |
|    clip_range           | 0.2         |
|    entropy_loss         | -6.22       |
|    explained_variance   | 0.912       |
|    learning_rate        | 0.0003      |
|    loss                 | 0.703       |
|    n_updates            | 1710        |
|    policy_gradient_loss | -0.00951    |
|    std                  | 0.594       |
|    value_loss           | 3.42        |
-----------------------------------------
-----------------------------------------
| rollout/                |             |
|    ep_len_mean          | 172         |
|    ep_rew_mean          | -50         |
|    success_rate         | 0.29        |
| time/                   |             |
|    fps                  | 620         |
|    iterations           | 173         |
|    time_elapsed         | 570         |
|    total_timesteps      | 354304      |
| train/                  |             |
|    approx_kl            | 0.023118045 |
|    clip_fraction        | 0.206       |
|    clip_range           | 0.2         |
|    entropy_loss         | -6.2        |
|    explained_variance   | 0.931       |
|    learning_rate        | 0.0003      |
|    loss                 | 0.981       |
|    n_updates            | 1720        |
|    policy_gradient_loss | -0.00553    |
|    std                  | 0.591       |
|    value_loss           | 1.75        |
-----------------------------------------
Eval num_timesteps=355000, episode_reward=-44.27 +/- 18.49
Episode length: 156.30 +/- 56.51
Success rate: 40.00%
---------------------------------------
| eval/                   |           |
|    mean_ep_length       | 156       |
|    mean_reward          | -44.3     |
|    success_rate         | 0.4       |
| time/                   |           |
|    total_timesteps      | 355000    |
| train/                  |           |
|    approx_kl            | 0.0200981 |
|    clip_fraction        | 0.193     |
|    clip_range           | 0.2       |
|    entropy_loss         | -6.17     |
|    explained_variance   | 0.91      |
|    learning_rate        | 0.0003    |
|    loss                 | 0.258     |
|    n_updates            | 1730      |
|    policy_gradient_loss | -0.00851  |
|    std                  | 0.589     |
|    value_loss           | 1.89      |
---------------------------------------
---------------------------------
| rollout/           |          |
|    ep_len_mean     | 169      |
|    ep_rew_mean     | -48.4    |
|    success_rate    | 0.32     |
| time/              |          |
|    fps             | 619      |
|    iterations      | 174      |
|    time_elapsed    | 575      |
|    total_timesteps | 356352   |
---------------------------------
-----------------------------------------
| rollout/                |             |
|    ep_len_mean          | 164         |
|    ep_rew_mean          | -46.6       |
|    success_rate         | 0.36        |
| time/                   |             |
|    fps                  | 620         |
|    iterations           | 175         |
|    time_elapsed         | 577         |
|    total_timesteps      | 358400      |
| train/                  |             |
|    approx_kl            | 0.012316145 |
|    clip_fraction        | 0.169       |
|    clip_range           | 0.2         |
|    entropy_loss         | -6.15       |
|    explained_variance   | 0.924       |
|    learning_rate        | 0.0003      |
|    loss                 | 0.549       |
|    n_updates            | 1740        |
|    policy_gradient_loss | -0.00627    |
|    std                  | 0.587       |
|    value_loss           | 3.01        |
-----------------------------------------
Eval num_timesteps=360000, episode_reward=-48.27 +/- 18.99
Episode length: 165.10 +/- 53.60
Success rate: 30.00%
-----------------------------------------
| eval/                   |             |
|    mean_ep_length       | 165         |
|    mean_reward          | -48.3       |
|    success_rate         | 0.3         |
| time/                   |             |
|    total_timesteps      | 360000      |
| train/                  |             |
|    approx_kl            | 0.017361054 |
|    clip_fraction        | 0.231       |
|    clip_range           | 0.2         |
|    entropy_loss         | -6.13       |
|    explained_variance   | 0.971       |
|    learning_rate        | 0.0003      |
|    loss                 | 0.112       |
|    n_updates            | 1750        |
|    policy_gradient_loss | -0.00766    |
|    std                  | 0.587       |
|    value_loss           | 0.894       |
-----------------------------------------
---------------------------------
| rollout/           |          |
|    ep_len_mean     | 158      |
|    ep_rew_mean     | -44.4    |
|    success_rate    | 0.42     |
| time/              |          |
|    fps             | 618      |
|    iterations      | 176      |
|    time_elapsed    | 582      |
|    total_timesteps | 360448   |
---------------------------------
-----------------------------------------
| rollout/                |             |
|    ep_len_mean          | 156         |
|    ep_rew_mean          | -44         |
|    success_rate         | 0.44        |
| time/                   |             |
|    fps                  | 620         |
|    iterations           | 177         |
|    time_elapsed         | 584         |
|    total_timesteps      | 362496      |
| train/                  |             |
|    approx_kl            | 0.018152833 |
|    clip_fraction        | 0.172       |
|    clip_range           | 0.2         |
|    entropy_loss         | -6.12       |
|    explained_variance   | 0.905       |
|    learning_rate        | 0.0003      |
|    loss                 | 1.79        |
|    n_updates            | 1760        |
|    policy_gradient_loss | -0.00992    |
|    std                  | 0.584       |
|    value_loss           | 2.47        |
-----------------------------------------
------------------------------------------
| rollout/                |              |
|    ep_len_mean          | 159          |
|    ep_rew_mean          | -45.4        |
|    success_rate         | 0.42         |
| time/                   |              |
|    fps                  | 621          |
|    iterations           | 178          |
|    time_elapsed         | 586          |
|    total_timesteps      | 364544       |
| train/                  |              |
|    approx_kl            | 0.0155390715 |
|    clip_fraction        | 0.185        |
|    clip_range           | 0.2          |
|    entropy_loss         | -6.09        |
|    explained_variance   | 0.916        |
|    learning_rate        | 0.0003       |
|    loss                 | 0.365        |
|    n_updates            | 1770         |
|    policy_gradient_loss | -0.0076      |
|    std                  | 0.582        |
|    value_loss           | 2.29         |
------------------------------------------
Eval num_timesteps=365000, episode_reward=-49.20 +/- 19.42
Episode length: 165.27 +/- 56.19
Success rate: 30.00%
-----------------------------------------
| eval/                   |             |
|    mean_ep_length       | 165         |
|    mean_reward          | -49.2       |
|    success_rate         | 0.3         |
| time/                   |             |
|    total_timesteps      | 365000      |
| train/                  |             |
|    approx_kl            | 0.014527183 |
|    clip_fraction        | 0.168       |
|    clip_range           | 0.2         |
|    entropy_loss         | -6.07       |
|    explained_variance   | 0.918       |
|    learning_rate        | 0.0003      |
|    loss                 | 0.395       |
|    n_updates            | 1780        |
|    policy_gradient_loss | -0.00849    |
|    std                  | 0.58        |
|    value_loss           | 2.21        |
-----------------------------------------
---------------------------------
| rollout/           |          |
|    ep_len_mean     | 157      |
|    ep_rew_mean     | -44.6    |
|    success_rate    | 0.44     |
| time/              |          |
|    fps             | 619      |
|    iterations      | 179      |
|    time_elapsed    | 591      |
|    total_timesteps | 366592   |
---------------------------------
----------------------------------------
| rollout/                |            |
|    ep_len_mean          | 160        |
|    ep_rew_mean          | -46.4      |
|    success_rate         | 0.4        |
| time/                   |            |
|    fps                  | 621        |
|    iterations           | 180        |
|    time_elapsed         | 593        |
|    total_timesteps      | 368640     |
| train/                  |            |
|    approx_kl            | 0.02048292 |
|    clip_fraction        | 0.244      |
|    clip_range           | 0.2        |
|    entropy_loss         | -6.07      |
|    explained_variance   | 0.959      |
|    learning_rate        | 0.0003     |
|    loss                 | 0.242      |
|    n_updates            | 1790       |
|    policy_gradient_loss | -0.00788   |
|    std                  | 0.583      |
|    value_loss           | 0.873      |
----------------------------------------
Eval num_timesteps=370000, episode_reward=-39.69 +/- 19.63
Episode length: 136.07 +/- 56.73
Success rate: 56.67%
-----------------------------------------
| eval/                   |             |
|    mean_ep_length       | 136         |
|    mean_reward          | -39.7       |
|    success_rate         | 0.567       |
| time/                   |             |
|    total_timesteps      | 370000      |
| train/                  |             |
|    approx_kl            | 0.025446288 |
|    clip_fraction        | 0.244       |
|    clip_range           | 0.2         |
|    entropy_loss         | -6.06       |
|    explained_variance   | 0.949       |
|    learning_rate        | 0.0003      |
|    loss                 | 0.322       |
|    n_updates            | 1800        |
|    policy_gradient_loss | -0.00937    |
|    std                  | 0.578       |
|    value_loss           | 1.14        |
-----------------------------------------
New best mean reward!
---------------------------------
| rollout/           |          |
|    ep_len_mean     | 159      |
|    ep_rew_mean     | -46.2    |
|    success_rate    | 0.42     |
| time/              |          |
|    fps             | 619      |
|    iterations      | 181      |
|    time_elapsed    | 597      |
|    total_timesteps | 370688   |
---------------------------------
-----------------------------------------
| rollout/                |             |
|    ep_len_mean          | 164         |
|    ep_rew_mean          | -48         |
|    success_rate         | 0.37        |
| time/                   |             |
|    fps                  | 621         |
|    iterations           | 182         |
|    time_elapsed         | 599         |
|    total_timesteps      | 372736      |
| train/                  |             |
|    approx_kl            | 0.014781422 |
|    clip_fraction        | 0.174       |
|    clip_range           | 0.2         |
|    entropy_loss         | -6.03       |
|    explained_variance   | 0.923       |
|    learning_rate        | 0.0003      |
|    loss                 | 1.18        |
|    n_updates            | 1810        |
|    policy_gradient_loss | -0.0117     |
|    std                  | 0.577       |
|    value_loss           | 2.56        |
-----------------------------------------
-----------------------------------------
| rollout/                |             |
|    ep_len_mean          | 167         |
|    ep_rew_mean          | -49         |
|    success_rate         | 0.34        |
| time/                   |             |
|    fps                  | 622         |
|    iterations           | 183         |
|    time_elapsed         | 601         |
|    total_timesteps      | 374784      |
| train/                  |             |
|    approx_kl            | 0.025493585 |
|    clip_fraction        | 0.213       |
|    clip_range           | 0.2         |
|    entropy_loss         | -6.02       |
|    explained_variance   | 0.916       |
|    learning_rate        | 0.0003      |
|    loss                 | 0.343       |
|    n_updates            | 1820        |
|    policy_gradient_loss | -0.00819    |
|    std                  | 0.578       |
|    value_loss           | 1.86        |
-----------------------------------------
Eval num_timesteps=375000, episode_reward=-44.43 +/- 20.45
Episode length: 148.63 +/- 57.67
Success rate: 46.67%
-----------------------------------------
| eval/                   |             |
|    mean_ep_length       | 149         |
|    mean_reward          | -44.4       |
|    success_rate         | 0.467       |
| time/                   |             |
|    total_timesteps      | 375000      |
| train/                  |             |
|    approx_kl            | 0.023503322 |
|    clip_fraction        | 0.243       |
|    clip_range           | 0.2         |
|    entropy_loss         | -6.03       |
|    explained_variance   | 0.935       |
|    learning_rate        | 0.0003      |
|    loss                 | 0.42        |
|    n_updates            | 1830        |
|    policy_gradient_loss | -0.00991    |
|    std                  | 0.578       |
|    value_loss           | 1.2         |
-----------------------------------------
---------------------------------
| rollout/           |          |
|    ep_len_mean     | 168      |
|    ep_rew_mean     | -49      |
|    success_rate    | 0.33     |
| time/              |          |
|    fps             | 621      |
|    iterations      | 184      |
|    time_elapsed    | 606      |
|    total_timesteps | 376832   |
---------------------------------
-----------------------------------------
| rollout/                |             |
|    ep_len_mean          | 173         |
|    ep_rew_mean          | -50.1       |
|    success_rate         | 0.29        |
| time/                   |             |
|    fps                  | 622         |
|    iterations           | 185         |
|    time_elapsed         | 608         |
|    total_timesteps      | 378880      |
| train/                  |             |
|    approx_kl            | 0.012614925 |
|    clip_fraction        | 0.202       |
|    clip_range           | 0.2         |
|    entropy_loss         | -6.01       |
|    explained_variance   | 0.934       |
|    learning_rate        | 0.0003      |
|    loss                 | 0.68        |
|    n_updates            | 1840        |
|    policy_gradient_loss | -0.0152     |
|    std                  | 0.574       |
|    value_loss           | 2.43        |
-----------------------------------------
Eval num_timesteps=380000, episode_reward=-51.22 +/- 19.70
Episode length: 166.20 +/- 55.34
Success rate: 30.00%
-----------------------------------------
| eval/                   |             |
|    mean_ep_length       | 166         |
|    mean_reward          | -51.2       |
|    success_rate         | 0.3         |
| time/                   |             |
|    total_timesteps      | 380000      |
| train/                  |             |
|    approx_kl            | 0.020214662 |
|    clip_fraction        | 0.202       |
|    clip_range           | 0.2         |
|    entropy_loss         | -5.97       |
|    explained_variance   | 0.931       |
|    learning_rate        | 0.0003      |
|    loss                 | 0.75        |
|    n_updates            | 1850        |
|    policy_gradient_loss | -0.00879    |
|    std                  | 0.572       |
|    value_loss           | 1.27        |
-----------------------------------------
---------------------------------
| rollout/           |          |
|    ep_len_mean     | 174      |
|    ep_rew_mean     | -50.4    |
|    success_rate    | 0.26     |
| time/              |          |
|    fps             | 621      |
|    iterations      | 186      |
|    time_elapsed    | 613      |
|    total_timesteps | 380928   |
---------------------------------
-----------------------------------------
| rollout/                |             |
|    ep_len_mean          | 176         |
|    ep_rew_mean          | -50.8       |
|    success_rate         | 0.24        |
| time/                   |             |
|    fps                  | 622         |
|    iterations           | 187         |
|    time_elapsed         | 615         |
|    total_timesteps      | 382976      |
| train/                  |             |
|    approx_kl            | 0.018347394 |
|    clip_fraction        | 0.209       |
|    clip_range           | 0.2         |
|    entropy_loss         | -5.95       |
|    explained_variance   | 0.946       |
|    learning_rate        | 0.0003      |
|    loss                 | 1.82        |
|    n_updates            | 1860        |
|    policy_gradient_loss | -0.0115     |
|    std                  | 0.57        |
|    value_loss           | 1.15        |
-----------------------------------------
Eval num_timesteps=385000, episode_reward=-45.51 +/- 24.20
Episode length: 149.73 +/- 61.73
Success rate: 40.00%
-----------------------------------------
| eval/                   |             |
|    mean_ep_length       | 150         |
|    mean_reward          | -45.5       |
|    success_rate         | 0.4         |
| time/                   |             |
|    total_timesteps      | 385000      |
| train/                  |             |
|    approx_kl            | 0.017781464 |
|    clip_fraction        | 0.165       |
|    clip_range           | 0.2         |
|    entropy_loss         | -5.94       |
|    explained_variance   | 0.91        |
|    learning_rate        | 0.0003      |
|    loss                 | 0.299       |
|    n_updates            | 1870        |
|    policy_gradient_loss | -0.0118     |
|    std                  | 0.571       |
|    value_loss           | 3.95        |
-----------------------------------------
---------------------------------
| rollout/           |          |
|    ep_len_mean     | 176      |
|    ep_rew_mean     | -50.9    |
|    success_rate    | 0.25     |
| time/              |          |
|    fps             | 621      |
|    iterations      | 188      |
|    time_elapsed    | 619      |
|    total_timesteps | 385024   |
---------------------------------
-----------------------------------------
| rollout/                |             |
|    ep_len_mean          | 172         |
|    ep_rew_mean          | -48.8       |
|    success_rate         | 0.3         |
| time/                   |             |
|    fps                  | 622         |
|    iterations           | 189         |
|    time_elapsed         | 621         |
|    total_timesteps      | 387072      |
| train/                  |             |
|    approx_kl            | 0.021474954 |
|    clip_fraction        | 0.219       |
|    clip_range           | 0.2         |
|    entropy_loss         | -5.93       |
|    explained_variance   | 0.902       |
|    learning_rate        | 0.0003      |
|    loss                 | 0.631       |
|    n_updates            | 1880        |
|    policy_gradient_loss | -0.0104     |
|    std                  | 0.568       |
|    value_loss           | 2.84        |
-----------------------------------------
-----------------------------------------
| rollout/                |             |
|    ep_len_mean          | 176         |
|    ep_rew_mean          | -50.1       |
|    success_rate         | 0.26        |
| time/                   |             |
|    fps                  | 623         |
|    iterations           | 190         |
|    time_elapsed         | 623         |
|    total_timesteps      | 389120      |
| train/                  |             |
|    approx_kl            | 0.017815888 |
|    clip_fraction        | 0.209       |
|    clip_range           | 0.2         |
|    entropy_loss         | -5.89       |
|    explained_variance   | 0.788       |
|    learning_rate        | 0.0003      |
|    loss                 | 1.48        |
|    n_updates            | 1890        |
|    policy_gradient_loss | -0.00893    |
|    std                  | 0.566       |
|    value_loss           | 4.02        |
-----------------------------------------
Eval num_timesteps=390000, episode_reward=-49.97 +/- 19.79
Episode length: 169.13 +/- 47.88
Success rate: 36.67%
----------------------------------------
| eval/                   |            |
|    mean_ep_length       | 169        |
|    mean_reward          | -50        |
|    success_rate         | 0.367      |
| time/                   |            |
|    total_timesteps      | 390000     |
| train/                  |            |
|    approx_kl            | 0.02409228 |
|    clip_fraction        | 0.271      |
|    clip_range           | 0.2        |
|    entropy_loss         | -5.9       |
|    explained_variance   | 0.924      |
|    learning_rate        | 0.0003     |
|    loss                 | 0.107      |
|    n_updates            | 1900       |
|    policy_gradient_loss | -0.00833   |
|    std                  | 0.568      |
|    value_loss           | 1.12       |
----------------------------------------
---------------------------------
| rollout/           |          |
|    ep_len_mean     | 176      |
|    ep_rew_mean     | -50.2    |
|    success_rate    | 0.25     |
| time/              |          |
|    fps             | 622      |
|    iterations      | 191      |
|    time_elapsed    | 628      |
|    total_timesteps | 391168   |
---------------------------------
----------------------------------------
| rollout/                |            |
|    ep_len_mean          | 177        |
|    ep_rew_mean          | -50.3      |
|    success_rate         | 0.25       |
| time/                   |            |
|    fps                  | 623        |
|    iterations           | 192        |
|    time_elapsed         | 630        |
|    total_timesteps      | 393216     |
| train/                  |            |
|    approx_kl            | 0.01709137 |
|    clip_fraction        | 0.226      |
|    clip_range           | 0.2        |
|    entropy_loss         | -5.92      |
|    explained_variance   | 0.903      |
|    learning_rate        | 0.0003     |
|    loss                 | 0.134      |
|    n_updates            | 1910       |
|    policy_gradient_loss | -0.00879   |
|    std                  | 0.568      |
|    value_loss           | 1.63       |
----------------------------------------
Eval num_timesteps=395000, episode_reward=-50.87 +/- 22.83
Episode length: 166.10 +/- 56.69
Success rate: 26.67%
-----------------------------------------
| eval/                   |             |
|    mean_ep_length       | 166         |
|    mean_reward          | -50.9       |
|    success_rate         | 0.267       |
| time/                   |             |
|    total_timesteps      | 395000      |
| train/                  |             |
|    approx_kl            | 0.021100074 |
|    clip_fraction        | 0.208       |
|    clip_range           | 0.2         |
|    entropy_loss         | -5.92       |
|    explained_variance   | 0.873       |
|    learning_rate        | 0.0003      |
|    loss                 | 0.167       |
|    n_updates            | 1920        |
|    policy_gradient_loss | -0.00316    |
|    std                  | 0.568       |
|    value_loss           | 1.39        |
-----------------------------------------
---------------------------------
| rollout/           |          |
|    ep_len_mean     | 172      |
|    ep_rew_mean     | -48.8    |
|    success_rate    | 0.3      |
| time/              |          |
|    fps             | 622      |
|    iterations      | 193      |
|    time_elapsed    | 634      |
|    total_timesteps | 395264   |
---------------------------------
-----------------------------------------
| rollout/                |             |
|    ep_len_mean          | 169         |
|    ep_rew_mean          | -48         |
|    success_rate         | 0.33        |
| time/                   |             |
|    fps                  | 623         |
|    iterations           | 194         |
|    time_elapsed         | 636         |
|    total_timesteps      | 397312      |
| train/                  |             |
|    approx_kl            | 0.013374388 |
|    clip_fraction        | 0.163       |
|    clip_range           | 0.2         |
|    entropy_loss         | -5.9        |
|    explained_variance   | 0.868       |
|    learning_rate        | 0.0003      |
|    loss                 | 2.73        |
|    n_updates            | 1930        |
|    policy_gradient_loss | -0.0107     |
|    std                  | 0.566       |
|    value_loss           | 4.56        |
-----------------------------------------
-----------------------------------------
| rollout/                |             |
|    ep_len_mean          | 166         |
|    ep_rew_mean          | -46.5       |
|    success_rate         | 0.36        |
| time/                   |             |
|    fps                  | 625         |
|    iterations           | 195         |
|    time_elapsed         | 638         |
|    total_timesteps      | 399360      |
| train/                  |             |
|    approx_kl            | 0.020274052 |
|    clip_fraction        | 0.236       |
|    clip_range           | 0.2         |
|    entropy_loss         | -5.86       |
|    explained_variance   | 0.931       |
|    learning_rate        | 0.0003      |
|    loss                 | 0.502       |
|    n_updates            | 1940        |
|    policy_gradient_loss | -0.0089     |
|    std                  | 0.563       |
|    value_loss           | 1.48        |
-----------------------------------------
Eval num_timesteps=400000, episode_reward=-54.59 +/- 20.27
Episode length: 172.33 +/- 52.01
Success rate: 26.67%
----------------------------------------
| eval/                   |            |
|    mean_ep_length       | 172        |
|    mean_reward          | -54.6      |
|    success_rate         | 0.267      |
| time/                   |            |
|    total_timesteps      | 400000     |
| train/                  |            |
|    approx_kl            | 0.01594657 |
|    clip_fraction        | 0.183      |
|    clip_range           | 0.2        |
|    entropy_loss         | -5.83      |
|    explained_variance   | 0.914      |
|    learning_rate        | 0.0003     |
|    loss                 | 1.31       |
|    n_updates            | 1950       |
|    policy_gradient_loss | -0.0138    |
|    std                  | 0.56       |
|    value_loss           | 3.23       |
----------------------------------------
---------------------------------
| rollout/           |          |
|    ep_len_mean     | 162      |
|    ep_rew_mean     | -45.1    |
|    success_rate    | 0.39     |
| time/              |          |
|    fps             | 623      |
|    iterations      | 196      |
|    time_elapsed    | 643      |
|    total_timesteps | 401408   |
---------------------------------
-----------------------------------------
| rollout/                |             |
|    ep_len_mean          | 167         |
|    ep_rew_mean          | -47.1       |
|    success_rate         | 0.32        |
| time/                   |             |
|    fps                  | 625         |
|    iterations           | 197         |
|    time_elapsed         | 645         |
|    total_timesteps      | 403456      |
| train/                  |             |
|    approx_kl            | 0.013899513 |
|    clip_fraction        | 0.142       |
|    clip_range           | 0.2         |
|    entropy_loss         | -5.79       |
|    explained_variance   | 0.885       |
|    learning_rate        | 0.0003      |
|    loss                 | 0.718       |
|    n_updates            | 1960        |
|    policy_gradient_loss | -0.0068     |
|    std                  | 0.558       |
|    value_loss           | 4.32        |
-----------------------------------------
Eval num_timesteps=405000, episode_reward=-51.54 +/- 19.28
Episode length: 171.83 +/- 50.86
Success rate: 26.67%
-----------------------------------------
| eval/                   |             |
|    mean_ep_length       | 172         |
|    mean_reward          | -51.5       |
|    success_rate         | 0.267       |
| time/                   |             |
|    total_timesteps      | 405000      |
| train/                  |             |
|    approx_kl            | 0.023992654 |
|    clip_fraction        | 0.258       |
|    clip_range           | 0.2         |
|    entropy_loss         | -5.8        |
|    explained_variance   | 0.888       |
|    learning_rate        | 0.0003      |
|    loss                 | 0.0632      |
|    n_updates            | 1970        |
|    policy_gradient_loss | -0.00694    |
|    std                  | 0.56        |
|    value_loss           | 1.06        |
-----------------------------------------
---------------------------------
| rollout/           |          |
|    ep_len_mean     | 164      |
|    ep_rew_mean     | -45.6    |
|    success_rate    | 0.35     |
| time/              |          |
|    fps             | 623      |
|    iterations      | 198      |
|    time_elapsed    | 650      |
|    total_timesteps | 405504   |
---------------------------------
-----------------------------------------
| rollout/                |             |
|    ep_len_mean          | 163         |
|    ep_rew_mean          | -45.5       |
|    success_rate         | 0.36        |
| time/                   |             |
|    fps                  | 625         |
|    iterations           | 199         |
|    time_elapsed         | 651         |
|    total_timesteps      | 407552      |
| train/                  |             |
|    approx_kl            | 0.018192034 |
|    clip_fraction        | 0.189       |
|    clip_range           | 0.2         |
|    entropy_loss         | -5.83       |
|    explained_variance   | 0.875       |
|    learning_rate        | 0.0003      |
|    loss                 | 1.35        |
|    n_updates            | 1980        |
|    policy_gradient_loss | -0.00726    |
|    std                  | 0.562       |
|    value_loss           | 2.75        |
-----------------------------------------
-----------------------------------------
| rollout/                |             |
|    ep_len_mean          | 162         |
|    ep_rew_mean          | -45.2       |
|    success_rate         | 0.37        |
| time/                   |             |
|    fps                  | 626         |
|    iterations           | 200         |
|    time_elapsed         | 653         |
|    total_timesteps      | 409600      |
| train/                  |             |
|    approx_kl            | 0.019631479 |
|    clip_fraction        | 0.21        |
|    clip_range           | 0.2         |
|    entropy_loss         | -5.84       |
|    explained_variance   | 0.9         |
|    learning_rate        | 0.0003      |
|    loss                 | 0.225       |
|    n_updates            | 1990        |
|    policy_gradient_loss | -0.00787    |
|    std                  | 0.562       |
|    value_loss           | 2.61        |
-----------------------------------------
Eval num_timesteps=410000, episode_reward=-46.79 +/- 22.65
Episode length: 155.73 +/- 58.94
Success rate: 36.67%
----------------------------------------
| eval/                   |            |
|    mean_ep_length       | 156        |
|    mean_reward          | -46.8      |
|    success_rate         | 0.367      |
| time/                   |            |
|    total_timesteps      | 410000     |
| train/                  |            |
|    approx_kl            | 0.01555982 |
|    clip_fraction        | 0.18       |
|    clip_range           | 0.2        |
|    entropy_loss         | -5.83      |
|    explained_variance   | 0.789      |
|    learning_rate        | 0.0003     |
|    loss                 | 0.706      |
|    n_updates            | 2000       |
|    policy_gradient_loss | -0.0111    |
|    std                  | 0.561      |
|    value_loss           | 4.94       |
----------------------------------------
---------------------------------
| rollout/           |          |
|    ep_len_mean     | 165      |
|    ep_rew_mean     | -46      |
|    success_rate    | 0.34     |
| time/              |          |
|    fps             | 625      |
|    iterations      | 201      |
|    time_elapsed    | 658      |
|    total_timesteps | 411648   |
---------------------------------
-----------------------------------------
| rollout/                |             |
|    ep_len_mean          | 164         |
|    ep_rew_mean          | -46.1       |
|    success_rate         | 0.34        |
| time/                   |             |
|    fps                  | 626         |
|    iterations           | 202         |
|    time_elapsed         | 660         |
|    total_timesteps      | 413696      |
| train/                  |             |
|    approx_kl            | 0.022509446 |
|    clip_fraction        | 0.197       |
|    clip_range           | 0.2         |
|    entropy_loss         | -5.81       |
|    explained_variance   | 0.892       |
|    learning_rate        | 0.0003      |
|    loss                 | 1.86        |
|    n_updates            | 2010        |
|    policy_gradient_loss | -0.00958    |
|    std                  | 0.557       |
|    value_loss           | 3.8         |
-----------------------------------------
Eval num_timesteps=415000, episode_reward=-54.60 +/- 21.38
Episode length: 173.83 +/- 52.41
Success rate: 20.00%
-----------------------------------------
| eval/                   |             |
|    mean_ep_length       | 174         |
|    mean_reward          | -54.6       |
|    success_rate         | 0.2         |
| time/                   |             |
|    total_timesteps      | 415000      |
| train/                  |             |
|    approx_kl            | 0.024444573 |
|    clip_fraction        | 0.272       |
|    clip_range           | 0.2         |
|    entropy_loss         | -5.77       |
|    explained_variance   | 0.916       |
|    learning_rate        | 0.0003      |
|    loss                 | 0.254       |
|    n_updates            | 2020        |
|    policy_gradient_loss | -0.00602    |
|    std                  | 0.555       |
|    value_loss           | 1.54        |
-----------------------------------------
---------------------------------
| rollout/           |          |
|    ep_len_mean     | 170      |
|    ep_rew_mean     | -47.8    |
|    success_rate    | 0.29     |
| time/              |          |
|    fps             | 625      |
|    iterations      | 203      |
|    time_elapsed    | 664      |
|    total_timesteps | 415744   |
---------------------------------
-----------------------------------------
| rollout/                |             |
|    ep_len_mean          | 172         |
|    ep_rew_mean          | -48.6       |
|    success_rate         | 0.26        |
| time/                   |             |
|    fps                  | 626         |
|    iterations           | 204         |
|    time_elapsed         | 666         |
|    total_timesteps      | 417792      |
| train/                  |             |
|    approx_kl            | 0.024349876 |
|    clip_fraction        | 0.263       |
|    clip_range           | 0.2         |
|    entropy_loss         | -5.73       |
|    explained_variance   | 0.923       |
|    learning_rate        | 0.0003      |
|    loss                 | 0.243       |
|    n_updates            | 2030        |
|    policy_gradient_loss | -0.00835    |
|    std                  | 0.553       |
|    value_loss           | 1.6         |
-----------------------------------------
-----------------------------------------
| rollout/                |             |
|    ep_len_mean          | 174         |
|    ep_rew_mean          | -49.6       |
|    success_rate         | 0.25        |
| time/                   |             |
|    fps                  | 627         |
|    iterations           | 205         |
|    time_elapsed         | 668         |
|    total_timesteps      | 419840      |
| train/                  |             |
|    approx_kl            | 0.014205199 |
|    clip_fraction        | 0.207       |
|    clip_range           | 0.2         |
|    entropy_loss         | -5.72       |
|    explained_variance   | 0.882       |
|    learning_rate        | 0.0003      |
|    loss                 | 0.391       |
|    n_updates            | 2040        |
|    policy_gradient_loss | -0.00789    |
|    std                  | 0.552       |
|    value_loss           | 2.77        |
-----------------------------------------
Eval num_timesteps=420000, episode_reward=-57.49 +/- 13.14
Episode length: 189.33 +/- 30.45
Success rate: 13.33%
-----------------------------------------
| eval/                   |             |
|    mean_ep_length       | 189         |
|    mean_reward          | -57.5       |
|    success_rate         | 0.133       |
| time/                   |             |
|    total_timesteps      | 420000      |
| train/                  |             |
|    approx_kl            | 0.019675883 |
|    clip_fraction        | 0.222       |
|    clip_range           | 0.2         |
|    entropy_loss         | -5.7        |
|    explained_variance   | 0.872       |
|    learning_rate        | 0.0003      |
|    loss                 | 1.75        |
|    n_updates            | 2050        |
|    policy_gradient_loss | -0.00784    |
|    std                  | 0.552       |
|    value_loss           | 2.5         |
-----------------------------------------
---------------------------------
| rollout/           |          |
|    ep_len_mean     | 170      |
|    ep_rew_mean     | -48.1    |
|    success_rate    | 0.29     |
| time/              |          |
|    fps             | 626      |
|    iterations      | 206      |
|    time_elapsed    | 673      |
|    total_timesteps | 421888   |
---------------------------------
-----------------------------------------
| rollout/                |             |
|    ep_len_mean          | 168         |
|    ep_rew_mean          | -47.4       |
|    success_rate         | 0.3         |
| time/                   |             |
|    fps                  | 627         |
|    iterations           | 207         |
|    time_elapsed         | 675         |
|    total_timesteps      | 423936      |
| train/                  |             |
|    approx_kl            | 0.019911781 |
|    clip_fraction        | 0.222       |
|    clip_range           | 0.2         |
|    entropy_loss         | -5.69       |
|    explained_variance   | 0.863       |
|    learning_rate        | 0.0003      |
|    loss                 | 1.06        |
|    n_updates            | 2060        |
|    policy_gradient_loss | -0.00875    |
|    std                  | 0.549       |
|    value_loss           | 3.74        |
-----------------------------------------
Eval num_timesteps=425000, episode_reward=-59.40 +/- 13.43
Episode length: 189.97 +/- 30.86
Success rate: 10.00%
-----------------------------------------
| eval/                   |             |
|    mean_ep_length       | 190         |
|    mean_reward          | -59.4       |
|    success_rate         | 0.1         |
| time/                   |             |
|    total_timesteps      | 425000      |
| train/                  |             |
|    approx_kl            | 0.013268062 |
|    clip_fraction        | 0.147       |
|    clip_range           | 0.2         |
|    entropy_loss         | -5.66       |
|    explained_variance   | 0.881       |
|    learning_rate        | 0.0003      |
|    loss                 | 5.06        |
|    n_updates            | 2070        |
|    policy_gradient_loss | -0.00995    |
|    std                  | 0.548       |
|    value_loss           | 6.55        |
-----------------------------------------
---------------------------------
| rollout/           |          |
|    ep_len_mean     | 166      |
|    ep_rew_mean     | -47.3    |
|    success_rate    | 0.31     |
| time/              |          |
|    fps             | 626      |
|    iterations      | 208      |
|    time_elapsed    | 680      |
|    total_timesteps | 425984   |
---------------------------------
-----------------------------------------
| rollout/                |             |
|    ep_len_mean          | 164         |
|    ep_rew_mean          | -46         |
|    success_rate         | 0.34        |
| time/                   |             |
|    fps                  | 627         |
|    iterations           | 209         |
|    time_elapsed         | 682         |
|    total_timesteps      | 428032      |
| train/                  |             |
|    approx_kl            | 0.023092898 |
|    clip_fraction        | 0.259       |
|    clip_range           | 0.2         |
|    entropy_loss         | -5.66       |
|    explained_variance   | 0.926       |
|    learning_rate        | 0.0003      |
|    loss                 | 0.272       |
|    n_updates            | 2080        |
|    policy_gradient_loss | -0.00722    |
|    std                  | 0.549       |
|    value_loss           | 1.15        |
-----------------------------------------
Eval num_timesteps=430000, episode_reward=-61.52 +/- 13.46
Episode length: 190.57 +/- 24.47
Success rate: 13.33%
-----------------------------------------
| eval/                   |             |
|    mean_ep_length       | 191         |
|    mean_reward          | -61.5       |
|    success_rate         | 0.133       |
| time/                   |             |
|    total_timesteps      | 430000      |
| train/                  |             |
|    approx_kl            | 0.013539541 |
|    clip_fraction        | 0.167       |
|    clip_range           | 0.2         |
|    entropy_loss         | -5.67       |
|    explained_variance   | 0.86        |
|    learning_rate        | 0.0003      |
|    loss                 | 1.65        |
|    n_updates            | 2090        |
|    policy_gradient_loss | -0.0111     |
|    std                  | 0.549       |
|    value_loss           | 6.21        |
-----------------------------------------
---------------------------------
| rollout/           |          |
|    ep_len_mean     | 165      |
|    ep_rew_mean     | -46.6    |
|    success_rate    | 0.33     |
| time/              |          |
|    fps             | 625      |
|    iterations      | 210      |
|    time_elapsed    | 687      |
|    total_timesteps | 430080   |
---------------------------------
-----------------------------------------
| rollout/                |             |
|    ep_len_mean          | 163         |
|    ep_rew_mean          | -46.2       |
|    success_rate         | 0.34        |
| time/                   |             |
|    fps                  | 627         |
|    iterations           | 211         |
|    time_elapsed         | 689         |
|    total_timesteps      | 432128      |
| train/                  |             |
|    approx_kl            | 0.022651969 |
|    clip_fraction        | 0.242       |
|    clip_range           | 0.2         |
|    entropy_loss         | -5.67       |
|    explained_variance   | 0.937       |
|    learning_rate        | 0.0003      |
|    loss                 | 0.118       |
|    n_updates            | 2100        |
|    policy_gradient_loss | -0.00641    |
|    std                  | 0.549       |
|    value_loss           | 1.82        |
-----------------------------------------
----------------------------------------
| rollout/                |            |
|    ep_len_mean          | 163        |
|    ep_rew_mean          | -46.2      |
|    success_rate         | 0.34       |
| time/                   |            |
|    fps                  | 628        |
|    iterations           | 212        |
|    time_elapsed         | 690        |
|    total_timesteps      | 434176     |
| train/                  |            |
|    approx_kl            | 0.02495423 |
|    clip_fraction        | 0.212      |
|    clip_range           | 0.2        |
|    entropy_loss         | -5.65      |
|    explained_variance   | 0.924      |
|    learning_rate        | 0.0003     |
|    loss                 | 0.185      |
|    n_updates            | 2110       |
|    policy_gradient_loss | -0.0113    |
|    std                  | 0.545      |
|    value_loss           | 1.56       |
----------------------------------------
Eval num_timesteps=435000, episode_reward=-62.93 +/- 15.42
Episode length: 189.40 +/- 32.37
Success rate: 10.00%
-----------------------------------------
| eval/                   |             |
|    mean_ep_length       | 189         |
|    mean_reward          | -62.9       |
|    success_rate         | 0.1         |
| time/                   |             |
|    total_timesteps      | 435000      |
| train/                  |             |
|    approx_kl            | 0.018539976 |
|    clip_fraction        | 0.205       |
|    clip_range           | 0.2         |
|    entropy_loss         | -5.64       |
|    explained_variance   | 0.916       |
|    learning_rate        | 0.0003      |
|    loss                 | 0.556       |
|    n_updates            | 2120        |
|    policy_gradient_loss | -0.0109     |
|    std                  | 0.547       |
|    value_loss           | 2.42        |
-----------------------------------------
---------------------------------
| rollout/           |          |
|    ep_len_mean     | 166      |
|    ep_rew_mean     | -47.3    |
|    success_rate    | 0.31     |
| time/              |          |
|    fps             | 627      |
|    iterations      | 213      |
|    time_elapsed    | 695      |
|    total_timesteps | 436224   |
---------------------------------
-----------------------------------------
| rollout/                |             |
|    ep_len_mean          | 168         |
|    ep_rew_mean          | -48.8       |
|    success_rate         | 0.29        |
| time/                   |             |
|    fps                  | 628         |
|    iterations           | 214         |
|    time_elapsed         | 697         |
|    total_timesteps      | 438272      |
| train/                  |             |
|    approx_kl            | 0.024784066 |
|    clip_fraction        | 0.301       |
|    clip_range           | 0.2         |
|    entropy_loss         | -5.67       |
|    explained_variance   | 0.953       |
|    learning_rate        | 0.0003      |
|    loss                 | 0.0724      |
|    n_updates            | 2130        |
|    policy_gradient_loss | -0.0117     |
|    std                  | 0.549       |
|    value_loss           | 0.327       |
-----------------------------------------
Eval num_timesteps=440000, episode_reward=-57.36 +/- 18.22
Episode length: 179.37 +/- 48.55
Success rate: 16.67%
-----------------------------------------
| eval/                   |             |
|    mean_ep_length       | 179         |
|    mean_reward          | -57.4       |
|    success_rate         | 0.167       |
| time/                   |             |
|    total_timesteps      | 440000      |
| train/                  |             |
|    approx_kl            | 0.017134015 |
|    clip_fraction        | 0.235       |
|    clip_range           | 0.2         |
|    entropy_loss         | -5.68       |
|    explained_variance   | 0.871       |
|    learning_rate        | 0.0003      |
|    loss                 | 0.418       |
|    n_updates            | 2140        |
|    policy_gradient_loss | -0.0102     |
|    std                  | 0.549       |
|    value_loss           | 3.75        |
-----------------------------------------
---------------------------------
| rollout/           |          |
|    ep_len_mean     | 171      |
|    ep_rew_mean     | -50.1    |
|    success_rate    | 0.26     |
| time/              |          |
|    fps             | 626      |
|    iterations      | 215      |
|    time_elapsed    | 702      |
|    total_timesteps | 440320   |
---------------------------------
-----------------------------------------
| rollout/                |             |
|    ep_len_mean          | 172         |
|    ep_rew_mean          | -50.1       |
|    success_rate         | 0.26        |
| time/                   |             |
|    fps                  | 628         |
|    iterations           | 216         |
|    time_elapsed         | 704         |
|    total_timesteps      | 442368      |
| train/                  |             |
|    approx_kl            | 0.024077483 |
|    clip_fraction        | 0.233       |
|    clip_range           | 0.2         |
|    entropy_loss         | -5.66       |
|    explained_variance   | 0.944       |
|    learning_rate        | 0.0003      |
|    loss                 | 0.21        |
|    n_updates            | 2150        |
|    policy_gradient_loss | -0.0107     |
|    std                  | 0.546       |
|    value_loss           | 0.906       |
-----------------------------------------
-----------------------------------------
| rollout/                |             |
|    ep_len_mean          | 173         |
|    ep_rew_mean          | -51         |
|    success_rate         | 0.23        |
| time/                   |             |
|    fps                  | 629         |
|    iterations           | 217         |
|    time_elapsed         | 706         |
|    total_timesteps      | 444416      |
| train/                  |             |
|    approx_kl            | 0.016382717 |
|    clip_fraction        | 0.199       |
|    clip_range           | 0.2         |
|    entropy_loss         | -5.66       |
|    explained_variance   | 0.93        |
|    learning_rate        | 0.0003      |
|    loss                 | 0.265       |
|    n_updates            | 2160        |
|    policy_gradient_loss | -0.00603    |
|    std                  | 0.549       |
|    value_loss           | 2.29        |
-----------------------------------------
Eval num_timesteps=445000, episode_reward=-59.04 +/- 21.40
Episode length: 178.70 +/- 44.10
Success rate: 20.00%
----------------------------------------
| eval/                   |            |
|    mean_ep_length       | 179        |
|    mean_reward          | -59        |
|    success_rate         | 0.2        |
| time/                   |            |
|    total_timesteps      | 445000     |
| train/                  |            |
|    approx_kl            | 0.01341356 |
|    clip_fraction        | 0.184      |
|    clip_range           | 0.2        |
|    entropy_loss         | -5.68      |
|    explained_variance   | 0.814      |
|    learning_rate        | 0.0003     |
|    loss                 | 1.08       |
|    n_updates            | 2170       |
|    policy_gradient_loss | -0.0102    |
|    std                  | 0.549      |
|    value_loss           | 5.33       |
----------------------------------------
---------------------------------
| rollout/           |          |
|    ep_len_mean     | 178      |
|    ep_rew_mean     | -53.1    |
|    success_rate    | 0.19     |
| time/              |          |
|    fps             | 628      |
|    iterations      | 218      |
|    time_elapsed    | 710      |
|    total_timesteps | 446464   |
---------------------------------
-----------------------------------------
| rollout/                |             |
|    ep_len_mean          | 180         |
|    ep_rew_mean          | -53.8       |
|    success_rate         | 0.19        |
| time/                   |             |
|    fps                  | 629         |
|    iterations           | 219         |
|    time_elapsed         | 712         |
|    total_timesteps      | 448512      |
| train/                  |             |
|    approx_kl            | 0.029631821 |
|    clip_fraction        | 0.282       |
|    clip_range           | 0.2         |
|    entropy_loss         | -5.7        |
|    explained_variance   | 0.949       |
|    learning_rate        | 0.0003      |
|    loss                 | 0.0378      |
|    n_updates            | 2180        |
|    policy_gradient_loss | -0.00918    |
|    std                  | 0.55        |
|    value_loss           | 0.339       |
-----------------------------------------
Eval num_timesteps=450000, episode_reward=-49.98 +/- 20.86
Episode length: 164.40 +/- 48.37
Success rate: 40.00%
-----------------------------------------
| eval/                   |             |
|    mean_ep_length       | 164         |
|    mean_reward          | -50         |
|    success_rate         | 0.4         |
| time/                   |             |
|    total_timesteps      | 450000      |
| train/                  |             |
|    approx_kl            | 0.015586583 |
|    clip_fraction        | 0.182       |
|    clip_range           | 0.2         |
|    entropy_loss         | -5.71       |
|    explained_variance   | 0.853       |
|    learning_rate        | 0.0003      |
|    loss                 | 1.34        |
|    n_updates            | 2190        |
|    policy_gradient_loss | -0.00578    |
|    std                  | 0.55        |
|    value_loss           | 3.1         |
-----------------------------------------
---------------------------------
| rollout/           |          |
|    ep_len_mean     | 176      |
|    ep_rew_mean     | -52.3    |
|    success_rate    | 0.23     |
| time/              |          |
|    fps             | 628      |
|    iterations      | 220      |
|    time_elapsed    | 717      |
|    total_timesteps | 450560   |
---------------------------------
-----------------------------------------
| rollout/                |             |
|    ep_len_mean          | 175         |
|    ep_rew_mean          | -51.9       |
|    success_rate         | 0.24        |
| time/                   |             |
|    fps                  | 629         |
|    iterations           | 221         |
|    time_elapsed         | 719         |
|    total_timesteps      | 452608      |
| train/                  |             |
|    approx_kl            | 0.016134864 |
|    clip_fraction        | 0.169       |
|    clip_range           | 0.2         |
|    entropy_loss         | -5.69       |
|    explained_variance   | 0.766       |
|    learning_rate        | 0.0003      |
|    loss                 | 1.26        |
|    n_updates            | 2200        |
|    policy_gradient_loss | -0.0125     |
|    std                  | 0.547       |
|    value_loss           | 4.57        |
-----------------------------------------
-----------------------------------------
| rollout/                |             |
|    ep_len_mean          | 174         |
|    ep_rew_mean          | -51.1       |
|    success_rate         | 0.26        |
| time/                   |             |
|    fps                  | 630         |
|    iterations           | 222         |
|    time_elapsed         | 721         |
|    total_timesteps      | 454656      |
| train/                  |             |
|    approx_kl            | 0.015536764 |
|    clip_fraction        | 0.2         |
|    clip_range           | 0.2         |
|    entropy_loss         | -5.67       |
|    explained_variance   | 0.937       |
|    learning_rate        | 0.0003      |
|    loss                 | 0.268       |
|    n_updates            | 2210        |
|    policy_gradient_loss | -0.0112     |
|    std                  | 0.547       |
|    value_loss           | 2.22        |
-----------------------------------------
Eval num_timesteps=455000, episode_reward=-58.20 +/- 16.31
Episode length: 185.87 +/- 38.06
Success rate: 13.33%
-----------------------------------------
| eval/                   |             |
|    mean_ep_length       | 186         |
|    mean_reward          | -58.2       |
|    success_rate         | 0.133       |
| time/                   |             |
|    total_timesteps      | 455000      |
| train/                  |             |
|    approx_kl            | 0.014314153 |
|    clip_fraction        | 0.223       |
|    clip_range           | 0.2         |
|    entropy_loss         | -5.65       |
|    explained_variance   | 0.886       |
|    learning_rate        | 0.0003      |
|    loss                 | 0.53        |
|    n_updates            | 2220        |
|    policy_gradient_loss | -0.00927    |
|    std                  | 0.545       |
|    value_loss           | 1.63        |
-----------------------------------------
---------------------------------
| rollout/           |          |
|    ep_len_mean     | 175      |
|    ep_rew_mean     | -51.2    |
|    success_rate    | 0.26     |
| time/              |          |
|    fps             | 629      |
|    iterations      | 223      |
|    time_elapsed    | 726      |
|    total_timesteps | 456704   |
---------------------------------
----------------------------------------
| rollout/                |            |
|    ep_len_mean          | 175        |
|    ep_rew_mean          | -51        |
|    success_rate         | 0.25       |
| time/                   |            |
|    fps                  | 630        |
|    iterations           | 224        |
|    time_elapsed         | 727        |
|    total_timesteps      | 458752     |
| train/                  |            |
|    approx_kl            | 0.02105024 |
|    clip_fraction        | 0.196      |
|    clip_range           | 0.2        |
|    entropy_loss         | -5.63      |
|    explained_variance   | 0.926      |
|    learning_rate        | 0.0003     |
|    loss                 | 3.13       |
|    n_updates            | 2230       |
|    policy_gradient_loss | -0.00627   |
|    std                  | 0.545      |
|    value_loss           | 3.62       |
----------------------------------------
Eval num_timesteps=460000, episode_reward=-57.23 +/- 17.41
Episode length: 182.40 +/- 39.78
Success rate: 16.67%
-----------------------------------------
| eval/                   |             |
|    mean_ep_length       | 182         |
|    mean_reward          | -57.2       |
|    success_rate         | 0.167       |
| time/                   |             |
|    total_timesteps      | 460000      |
| train/                  |             |
|    approx_kl            | 0.019533208 |
|    clip_fraction        | 0.248       |
|    clip_range           | 0.2         |
|    entropy_loss         | -5.66       |
|    explained_variance   | 0.886       |
|    learning_rate        | 0.0003      |
|    loss                 | 0.163       |
|    n_updates            | 2240        |
|    policy_gradient_loss | -0.00655    |
|    std                  | 0.548       |
|    value_loss           | 1.16        |
-----------------------------------------
---------------------------------
| rollout/           |          |
|    ep_len_mean     | 178      |
|    ep_rew_mean     | -52.1    |
|    success_rate    | 0.23     |
| time/              |          |
|    fps             | 628      |
|    iterations      | 225      |
|    time_elapsed    | 732      |
|    total_timesteps | 460800   |
---------------------------------
-----------------------------------------
| rollout/                |             |
|    ep_len_mean          | 178         |
|    ep_rew_mean          | -52         |
|    success_rate         | 0.24        |
| time/                   |             |
|    fps                  | 630         |
|    iterations           | 226         |
|    time_elapsed         | 734         |
|    total_timesteps      | 462848      |
| train/                  |             |
|    approx_kl            | 0.022857266 |
|    clip_fraction        | 0.268       |
|    clip_range           | 0.2         |
|    entropy_loss         | -5.7        |
|    explained_variance   | 0.951       |
|    learning_rate        | 0.0003      |
|    loss                 | 0.498       |
|    n_updates            | 2250        |
|    policy_gradient_loss | -0.00831    |
|    std                  | 0.551       |
|    value_loss           | 1.05        |
-----------------------------------------
-----------------------------------------
| rollout/                |             |
|    ep_len_mean          | 178         |
|    ep_rew_mean          | -51.7       |
|    success_rate         | 0.25        |
| time/                   |             |
|    fps                  | 631         |
|    iterations           | 227         |
|    time_elapsed         | 736         |
|    total_timesteps      | 464896      |
| train/                  |             |
|    approx_kl            | 0.016503552 |
|    clip_fraction        | 0.208       |
|    clip_range           | 0.2         |
|    entropy_loss         | -5.72       |
|    explained_variance   | 0.932       |
|    learning_rate        | 0.0003      |
|    loss                 | 0.269       |
|    n_updates            | 2260        |
|    policy_gradient_loss | -0.00791    |
|    std                  | 0.551       |
|    value_loss           | 1.87        |
-----------------------------------------
Eval num_timesteps=465000, episode_reward=-57.55 +/- 18.85
Episode length: 179.90 +/- 40.18
Success rate: 26.67%
----------------------------------------
| eval/                   |            |
|    mean_ep_length       | 180        |
|    mean_reward          | -57.5      |
|    success_rate         | 0.267      |
| time/                   |            |
|    total_timesteps      | 465000     |
| train/                  |            |
|    approx_kl            | 0.02296117 |
|    clip_fraction        | 0.227      |
|    clip_range           | 0.2        |
|    entropy_loss         | -5.72      |
|    explained_variance   | 0.948      |
|    learning_rate        | 0.0003     |
|    loss                 | 0.128      |
|    n_updates            | 2270       |
|    policy_gradient_loss | -0.0052    |
|    std                  | 0.551      |
|    value_loss           | 1.02       |
----------------------------------------
---------------------------------
| rollout/           |          |
|    ep_len_mean     | 176      |
|    ep_rew_mean     | -51.2    |
|    success_rate    | 0.26     |
| time/              |          |
|    fps             | 629      |
|    iterations      | 228      |
|    time_elapsed    | 741      |
|    total_timesteps | 466944   |
---------------------------------
-----------------------------------------
| rollout/                |             |
|    ep_len_mean          | 177         |
|    ep_rew_mean          | -51.9       |
|    success_rate         | 0.25        |
| time/                   |             |
|    fps                  | 631         |
|    iterations           | 229         |
|    time_elapsed         | 743         |
|    total_timesteps      | 468992      |
| train/                  |             |
|    approx_kl            | 0.015975695 |
|    clip_fraction        | 0.188       |
|    clip_range           | 0.2         |
|    entropy_loss         | -5.72       |
|    explained_variance   | 0.849       |
|    learning_rate        | 0.0003      |
|    loss                 | 0.818       |
|    n_updates            | 2280        |
|    policy_gradient_loss | -0.00841    |
|    std                  | 0.551       |
|    value_loss           | 4.23        |
-----------------------------------------
Eval num_timesteps=470000, episode_reward=-54.89 +/- 16.91
Episode length: 182.13 +/- 35.40
Success rate: 23.33%
-----------------------------------------
| eval/                   |             |
|    mean_ep_length       | 182         |
|    mean_reward          | -54.9       |
|    success_rate         | 0.233       |
| time/                   |             |
|    total_timesteps      | 470000      |
| train/                  |             |
|    approx_kl            | 0.019958047 |
|    clip_fraction        | 0.216       |
|    clip_range           | 0.2         |
|    entropy_loss         | -5.7        |
|    explained_variance   | 0.87        |
|    learning_rate        | 0.0003      |
|    loss                 | 0.626       |
|    n_updates            | 2290        |
|    policy_gradient_loss | -0.0059     |
|    std                  | 0.549       |
|    value_loss           | 2.09        |
-----------------------------------------
---------------------------------
| rollout/           |          |
|    ep_len_mean     | 175      |
|    ep_rew_mean     | -51.2    |
|    success_rate    | 0.27     |
| time/              |          |
|    fps             | 629      |
|    iterations      | 230      |
|    time_elapsed    | 748      |
|    total_timesteps | 471040   |
---------------------------------
----------------------------------------
| rollout/                |            |
|    ep_len_mean          | 176        |
|    ep_rew_mean          | -51.3      |
|    success_rate         | 0.25       |
| time/                   |            |
|    fps                  | 630        |
|    iterations           | 231        |
|    time_elapsed         | 749        |
|    total_timesteps      | 473088     |
| train/                  |            |
|    approx_kl            | 0.01839412 |
|    clip_fraction        | 0.247      |
|    clip_range           | 0.2        |
|    entropy_loss         | -5.68      |
|    explained_variance   | 0.957      |
|    learning_rate        | 0.0003     |
|    loss                 | 0.166      |
|    n_updates            | 2300       |
|    policy_gradient_loss | -0.00867   |
|    std                  | 0.548      |
|    value_loss           | 0.907      |
----------------------------------------
Eval num_timesteps=475000, episode_reward=-64.21 +/- 15.02
Episode length: 194.00 +/- 23.43
Success rate: 6.67%
-----------------------------------------
| eval/                   |             |
|    mean_ep_length       | 194         |
|    mean_reward          | -64.2       |
|    success_rate         | 0.0667      |
| time/                   |             |
|    total_timesteps      | 475000      |
| train/                  |             |
|    approx_kl            | 0.021451361 |
|    clip_fraction        | 0.242       |
|    clip_range           | 0.2         |
|    entropy_loss         | -5.66       |
|    explained_variance   | 0.925       |
|    learning_rate        | 0.0003      |
|    loss                 | 0.213       |
|    n_updates            | 2310        |
|    policy_gradient_loss | -0.0126     |
|    std                  | 0.547       |
|    value_loss           | 0.733       |
-----------------------------------------
---------------------------------
| rollout/           |          |
|    ep_len_mean     | 175      |
|    ep_rew_mean     | -51.2    |
|    success_rate    | 0.26     |
| time/              |          |
|    fps             | 629      |
|    iterations      | 232      |
|    time_elapsed    | 754      |
|    total_timesteps | 475136   |
---------------------------------
-----------------------------------------
| rollout/                |             |
|    ep_len_mean          | 169         |
|    ep_rew_mean          | -49.1       |
|    success_rate         | 0.32        |
| time/                   |             |
|    fps                  | 630         |
|    iterations           | 233         |
|    time_elapsed         | 756         |
|    total_timesteps      | 477184      |
| train/                  |             |
|    approx_kl            | 0.018279146 |
|    clip_fraction        | 0.22        |
|    clip_range           | 0.2         |
|    entropy_loss         | -5.67       |
|    explained_variance   | 0.93        |
|    learning_rate        | 0.0003      |
|    loss                 | 0.44        |
|    n_updates            | 2320        |
|    policy_gradient_loss | -0.0077     |
|    std                  | 0.549       |
|    value_loss           | 1.79        |
-----------------------------------------
----------------------------------------
| rollout/                |            |
|    ep_len_mean          | 170        |
|    ep_rew_mean          | -49.9      |
|    success_rate         | 0.31       |
| time/                   |            |
|    fps                  | 631        |
|    iterations           | 234        |
|    time_elapsed         | 758        |
|    total_timesteps      | 479232     |
| train/                  |            |
|    approx_kl            | 0.01659086 |
|    clip_fraction        | 0.181      |
|    clip_range           | 0.2        |
|    entropy_loss         | -5.68      |
|    explained_variance   | 0.865      |
|    learning_rate        | 0.0003     |
|    loss                 | 0.41       |
|    n_updates            | 2330       |
|    policy_gradient_loss | -0.00848   |
|    std                  | 0.548      |
|    value_loss           | 3          |
----------------------------------------
Eval num_timesteps=480000, episode_reward=-54.85 +/- 23.19
Episode length: 170.57 +/- 51.18
Success rate: 26.67%
-----------------------------------------
| eval/                   |             |
|    mean_ep_length       | 171         |
|    mean_reward          | -54.9       |
|    success_rate         | 0.267       |
| time/                   |             |
|    total_timesteps      | 480000      |
| train/                  |             |
|    approx_kl            | 0.021047477 |
|    clip_fraction        | 0.2         |
|    clip_range           | 0.2         |
|    entropy_loss         | -5.68       |
|    explained_variance   | 0.919       |
|    learning_rate        | 0.0003      |
|    loss                 | 0.26        |
|    n_updates            | 2340        |
|    policy_gradient_loss | -0.0102     |
|    std                  | 0.549       |
|    value_loss           | 2.16        |
-----------------------------------------
---------------------------------
| rollout/           |          |
|    ep_len_mean     | 168      |
|    ep_rew_mean     | -48.5    |
|    success_rate    | 0.33     |
| time/              |          |
|    fps             | 630      |
|    iterations      | 235      |
|    time_elapsed    | 763      |
|    total_timesteps | 481280   |
---------------------------------
-----------------------------------------
| rollout/                |             |
|    ep_len_mean          | 170         |
|    ep_rew_mean          | -48.6       |
|    success_rate         | 0.3         |
| time/                   |             |
|    fps                  | 631         |
|    iterations           | 236         |
|    time_elapsed         | 765         |
|    total_timesteps      | 483328      |
| train/                  |             |
|    approx_kl            | 0.015950352 |
|    clip_fraction        | 0.2         |
|    clip_range           | 0.2         |
|    entropy_loss         | -5.68       |
|    explained_variance   | 0.853       |
|    learning_rate        | 0.0003      |
|    loss                 | 0.795       |
|    n_updates            | 2350        |
|    policy_gradient_loss | -0.0073     |
|    std                  | 0.549       |
|    value_loss           | 2.74        |
-----------------------------------------
Eval num_timesteps=485000, episode_reward=-57.79 +/- 15.73
Episode length: 186.07 +/- 37.97
Success rate: 13.33%
----------------------------------------
| eval/                   |            |
|    mean_ep_length       | 186        |
|    mean_reward          | -57.8      |
|    success_rate         | 0.133      |
| time/                   |            |
|    total_timesteps      | 485000     |
| train/                  |            |
|    approx_kl            | 0.02432733 |
|    clip_fraction        | 0.254      |
|    clip_range           | 0.2        |
|    entropy_loss         | -5.7       |
|    explained_variance   | 0.914      |
|    learning_rate        | 0.0003     |
|    loss                 | 0.215      |
|    n_updates            | 2360       |
|    policy_gradient_loss | -0.00655   |
|    std                  | 0.551      |
|    value_loss           | 0.651      |
----------------------------------------
---------------------------------
| rollout/           |          |
|    ep_len_mean     | 171      |
|    ep_rew_mean     | -49      |
|    success_rate    | 0.28     |
| time/              |          |
|    fps             | 629      |
|    iterations      | 237      |
|    time_elapsed    | 770      |
|    total_timesteps | 485376   |
---------------------------------
----------------------------------------
| rollout/                |            |
|    ep_len_mean          | 170        |
|    ep_rew_mean          | -48.4      |
|    success_rate         | 0.29       |
| time/                   |            |
|    fps                  | 630        |
|    iterations           | 238        |
|    time_elapsed         | 772        |
|    total_timesteps      | 487424     |
| train/                  |            |
|    approx_kl            | 0.02931234 |
|    clip_fraction        | 0.288      |
|    clip_range           | 0.2        |
|    entropy_loss         | -5.71      |
|    explained_variance   | 0.94       |
|    learning_rate        | 0.0003     |
|    loss                 | 0.0372     |
|    n_updates            | 2370       |
|    policy_gradient_loss | -0.0124    |
|    std                  | 0.551      |
|    value_loss           | 0.368      |
----------------------------------------
----------------------------------------
| rollout/                |            |
|    ep_len_mean          | 173        |
|    ep_rew_mean          | -49.4      |
|    success_rate         | 0.26       |
| time/                   |            |
|    fps                  | 632        |
|    iterations           | 239        |
|    time_elapsed         | 774        |
|    total_timesteps      | 489472     |
| train/                  |            |
|    approx_kl            | 0.01787433 |
|    clip_fraction        | 0.184      |
|    clip_range           | 0.2        |
|    entropy_loss         | -5.69      |
|    explained_variance   | 0.933      |
|    learning_rate        | 0.0003     |
|    loss                 | 0.739      |
|    n_updates            | 2380       |
|    policy_gradient_loss | -0.0122    |
|    std                  | 0.549      |
|    value_loss           | 2.06       |
----------------------------------------
Eval num_timesteps=490000, episode_reward=-56.72 +/- 16.82
Episode length: 186.37 +/- 34.09
Success rate: 16.67%
-----------------------------------------
| eval/                   |             |
|    mean_ep_length       | 186         |
|    mean_reward          | -56.7       |
|    success_rate         | 0.167       |
| time/                   |             |
|    total_timesteps      | 490000      |
| train/                  |             |
|    approx_kl            | 0.019643549 |
|    clip_fraction        | 0.235       |
|    clip_range           | 0.2         |
|    entropy_loss         | -5.67       |
|    explained_variance   | 0.932       |
|    learning_rate        | 0.0003      |
|    loss                 | 0.175       |
|    n_updates            | 2390        |
|    policy_gradient_loss | -0.0102     |
|    std                  | 0.546       |
|    value_loss           | 0.962       |
-----------------------------------------
---------------------------------
| rollout/           |          |
|    ep_len_mean     | 171      |
|    ep_rew_mean     | -48.3    |
|    success_rate    | 0.27     |
| time/              |          |
|    fps             | 630      |
|    iterations      | 240      |
|    time_elapsed    | 779      |
|    total_timesteps | 491520   |
---------------------------------
----------------------------------------
| rollout/                |            |
|    ep_len_mean          | 173        |
|    ep_rew_mean          | -49        |
|    success_rate         | 0.25       |
| time/                   |            |
|    fps                  | 631        |
|    iterations           | 241        |
|    time_elapsed         | 781        |
|    total_timesteps      | 493568     |
| train/                  |            |
|    approx_kl            | 0.01601364 |
|    clip_fraction        | 0.182      |
|    clip_range           | 0.2        |
|    entropy_loss         | -5.65      |
|    explained_variance   | 0.81       |
|    learning_rate        | 0.0003     |
|    loss                 | 0.47       |
|    n_updates            | 2400       |
|    policy_gradient_loss | -0.00932   |
|    std                  | 0.546      |
|    value_loss           | 3.45       |
----------------------------------------
Eval num_timesteps=495000, episode_reward=-57.24 +/- 14.73
Episode length: 187.57 +/- 34.52
Success rate: 16.67%
----------------------------------------
| eval/                   |            |
|    mean_ep_length       | 188        |
|    mean_reward          | -57.2      |
|    success_rate         | 0.167      |
| time/                   |            |
|    total_timesteps      | 495000     |
| train/                  |            |
|    approx_kl            | 0.01336328 |
|    clip_fraction        | 0.17       |
|    clip_range           | 0.2        |
|    entropy_loss         | -5.64      |
|    explained_variance   | 0.881      |
|    learning_rate        | 0.0003     |
|    loss                 | 0.93       |
|    n_updates            | 2410       |
|    policy_gradient_loss | -0.0102    |
|    std                  | 0.545      |
|    value_loss           | 2.98       |
----------------------------------------
---------------------------------
| rollout/           |          |
|    ep_len_mean     | 177      |
|    ep_rew_mean     | -50.6    |
|    success_rate    | 0.21     |
| time/              |          |
|    fps             | 630      |
|    iterations      | 242      |
|    time_elapsed    | 786      |
|    total_timesteps | 495616   |
---------------------------------
----------------------------------------
| rollout/                |            |
|    ep_len_mean          | 180        |
|    ep_rew_mean          | -51.4      |
|    success_rate         | 0.18       |
| time/                   |            |
|    fps                  | 631        |
|    iterations           | 243        |
|    time_elapsed         | 788        |
|    total_timesteps      | 497664     |
| train/                  |            |
|    approx_kl            | 0.02611706 |
|    clip_fraction        | 0.282      |
|    clip_range           | 0.2        |
|    entropy_loss         | -5.64      |
|    explained_variance   | 0.879      |
|    learning_rate        | 0.0003     |
|    loss                 | 0.123      |
|    n_updates            | 2420       |
|    policy_gradient_loss | -0.00304   |
|    std                  | 0.546      |
|    value_loss           | 1.21       |
----------------------------------------
-----------------------------------------
| rollout/                |             |
|    ep_len_mean          | 181         |
|    ep_rew_mean          | -52.2       |
|    success_rate         | 0.16        |
| time/                   |             |
|    fps                  | 632         |
|    iterations           | 244         |
|    time_elapsed         | 789         |
|    total_timesteps      | 499712      |
| train/                  |             |
|    approx_kl            | 0.022580387 |
|    clip_fraction        | 0.23        |
|    clip_range           | 0.2         |
|    entropy_loss         | -5.64       |
|    explained_variance   | 0.876       |
|    learning_rate        | 0.0003      |
|    loss                 | 0.0892      |
|    n_updates            | 2430        |
|    policy_gradient_loss | -0.00623    |
|    std                  | 0.547       |
|    value_loss           | 1.15        |
-----------------------------------------
Eval num_timesteps=500000, episode_reward=-54.97 +/- 17.60
Episode length: 181.73 +/- 42.42
Success rate: 16.67%
-----------------------------------------
| eval/                   |             |
|    mean_ep_length       | 182         |
|    mean_reward          | -55         |
|    success_rate         | 0.167       |
| time/                   |             |
|    total_timesteps      | 500000      |
| train/                  |             |
|    approx_kl            | 0.017313862 |
|    clip_fraction        | 0.209       |
|    clip_range           | 0.2         |
|    entropy_loss         | -5.65       |
|    explained_variance   | 0.851       |
|    learning_rate        | 0.0003      |
|    loss                 | 0.256       |
|    n_updates            | 2440        |
|    policy_gradient_loss | -0.00635    |
|    std                  | 0.547       |
|    value_loss           | 1.6         |
-----------------------------------------
---------------------------------
| rollout/           |          |
|    ep_len_mean     | 182      |
|    ep_rew_mean     | -53.2    |
|    success_rate    | 0.15     |
| time/              |          |
|    fps             | 631      |
|    iterations      | 245      |
|    time_elapsed    | 794      |
|    total_timesteps | 501760   |
---------------------------------
Training complete. Best model: models\runs\ppo_basic_s0/best_model.zip
