Using cpu device
Run ppo_relvec_s2: 500000 steps
---------------------------------
| rollout/           |          |
|    ep_len_mean     | 200      |
|    ep_rew_mean     | -188     |
|    success_rate    | 0        |
| time/              |          |
|    fps             | 1720     |
|    iterations      | 1        |
|    time_elapsed    | 1        |
|    total_timesteps | 2048     |
---------------------------------
-----------------------------------------
| rollout/                |             |
|    ep_len_mean          | 200         |
|    ep_rew_mean          | -179        |
|    success_rate         | 0           |
| time/                   |             |
|    fps                  | 1440        |
|    iterations           | 2           |
|    time_elapsed         | 2           |
|    total_timesteps      | 4096        |
| train/                  |             |
|    approx_kl            | 0.011767763 |
|    clip_fraction        | 0.124       |
|    clip_range           | 0.2         |
|    entropy_loss         | -9.92       |
|    explained_variance   | -0.0123     |
|    learning_rate        | 0.0003      |
|    loss                 | 8.29        |
|    n_updates            | 10          |
|    policy_gradient_loss | -0.0173     |
|    std                  | 0.998       |
|    value_loss           | 88.7        |
-----------------------------------------
Eval num_timesteps=5000, episode_reward=-162.77 +/- 22.82
Episode length: 200.00 +/- 0.00
Success rate: 0.00%
------------------------------------------
| eval/                   |              |
|    mean_ep_length       | 200          |
|    mean_reward          | -163         |
|    success_rate         | 0            |
| time/                   |              |
|    total_timesteps      | 5000         |
| train/                  |              |
|    approx_kl            | 0.0095780175 |
|    clip_fraction        | 0.0703       |
|    clip_range           | 0.2          |
|    entropy_loss         | -9.9         |
|    explained_variance   | 0.164        |
|    learning_rate        | 0.0003       |
|    loss                 | 12.6         |
|    n_updates            | 20           |
|    policy_gradient_loss | -0.0118      |
|    std                  | 0.994        |
|    value_loss           | 66           |
------------------------------------------
New best mean reward!
---------------------------------
| rollout/           |          |
|    ep_len_mean     | 200      |
|    ep_rew_mean     | -176     |
|    success_rate    | 0        |
| time/              |          |
|    fps             | 845      |
|    iterations      | 3        |
|    time_elapsed    | 7        |
|    total_timesteps | 6144     |
---------------------------------
-----------------------------------------
| rollout/                |             |
|    ep_len_mean          | 200         |
|    ep_rew_mean          | -175        |
|    success_rate         | 0           |
| time/                   |             |
|    fps                  | 915         |
|    iterations           | 4           |
|    time_elapsed         | 8           |
|    total_timesteps      | 8192        |
| train/                  |             |
|    approx_kl            | 0.010549633 |
|    clip_fraction        | 0.0841      |
|    clip_range           | 0.2         |
|    entropy_loss         | -9.88       |
|    explained_variance   | 0.0187      |
|    learning_rate        | 0.0003      |
|    loss                 | 14.5        |
|    n_updates            | 30          |
|    policy_gradient_loss | -0.0134     |
|    std                  | 0.991       |
|    value_loss           | 63.8        |
-----------------------------------------
Eval num_timesteps=10000, episode_reward=-135.71 +/- 21.32
Episode length: 200.00 +/- 0.00
Success rate: 0.00%
-----------------------------------------
| eval/                   |             |
|    mean_ep_length       | 200         |
|    mean_reward          | -136        |
|    success_rate         | 0           |
| time/                   |             |
|    total_timesteps      | 10000       |
| train/                  |             |
|    approx_kl            | 0.012112633 |
|    clip_fraction        | 0.112       |
|    clip_range           | 0.2         |
|    entropy_loss         | -9.87       |
|    explained_variance   | 0.0221      |
|    learning_rate        | 0.0003      |
|    loss                 | 9.72        |
|    n_updates            | 40          |
|    policy_gradient_loss | -0.0148     |
|    std                  | 0.99        |
|    value_loss           | 46.4        |
-----------------------------------------
New best mean reward!
---------------------------------
| rollout/           |          |
|    ep_len_mean     | 200      |
|    ep_rew_mean     | -170     |
|    success_rate    | 0        |
| time/              |          |
|    fps             | 760      |
|    iterations      | 5        |
|    time_elapsed    | 13       |
|    total_timesteps | 10240    |
---------------------------------
-----------------------------------------
| rollout/                |             |
|    ep_len_mean          | 200         |
|    ep_rew_mean          | -167        |
|    success_rate         | 0           |
| time/                   |             |
|    fps                  | 809         |
|    iterations           | 6           |
|    time_elapsed         | 15          |
|    total_timesteps      | 12288       |
| train/                  |             |
|    approx_kl            | 0.013472414 |
|    clip_fraction        | 0.0999      |
|    clip_range           | 0.2         |
|    entropy_loss         | -9.84       |
|    explained_variance   | 0.00991     |
|    learning_rate        | 0.0003      |
|    loss                 | 4           |
|    n_updates            | 50          |
|    policy_gradient_loss | -0.0112     |
|    std                  | 0.985       |
|    value_loss           | 23.7        |
-----------------------------------------
-----------------------------------------
| rollout/                |             |
|    ep_len_mean          | 200         |
|    ep_rew_mean          | -164        |
|    success_rate         | 0           |
| time/                   |             |
|    fps                  | 845         |
|    iterations           | 7           |
|    time_elapsed         | 16          |
|    total_timesteps      | 14336       |
| train/                  |             |
|    approx_kl            | 0.011557519 |
|    clip_fraction        | 0.0838      |
|    clip_range           | 0.2         |
|    entropy_loss         | -9.81       |
|    explained_variance   | 0.0293      |
|    learning_rate        | 0.0003      |
|    loss                 | 1.38        |
|    n_updates            | 60          |
|    policy_gradient_loss | -0.0106     |
|    std                  | 0.98        |
|    value_loss           | 16.6        |
-----------------------------------------
Eval num_timesteps=15000, episode_reward=-140.69 +/- 23.96
Episode length: 200.00 +/- 0.00
Success rate: 0.00%
-----------------------------------------
| eval/                   |             |
|    mean_ep_length       | 200         |
|    mean_reward          | -141        |
|    success_rate         | 0           |
| time/                   |             |
|    total_timesteps      | 15000       |
| train/                  |             |
|    approx_kl            | 0.011683658 |
|    clip_fraction        | 0.0889      |
|    clip_range           | 0.2         |
|    entropy_loss         | -9.78       |
|    explained_variance   | 0.736       |
|    learning_rate        | 0.0003      |
|    loss                 | 1.31        |
|    n_updates            | 70          |
|    policy_gradient_loss | -0.0121     |
|    std                  | 0.977       |
|    value_loss           | 10.5        |
-----------------------------------------
---------------------------------
| rollout/           |          |
|    ep_len_mean     | 200      |
|    ep_rew_mean     | -164     |
|    success_rate    | 0        |
| time/              |          |
|    fps             | 765      |
|    iterations      | 8        |
|    time_elapsed    | 21       |
|    total_timesteps | 16384    |
---------------------------------
----------------------------------------
| rollout/                |            |
|    ep_len_mean          | 200        |
|    ep_rew_mean          | -160       |
|    success_rate         | 0          |
| time/                   |            |
|    fps                  | 797        |
|    iterations           | 9          |
|    time_elapsed         | 23         |
|    total_timesteps      | 18432      |
| train/                  |            |
|    approx_kl            | 0.01492889 |
|    clip_fraction        | 0.16       |
|    clip_range           | 0.2        |
|    entropy_loss         | -9.72      |
|    explained_variance   | 0.86       |
|    learning_rate        | 0.0003     |
|    loss                 | 1.36       |
|    n_updates            | 80         |
|    policy_gradient_loss | -0.0209    |
|    std                  | 0.963      |
|    value_loss           | 7.54       |
----------------------------------------
Eval num_timesteps=20000, episode_reward=-128.54 +/- 23.49
Episode length: 200.00 +/- 0.00
Success rate: 0.00%
----------------------------------------
| eval/                   |            |
|    mean_ep_length       | 200        |
|    mean_reward          | -129       |
|    success_rate         | 0          |
| time/                   |            |
|    total_timesteps      | 20000      |
| train/                  |            |
|    approx_kl            | 0.01227029 |
|    clip_fraction        | 0.153      |
|    clip_range           | 0.2        |
|    entropy_loss         | -9.64      |
|    explained_variance   | 0.946      |
|    learning_rate        | 0.0003     |
|    loss                 | 1.05       |
|    n_updates            | 90         |
|    policy_gradient_loss | -0.0184    |
|    std                  | 0.955      |
|    value_loss           | 5.09       |
----------------------------------------
New best mean reward!
---------------------------------
| rollout/           |          |
|    ep_len_mean     | 200      |
|    ep_rew_mean     | -159     |
|    success_rate    | 0        |
| time/              |          |
|    fps             | 740      |
|    iterations      | 10       |
|    time_elapsed    | 27       |
|    total_timesteps | 20480    |
---------------------------------
-----------------------------------------
| rollout/                |             |
|    ep_len_mean          | 200         |
|    ep_rew_mean          | -152        |
|    success_rate         | 0           |
| time/                   |             |
|    fps                  | 765         |
|    iterations           | 11          |
|    time_elapsed         | 29          |
|    total_timesteps      | 22528       |
| train/                  |             |
|    approx_kl            | 0.014207731 |
|    clip_fraction        | 0.179       |
|    clip_range           | 0.2         |
|    entropy_loss         | -9.6        |
|    explained_variance   | 0.965       |
|    learning_rate        | 0.0003      |
|    loss                 | 1.38        |
|    n_updates            | 100         |
|    policy_gradient_loss | -0.0216     |
|    std                  | 0.954       |
|    value_loss           | 4.77        |
-----------------------------------------
-----------------------------------------
| rollout/                |             |
|    ep_len_mean          | 200         |
|    ep_rew_mean          | -147        |
|    success_rate         | 0           |
| time/                   |             |
|    fps                  | 790         |
|    iterations           | 12          |
|    time_elapsed         | 31          |
|    total_timesteps      | 24576       |
| train/                  |             |
|    approx_kl            | 0.012692392 |
|    clip_fraction        | 0.144       |
|    clip_range           | 0.2         |
|    entropy_loss         | -9.59       |
|    explained_variance   | 0.978       |
|    learning_rate        | 0.0003      |
|    loss                 | 1.19        |
|    n_updates            | 110         |
|    policy_gradient_loss | -0.0159     |
|    std                  | 0.952       |
|    value_loss           | 2.94        |
-----------------------------------------
Eval num_timesteps=25000, episode_reward=-112.46 +/- 15.89
Episode length: 200.00 +/- 0.00
Success rate: 0.00%
-----------------------------------------
| eval/                   |             |
|    mean_ep_length       | 200         |
|    mean_reward          | -112        |
|    success_rate         | 0           |
| time/                   |             |
|    total_timesteps      | 25000       |
| train/                  |             |
|    approx_kl            | 0.014278779 |
|    clip_fraction        | 0.173       |
|    clip_range           | 0.2         |
|    entropy_loss         | -9.54       |
|    explained_variance   | 0.974       |
|    learning_rate        | 0.0003      |
|    loss                 | 1.4         |
|    n_updates            | 120         |
|    policy_gradient_loss | -0.0233     |
|    std                  | 0.942       |
|    value_loss           | 3.98        |
-----------------------------------------
New best mean reward!
---------------------------------
| rollout/           |          |
|    ep_len_mean     | 200      |
|    ep_rew_mean     | -142     |
|    success_rate    | 0        |
| time/              |          |
|    fps             | 742      |
|    iterations      | 13       |
|    time_elapsed    | 35       |
|    total_timesteps | 26624    |
---------------------------------
-----------------------------------------
| rollout/                |             |
|    ep_len_mean          | 200         |
|    ep_rew_mean          | -137        |
|    success_rate         | 0           |
| time/                   |             |
|    fps                  | 763         |
|    iterations           | 14          |
|    time_elapsed         | 37          |
|    total_timesteps      | 28672       |
| train/                  |             |
|    approx_kl            | 0.011661798 |
|    clip_fraction        | 0.112       |
|    clip_range           | 0.2         |
|    entropy_loss         | -9.5        |
|    explained_variance   | 0.976       |
|    learning_rate        | 0.0003      |
|    loss                 | 0.927       |
|    n_updates            | 130         |
|    policy_gradient_loss | -0.0155     |
|    std                  | 0.941       |
|    value_loss           | 3.01        |
-----------------------------------------
Eval num_timesteps=30000, episode_reward=-111.54 +/- 9.02
Episode length: 200.00 +/- 0.00
Success rate: 0.00%
-----------------------------------------
| eval/                   |             |
|    mean_ep_length       | 200         |
|    mean_reward          | -112        |
|    success_rate         | 0           |
| time/                   |             |
|    total_timesteps      | 30000       |
| train/                  |             |
|    approx_kl            | 0.014728826 |
|    clip_fraction        | 0.174       |
|    clip_range           | 0.2         |
|    entropy_loss         | -9.49       |
|    explained_variance   | 0.984       |
|    learning_rate        | 0.0003      |
|    loss                 | 0.659       |
|    n_updates            | 140         |
|    policy_gradient_loss | -0.0188     |
|    std                  | 0.939       |
|    value_loss           | 2.33        |
-----------------------------------------
New best mean reward!
---------------------------------
| rollout/           |          |
|    ep_len_mean     | 200      |
|    ep_rew_mean     | -132     |
|    success_rate    | 0        |
| time/              |          |
|    fps             | 725      |
|    iterations      | 15       |
|    time_elapsed    | 42       |
|    total_timesteps | 30720    |
---------------------------------
---------------------------------------
| rollout/                |           |
|    ep_len_mean          | 200       |
|    ep_rew_mean          | -128      |
|    success_rate         | 0         |
| time/                   |           |
|    fps                  | 743       |
|    iterations           | 16        |
|    time_elapsed         | 44        |
|    total_timesteps      | 32768     |
| train/                  |           |
|    approx_kl            | 0.0161515 |
|    clip_fraction        | 0.158     |
|    clip_range           | 0.2       |
|    entropy_loss         | -9.49     |
|    explained_variance   | 0.978     |
|    learning_rate        | 0.0003    |
|    loss                 | 1.25      |
|    n_updates            | 150       |
|    policy_gradient_loss | -0.0208   |
|    std                  | 0.942     |
|    value_loss           | 3.24      |
---------------------------------------
-----------------------------------------
| rollout/                |             |
|    ep_len_mean          | 200         |
|    ep_rew_mean          | -123        |
|    success_rate         | 0           |
| time/                   |             |
|    fps                  | 760         |
|    iterations           | 17          |
|    time_elapsed         | 45          |
|    total_timesteps      | 34816       |
| train/                  |             |
|    approx_kl            | 0.011553358 |
|    clip_fraction        | 0.135       |
|    clip_range           | 0.2         |
|    entropy_loss         | -9.48       |
|    explained_variance   | 0.965       |
|    learning_rate        | 0.0003      |
|    loss                 | 1.43        |
|    n_updates            | 160         |
|    policy_gradient_loss | -0.0188     |
|    std                  | 0.937       |
|    value_loss           | 2.85        |
-----------------------------------------
Eval num_timesteps=35000, episode_reward=-103.31 +/- 11.45
Episode length: 200.00 +/- 0.00
Success rate: 0.00%
-----------------------------------------
| eval/                   |             |
|    mean_ep_length       | 200         |
|    mean_reward          | -103        |
|    success_rate         | 0           |
| time/                   |             |
|    total_timesteps      | 35000       |
| train/                  |             |
|    approx_kl            | 0.013801288 |
|    clip_fraction        | 0.152       |
|    clip_range           | 0.2         |
|    entropy_loss         | -9.45       |
|    explained_variance   | 0.951       |
|    learning_rate        | 0.0003      |
|    loss                 | 1.09        |
|    n_updates            | 170         |
|    policy_gradient_loss | -0.0183     |
|    std                  | 0.933       |
|    value_loss           | 2.5         |
-----------------------------------------
New best mean reward!
---------------------------------
| rollout/           |          |
|    ep_len_mean     | 200      |
|    ep_rew_mean     | -118     |
|    success_rate    | 0        |
| time/              |          |
|    fps             | 729      |
|    iterations      | 18       |
|    time_elapsed    | 50       |
|    total_timesteps | 36864    |
---------------------------------
-----------------------------------------
| rollout/                |             |
|    ep_len_mean          | 200         |
|    ep_rew_mean          | -116        |
|    success_rate         | 0           |
| time/                   |             |
|    fps                  | 744         |
|    iterations           | 19          |
|    time_elapsed         | 52          |
|    total_timesteps      | 38912       |
| train/                  |             |
|    approx_kl            | 0.012227692 |
|    clip_fraction        | 0.149       |
|    clip_range           | 0.2         |
|    entropy_loss         | -9.41       |
|    explained_variance   | 0.971       |
|    learning_rate        | 0.0003      |
|    loss                 | 0.527       |
|    n_updates            | 180         |
|    policy_gradient_loss | -0.0161     |
|    std                  | 0.927       |
|    value_loss           | 1.82        |
-----------------------------------------
Eval num_timesteps=40000, episode_reward=-103.94 +/- 8.98
Episode length: 200.00 +/- 0.00
Success rate: 0.00%
-----------------------------------------
| eval/                   |             |
|    mean_ep_length       | 200         |
|    mean_reward          | -104        |
|    success_rate         | 0           |
| time/                   |             |
|    total_timesteps      | 40000       |
| train/                  |             |
|    approx_kl            | 0.014017198 |
|    clip_fraction        | 0.146       |
|    clip_range           | 0.2         |
|    entropy_loss         | -9.35       |
|    explained_variance   | 0.954       |
|    learning_rate        | 0.0003      |
|    loss                 | 0.772       |
|    n_updates            | 190         |
|    policy_gradient_loss | -0.0171     |
|    std                  | 0.918       |
|    value_loss           | 2.55        |
-----------------------------------------
---------------------------------
| rollout/           |          |
|    ep_len_mean     | 200      |
|    ep_rew_mean     | -113     |
|    success_rate    | 0        |
| time/              |          |
|    fps             | 717      |
|    iterations      | 20       |
|    time_elapsed    | 57       |
|    total_timesteps | 40960    |
---------------------------------
-----------------------------------------
| rollout/                |             |
|    ep_len_mean          | 200         |
|    ep_rew_mean          | -110        |
|    success_rate         | 0           |
| time/                   |             |
|    fps                  | 730         |
|    iterations           | 21          |
|    time_elapsed         | 58          |
|    total_timesteps      | 43008       |
| train/                  |             |
|    approx_kl            | 0.013133993 |
|    clip_fraction        | 0.152       |
|    clip_range           | 0.2         |
|    entropy_loss         | -9.31       |
|    explained_variance   | 0.98        |
|    learning_rate        | 0.0003      |
|    loss                 | 0.771       |
|    n_updates            | 200         |
|    policy_gradient_loss | -0.021      |
|    std                  | 0.917       |
|    value_loss           | 1.79        |
-----------------------------------------
Eval num_timesteps=45000, episode_reward=-96.48 +/- 9.69
Episode length: 200.00 +/- 0.00
Success rate: 0.00%
-----------------------------------------
| eval/                   |             |
|    mean_ep_length       | 200         |
|    mean_reward          | -96.5       |
|    success_rate         | 0           |
| time/                   |             |
|    total_timesteps      | 45000       |
| train/                  |             |
|    approx_kl            | 0.018967694 |
|    clip_fraction        | 0.198       |
|    clip_range           | 0.2         |
|    entropy_loss         | -9.3        |
|    explained_variance   | 0.989       |
|    learning_rate        | 0.0003      |
|    loss                 | 0.276       |
|    n_updates            | 210         |
|    policy_gradient_loss | -0.023      |
|    std                  | 0.916       |
|    value_loss           | 1.27        |
-----------------------------------------
New best mean reward!
---------------------------------
| rollout/           |          |
|    ep_len_mean     | 200      |
|    ep_rew_mean     | -108     |
|    success_rate    | 0        |
| time/              |          |
|    fps             | 707      |
|    iterations      | 22       |
|    time_elapsed    | 63       |
|    total_timesteps | 45056    |
---------------------------------
-----------------------------------------
| rollout/                |             |
|    ep_len_mean          | 200         |
|    ep_rew_mean          | -105        |
|    success_rate         | 0.01        |
| time/                   |             |
|    fps                  | 720         |
|    iterations           | 23          |
|    time_elapsed         | 65          |
|    total_timesteps      | 47104       |
| train/                  |             |
|    approx_kl            | 0.020546135 |
|    clip_fraction        | 0.212       |
|    clip_range           | 0.2         |
|    entropy_loss         | -9.28       |
|    explained_variance   | 0.992       |
|    learning_rate        | 0.0003      |
|    loss                 | 0.494       |
|    n_updates            | 220         |
|    policy_gradient_loss | -0.0237     |
|    std                  | 0.912       |
|    value_loss           | 1.29        |
-----------------------------------------
----------------------------------------
| rollout/                |            |
|    ep_len_mean          | 200        |
|    ep_rew_mean          | -103       |
|    success_rate         | 0.01       |
| time/                   |            |
|    fps                  | 731        |
|    iterations           | 24         |
|    time_elapsed         | 67         |
|    total_timesteps      | 49152      |
| train/                  |            |
|    approx_kl            | 0.01414621 |
|    clip_fraction        | 0.175      |
|    clip_range           | 0.2        |
|    entropy_loss         | -9.27      |
|    explained_variance   | 0.986      |
|    learning_rate        | 0.0003     |
|    loss                 | 0.867      |
|    n_updates            | 230        |
|    policy_gradient_loss | -0.0205    |
|    std                  | 0.911      |
|    value_loss           | 1.64       |
----------------------------------------
Eval num_timesteps=50000, episode_reward=-69.85 +/- 14.18
Episode length: 188.60 +/- 30.31
Success rate: 16.67%
----------------------------------------
| eval/                   |            |
|    mean_ep_length       | 189        |
|    mean_reward          | -69.8      |
|    success_rate         | 0.167      |
| time/                   |            |
|    total_timesteps      | 50000      |
| train/                  |            |
|    approx_kl            | 0.01761413 |
|    clip_fraction        | 0.212      |
|    clip_range           | 0.2        |
|    entropy_loss         | -9.24      |
|    explained_variance   | 0.991      |
|    learning_rate        | 0.0003     |
|    loss                 | 0.535      |
|    n_updates            | 240        |
|    policy_gradient_loss | -0.0234    |
|    std                  | 0.904      |
|    value_loss           | 1.27       |
----------------------------------------
New best mean reward!
---------------------------------
| rollout/           |          |
|    ep_len_mean     | 200      |
|    ep_rew_mean     | -100     |
|    success_rate    | 0.01     |
| time/              |          |
|    fps             | 711      |
|    iterations      | 25       |
|    time_elapsed    | 71       |
|    total_timesteps | 51200    |
---------------------------------
----------------------------------------
| rollout/                |            |
|    ep_len_mean          | 200        |
|    ep_rew_mean          | -97.4      |
|    success_rate         | 0.02       |
| time/                   |            |
|    fps                  | 722        |
|    iterations           | 26         |
|    time_elapsed         | 73         |
|    total_timesteps      | 53248      |
| train/                  |            |
|    approx_kl            | 0.01296946 |
|    clip_fraction        | 0.178      |
|    clip_range           | 0.2        |
|    entropy_loss         | -9.19      |
|    explained_variance   | 0.994      |
|    learning_rate        | 0.0003     |
|    loss                 | 0.446      |
|    n_updates            | 250        |
|    policy_gradient_loss | -0.0174    |
|    std                  | 0.9        |
|    value_loss           | 1.12       |
----------------------------------------
Eval num_timesteps=55000, episode_reward=-55.80 +/- 10.90
Episode length: 189.43 +/- 31.85
Success rate: 10.00%
-----------------------------------------
| eval/                   |             |
|    mean_ep_length       | 189         |
|    mean_reward          | -55.8       |
|    success_rate         | 0.1         |
| time/                   |             |
|    total_timesteps      | 55000       |
| train/                  |             |
|    approx_kl            | 0.016472932 |
|    clip_fraction        | 0.166       |
|    clip_range           | 0.2         |
|    entropy_loss         | -9.17       |
|    explained_variance   | 0.978       |
|    learning_rate        | 0.0003      |
|    loss                 | 4.99        |
|    n_updates            | 260         |
|    policy_gradient_loss | -0.0168     |
|    std                  | 0.898       |
|    value_loss           | 4.73        |
-----------------------------------------
New best mean reward!
---------------------------------
| rollout/           |          |
|    ep_len_mean     | 200      |
|    ep_rew_mean     | -93.7    |
|    success_rate    | 0.03     |
| time/              |          |
|    fps             | 705      |
|    iterations      | 27       |
|    time_elapsed    | 78       |
|    total_timesteps | 55296    |
---------------------------------
-----------------------------------------
| rollout/                |             |
|    ep_len_mean          | 199         |
|    ep_rew_mean          | -89.6       |
|    success_rate         | 0.04        |
| time/                   |             |
|    fps                  | 715         |
|    iterations           | 28          |
|    time_elapsed         | 80          |
|    total_timesteps      | 57344       |
| train/                  |             |
|    approx_kl            | 0.014566276 |
|    clip_fraction        | 0.166       |
|    clip_range           | 0.2         |
|    entropy_loss         | -9.15       |
|    explained_variance   | 0.985       |
|    learning_rate        | 0.0003      |
|    loss                 | 0.342       |
|    n_updates            | 270         |
|    policy_gradient_loss | -0.0149     |
|    std                  | 0.896       |
|    value_loss           | 1.34        |
-----------------------------------------
-----------------------------------------
| rollout/                |             |
|    ep_len_mean          | 199         |
|    ep_rew_mean          | -85.9       |
|    success_rate         | 0.06        |
| time/                   |             |
|    fps                  | 725         |
|    iterations           | 29          |
|    time_elapsed         | 81          |
|    total_timesteps      | 59392       |
| train/                  |             |
|    approx_kl            | 0.016355444 |
|    clip_fraction        | 0.191       |
|    clip_range           | 0.2         |
|    entropy_loss         | -9.12       |
|    explained_variance   | 0.99        |
|    learning_rate        | 0.0003      |
|    loss                 | 0.182       |
|    n_updates            | 280         |
|    policy_gradient_loss | -0.0167     |
|    std                  | 0.889       |
|    value_loss           | 0.666       |
-----------------------------------------
Eval num_timesteps=60000, episode_reward=-55.57 +/- 13.09
Episode length: 188.23 +/- 34.53
Success rate: 13.33%
-----------------------------------------
| eval/                   |             |
|    mean_ep_length       | 188         |
|    mean_reward          | -55.6       |
|    success_rate         | 0.133       |
| time/                   |             |
|    total_timesteps      | 60000       |
| train/                  |             |
|    approx_kl            | 0.011766687 |
|    clip_fraction        | 0.121       |
|    clip_range           | 0.2         |
|    entropy_loss         | -9.08       |
|    explained_variance   | 0.984       |
|    learning_rate        | 0.0003      |
|    loss                 | 0.311       |
|    n_updates            | 290         |
|    policy_gradient_loss | -0.0103     |
|    std                  | 0.885       |
|    value_loss           | 2.4         |
-----------------------------------------
New best mean reward!
---------------------------------
| rollout/           |          |
|    ep_len_mean     | 196      |
|    ep_rew_mean     | -80.5    |
|    success_rate    | 0.09     |
| time/              |          |
|    fps             | 709      |
|    iterations      | 30       |
|    time_elapsed    | 86       |
|    total_timesteps | 61440    |
---------------------------------
-----------------------------------------
| rollout/                |             |
|    ep_len_mean          | 196         |
|    ep_rew_mean          | -76.7       |
|    success_rate         | 0.1         |
| time/                   |             |
|    fps                  | 718         |
|    iterations           | 31          |
|    time_elapsed         | 88          |
|    total_timesteps      | 63488       |
| train/                  |             |
|    approx_kl            | 0.020350214 |
|    clip_fraction        | 0.193       |
|    clip_range           | 0.2         |
|    entropy_loss         | -9.03       |
|    explained_variance   | 0.99        |
|    learning_rate        | 0.0003      |
|    loss                 | 0.339       |
|    n_updates            | 300         |
|    policy_gradient_loss | -0.0181     |
|    std                  | 0.877       |
|    value_loss           | 0.682       |
-----------------------------------------
Eval num_timesteps=65000, episode_reward=-57.53 +/- 14.80
Episode length: 180.37 +/- 39.83
Success rate: 20.00%
----------------------------------------
| eval/                   |            |
|    mean_ep_length       | 180        |
|    mean_reward          | -57.5      |
|    success_rate         | 0.2        |
| time/                   |            |
|    total_timesteps      | 65000      |
| train/                  |            |
|    approx_kl            | 0.01489215 |
|    clip_fraction        | 0.172      |
|    clip_range           | 0.2        |
|    entropy_loss         | -8.96      |
|    explained_variance   | 0.991      |
|    learning_rate        | 0.0003     |
|    loss                 | 0.138      |
|    n_updates            | 310        |
|    policy_gradient_loss | -0.0159    |
|    std                  | 0.87       |
|    value_loss           | 0.539      |
----------------------------------------
---------------------------------
| rollout/           |          |
|    ep_len_mean     | 194      |
|    ep_rew_mean     | -73.8    |
|    success_rate    | 0.11     |
| time/              |          |
|    fps             | 705      |
|    iterations      | 32       |
|    time_elapsed    | 92       |
|    total_timesteps | 65536    |
---------------------------------
------------------------------------------
| rollout/                |              |
|    ep_len_mean          | 192          |
|    ep_rew_mean          | -70.7        |
|    success_rate         | 0.13         |
| time/                   |              |
|    fps                  | 713          |
|    iterations           | 33           |
|    time_elapsed         | 94           |
|    total_timesteps      | 67584        |
| train/                  |              |
|    approx_kl            | 0.0142213935 |
|    clip_fraction        | 0.154        |
|    clip_range           | 0.2          |
|    entropy_loss         | -8.9         |
|    explained_variance   | 0.991        |
|    learning_rate        | 0.0003       |
|    loss                 | 0.177        |
|    n_updates            | 320          |
|    policy_gradient_loss | -0.0161      |
|    std                  | 0.861        |
|    value_loss           | 0.686        |
------------------------------------------
-----------------------------------------
| rollout/                |             |
|    ep_len_mean          | 191         |
|    ep_rew_mean          | -68.6       |
|    success_rate         | 0.14        |
| time/                   |             |
|    fps                  | 721         |
|    iterations           | 34          |
|    time_elapsed         | 96          |
|    total_timesteps      | 69632       |
| train/                  |             |
|    approx_kl            | 0.013424441 |
|    clip_fraction        | 0.151       |
|    clip_range           | 0.2         |
|    entropy_loss         | -8.85       |
|    explained_variance   | 0.989       |
|    learning_rate        | 0.0003      |
|    loss                 | 0.454       |
|    n_updates            | 330         |
|    policy_gradient_loss | -0.0163     |
|    std                  | 0.858       |
|    value_loss           | 1.01        |
-----------------------------------------
Eval num_timesteps=70000, episode_reward=-53.87 +/- 18.06
Episode length: 174.17 +/- 47.30
Success rate: 23.33%
-----------------------------------------
| eval/                   |             |
|    mean_ep_length       | 174         |
|    mean_reward          | -53.9       |
|    success_rate         | 0.233       |
| time/                   |             |
|    total_timesteps      | 70000       |
| train/                  |             |
|    approx_kl            | 0.013366906 |
|    clip_fraction        | 0.159       |
|    clip_range           | 0.2         |
|    entropy_loss         | -8.8        |
|    explained_variance   | 0.993       |
|    learning_rate        | 0.0003      |
|    loss                 | 0.211       |
|    n_updates            | 340         |
|    policy_gradient_loss | -0.0131     |
|    std                  | 0.85        |
|    value_loss           | 0.788       |
-----------------------------------------
New best mean reward!
---------------------------------
| rollout/           |          |
|    ep_len_mean     | 190      |
|    ep_rew_mean     | -66.5    |
|    success_rate    | 0.16     |
| time/              |          |
|    fps             | 709      |
|    iterations      | 35       |
|    time_elapsed    | 100      |
|    total_timesteps | 71680    |
---------------------------------
-----------------------------------------
| rollout/                |             |
|    ep_len_mean          | 188         |
|    ep_rew_mean          | -64.5       |
|    success_rate         | 0.18        |
| time/                   |             |
|    fps                  | 717         |
|    iterations           | 36          |
|    time_elapsed         | 102         |
|    total_timesteps      | 73728       |
| train/                  |             |
|    approx_kl            | 0.015542838 |
|    clip_fraction        | 0.172       |
|    clip_range           | 0.2         |
|    entropy_loss         | -8.73       |
|    explained_variance   | 0.993       |
|    learning_rate        | 0.0003      |
|    loss                 | 0.159       |
|    n_updates            | 350         |
|    policy_gradient_loss | -0.0148     |
|    std                  | 0.842       |
|    value_loss           | 0.75        |
-----------------------------------------
Eval num_timesteps=75000, episode_reward=-53.87 +/- 14.85
Episode length: 183.17 +/- 37.92
Success rate: 16.67%
-----------------------------------------
| eval/                   |             |
|    mean_ep_length       | 183         |
|    mean_reward          | -53.9       |
|    success_rate         | 0.167       |
| time/                   |             |
|    total_timesteps      | 75000       |
| train/                  |             |
|    approx_kl            | 0.016618395 |
|    clip_fraction        | 0.183       |
|    clip_range           | 0.2         |
|    entropy_loss         | -8.69       |
|    explained_variance   | 0.996       |
|    learning_rate        | 0.0003      |
|    loss                 | 0.122       |
|    n_updates            | 360         |
|    policy_gradient_loss | -0.0162     |
|    std                  | 0.839       |
|    value_loss           | 0.606       |
-----------------------------------------
New best mean reward!
---------------------------------
| rollout/           |          |
|    ep_len_mean     | 186      |
|    ep_rew_mean     | -62.7    |
|    success_rate    | 0.21     |
| time/              |          |
|    fps             | 703      |
|    iterations      | 37       |
|    time_elapsed    | 107      |
|    total_timesteps | 75776    |
---------------------------------
-----------------------------------------
| rollout/                |             |
|    ep_len_mean          | 186         |
|    ep_rew_mean          | -62         |
|    success_rate         | 0.19        |
| time/                   |             |
|    fps                  | 710         |
|    iterations           | 38          |
|    time_elapsed         | 109         |
|    total_timesteps      | 77824       |
| train/                  |             |
|    approx_kl            | 0.016136356 |
|    clip_fraction        | 0.181       |
|    clip_range           | 0.2         |
|    entropy_loss         | -8.67       |
|    explained_variance   | 0.988       |
|    learning_rate        | 0.0003      |
|    loss                 | 0.933       |
|    n_updates            | 370         |
|    policy_gradient_loss | -0.0154     |
|    std                  | 0.837       |
|    value_loss           | 1.92        |
-----------------------------------------
-----------------------------------------
| rollout/                |             |
|    ep_len_mean          | 184         |
|    ep_rew_mean          | -59.8       |
|    success_rate         | 0.21        |
| time/                   |             |
|    fps                  | 717         |
|    iterations           | 39          |
|    time_elapsed         | 111         |
|    total_timesteps      | 79872       |
| train/                  |             |
|    approx_kl            | 0.013006931 |
|    clip_fraction        | 0.15        |
|    clip_range           | 0.2         |
|    entropy_loss         | -8.65       |
|    explained_variance   | 0.993       |
|    learning_rate        | 0.0003      |
|    loss                 | 0.13        |
|    n_updates            | 380         |
|    policy_gradient_loss | -0.0126     |
|    std                  | 0.836       |
|    value_loss           | 0.44        |
-----------------------------------------
Eval num_timesteps=80000, episode_reward=-46.06 +/- 13.52
Episode length: 167.13 +/- 48.21
Success rate: 33.33%
----------------------------------------
| eval/                   |            |
|    mean_ep_length       | 167        |
|    mean_reward          | -46.1      |
|    success_rate         | 0.333      |
| time/                   |            |
|    total_timesteps      | 80000      |
| train/                  |            |
|    approx_kl            | 0.01591357 |
|    clip_fraction        | 0.219      |
|    clip_range           | 0.2        |
|    entropy_loss         | -8.59      |
|    explained_variance   | 0.996      |
|    learning_rate        | 0.0003     |
|    loss                 | 0.128      |
|    n_updates            | 390        |
|    policy_gradient_loss | -0.0213    |
|    std                  | 0.824      |
|    value_loss           | 0.397      |
----------------------------------------
New best mean reward!
---------------------------------
| rollout/           |          |
|    ep_len_mean     | 183      |
|    ep_rew_mean     | -58.9    |
|    success_rate    | 0.23     |
| time/              |          |
|    fps             | 705      |
|    iterations      | 40       |
|    time_elapsed    | 116      |
|    total_timesteps | 81920    |
---------------------------------
-----------------------------------------
| rollout/                |             |
|    ep_len_mean          | 179         |
|    ep_rew_mean          | -56         |
|    success_rate         | 0.27        |
| time/                   |             |
|    fps                  | 711         |
|    iterations           | 41          |
|    time_elapsed         | 118         |
|    total_timesteps      | 83968       |
| train/                  |             |
|    approx_kl            | 0.014234632 |
|    clip_fraction        | 0.156       |
|    clip_range           | 0.2         |
|    entropy_loss         | -8.55       |
|    explained_variance   | 0.988       |
|    learning_rate        | 0.0003      |
|    loss                 | 0.799       |
|    n_updates            | 400         |
|    policy_gradient_loss | -0.0128     |
|    std                  | 0.823       |
|    value_loss           | 1.79        |
-----------------------------------------
Eval num_timesteps=85000, episode_reward=-39.20 +/- 17.09
Episode length: 147.53 +/- 56.91
Success rate: 46.67%
-----------------------------------------
| eval/                   |             |
|    mean_ep_length       | 148         |
|    mean_reward          | -39.2       |
|    success_rate         | 0.467       |
| time/                   |             |
|    total_timesteps      | 85000       |
| train/                  |             |
|    approx_kl            | 0.016422834 |
|    clip_fraction        | 0.194       |
|    clip_range           | 0.2         |
|    entropy_loss         | -8.54       |
|    explained_variance   | 0.996       |
|    learning_rate        | 0.0003      |
|    loss                 | 0.0987      |
|    n_updates            | 410         |
|    policy_gradient_loss | -0.0178     |
|    std                  | 0.823       |
|    value_loss           | 0.527       |
-----------------------------------------
New best mean reward!
---------------------------------
| rollout/           |          |
|    ep_len_mean     | 177      |
|    ep_rew_mean     | -53.9    |
|    success_rate    | 0.28     |
| time/              |          |
|    fps             | 700      |
|    iterations      | 42       |
|    time_elapsed    | 122      |
|    total_timesteps | 86016    |
---------------------------------
------------------------------------------
| rollout/                |              |
|    ep_len_mean          | 176          |
|    ep_rew_mean          | -52.3        |
|    success_rate         | 0.29         |
| time/                   |              |
|    fps                  | 706          |
|    iterations           | 43           |
|    time_elapsed         | 124          |
|    total_timesteps      | 88064        |
| train/                  |              |
|    approx_kl            | 0.0136373835 |
|    clip_fraction        | 0.186        |
|    clip_range           | 0.2          |
|    entropy_loss         | -8.54        |
|    explained_variance   | 0.996        |
|    learning_rate        | 0.0003       |
|    loss                 | 0.276        |
|    n_updates            | 420          |
|    policy_gradient_loss | -0.0145      |
|    std                  | 0.822        |
|    value_loss           | 0.548        |
------------------------------------------
Eval num_timesteps=90000, episode_reward=-43.87 +/- 14.20
Episode length: 166.73 +/- 51.32
Success rate: 30.00%
----------------------------------------
| eval/                   |            |
|    mean_ep_length       | 167        |
|    mean_reward          | -43.9      |
|    success_rate         | 0.3        |
| time/                   |            |
|    total_timesteps      | 90000      |
| train/                  |            |
|    approx_kl            | 0.01511912 |
|    clip_fraction        | 0.171      |
|    clip_range           | 0.2        |
|    entropy_loss         | -8.53      |
|    explained_variance   | 0.993      |
|    learning_rate        | 0.0003     |
|    loss                 | 0.171      |
|    n_updates            | 430        |
|    policy_gradient_loss | -0.0118    |
|    std                  | 0.821      |
|    value_loss           | 0.859      |
----------------------------------------
---------------------------------
| rollout/           |          |
|    ep_len_mean     | 173      |
|    ep_rew_mean     | -50.4    |
|    success_rate    | 0.32     |
| time/              |          |
|    fps             | 696      |
|    iterations      | 44       |
|    time_elapsed    | 129      |
|    total_timesteps | 90112    |
---------------------------------
------------------------------------------
| rollout/                |              |
|    ep_len_mean          | 172          |
|    ep_rew_mean          | -50.1        |
|    success_rate         | 0.32         |
| time/                   |              |
|    fps                  | 701          |
|    iterations           | 45           |
|    time_elapsed         | 131          |
|    total_timesteps      | 92160        |
| train/                  |              |
|    approx_kl            | 0.0122554265 |
|    clip_fraction        | 0.133        |
|    clip_range           | 0.2          |
|    entropy_loss         | -8.51        |
|    explained_variance   | 0.986        |
|    learning_rate        | 0.0003       |
|    loss                 | 0.24         |
|    n_updates            | 440          |
|    policy_gradient_loss | -0.0134      |
|    std                  | 0.818        |
|    value_loss           | 1.61         |
------------------------------------------
-----------------------------------------
| rollout/                |             |
|    ep_len_mean          | 169         |
|    ep_rew_mean          | -48.6       |
|    success_rate         | 0.35        |
| time/                   |             |
|    fps                  | 706         |
|    iterations           | 46          |
|    time_elapsed         | 133         |
|    total_timesteps      | 94208       |
| train/                  |             |
|    approx_kl            | 0.017533783 |
|    clip_fraction        | 0.189       |
|    clip_range           | 0.2         |
|    entropy_loss         | -8.48       |
|    explained_variance   | 0.991       |
|    learning_rate        | 0.0003      |
|    loss                 | 0.123       |
|    n_updates            | 450         |
|    policy_gradient_loss | -0.018      |
|    std                  | 0.814       |
|    value_loss           | 0.515       |
-----------------------------------------
Eval num_timesteps=95000, episode_reward=-44.07 +/- 17.32
Episode length: 158.33 +/- 51.48
Success rate: 40.00%
-----------------------------------------
| eval/                   |             |
|    mean_ep_length       | 158         |
|    mean_reward          | -44.1       |
|    success_rate         | 0.4         |
| time/                   |             |
|    total_timesteps      | 95000       |
| train/                  |             |
|    approx_kl            | 0.010717889 |
|    clip_fraction        | 0.126       |
|    clip_range           | 0.2         |
|    entropy_loss         | -8.44       |
|    explained_variance   | 0.979       |
|    learning_rate        | 0.0003      |
|    loss                 | 0.245       |
|    n_updates            | 460         |
|    policy_gradient_loss | -0.0103     |
|    std                  | 0.809       |
|    value_loss           | 2.01        |
-----------------------------------------
---------------------------------
| rollout/           |          |
|    ep_len_mean     | 167      |
|    ep_rew_mean     | -47.8    |
|    success_rate    | 0.37     |
| time/              |          |
|    fps             | 697      |
|    iterations      | 47       |
|    time_elapsed    | 137      |
|    total_timesteps | 96256    |
---------------------------------
------------------------------------------
| rollout/                |              |
|    ep_len_mean          | 168          |
|    ep_rew_mean          | -47.9        |
|    success_rate         | 0.35         |
| time/                   |              |
|    fps                  | 703          |
|    iterations           | 48           |
|    time_elapsed         | 139          |
|    total_timesteps      | 98304        |
| train/                  |              |
|    approx_kl            | 0.0133020785 |
|    clip_fraction        | 0.181        |
|    clip_range           | 0.2          |
|    entropy_loss         | -8.4         |
|    explained_variance   | 0.989        |
|    learning_rate        | 0.0003       |
|    loss                 | 0.0889       |
|    n_updates            | 470          |
|    policy_gradient_loss | -0.014       |
|    std                  | 0.807        |
|    value_loss           | 0.62         |
------------------------------------------
Eval num_timesteps=100000, episode_reward=-48.07 +/- 15.89
Episode length: 174.50 +/- 46.68
Success rate: 23.33%
-----------------------------------------
| eval/                   |             |
|    mean_ep_length       | 174         |
|    mean_reward          | -48.1       |
|    success_rate         | 0.233       |
| time/                   |             |
|    total_timesteps      | 100000      |
| train/                  |             |
|    approx_kl            | 0.013597707 |
|    clip_fraction        | 0.186       |
|    clip_range           | 0.2         |
|    entropy_loss         | -8.4        |
|    explained_variance   | 0.995       |
|    learning_rate        | 0.0003      |
|    loss                 | 0.252       |
|    n_updates            | 480         |
|    policy_gradient_loss | -0.0116     |
|    std                  | 0.807       |
|    value_loss           | 0.425       |
-----------------------------------------
---------------------------------
| rollout/           |          |
|    ep_len_mean     | 169      |
|    ep_rew_mean     | -47.9    |
|    success_rate    | 0.34     |
| time/              |          |
|    fps             | 694      |
|    iterations      | 49       |
|    time_elapsed    | 144      |
|    total_timesteps | 100352   |
---------------------------------
-----------------------------------------
| rollout/                |             |
|    ep_len_mean          | 165         |
|    ep_rew_mean          | -46.7       |
|    success_rate         | 0.39        |
| time/                   |             |
|    fps                  | 699         |
|    iterations           | 50          |
|    time_elapsed         | 146         |
|    total_timesteps      | 102400      |
| train/                  |             |
|    approx_kl            | 0.013962771 |
|    clip_fraction        | 0.179       |
|    clip_range           | 0.2         |
|    entropy_loss         | -8.38       |
|    explained_variance   | 0.991       |
|    learning_rate        | 0.0003      |
|    loss                 | 0.296       |
|    n_updates            | 490         |
|    policy_gradient_loss | -0.0152     |
|    std                  | 0.805       |
|    value_loss           | 0.511       |
-----------------------------------------
-----------------------------------------
| rollout/                |             |
|    ep_len_mean          | 165         |
|    ep_rew_mean          | -47         |
|    success_rate         | 0.38        |
| time/                   |             |
|    fps                  | 704         |
|    iterations           | 51          |
|    time_elapsed         | 148         |
|    total_timesteps      | 104448      |
| train/                  |             |
|    approx_kl            | 0.012059378 |
|    clip_fraction        | 0.163       |
|    clip_range           | 0.2         |
|    entropy_loss         | -8.38       |
|    explained_variance   | 0.993       |
|    learning_rate        | 0.0003      |
|    loss                 | 0.169       |
|    n_updates            | 500         |
|    policy_gradient_loss | -0.0138     |
|    std                  | 0.806       |
|    value_loss           | 0.518       |
-----------------------------------------
Eval num_timesteps=105000, episode_reward=-52.16 +/- 17.72
Episode length: 175.53 +/- 44.91
Success rate: 23.33%
-----------------------------------------
| eval/                   |             |
|    mean_ep_length       | 176         |
|    mean_reward          | -52.2       |
|    success_rate         | 0.233       |
| time/                   |             |
|    total_timesteps      | 105000      |
| train/                  |             |
|    approx_kl            | 0.015120609 |
|    clip_fraction        | 0.198       |
|    clip_range           | 0.2         |
|    entropy_loss         | -8.36       |
|    explained_variance   | 0.99        |
|    learning_rate        | 0.0003      |
|    loss                 | 0.1         |
|    n_updates            | 510         |
|    policy_gradient_loss | -0.0154     |
|    std                  | 0.803       |
|    value_loss           | 0.513       |
-----------------------------------------
---------------------------------
| rollout/           |          |
|    ep_len_mean     | 165      |
|    ep_rew_mean     | -46.5    |
|    success_rate    | 0.39     |
| time/              |          |
|    fps             | 695      |
|    iterations      | 52       |
|    time_elapsed    | 153      |
|    total_timesteps | 106496   |
---------------------------------
----------------------------------------
| rollout/                |            |
|    ep_len_mean          | 166        |
|    ep_rew_mean          | -46.6      |
|    success_rate         | 0.38       |
| time/                   |            |
|    fps                  | 700        |
|    iterations           | 53         |
|    time_elapsed         | 154        |
|    total_timesteps      | 108544     |
| train/                  |            |
|    approx_kl            | 0.01527668 |
|    clip_fraction        | 0.149      |
|    clip_range           | 0.2        |
|    entropy_loss         | -8.35      |
|    explained_variance   | 0.985      |
|    learning_rate        | 0.0003     |
|    loss                 | 0.19       |
|    n_updates            | 520        |
|    policy_gradient_loss | -0.0108    |
|    std                  | 0.803      |
|    value_loss           | 0.698      |
----------------------------------------
Eval num_timesteps=110000, episode_reward=-52.58 +/- 19.49
Episode length: 172.00 +/- 46.48
Success rate: 26.67%
-----------------------------------------
| eval/                   |             |
|    mean_ep_length       | 172         |
|    mean_reward          | -52.6       |
|    success_rate         | 0.267       |
| time/                   |             |
|    total_timesteps      | 110000      |
| train/                  |             |
|    approx_kl            | 0.015512162 |
|    clip_fraction        | 0.169       |
|    clip_range           | 0.2         |
|    entropy_loss         | -8.33       |
|    explained_variance   | 0.986       |
|    learning_rate        | 0.0003      |
|    loss                 | 0.242       |
|    n_updates            | 530         |
|    policy_gradient_loss | -0.0114     |
|    std                  | 0.799       |
|    value_loss           | 0.481       |
-----------------------------------------
---------------------------------
| rollout/           |          |
|    ep_len_mean     | 162      |
|    ep_rew_mean     | -45.5    |
|    success_rate    | 0.41     |
| time/              |          |
|    fps             | 691      |
|    iterations      | 54       |
|    time_elapsed    | 159      |
|    total_timesteps | 110592   |
---------------------------------
-----------------------------------------
| rollout/                |             |
|    ep_len_mean          | 158         |
|    ep_rew_mean          | -44.1       |
|    success_rate         | 0.44        |
| time/                   |             |
|    fps                  | 695         |
|    iterations           | 55          |
|    time_elapsed         | 161         |
|    total_timesteps      | 112640      |
| train/                  |             |
|    approx_kl            | 0.018811442 |
|    clip_fraction        | 0.202       |
|    clip_range           | 0.2         |
|    entropy_loss         | -8.29       |
|    explained_variance   | 0.987       |
|    learning_rate        | 0.0003      |
|    loss                 | 0.316       |
|    n_updates            | 540         |
|    policy_gradient_loss | -0.0172     |
|    std                  | 0.796       |
|    value_loss           | 0.815       |
-----------------------------------------
-----------------------------------------
| rollout/                |             |
|    ep_len_mean          | 156         |
|    ep_rew_mean          | -43.6       |
|    success_rate         | 0.45        |
| time/                   |             |
|    fps                  | 700         |
|    iterations           | 56          |
|    time_elapsed         | 163         |
|    total_timesteps      | 114688      |
| train/                  |             |
|    approx_kl            | 0.017793678 |
|    clip_fraction        | 0.178       |
|    clip_range           | 0.2         |
|    entropy_loss         | -8.25       |
|    explained_variance   | 0.98        |
|    learning_rate        | 0.0003      |
|    loss                 | 0.69        |
|    n_updates            | 550         |
|    policy_gradient_loss | -0.0146     |
|    std                  | 0.791       |
|    value_loss           | 0.958       |
-----------------------------------------
Eval num_timesteps=115000, episode_reward=-46.80 +/- 15.86
Episode length: 167.17 +/- 46.66
Success rate: 33.33%
-----------------------------------------
| eval/                   |             |
|    mean_ep_length       | 167         |
|    mean_reward          | -46.8       |
|    success_rate         | 0.333       |
| time/                   |             |
|    total_timesteps      | 115000      |
| train/                  |             |
|    approx_kl            | 0.017259682 |
|    clip_fraction        | 0.174       |
|    clip_range           | 0.2         |
|    entropy_loss         | -8.22       |
|    explained_variance   | 0.991       |
|    learning_rate        | 0.0003      |
|    loss                 | 0.122       |
|    n_updates            | 560         |
|    policy_gradient_loss | -0.012      |
|    std                  | 0.787       |
|    value_loss           | 0.477       |
-----------------------------------------
---------------------------------
| rollout/           |          |
|    ep_len_mean     | 155      |
|    ep_rew_mean     | -43.1    |
|    success_rate    | 0.47     |
| time/              |          |
|    fps             | 693      |
|    iterations      | 57       |
|    time_elapsed    | 168      |
|    total_timesteps | 116736   |
---------------------------------
------------------------------------------
| rollout/                |              |
|    ep_len_mean          | 155          |
|    ep_rew_mean          | -43.1        |
|    success_rate         | 0.47         |
| time/                   |              |
|    fps                  | 697          |
|    iterations           | 58           |
|    time_elapsed         | 170          |
|    total_timesteps      | 118784       |
| train/                  |              |
|    approx_kl            | 0.0122327255 |
|    clip_fraction        | 0.142        |
|    clip_range           | 0.2          |
|    entropy_loss         | -8.19        |
|    explained_variance   | 0.974        |
|    learning_rate        | 0.0003       |
|    loss                 | 0.179        |
|    n_updates            | 570          |
|    policy_gradient_loss | -0.0125      |
|    std                  | 0.785        |
|    value_loss           | 1.01         |
------------------------------------------
Eval num_timesteps=120000, episode_reward=-48.29 +/- 20.80
Episode length: 162.73 +/- 54.00
Success rate: 33.33%
-----------------------------------------
| eval/                   |             |
|    mean_ep_length       | 163         |
|    mean_reward          | -48.3       |
|    success_rate         | 0.333       |
| time/                   |             |
|    total_timesteps      | 120000      |
| train/                  |             |
|    approx_kl            | 0.019013256 |
|    clip_fraction        | 0.215       |
|    clip_range           | 0.2         |
|    entropy_loss         | -8.16       |
|    explained_variance   | 0.985       |
|    learning_rate        | 0.0003      |
|    loss                 | 0.28        |
|    n_updates            | 580         |
|    policy_gradient_loss | -0.0187     |
|    std                  | 0.782       |
|    value_loss           | 0.906       |
-----------------------------------------
---------------------------------
| rollout/           |          |
|    ep_len_mean     | 153      |
|    ep_rew_mean     | -42.2    |
|    success_rate    | 0.48     |
| time/              |          |
|    fps             | 691      |
|    iterations      | 59       |
|    time_elapsed    | 174      |
|    total_timesteps | 120832   |
---------------------------------
-----------------------------------------
| rollout/                |             |
|    ep_len_mean          | 143         |
|    ep_rew_mean          | -39.5       |
|    success_rate         | 0.57        |
| time/                   |             |
|    fps                  | 694         |
|    iterations           | 60          |
|    time_elapsed         | 176         |
|    total_timesteps      | 122880      |
| train/                  |             |
|    approx_kl            | 0.016054269 |
|    clip_fraction        | 0.192       |
|    clip_range           | 0.2         |
|    entropy_loss         | -8.11       |
|    explained_variance   | 0.986       |
|    learning_rate        | 0.0003      |
|    loss                 | 0.189       |
|    n_updates            | 590         |
|    policy_gradient_loss | -0.0162     |
|    std                  | 0.774       |
|    value_loss           | 0.714       |
-----------------------------------------
-----------------------------------------
| rollout/                |             |
|    ep_len_mean          | 146         |
|    ep_rew_mean          | -40.1       |
|    success_rate         | 0.54        |
| time/                   |             |
|    fps                  | 698         |
|    iterations           | 61          |
|    time_elapsed         | 178         |
|    total_timesteps      | 124928      |
| train/                  |             |
|    approx_kl            | 0.019560259 |
|    clip_fraction        | 0.23        |
|    clip_range           | 0.2         |
|    entropy_loss         | -8.07       |
|    explained_variance   | 0.988       |
|    learning_rate        | 0.0003      |
|    loss                 | 0.233       |
|    n_updates            | 600         |
|    policy_gradient_loss | -0.0137     |
|    std                  | 0.771       |
|    value_loss           | 0.485       |
-----------------------------------------
Eval num_timesteps=125000, episode_reward=-59.12 +/- 20.41
Episode length: 178.90 +/- 42.34
Success rate: 20.00%
-----------------------------------------
| eval/                   |             |
|    mean_ep_length       | 179         |
|    mean_reward          | -59.1       |
|    success_rate         | 0.2         |
| time/                   |             |
|    total_timesteps      | 125000      |
| train/                  |             |
|    approx_kl            | 0.017784249 |
|    clip_fraction        | 0.163       |
|    clip_range           | 0.2         |
|    entropy_loss         | -8.02       |
|    explained_variance   | 0.987       |
|    learning_rate        | 0.0003      |
|    loss                 | 0.0495      |
|    n_updates            | 610         |
|    policy_gradient_loss | -0.0127     |
|    std                  | 0.766       |
|    value_loss           | 0.382       |
-----------------------------------------
---------------------------------
| rollout/           |          |
|    ep_len_mean     | 148      |
|    ep_rew_mean     | -40.8    |
|    success_rate    | 0.53     |
| time/              |          |
|    fps             | 691      |
|    iterations      | 62       |
|    time_elapsed    | 183      |
|    total_timesteps | 126976   |
---------------------------------
-----------------------------------------
| rollout/                |             |
|    ep_len_mean          | 145         |
|    ep_rew_mean          | -40         |
|    success_rate         | 0.55        |
| time/                   |             |
|    fps                  | 694         |
|    iterations           | 63          |
|    time_elapsed         | 185         |
|    total_timesteps      | 129024      |
| train/                  |             |
|    approx_kl            | 0.013993844 |
|    clip_fraction        | 0.148       |
|    clip_range           | 0.2         |
|    entropy_loss         | -7.98       |
|    explained_variance   | 0.98        |
|    learning_rate        | 0.0003      |
|    loss                 | 0.0603      |
|    n_updates            | 620         |
|    policy_gradient_loss | -0.0144     |
|    std                  | 0.762       |
|    value_loss           | 0.595       |
-----------------------------------------
Eval num_timesteps=130000, episode_reward=-52.74 +/- 25.51
Episode length: 163.13 +/- 52.32
Success rate: 33.33%
-----------------------------------------
| eval/                   |             |
|    mean_ep_length       | 163         |
|    mean_reward          | -52.7       |
|    success_rate         | 0.333       |
| time/                   |             |
|    total_timesteps      | 130000      |
| train/                  |             |
|    approx_kl            | 0.017662529 |
|    clip_fraction        | 0.176       |
|    clip_range           | 0.2         |
|    entropy_loss         | -7.96       |
|    explained_variance   | 0.961       |
|    learning_rate        | 0.0003      |
|    loss                 | 0.158       |
|    n_updates            | 630         |
|    policy_gradient_loss | -0.0148     |
|    std                  | 0.763       |
|    value_loss           | 0.765       |
-----------------------------------------
---------------------------------
| rollout/           |          |
|    ep_len_mean     | 143      |
|    ep_rew_mean     | -39.4    |
|    success_rate    | 0.57     |
| time/              |          |
|    fps             | 688      |
|    iterations      | 64       |
|    time_elapsed    | 190      |
|    total_timesteps | 131072   |
---------------------------------
-----------------------------------------
| rollout/                |             |
|    ep_len_mean          | 146         |
|    ep_rew_mean          | -40.9       |
|    success_rate         | 0.54        |
| time/                   |             |
|    fps                  | 693         |
|    iterations           | 65          |
|    time_elapsed         | 192         |
|    total_timesteps      | 133120      |
| train/                  |             |
|    approx_kl            | 0.015910977 |
|    clip_fraction        | 0.189       |
|    clip_range           | 0.2         |
|    entropy_loss         | -7.94       |
|    explained_variance   | 0.992       |
|    learning_rate        | 0.0003      |
|    loss                 | 0.192       |
|    n_updates            | 640         |
|    policy_gradient_loss | -0.0125     |
|    std                  | 0.757       |
|    value_loss           | 0.434       |
-----------------------------------------
Eval num_timesteps=135000, episode_reward=-58.59 +/- 29.15
Episode length: 171.37 +/- 47.65
Success rate: 26.67%
-----------------------------------------
| eval/                   |             |
|    mean_ep_length       | 171         |
|    mean_reward          | -58.6       |
|    success_rate         | 0.267       |
| time/                   |             |
|    total_timesteps      | 135000      |
| train/                  |             |
|    approx_kl            | 0.014151334 |
|    clip_fraction        | 0.153       |
|    clip_range           | 0.2         |
|    entropy_loss         | -7.9        |
|    explained_variance   | 0.903       |
|    learning_rate        | 0.0003      |
|    loss                 | 0.0972      |
|    n_updates            | 650         |
|    policy_gradient_loss | -0.0153     |
|    std                  | 0.757       |
|    value_loss           | 0.946       |
-----------------------------------------
---------------------------------
| rollout/           |          |
|    ep_len_mean     | 150      |
|    ep_rew_mean     | -42.8    |
|    success_rate    | 0.5      |
| time/              |          |
|    fps             | 686      |
|    iterations      | 66       |
|    time_elapsed    | 196      |
|    total_timesteps | 135168   |
---------------------------------
-----------------------------------------
| rollout/                |             |
|    ep_len_mean          | 150         |
|    ep_rew_mean          | -42.8       |
|    success_rate         | 0.5         |
| time/                   |             |
|    fps                  | 690         |
|    iterations           | 67          |
|    time_elapsed         | 198         |
|    total_timesteps      | 137216      |
| train/                  |             |
|    approx_kl            | 0.013410536 |
|    clip_fraction        | 0.154       |
|    clip_range           | 0.2         |
|    entropy_loss         | -7.89       |
|    explained_variance   | 0.934       |
|    learning_rate        | 0.0003      |
|    loss                 | 0.262       |
|    n_updates            | 660         |
|    policy_gradient_loss | -0.0161     |
|    std                  | 0.753       |
|    value_loss           | 1.45        |
-----------------------------------------
-----------------------------------------
| rollout/                |             |
|    ep_len_mean          | 153         |
|    ep_rew_mean          | -43.3       |
|    success_rate         | 0.48        |
| time/                   |             |
|    fps                  | 693         |
|    iterations           | 68          |
|    time_elapsed         | 200         |
|    total_timesteps      | 139264      |
| train/                  |             |
|    approx_kl            | 0.012438706 |
|    clip_fraction        | 0.161       |
|    clip_range           | 0.2         |
|    entropy_loss         | -7.86       |
|    explained_variance   | 0.956       |
|    learning_rate        | 0.0003      |
|    loss                 | 0.184       |
|    n_updates            | 670         |
|    policy_gradient_loss | -0.0143     |
|    std                  | 0.751       |
|    value_loss           | 1.15        |
-----------------------------------------
Eval num_timesteps=140000, episode_reward=-50.38 +/- 24.65
Episode length: 162.73 +/- 52.99
Success rate: 33.33%
-----------------------------------------
| eval/                   |             |
|    mean_ep_length       | 163         |
|    mean_reward          | -50.4       |
|    success_rate         | 0.333       |
| time/                   |             |
|    total_timesteps      | 140000      |
| train/                  |             |
|    approx_kl            | 0.017138239 |
|    clip_fraction        | 0.177       |
|    clip_range           | 0.2         |
|    entropy_loss         | -7.84       |
|    explained_variance   | 0.961       |
|    learning_rate        | 0.0003      |
|    loss                 | 0.321       |
|    n_updates            | 680         |
|    policy_gradient_loss | -0.0153     |
|    std                  | 0.748       |
|    value_loss           | 1.57        |
-----------------------------------------
---------------------------------
| rollout/           |          |
|    ep_len_mean     | 151      |
|    ep_rew_mean     | -43.5    |
|    success_rate    | 0.5      |
| time/              |          |
|    fps             | 657      |
|    iterations      | 69       |
|    time_elapsed    | 214      |
|    total_timesteps | 141312   |
---------------------------------
-----------------------------------------
| rollout/                |             |
|    ep_len_mean          | 152         |
|    ep_rew_mean          | -43.1       |
|    success_rate         | 0.5         |
| time/                   |             |
|    fps                  | 632         |
|    iterations           | 70          |
|    time_elapsed         | 226         |
|    total_timesteps      | 143360      |
| train/                  |             |
|    approx_kl            | 0.017182568 |
|    clip_fraction        | 0.191       |
|    clip_range           | 0.2         |
|    entropy_loss         | -7.83       |
|    explained_variance   | 0.958       |
|    learning_rate        | 0.0003      |
|    loss                 | 0.612       |
|    n_updates            | 690         |
|    policy_gradient_loss | -0.0178     |
|    std                  | 0.749       |
|    value_loss           | 1.35        |
-----------------------------------------
Eval num_timesteps=145000, episode_reward=-55.24 +/- 22.87
Episode length: 172.63 +/- 42.36
Success rate: 30.00%
----------------------------------------
| eval/                   |            |
|    mean_ep_length       | 173        |
|    mean_reward          | -55.2      |
|    success_rate         | 0.3        |
| time/                   |            |
|    total_timesteps      | 145000     |
| train/                  |            |
|    approx_kl            | 0.01471989 |
|    clip_fraction        | 0.178      |
|    clip_range           | 0.2        |
|    entropy_loss         | -7.83      |
|    explained_variance   | 0.976      |
|    learning_rate        | 0.0003     |
|    loss                 | 0.255      |
|    n_updates            | 700        |
|    policy_gradient_loss | -0.015     |
|    std                  | 0.749      |
|    value_loss           | 1.13       |
----------------------------------------
---------------------------------
| rollout/           |          |
|    ep_len_mean     | 151      |
|    ep_rew_mean     | -42.6    |
|    success_rate    | 0.5      |
| time/              |          |
|    fps             | 607      |
|    iterations      | 71       |
|    time_elapsed    | 239      |
|    total_timesteps | 145408   |
---------------------------------
-----------------------------------------
| rollout/                |             |
|    ep_len_mean          | 142         |
|    ep_rew_mean          | -38.8       |
|    success_rate         | 0.58        |
| time/                   |             |
|    fps                  | 610         |
|    iterations           | 72          |
|    time_elapsed         | 241         |
|    total_timesteps      | 147456      |
| train/                  |             |
|    approx_kl            | 0.017189536 |
|    clip_fraction        | 0.185       |
|    clip_range           | 0.2         |
|    entropy_loss         | -7.82       |
|    explained_variance   | 0.951       |
|    learning_rate        | 0.0003      |
|    loss                 | 0.278       |
|    n_updates            | 710         |
|    policy_gradient_loss | -0.0145     |
|    std                  | 0.747       |
|    value_loss           | 1.31        |
-----------------------------------------
-----------------------------------------
| rollout/                |             |
|    ep_len_mean          | 138         |
|    ep_rew_mean          | -36.6       |
|    success_rate         | 0.62        |
| time/                   |             |
|    fps                  | 614         |
|    iterations           | 73          |
|    time_elapsed         | 243         |
|    total_timesteps      | 149504      |
| train/                  |             |
|    approx_kl            | 0.017270282 |
|    clip_fraction        | 0.197       |
|    clip_range           | 0.2         |
|    entropy_loss         | -7.77       |
|    explained_variance   | 0.977       |
|    learning_rate        | 0.0003      |
|    loss                 | 0.127       |
|    n_updates            | 720         |
|    policy_gradient_loss | -0.0124     |
|    std                  | 0.738       |
|    value_loss           | 0.582       |
-----------------------------------------
Eval num_timesteps=150000, episode_reward=-36.84 +/- 18.44
Episode length: 131.43 +/- 49.02
Success rate: 66.67%
----------------------------------------
| eval/                   |            |
|    mean_ep_length       | 131        |
|    mean_reward          | -36.8      |
|    success_rate         | 0.667      |
| time/                   |            |
|    total_timesteps      | 150000     |
| train/                  |            |
|    approx_kl            | 0.01395518 |
|    clip_fraction        | 0.17       |
|    clip_range           | 0.2        |
|    entropy_loss         | -7.72      |
|    explained_variance   | 0.971      |
|    learning_rate        | 0.0003     |
|    loss                 | 0.978      |
|    n_updates            | 730        |
|    policy_gradient_loss | -0.00939   |
|    std                  | 0.737      |
|    value_loss           | 1          |
----------------------------------------
New best mean reward!
---------------------------------
| rollout/           |          |
|    ep_len_mean     | 138      |
|    ep_rew_mean     | -36.4    |
|    success_rate    | 0.63     |
| time/              |          |
|    fps             | 611      |
|    iterations      | 74       |
|    time_elapsed    | 247      |
|    total_timesteps | 151552   |
---------------------------------
-----------------------------------------
| rollout/                |             |
|    ep_len_mean          | 134         |
|    ep_rew_mean          | -34.7       |
|    success_rate         | 0.66        |
| time/                   |             |
|    fps                  | 613         |
|    iterations           | 75          |
|    time_elapsed         | 250         |
|    total_timesteps      | 153600      |
| train/                  |             |
|    approx_kl            | 0.016993742 |
|    clip_fraction        | 0.193       |
|    clip_range           | 0.2         |
|    entropy_loss         | -7.71       |
|    explained_variance   | 0.971       |
|    learning_rate        | 0.0003      |
|    loss                 | 0.141       |
|    n_updates            | 740         |
|    policy_gradient_loss | -0.0139     |
|    std                  | 0.736       |
|    value_loss           | 0.81        |
-----------------------------------------
Eval num_timesteps=155000, episode_reward=-42.38 +/- 19.48
Episode length: 148.83 +/- 51.72
Success rate: 50.00%
-----------------------------------------
| eval/                   |             |
|    mean_ep_length       | 149         |
|    mean_reward          | -42.4       |
|    success_rate         | 0.5         |
| time/                   |             |
|    total_timesteps      | 155000      |
| train/                  |             |
|    approx_kl            | 0.012679194 |
|    clip_fraction        | 0.166       |
|    clip_range           | 0.2         |
|    entropy_loss         | -7.7        |
|    explained_variance   | 0.938       |
|    learning_rate        | 0.0003      |
|    loss                 | 0.611       |
|    n_updates            | 750         |
|    policy_gradient_loss | -0.0134     |
|    std                  | 0.734       |
|    value_loss           | 2.38        |
-----------------------------------------
---------------------------------
| rollout/           |          |
|    ep_len_mean     | 133      |
|    ep_rew_mean     | -34.2    |
|    success_rate    | 0.66     |
| time/              |          |
|    fps             | 611      |
|    iterations      | 76       |
|    time_elapsed    | 254      |
|    total_timesteps | 155648   |
---------------------------------
-----------------------------------------
| rollout/                |             |
|    ep_len_mean          | 131         |
|    ep_rew_mean          | -33.8       |
|    success_rate         | 0.67        |
| time/                   |             |
|    fps                  | 614         |
|    iterations           | 77          |
|    time_elapsed         | 256         |
|    total_timesteps      | 157696      |
| train/                  |             |
|    approx_kl            | 0.013447512 |
|    clip_fraction        | 0.153       |
|    clip_range           | 0.2         |
|    entropy_loss         | -7.68       |
|    explained_variance   | 0.967       |
|    learning_rate        | 0.0003      |
|    loss                 | 0.212       |
|    n_updates            | 760         |
|    policy_gradient_loss | -0.0136     |
|    std                  | 0.734       |
|    value_loss           | 1.33        |
-----------------------------------------
----------------------------------------
| rollout/                |            |
|    ep_len_mean          | 131        |
|    ep_rew_mean          | -33.9      |
|    success_rate         | 0.67       |
| time/                   |            |
|    fps                  | 617        |
|    iterations           | 78         |
|    time_elapsed         | 258        |
|    total_timesteps      | 159744     |
| train/                  |            |
|    approx_kl            | 0.01767645 |
|    clip_fraction        | 0.205      |
|    clip_range           | 0.2        |
|    entropy_loss         | -7.66      |
|    explained_variance   | 0.971      |
|    learning_rate        | 0.0003     |
|    loss                 | 0.297      |
|    n_updates            | 770        |
|    policy_gradient_loss | -0.0135    |
|    std                  | 0.729      |
|    value_loss           | 0.643      |
----------------------------------------
Eval num_timesteps=160000, episode_reward=-40.37 +/- 22.23
Episode length: 137.20 +/- 55.53
Success rate: 56.67%
----------------------------------------
| eval/                   |            |
|    mean_ep_length       | 137        |
|    mean_reward          | -40.4      |
|    success_rate         | 0.567      |
| time/                   |            |
|    total_timesteps      | 160000     |
| train/                  |            |
|    approx_kl            | 0.01563488 |
|    clip_fraction        | 0.183      |
|    clip_range           | 0.2        |
|    entropy_loss         | -7.6       |
|    explained_variance   | 0.97       |
|    learning_rate        | 0.0003     |
|    loss                 | 0.2        |
|    n_updates            | 780        |
|    policy_gradient_loss | -0.0149    |
|    std                  | 0.721      |
|    value_loss           | 0.801      |
----------------------------------------
---------------------------------
| rollout/           |          |
|    ep_len_mean     | 131      |
|    ep_rew_mean     | -33.6    |
|    success_rate    | 0.68     |
| time/              |          |
|    fps             | 614      |
|    iterations      | 79       |
|    time_elapsed    | 263      |
|    total_timesteps | 161792   |
---------------------------------
----------------------------------------
| rollout/                |            |
|    ep_len_mean          | 133        |
|    ep_rew_mean          | -34.2      |
|    success_rate         | 0.66       |
| time/                   |            |
|    fps                  | 617        |
|    iterations           | 80         |
|    time_elapsed         | 265        |
|    total_timesteps      | 163840     |
| train/                  |            |
|    approx_kl            | 0.01548267 |
|    clip_fraction        | 0.184      |
|    clip_range           | 0.2        |
|    entropy_loss         | -7.54      |
|    explained_variance   | 0.971      |
|    learning_rate        | 0.0003     |
|    loss                 | 0.135      |
|    n_updates            | 790        |
|    policy_gradient_loss | -0.0148    |
|    std                  | 0.716      |
|    value_loss           | 0.913      |
----------------------------------------
Eval num_timesteps=165000, episode_reward=-43.58 +/- 21.96
Episode length: 148.53 +/- 52.55
Success rate: 50.00%
-----------------------------------------
| eval/                   |             |
|    mean_ep_length       | 149         |
|    mean_reward          | -43.6       |
|    success_rate         | 0.5         |
| time/                   |             |
|    total_timesteps      | 165000      |
| train/                  |             |
|    approx_kl            | 0.019904643 |
|    clip_fraction        | 0.208       |
|    clip_range           | 0.2         |
|    entropy_loss         | -7.49       |
|    explained_variance   | 0.982       |
|    learning_rate        | 0.0003      |
|    loss                 | 0.215       |
|    n_updates            | 800         |
|    policy_gradient_loss | -0.0154     |
|    std                  | 0.711       |
|    value_loss           | 0.709       |
-----------------------------------------
---------------------------------
| rollout/           |          |
|    ep_len_mean     | 131      |
|    ep_rew_mean     | -33.3    |
|    success_rate    | 0.69     |
| time/              |          |
|    fps             | 614      |
|    iterations      | 81       |
|    time_elapsed    | 269      |
|    total_timesteps | 165888   |
---------------------------------
-----------------------------------------
| rollout/                |             |
|    ep_len_mean          | 129         |
|    ep_rew_mean          | -32.5       |
|    success_rate         | 0.7         |
| time/                   |             |
|    fps                  | 617         |
|    iterations           | 82          |
|    time_elapsed         | 271         |
|    total_timesteps      | 167936      |
| train/                  |             |
|    approx_kl            | 0.015503177 |
|    clip_fraction        | 0.202       |
|    clip_range           | 0.2         |
|    entropy_loss         | -7.45       |
|    explained_variance   | 0.966       |
|    learning_rate        | 0.0003      |
|    loss                 | 0.336       |
|    n_updates            | 810         |
|    policy_gradient_loss | -0.0151     |
|    std                  | 0.709       |
|    value_loss           | 0.717       |
-----------------------------------------
-----------------------------------------
| rollout/                |             |
|    ep_len_mean          | 124         |
|    ep_rew_mean          | -31.1       |
|    success_rate         | 0.76        |
| time/                   |             |
|    fps                  | 620         |
|    iterations           | 83          |
|    time_elapsed         | 274         |
|    total_timesteps      | 169984      |
| train/                  |             |
|    approx_kl            | 0.016185096 |
|    clip_fraction        | 0.213       |
|    clip_range           | 0.2         |
|    entropy_loss         | -7.45       |
|    explained_variance   | 0.953       |
|    learning_rate        | 0.0003      |
|    loss                 | 0.461       |
|    n_updates            | 820         |
|    policy_gradient_loss | -0.0164     |
|    std                  | 0.711       |
|    value_loss           | 0.884       |
-----------------------------------------
Eval num_timesteps=170000, episode_reward=-46.56 +/- 19.30
Episode length: 163.80 +/- 51.49
Success rate: 33.33%
-----------------------------------------
| eval/                   |             |
|    mean_ep_length       | 164         |
|    mean_reward          | -46.6       |
|    success_rate         | 0.333       |
| time/                   |             |
|    total_timesteps      | 170000      |
| train/                  |             |
|    approx_kl            | 0.018733436 |
|    clip_fraction        | 0.209       |
|    clip_range           | 0.2         |
|    entropy_loss         | -7.41       |
|    explained_variance   | 0.981       |
|    learning_rate        | 0.0003      |
|    loss                 | 0.139       |
|    n_updates            | 830         |
|    policy_gradient_loss | -0.0197     |
|    std                  | 0.704       |
|    value_loss           | 0.649       |
-----------------------------------------
---------------------------------
| rollout/           |          |
|    ep_len_mean     | 125      |
|    ep_rew_mean     | -32.1    |
|    success_rate    | 0.74     |
| time/              |          |
|    fps             | 616      |
|    iterations      | 84       |
|    time_elapsed    | 279      |
|    total_timesteps | 172032   |
---------------------------------
-----------------------------------------
| rollout/                |             |
|    ep_len_mean          | 126         |
|    ep_rew_mean          | -32.5       |
|    success_rate         | 0.73        |
| time/                   |             |
|    fps                  | 619         |
|    iterations           | 85          |
|    time_elapsed         | 281         |
|    total_timesteps      | 174080      |
| train/                  |             |
|    approx_kl            | 0.016074382 |
|    clip_fraction        | 0.184       |
|    clip_range           | 0.2         |
|    entropy_loss         | -7.39       |
|    explained_variance   | 0.976       |
|    learning_rate        | 0.0003      |
|    loss                 | 0.0918      |
|    n_updates            | 840         |
|    policy_gradient_loss | -0.016      |
|    std                  | 0.705       |
|    value_loss           | 0.426       |
-----------------------------------------
Eval num_timesteps=175000, episode_reward=-41.90 +/- 21.83
Episode length: 144.17 +/- 53.02
Success rate: 53.33%
-----------------------------------------
| eval/                   |             |
|    mean_ep_length       | 144         |
|    mean_reward          | -41.9       |
|    success_rate         | 0.533       |
| time/                   |             |
|    total_timesteps      | 175000      |
| train/                  |             |
|    approx_kl            | 0.014250712 |
|    clip_fraction        | 0.188       |
|    clip_range           | 0.2         |
|    entropy_loss         | -7.38       |
|    explained_variance   | 0.976       |
|    learning_rate        | 0.0003      |
|    loss                 | 0.163       |
|    n_updates            | 850         |
|    policy_gradient_loss | -0.0154     |
|    std                  | 0.704       |
|    value_loss           | 0.682       |
-----------------------------------------
---------------------------------
| rollout/           |          |
|    ep_len_mean     | 122      |
|    ep_rew_mean     | -31.1    |
|    success_rate    | 0.75     |
| time/              |          |
|    fps             | 616      |
|    iterations      | 86       |
|    time_elapsed    | 285      |
|    total_timesteps | 176128   |
---------------------------------
-----------------------------------------
| rollout/                |             |
|    ep_len_mean          | 119         |
|    ep_rew_mean          | -30.3       |
|    success_rate         | 0.76        |
| time/                   |             |
|    fps                  | 618         |
|    iterations           | 87          |
|    time_elapsed         | 288         |
|    total_timesteps      | 178176      |
| train/                  |             |
|    approx_kl            | 0.019486036 |
|    clip_fraction        | 0.227       |
|    clip_range           | 0.2         |
|    entropy_loss         | -7.33       |
|    explained_variance   | 0.969       |
|    learning_rate        | 0.0003      |
|    loss                 | 0.221       |
|    n_updates            | 860         |
|    policy_gradient_loss | -0.0163     |
|    std                  | 0.697       |
|    value_loss           | 0.53        |
-----------------------------------------
Eval num_timesteps=180000, episode_reward=-43.90 +/- 17.78
Episode length: 160.03 +/- 50.06
Success rate: 40.00%
-----------------------------------------
| eval/                   |             |
|    mean_ep_length       | 160         |
|    mean_reward          | -43.9       |
|    success_rate         | 0.4         |
| time/                   |             |
|    total_timesteps      | 180000      |
| train/                  |             |
|    approx_kl            | 0.022046052 |
|    clip_fraction        | 0.225       |
|    clip_range           | 0.2         |
|    entropy_loss         | -7.29       |
|    explained_variance   | 0.986       |
|    learning_rate        | 0.0003      |
|    loss                 | 0.0598      |
|    n_updates            | 870         |
|    policy_gradient_loss | -0.017      |
|    std                  | 0.695       |
|    value_loss           | 0.641       |
-----------------------------------------
---------------------------------
| rollout/           |          |
|    ep_len_mean     | 117      |
|    ep_rew_mean     | -30      |
|    success_rate    | 0.77     |
| time/              |          |
|    fps             | 615      |
|    iterations      | 88       |
|    time_elapsed    | 292      |
|    total_timesteps | 180224   |
---------------------------------
-----------------------------------------
| rollout/                |             |
|    ep_len_mean          | 123         |
|    ep_rew_mean          | -31.9       |
|    success_rate         | 0.7         |
| time/                   |             |
|    fps                  | 617         |
|    iterations           | 89          |
|    time_elapsed         | 295         |
|    total_timesteps      | 182272      |
| train/                  |             |
|    approx_kl            | 0.016298162 |
|    clip_fraction        | 0.179       |
|    clip_range           | 0.2         |
|    entropy_loss         | -7.27       |
|    explained_variance   | 0.952       |
|    learning_rate        | 0.0003      |
|    loss                 | 0.249       |
|    n_updates            | 880         |
|    policy_gradient_loss | -0.0148     |
|    std                  | 0.693       |
|    value_loss           | 1.14        |
-----------------------------------------
-----------------------------------------
| rollout/                |             |
|    ep_len_mean          | 125         |
|    ep_rew_mean          | -32.4       |
|    success_rate         | 0.68        |
| time/                   |             |
|    fps                  | 620         |
|    iterations           | 90          |
|    time_elapsed         | 297         |
|    total_timesteps      | 184320      |
| train/                  |             |
|    approx_kl            | 0.015102763 |
|    clip_fraction        | 0.196       |
|    clip_range           | 0.2         |
|    entropy_loss         | -7.26       |
|    explained_variance   | 0.944       |
|    learning_rate        | 0.0003      |
|    loss                 | 0.338       |
|    n_updates            | 890         |
|    policy_gradient_loss | -0.0138     |
|    std                  | 0.693       |
|    value_loss           | 1.08        |
-----------------------------------------
Eval num_timesteps=185000, episode_reward=-56.09 +/- 22.30
Episode length: 178.53 +/- 48.73
Success rate: 16.67%
----------------------------------------
| eval/                   |            |
|    mean_ep_length       | 179        |
|    mean_reward          | -56.1      |
|    success_rate         | 0.167      |
| time/                   |            |
|    total_timesteps      | 185000     |
| train/                  |            |
|    approx_kl            | 0.01362905 |
|    clip_fraction        | 0.19       |
|    clip_range           | 0.2        |
|    entropy_loss         | -7.27      |
|    explained_variance   | 0.944      |
|    learning_rate        | 0.0003     |
|    loss                 | 0.368      |
|    n_updates            | 900        |
|    policy_gradient_loss | -0.0166    |
|    std                  | 0.695      |
|    value_loss           | 1.18       |
----------------------------------------
---------------------------------
| rollout/           |          |
|    ep_len_mean     | 123      |
|    ep_rew_mean     | -31.9    |
|    success_rate    | 0.69     |
| time/              |          |
|    fps             | 616      |
|    iterations      | 91       |
|    time_elapsed    | 302      |
|    total_timesteps | 186368   |
---------------------------------
-----------------------------------------
| rollout/                |             |
|    ep_len_mean          | 121         |
|    ep_rew_mean          | -32.1       |
|    success_rate         | 0.71        |
| time/                   |             |
|    fps                  | 619         |
|    iterations           | 92          |
|    time_elapsed         | 304         |
|    total_timesteps      | 188416      |
| train/                  |             |
|    approx_kl            | 0.022132218 |
|    clip_fraction        | 0.217       |
|    clip_range           | 0.2         |
|    entropy_loss         | -7.26       |
|    explained_variance   | 0.963       |
|    learning_rate        | 0.0003      |
|    loss                 | 0.412       |
|    n_updates            | 910         |
|    policy_gradient_loss | -0.0147     |
|    std                  | 0.691       |
|    value_loss           | 0.937       |
-----------------------------------------
Eval num_timesteps=190000, episode_reward=-42.50 +/- 22.87
Episode length: 148.30 +/- 55.98
Success rate: 46.67%
-----------------------------------------
| eval/                   |             |
|    mean_ep_length       | 148         |
|    mean_reward          | -42.5       |
|    success_rate         | 0.467       |
| time/                   |             |
|    total_timesteps      | 190000      |
| train/                  |             |
|    approx_kl            | 0.020177498 |
|    clip_fraction        | 0.197       |
|    clip_range           | 0.2         |
|    entropy_loss         | -7.22       |
|    explained_variance   | 0.976       |
|    learning_rate        | 0.0003      |
|    loss                 | 0.42        |
|    n_updates            | 920         |
|    policy_gradient_loss | -0.0131     |
|    std                  | 0.687       |
|    value_loss           | 0.711       |
-----------------------------------------
---------------------------------
| rollout/           |          |
|    ep_len_mean     | 119      |
|    ep_rew_mean     | -31.5    |
|    success_rate    | 0.73     |
| time/              |          |
|    fps             | 615      |
|    iterations      | 93       |
|    time_elapsed    | 309      |
|    total_timesteps | 190464   |
---------------------------------
-----------------------------------------
| rollout/                |             |
|    ep_len_mean          | 120         |
|    ep_rew_mean          | -31.6       |
|    success_rate         | 0.73        |
| time/                   |             |
|    fps                  | 618         |
|    iterations           | 94          |
|    time_elapsed         | 311         |
|    total_timesteps      | 192512      |
| train/                  |             |
|    approx_kl            | 0.017840877 |
|    clip_fraction        | 0.21        |
|    clip_range           | 0.2         |
|    entropy_loss         | -7.19       |
|    explained_variance   | 0.971       |
|    learning_rate        | 0.0003      |
|    loss                 | 0.0936      |
|    n_updates            | 930         |
|    policy_gradient_loss | -0.0144     |
|    std                  | 0.686       |
|    value_loss           | 0.759       |
-----------------------------------------
-----------------------------------------
| rollout/                |             |
|    ep_len_mean          | 116         |
|    ep_rew_mean          | -30.7       |
|    success_rate         | 0.76        |
| time/                   |             |
|    fps                  | 620         |
|    iterations           | 95          |
|    time_elapsed         | 313         |
|    total_timesteps      | 194560      |
| train/                  |             |
|    approx_kl            | 0.019054811 |
|    clip_fraction        | 0.193       |
|    clip_range           | 0.2         |
|    entropy_loss         | -7.16       |
|    explained_variance   | 0.944       |
|    learning_rate        | 0.0003      |
|    loss                 | 0.118       |
|    n_updates            | 940         |
|    policy_gradient_loss | -0.00977    |
|    std                  | 0.682       |
|    value_loss           | 0.637       |
-----------------------------------------
Eval num_timesteps=195000, episode_reward=-49.59 +/- 19.51
Episode length: 168.53 +/- 52.65
Success rate: 26.67%
-----------------------------------------
| eval/                   |             |
|    mean_ep_length       | 169         |
|    mean_reward          | -49.6       |
|    success_rate         | 0.267       |
| time/                   |             |
|    total_timesteps      | 195000      |
| train/                  |             |
|    approx_kl            | 0.019488757 |
|    clip_fraction        | 0.188       |
|    clip_range           | 0.2         |
|    entropy_loss         | -7.13       |
|    explained_variance   | 0.975       |
|    learning_rate        | 0.0003      |
|    loss                 | 0.301       |
|    n_updates            | 950         |
|    policy_gradient_loss | -0.0136     |
|    std                  | 0.68        |
|    value_loss           | 0.866       |
-----------------------------------------
---------------------------------
| rollout/           |          |
|    ep_len_mean     | 113      |
|    ep_rew_mean     | -29.6    |
|    success_rate    | 0.79     |
| time/              |          |
|    fps             | 616      |
|    iterations      | 96       |
|    time_elapsed    | 318      |
|    total_timesteps | 196608   |
---------------------------------
-----------------------------------------
| rollout/                |             |
|    ep_len_mean          | 113         |
|    ep_rew_mean          | -29.9       |
|    success_rate         | 0.79        |
| time/                   |             |
|    fps                  | 619         |
|    iterations           | 97          |
|    time_elapsed         | 320         |
|    total_timesteps      | 198656      |
| train/                  |             |
|    approx_kl            | 0.016176103 |
|    clip_fraction        | 0.189       |
|    clip_range           | 0.2         |
|    entropy_loss         | -7.09       |
|    explained_variance   | 0.964       |
|    learning_rate        | 0.0003      |
|    loss                 | 0.853       |
|    n_updates            | 960         |
|    policy_gradient_loss | -0.0157     |
|    std                  | 0.675       |
|    value_loss           | 1.26        |
-----------------------------------------
Eval num_timesteps=200000, episode_reward=-42.24 +/- 20.84
Episode length: 147.00 +/- 57.55
Success rate: 46.67%
-----------------------------------------
| eval/                   |             |
|    mean_ep_length       | 147         |
|    mean_reward          | -42.2       |
|    success_rate         | 0.467       |
| time/                   |             |
|    total_timesteps      | 200000      |
| train/                  |             |
|    approx_kl            | 0.018038664 |
|    clip_fraction        | 0.199       |
|    clip_range           | 0.2         |
|    entropy_loss         | -7.08       |
|    explained_variance   | 0.982       |
|    learning_rate        | 0.0003      |
|    loss                 | 0.0447      |
|    n_updates            | 970         |
|    policy_gradient_loss | -0.011      |
|    std                  | 0.677       |
|    value_loss           | 0.533       |
-----------------------------------------
---------------------------------
| rollout/           |          |
|    ep_len_mean     | 115      |
|    ep_rew_mean     | -30.8    |
|    success_rate    | 0.77     |
| time/              |          |
|    fps             | 614      |
|    iterations      | 98       |
|    time_elapsed    | 326      |
|    total_timesteps | 200704   |
---------------------------------
----------------------------------------
| rollout/                |            |
|    ep_len_mean          | 113        |
|    ep_rew_mean          | -30.1      |
|    success_rate         | 0.78       |
| time/                   |            |
|    fps                  | 614        |
|    iterations           | 99         |
|    time_elapsed         | 329        |
|    total_timesteps      | 202752     |
| train/                  |            |
|    approx_kl            | 0.01838699 |
|    clip_fraction        | 0.198      |
|    clip_range           | 0.2        |
|    entropy_loss         | -7.08      |
|    explained_variance   | 0.984      |
|    learning_rate        | 0.0003     |
|    loss                 | 0.159      |
|    n_updates            | 980        |
|    policy_gradient_loss | -0.0135    |
|    std                  | 0.676      |
|    value_loss           | 0.529      |
----------------------------------------
-----------------------------------------
| rollout/                |             |
|    ep_len_mean          | 110         |
|    ep_rew_mean          | -29.6       |
|    success_rate         | 0.79        |
| time/                   |             |
|    fps                  | 616         |
|    iterations           | 100         |
|    time_elapsed         | 332         |
|    total_timesteps      | 204800      |
| train/                  |             |
|    approx_kl            | 0.021750383 |
|    clip_fraction        | 0.228       |
|    clip_range           | 0.2         |
|    entropy_loss         | -7.07       |
|    explained_variance   | 0.953       |
|    learning_rate        | 0.0003      |
|    loss                 | 0.326       |
|    n_updates            | 990         |
|    policy_gradient_loss | -0.0108     |
|    std                  | 0.675       |
|    value_loss           | 0.791       |
-----------------------------------------
Eval num_timesteps=205000, episode_reward=-41.17 +/- 14.81
Episode length: 159.70 +/- 54.86
Success rate: 36.67%
-----------------------------------------
| eval/                   |             |
|    mean_ep_length       | 160         |
|    mean_reward          | -41.2       |
|    success_rate         | 0.367       |
| time/                   |             |
|    total_timesteps      | 205000      |
| train/                  |             |
|    approx_kl            | 0.019572826 |
|    clip_fraction        | 0.23        |
|    clip_range           | 0.2         |
|    entropy_loss         | -7.08       |
|    explained_variance   | 0.978       |
|    learning_rate        | 0.0003      |
|    loss                 | 0.135       |
|    n_updates            | 1000        |
|    policy_gradient_loss | -0.0133     |
|    std                  | 0.677       |
|    value_loss           | 0.62        |
-----------------------------------------
---------------------------------
| rollout/           |          |
|    ep_len_mean     | 113      |
|    ep_rew_mean     | -30.1    |
|    success_rate    | 0.77     |
| time/              |          |
|    fps             | 613      |
|    iterations      | 101      |
|    time_elapsed    | 337      |
|    total_timesteps | 206848   |
---------------------------------
-----------------------------------------
| rollout/                |             |
|    ep_len_mean          | 114         |
|    ep_rew_mean          | -30.3       |
|    success_rate         | 0.77        |
| time/                   |             |
|    fps                  | 615         |
|    iterations           | 102         |
|    time_elapsed         | 339         |
|    total_timesteps      | 208896      |
| train/                  |             |
|    approx_kl            | 0.022810094 |
|    clip_fraction        | 0.259       |
|    clip_range           | 0.2         |
|    entropy_loss         | -7.08       |
|    explained_variance   | 0.968       |
|    learning_rate        | 0.0003      |
|    loss                 | 0.172       |
|    n_updates            | 1010        |
|    policy_gradient_loss | -0.0176     |
|    std                  | 0.677       |
|    value_loss           | 0.587       |
-----------------------------------------
Eval num_timesteps=210000, episode_reward=-53.48 +/- 11.42
Episode length: 189.10 +/- 33.65
Success rate: 10.00%
-----------------------------------------
| eval/                   |             |
|    mean_ep_length       | 189         |
|    mean_reward          | -53.5       |
|    success_rate         | 0.1         |
| time/                   |             |
|    total_timesteps      | 210000      |
| train/                  |             |
|    approx_kl            | 0.017687615 |
|    clip_fraction        | 0.227       |
|    clip_range           | 0.2         |
|    entropy_loss         | -7.09       |
|    explained_variance   | 0.983       |
|    learning_rate        | 0.0003      |
|    loss                 | 0.124       |
|    n_updates            | 1020        |
|    policy_gradient_loss | -0.0143     |
|    std                  | 0.677       |
|    value_loss           | 0.491       |
-----------------------------------------
---------------------------------
| rollout/           |          |
|    ep_len_mean     | 111      |
|    ep_rew_mean     | -28.3    |
|    success_rate    | 0.8      |
| time/              |          |
|    fps             | 611      |
|    iterations      | 103      |
|    time_elapsed    | 344      |
|    total_timesteps | 210944   |
---------------------------------
-----------------------------------------
| rollout/                |             |
|    ep_len_mean          | 111         |
|    ep_rew_mean          | -28.3       |
|    success_rate         | 0.8         |
| time/                   |             |
|    fps                  | 613         |
|    iterations           | 104         |
|    time_elapsed         | 347         |
|    total_timesteps      | 212992      |
| train/                  |             |
|    approx_kl            | 0.016703997 |
|    clip_fraction        | 0.215       |
|    clip_range           | 0.2         |
|    entropy_loss         | -7.08       |
|    explained_variance   | 0.989       |
|    learning_rate        | 0.0003      |
|    loss                 | 0.0127      |
|    n_updates            | 1030        |
|    policy_gradient_loss | -0.00931    |
|    std                  | 0.675       |
|    value_loss           | 0.377       |
-----------------------------------------
Eval num_timesteps=215000, episode_reward=-48.81 +/- 11.05
Episode length: 186.03 +/- 36.70
Success rate: 13.33%
-----------------------------------------
| eval/                   |             |
|    mean_ep_length       | 186         |
|    mean_reward          | -48.8       |
|    success_rate         | 0.133       |
| time/                   |             |
|    total_timesteps      | 215000      |
| train/                  |             |
|    approx_kl            | 0.017001746 |
|    clip_fraction        | 0.233       |
|    clip_range           | 0.2         |
|    entropy_loss         | -7.04       |
|    explained_variance   | 0.993       |
|    learning_rate        | 0.0003      |
|    loss                 | 0.0504      |
|    n_updates            | 1040        |
|    policy_gradient_loss | -0.0186     |
|    std                  | 0.669       |
|    value_loss           | 0.302       |
-----------------------------------------
---------------------------------
| rollout/           |          |
|    ep_len_mean     | 114      |
|    ep_rew_mean     | -29.5    |
|    success_rate    | 0.76     |
| time/              |          |
|    fps             | 610      |
|    iterations      | 105      |
|    time_elapsed    | 352      |
|    total_timesteps | 215040   |
---------------------------------
-----------------------------------------
| rollout/                |             |
|    ep_len_mean          | 114         |
|    ep_rew_mean          | -29.7       |
|    success_rate         | 0.76        |
| time/                   |             |
|    fps                  | 612         |
|    iterations           | 106         |
|    time_elapsed         | 354         |
|    total_timesteps      | 217088      |
| train/                  |             |
|    approx_kl            | 0.016534857 |
|    clip_fraction        | 0.193       |
|    clip_range           | 0.2         |
|    entropy_loss         | -7.05       |
|    explained_variance   | 0.968       |
|    learning_rate        | 0.0003      |
|    loss                 | 0.0384      |
|    n_updates            | 1050        |
|    policy_gradient_loss | -0.0122     |
|    std                  | 0.675       |
|    value_loss           | 0.622       |
-----------------------------------------
-----------------------------------------
| rollout/                |             |
|    ep_len_mean          | 113         |
|    ep_rew_mean          | -29.2       |
|    success_rate         | 0.76        |
| time/                   |             |
|    fps                  | 614         |
|    iterations           | 107         |
|    time_elapsed         | 356         |
|    total_timesteps      | 219136      |
| train/                  |             |
|    approx_kl            | 0.021086052 |
|    clip_fraction        | 0.226       |
|    clip_range           | 0.2         |
|    entropy_loss         | -7.11       |
|    explained_variance   | 0.969       |
|    learning_rate        | 0.0003      |
|    loss                 | 0.122       |
|    n_updates            | 1060        |
|    policy_gradient_loss | -0.0142     |
|    std                  | 0.679       |
|    value_loss           | 0.682       |
-----------------------------------------
Eval num_timesteps=220000, episode_reward=-45.11 +/- 17.08
Episode length: 161.40 +/- 52.56
Success rate: 36.67%
-----------------------------------------
| eval/                   |             |
|    mean_ep_length       | 161         |
|    mean_reward          | -45.1       |
|    success_rate         | 0.367       |
| time/                   |             |
|    total_timesteps      | 220000      |
| train/                  |             |
|    approx_kl            | 0.014051562 |
|    clip_fraction        | 0.161       |
|    clip_range           | 0.2         |
|    entropy_loss         | -7.14       |
|    explained_variance   | 0.97        |
|    learning_rate        | 0.0003      |
|    loss                 | 0.351       |
|    n_updates            | 1070        |
|    policy_gradient_loss | -0.0119     |
|    std                  | 0.683       |
|    value_loss           | 1.84        |
-----------------------------------------
---------------------------------
| rollout/           |          |
|    ep_len_mean     | 116      |
|    ep_rew_mean     | -30.4    |
|    success_rate    | 0.73     |
| time/              |          |
|    fps             | 611      |
|    iterations      | 108      |
|    time_elapsed    | 361      |
|    total_timesteps | 221184   |
---------------------------------
-----------------------------------------
| rollout/                |             |
|    ep_len_mean          | 111         |
|    ep_rew_mean          | -29.4       |
|    success_rate         | 0.74        |
| time/                   |             |
|    fps                  | 613         |
|    iterations           | 109         |
|    time_elapsed         | 363         |
|    total_timesteps      | 223232      |
| train/                  |             |
|    approx_kl            | 0.013741091 |
|    clip_fraction        | 0.163       |
|    clip_range           | 0.2         |
|    entropy_loss         | -7.17       |
|    explained_variance   | 0.967       |
|    learning_rate        | 0.0003      |
|    loss                 | 0.44        |
|    n_updates            | 1080        |
|    policy_gradient_loss | -0.0119     |
|    std                  | 0.685       |
|    value_loss           | 1.17        |
-----------------------------------------
Eval num_timesteps=225000, episode_reward=-48.77 +/- 15.06
Episode length: 174.77 +/- 40.30
Success rate: 30.00%
-----------------------------------------
| eval/                   |             |
|    mean_ep_length       | 175         |
|    mean_reward          | -48.8       |
|    success_rate         | 0.3         |
| time/                   |             |
|    total_timesteps      | 225000      |
| train/                  |             |
|    approx_kl            | 0.017136708 |
|    clip_fraction        | 0.211       |
|    clip_range           | 0.2         |
|    entropy_loss         | -7.19       |
|    explained_variance   | 0.972       |
|    learning_rate        | 0.0003      |
|    loss                 | 0.588       |
|    n_updates            | 1090        |
|    policy_gradient_loss | -0.017      |
|    std                  | 0.686       |
|    value_loss           | 1.03        |
-----------------------------------------
---------------------------------
| rollout/           |          |
|    ep_len_mean     | 104      |
|    ep_rew_mean     | -26.7    |
|    success_rate    | 0.8      |
| time/              |          |
|    fps             | 610      |
|    iterations      | 110      |
|    time_elapsed    | 369      |
|    total_timesteps | 225280   |
---------------------------------
-----------------------------------------
| rollout/                |             |
|    ep_len_mean          | 106         |
|    ep_rew_mean          | -27.4       |
|    success_rate         | 0.78        |
| time/                   |             |
|    fps                  | 612         |
|    iterations           | 111         |
|    time_elapsed         | 371         |
|    total_timesteps      | 227328      |
| train/                  |             |
|    approx_kl            | 0.018078683 |
|    clip_fraction        | 0.185       |
|    clip_range           | 0.2         |
|    entropy_loss         | -7.19       |
|    explained_variance   | 0.958       |
|    learning_rate        | 0.0003      |
|    loss                 | 0.511       |
|    n_updates            | 1100        |
|    policy_gradient_loss | -0.0121     |
|    std                  | 0.687       |
|    value_loss           | 1.46        |
-----------------------------------------
-----------------------------------------
| rollout/                |             |
|    ep_len_mean          | 108         |
|    ep_rew_mean          | -28.2       |
|    success_rate         | 0.76        |
| time/                   |             |
|    fps                  | 614         |
|    iterations           | 112         |
|    time_elapsed         | 373         |
|    total_timesteps      | 229376      |
| train/                  |             |
|    approx_kl            | 0.018689632 |
|    clip_fraction        | 0.244       |
|    clip_range           | 0.2         |
|    entropy_loss         | -7.19       |
|    explained_variance   | 0.962       |
|    learning_rate        | 0.0003      |
|    loss                 | 0.186       |
|    n_updates            | 1110        |
|    policy_gradient_loss | -0.0176     |
|    std                  | 0.686       |
|    value_loss           | 1.09        |
-----------------------------------------
Eval num_timesteps=230000, episode_reward=-36.37 +/- 16.27
Episode length: 138.30 +/- 58.80
Success rate: 53.33%
-----------------------------------------
| eval/                   |             |
|    mean_ep_length       | 138         |
|    mean_reward          | -36.4       |
|    success_rate         | 0.533       |
| time/                   |             |
|    total_timesteps      | 230000      |
| train/                  |             |
|    approx_kl            | 0.022279862 |
|    clip_fraction        | 0.228       |
|    clip_range           | 0.2         |
|    entropy_loss         | -7.16       |
|    explained_variance   | 0.972       |
|    learning_rate        | 0.0003      |
|    loss                 | 0.203       |
|    n_updates            | 1120        |
|    policy_gradient_loss | -0.014      |
|    std                  | 0.683       |
|    value_loss           | 0.509       |
-----------------------------------------
New best mean reward!
---------------------------------
| rollout/           |          |
|    ep_len_mean     | 105      |
|    ep_rew_mean     | -26.8    |
|    success_rate    | 0.8      |
| time/              |          |
|    fps             | 611      |
|    iterations      | 113      |
|    time_elapsed    | 378      |
|    total_timesteps | 231424   |
---------------------------------
-----------------------------------------
| rollout/                |             |
|    ep_len_mean          | 105         |
|    ep_rew_mean          | -27.2       |
|    success_rate         | 0.8         |
| time/                   |             |
|    fps                  | 613         |
|    iterations           | 114         |
|    time_elapsed         | 380         |
|    total_timesteps      | 233472      |
| train/                  |             |
|    approx_kl            | 0.017270613 |
|    clip_fraction        | 0.226       |
|    clip_range           | 0.2         |
|    entropy_loss         | -7.14       |
|    explained_variance   | 0.979       |
|    learning_rate        | 0.0003      |
|    loss                 | 0.217       |
|    n_updates            | 1130        |
|    policy_gradient_loss | -0.0122     |
|    std                  | 0.681       |
|    value_loss           | 0.589       |
-----------------------------------------
Eval num_timesteps=235000, episode_reward=-41.70 +/- 15.18
Episode length: 160.73 +/- 49.63
Success rate: 40.00%
-----------------------------------------
| eval/                   |             |
|    mean_ep_length       | 161         |
|    mean_reward          | -41.7       |
|    success_rate         | 0.4         |
| time/                   |             |
|    total_timesteps      | 235000      |
| train/                  |             |
|    approx_kl            | 0.022824088 |
|    clip_fraction        | 0.246       |
|    clip_range           | 0.2         |
|    entropy_loss         | -7.12       |
|    explained_variance   | 0.958       |
|    learning_rate        | 0.0003      |
|    loss                 | 0.153       |
|    n_updates            | 1140        |
|    policy_gradient_loss | -0.0189     |
|    std                  | 0.679       |
|    value_loss           | 0.666       |
-----------------------------------------
---------------------------------
| rollout/           |          |
|    ep_len_mean     | 105      |
|    ep_rew_mean     | -27.2    |
|    success_rate    | 0.8      |
| time/              |          |
|    fps             | 610      |
|    iterations      | 115      |
|    time_elapsed    | 385      |
|    total_timesteps | 235520   |
---------------------------------
-----------------------------------------
| rollout/                |             |
|    ep_len_mean          | 103         |
|    ep_rew_mean          | -26.5       |
|    success_rate         | 0.83        |
| time/                   |             |
|    fps                  | 612         |
|    iterations           | 116         |
|    time_elapsed         | 387         |
|    total_timesteps      | 237568      |
| train/                  |             |
|    approx_kl            | 0.015622535 |
|    clip_fraction        | 0.196       |
|    clip_range           | 0.2         |
|    entropy_loss         | -7.14       |
|    explained_variance   | 0.956       |
|    learning_rate        | 0.0003      |
|    loss                 | 0.324       |
|    n_updates            | 1150        |
|    policy_gradient_loss | -0.0177     |
|    std                  | 0.682       |
|    value_loss           | 0.808       |
-----------------------------------------
-----------------------------------------
| rollout/                |             |
|    ep_len_mean          | 96.6        |
|    ep_rew_mean          | -25         |
|    success_rate         | 0.88        |
| time/                   |             |
|    fps                  | 614         |
|    iterations           | 117         |
|    time_elapsed         | 390         |
|    total_timesteps      | 239616      |
| train/                  |             |
|    approx_kl            | 0.015088707 |
|    clip_fraction        | 0.21        |
|    clip_range           | 0.2         |
|    entropy_loss         | -7.16       |
|    explained_variance   | 0.99        |
|    learning_rate        | 0.0003      |
|    loss                 | 0.0311      |
|    n_updates            | 1160        |
|    policy_gradient_loss | -0.0134     |
|    std                  | 0.684       |
|    value_loss           | 0.301       |
-----------------------------------------
Eval num_timesteps=240000, episode_reward=-43.07 +/- 13.28
Episode length: 165.03 +/- 47.94
Success rate: 36.67%
----------------------------------------
| eval/                   |            |
|    mean_ep_length       | 165        |
|    mean_reward          | -43.1      |
|    success_rate         | 0.367      |
| time/                   |            |
|    total_timesteps      | 240000     |
| train/                  |            |
|    approx_kl            | 0.01785805 |
|    clip_fraction        | 0.208      |
|    clip_range           | 0.2        |
|    entropy_loss         | -7.18      |
|    explained_variance   | 0.965      |
|    learning_rate        | 0.0003     |
|    loss                 | 0.115      |
|    n_updates            | 1170       |
|    policy_gradient_loss | -0.0147    |
|    std                  | 0.687      |
|    value_loss           | 0.496      |
----------------------------------------
---------------------------------
| rollout/           |          |
|    ep_len_mean     | 93       |
|    ep_rew_mean     | -24.3    |
|    success_rate    | 0.91     |
| time/              |          |
|    fps             | 611      |
|    iterations      | 118      |
|    time_elapsed    | 395      |
|    total_timesteps | 241664   |
---------------------------------
-----------------------------------------
| rollout/                |             |
|    ep_len_mean          | 93          |
|    ep_rew_mean          | -24.2       |
|    success_rate         | 0.92        |
| time/                   |             |
|    fps                  | 612         |
|    iterations           | 119         |
|    time_elapsed         | 397         |
|    total_timesteps      | 243712      |
| train/                  |             |
|    approx_kl            | 0.019479513 |
|    clip_fraction        | 0.213       |
|    clip_range           | 0.2         |
|    entropy_loss         | -7.18       |
|    explained_variance   | 0.98        |
|    learning_rate        | 0.0003      |
|    loss                 | 0.0663      |
|    n_updates            | 1180        |
|    policy_gradient_loss | -0.0131     |
|    std                  | 0.684       |
|    value_loss           | 0.488       |
-----------------------------------------
Eval num_timesteps=245000, episode_reward=-41.08 +/- 14.59
Episode length: 161.47 +/- 47.82
Success rate: 46.67%
-----------------------------------------
| eval/                   |             |
|    mean_ep_length       | 161         |
|    mean_reward          | -41.1       |
|    success_rate         | 0.467       |
| time/                   |             |
|    total_timesteps      | 245000      |
| train/                  |             |
|    approx_kl            | 0.014286041 |
|    clip_fraction        | 0.174       |
|    clip_range           | 0.2         |
|    entropy_loss         | -7.17       |
|    explained_variance   | 0.955       |
|    learning_rate        | 0.0003      |
|    loss                 | 0.219       |
|    n_updates            | 1190        |
|    policy_gradient_loss | -0.0137     |
|    std                  | 0.685       |
|    value_loss           | 0.872       |
-----------------------------------------
---------------------------------
| rollout/           |          |
|    ep_len_mean     | 91.7     |
|    ep_rew_mean     | -23.7    |
|    success_rate    | 0.91     |
| time/              |          |
|    fps             | 610      |
|    iterations      | 120      |
|    time_elapsed    | 402      |
|    total_timesteps | 245760   |
---------------------------------
-----------------------------------------
| rollout/                |             |
|    ep_len_mean          | 91.7        |
|    ep_rew_mean          | -23.8       |
|    success_rate         | 0.89        |
| time/                   |             |
|    fps                  | 611         |
|    iterations           | 121         |
|    time_elapsed         | 405         |
|    total_timesteps      | 247808      |
| train/                  |             |
|    approx_kl            | 0.019801693 |
|    clip_fraction        | 0.217       |
|    clip_range           | 0.2         |
|    entropy_loss         | -7.14       |
|    explained_variance   | 0.971       |
|    learning_rate        | 0.0003      |
|    loss                 | 0.0758      |
|    n_updates            | 1200        |
|    policy_gradient_loss | -0.0129     |
|    std                  | 0.679       |
|    value_loss           | 0.834       |
-----------------------------------------
-----------------------------------------
| rollout/                |             |
|    ep_len_mean          | 91          |
|    ep_rew_mean          | -23.5       |
|    success_rate         | 0.89        |
| time/                   |             |
|    fps                  | 613         |
|    iterations           | 122         |
|    time_elapsed         | 407         |
|    total_timesteps      | 249856      |
| train/                  |             |
|    approx_kl            | 0.021004975 |
|    clip_fraction        | 0.212       |
|    clip_range           | 0.2         |
|    entropy_loss         | -7.1        |
|    explained_variance   | 0.951       |
|    learning_rate        | 0.0003      |
|    loss                 | 0.0938      |
|    n_updates            | 1210        |
|    policy_gradient_loss | -0.0121     |
|    std                  | 0.677       |
|    value_loss           | 0.579       |
-----------------------------------------
Eval num_timesteps=250000, episode_reward=-48.98 +/- 11.68
Episode length: 184.73 +/- 41.53
Success rate: 13.33%
----------------------------------------
| eval/                   |            |
|    mean_ep_length       | 185        |
|    mean_reward          | -49        |
|    success_rate         | 0.133      |
| time/                   |            |
|    total_timesteps      | 250000     |
| train/                  |            |
|    approx_kl            | 0.01807675 |
|    clip_fraction        | 0.204      |
|    clip_range           | 0.2        |
|    entropy_loss         | -7.07      |
|    explained_variance   | 0.97       |
|    learning_rate        | 0.0003     |
|    loss                 | 0.0473     |
|    n_updates            | 1220       |
|    policy_gradient_loss | -0.0151    |
|    std                  | 0.674      |
|    value_loss           | 0.465      |
----------------------------------------
---------------------------------
| rollout/           |          |
|    ep_len_mean     | 95       |
|    ep_rew_mean     | -25      |
|    success_rate    | 0.85     |
| time/              |          |
|    fps             | 608      |
|    iterations      | 123      |
|    time_elapsed    | 414      |
|    total_timesteps | 251904   |
---------------------------------
-----------------------------------------
| rollout/                |             |
|    ep_len_mean          | 92.8        |
|    ep_rew_mean          | -24.3       |
|    success_rate         | 0.87        |
| time/                   |             |
|    fps                  | 608         |
|    iterations           | 124         |
|    time_elapsed         | 417         |
|    total_timesteps      | 253952      |
| train/                  |             |
|    approx_kl            | 0.015691403 |
|    clip_fraction        | 0.165       |
|    clip_range           | 0.2         |
|    entropy_loss         | -7.06       |
|    explained_variance   | 0.935       |
|    learning_rate        | 0.0003      |
|    loss                 | 0.343       |
|    n_updates            | 1230        |
|    policy_gradient_loss | -0.0129     |
|    std                  | 0.676       |
|    value_loss           | 1.38        |
-----------------------------------------
Eval num_timesteps=255000, episode_reward=-47.34 +/- 18.77
Episode length: 169.50 +/- 57.45
Success rate: 23.33%
----------------------------------------
| eval/                   |            |
|    mean_ep_length       | 170        |
|    mean_reward          | -47.3      |
|    success_rate         | 0.233      |
| time/                   |            |
|    total_timesteps      | 255000     |
| train/                  |            |
|    approx_kl            | 0.02378058 |
|    clip_fraction        | 0.219      |
|    clip_range           | 0.2        |
|    entropy_loss         | -7.05      |
|    explained_variance   | 0.987      |
|    learning_rate        | 0.0003     |
|    loss                 | 0.119      |
|    n_updates            | 1240       |
|    policy_gradient_loss | -0.0117    |
|    std                  | 0.672      |
|    value_loss           | 0.439      |
----------------------------------------
---------------------------------
| rollout/           |          |
|    ep_len_mean     | 94.8     |
|    ep_rew_mean     | -25.5    |
|    success_rate    | 0.87     |
| time/              |          |
|    fps             | 605      |
|    iterations      | 125      |
|    time_elapsed    | 422      |
|    total_timesteps | 256000   |
---------------------------------
----------------------------------------
| rollout/                |            |
|    ep_len_mean          | 97.7       |
|    ep_rew_mean          | -25.9      |
|    success_rate         | 0.84       |
| time/                   |            |
|    fps                  | 607        |
|    iterations           | 126        |
|    time_elapsed         | 424        |
|    total_timesteps      | 258048     |
| train/                  |            |
|    approx_kl            | 0.01598733 |
|    clip_fraction        | 0.195      |
|    clip_range           | 0.2        |
|    entropy_loss         | -7.03      |
|    explained_variance   | 0.959      |
|    learning_rate        | 0.0003     |
|    loss                 | 0.258      |
|    n_updates            | 1250       |
|    policy_gradient_loss | -0.0164    |
|    std                  | 0.673      |
|    value_loss           | 1.08       |
----------------------------------------
Eval num_timesteps=260000, episode_reward=-40.84 +/- 17.60
Episode length: 158.33 +/- 64.09
Success rate: 30.00%
-----------------------------------------
| eval/                   |             |
|    mean_ep_length       | 158         |
|    mean_reward          | -40.8       |
|    success_rate         | 0.3         |
| time/                   |             |
|    total_timesteps      | 260000      |
| train/                  |             |
|    approx_kl            | 0.016780447 |
|    clip_fraction        | 0.191       |
|    clip_range           | 0.2         |
|    entropy_loss         | -7.04       |
|    explained_variance   | 0.946       |
|    learning_rate        | 0.0003      |
|    loss                 | 0.186       |
|    n_updates            | 1260        |
|    policy_gradient_loss | -0.0117     |
|    std                  | 0.674       |
|    value_loss           | 1.51        |
-----------------------------------------
---------------------------------
| rollout/           |          |
|    ep_len_mean     | 97.3     |
|    ep_rew_mean     | -26      |
|    success_rate    | 0.85     |
| time/              |          |
|    fps             | 604      |
|    iterations      | 127      |
|    time_elapsed    | 430      |
|    total_timesteps | 260096   |
---------------------------------
----------------------------------------
| rollout/                |            |
|    ep_len_mean          | 93.3       |
|    ep_rew_mean          | -24.8      |
|    success_rate         | 0.87       |
| time/                   |            |
|    fps                  | 605        |
|    iterations           | 128        |
|    time_elapsed         | 432        |
|    total_timesteps      | 262144     |
| train/                  |            |
|    approx_kl            | 0.02235882 |
|    clip_fraction        | 0.208      |
|    clip_range           | 0.2        |
|    entropy_loss         | -7.05      |
|    explained_variance   | 0.962      |
|    learning_rate        | 0.0003     |
|    loss                 | 0.642      |
|    n_updates            | 1270       |
|    policy_gradient_loss | -0.0145    |
|    std                  | 0.674      |
|    value_loss           | 1.01       |
----------------------------------------
----------------------------------------
| rollout/                |            |
|    ep_len_mean          | 96.3       |
|    ep_rew_mean          | -26.3      |
|    success_rate         | 0.84       |
| time/                   |            |
|    fps                  | 607        |
|    iterations           | 129        |
|    time_elapsed         | 435        |
|    total_timesteps      | 264192     |
| train/                  |            |
|    approx_kl            | 0.02268663 |
|    clip_fraction        | 0.219      |
|    clip_range           | 0.2        |
|    entropy_loss         | -7.05      |
|    explained_variance   | 0.929      |
|    learning_rate        | 0.0003     |
|    loss                 | 0.322      |
|    n_updates            | 1280       |
|    policy_gradient_loss | -0.0142    |
|    std                  | 0.674      |
|    value_loss           | 0.987      |
----------------------------------------
Eval num_timesteps=265000, episode_reward=-40.73 +/- 16.90
Episode length: 155.43 +/- 63.26
Success rate: 33.33%
-----------------------------------------
| eval/                   |             |
|    mean_ep_length       | 155         |
|    mean_reward          | -40.7       |
|    success_rate         | 0.333       |
| time/                   |             |
|    total_timesteps      | 265000      |
| train/                  |             |
|    approx_kl            | 0.015941478 |
|    clip_fraction        | 0.171       |
|    clip_range           | 0.2         |
|    entropy_loss         | -7.05       |
|    explained_variance   | 0.966       |
|    learning_rate        | 0.0003      |
|    loss                 | 0.515       |
|    n_updates            | 1290        |
|    policy_gradient_loss | -0.012      |
|    std                  | 0.674       |
|    value_loss           | 1.58        |
-----------------------------------------
---------------------------------
| rollout/           |          |
|    ep_len_mean     | 95.6     |
|    ep_rew_mean     | -25.8    |
|    success_rate    | 0.84     |
| time/              |          |
|    fps             | 604      |
|    iterations      | 130      |
|    time_elapsed    | 440      |
|    total_timesteps | 266240   |
---------------------------------
-----------------------------------------
| rollout/                |             |
|    ep_len_mean          | 90.5        |
|    ep_rew_mean          | -24.6       |
|    success_rate         | 0.88        |
| time/                   |             |
|    fps                  | 605         |
|    iterations           | 131         |
|    time_elapsed         | 443         |
|    total_timesteps      | 268288      |
| train/                  |             |
|    approx_kl            | 0.017450985 |
|    clip_fraction        | 0.204       |
|    clip_range           | 0.2         |
|    entropy_loss         | -7.03       |
|    explained_variance   | 0.955       |
|    learning_rate        | 0.0003      |
|    loss                 | 0.444       |
|    n_updates            | 1300        |
|    policy_gradient_loss | -0.0132     |
|    std                  | 0.672       |
|    value_loss           | 1.27        |
-----------------------------------------
Eval num_timesteps=270000, episode_reward=-46.66 +/- 18.71
Episode length: 168.13 +/- 57.93
Success rate: 23.33%
-----------------------------------------
| eval/                   |             |
|    mean_ep_length       | 168         |
|    mean_reward          | -46.7       |
|    success_rate         | 0.233       |
| time/                   |             |
|    total_timesteps      | 270000      |
| train/                  |             |
|    approx_kl            | 0.018681016 |
|    clip_fraction        | 0.182       |
|    clip_range           | 0.2         |
|    entropy_loss         | -7.04       |
|    explained_variance   | 0.945       |
|    learning_rate        | 0.0003      |
|    loss                 | 0.861       |
|    n_updates            | 1310        |
|    policy_gradient_loss | -0.0117     |
|    std                  | 0.675       |
|    value_loss           | 1.82        |
-----------------------------------------
---------------------------------
| rollout/           |          |
|    ep_len_mean     | 91       |
|    ep_rew_mean     | -24.5    |
|    success_rate    | 0.87     |
| time/              |          |
|    fps             | 602      |
|    iterations      | 132      |
|    time_elapsed    | 448      |
|    total_timesteps | 270336   |
---------------------------------
-----------------------------------------
| rollout/                |             |
|    ep_len_mean          | 89.4        |
|    ep_rew_mean          | -24.5       |
|    success_rate         | 0.89        |
| time/                   |             |
|    fps                  | 604         |
|    iterations           | 133         |
|    time_elapsed         | 450         |
|    total_timesteps      | 272384      |
| train/                  |             |
|    approx_kl            | 0.019731378 |
|    clip_fraction        | 0.218       |
|    clip_range           | 0.2         |
|    entropy_loss         | -7.01       |
|    explained_variance   | 0.967       |
|    learning_rate        | 0.0003      |
|    loss                 | 0.326       |
|    n_updates            | 1320        |
|    policy_gradient_loss | -0.006      |
|    std                  | 0.669       |
|    value_loss           | 1.3         |
-----------------------------------------
-----------------------------------------
| rollout/                |             |
|    ep_len_mean          | 88.2        |
|    ep_rew_mean          | -24.5       |
|    success_rate         | 0.9         |
| time/                   |             |
|    fps                  | 605         |
|    iterations           | 134         |
|    time_elapsed         | 452         |
|    total_timesteps      | 274432      |
| train/                  |             |
|    approx_kl            | 0.020964958 |
|    clip_fraction        | 0.233       |
|    clip_range           | 0.2         |
|    entropy_loss         | -7          |
|    explained_variance   | 0.959       |
|    learning_rate        | 0.0003      |
|    loss                 | 0.136       |
|    n_updates            | 1330        |
|    policy_gradient_loss | -0.0138     |
|    std                  | 0.672       |
|    value_loss           | 0.964       |
-----------------------------------------
Eval num_timesteps=275000, episode_reward=-37.28 +/- 17.33
Episode length: 142.93 +/- 66.55
Success rate: 46.67%
-----------------------------------------
| eval/                   |             |
|    mean_ep_length       | 143         |
|    mean_reward          | -37.3       |
|    success_rate         | 0.467       |
| time/                   |             |
|    total_timesteps      | 275000      |
| train/                  |             |
|    approx_kl            | 0.019414313 |
|    clip_fraction        | 0.224       |
|    clip_range           | 0.2         |
|    entropy_loss         | -7          |
|    explained_variance   | 0.959       |
|    learning_rate        | 0.0003      |
|    loss                 | 0.0651      |
|    n_updates            | 1340        |
|    policy_gradient_loss | -0.0105     |
|    std                  | 0.669       |
|    value_loss           | 0.57        |
-----------------------------------------
---------------------------------
| rollout/           |          |
|    ep_len_mean     | 83.9     |
|    ep_rew_mean     | -23.4    |
|    success_rate    | 0.93     |
| time/              |          |
|    fps             | 604      |
|    iterations      | 135      |
|    time_elapsed    | 457      |
|    total_timesteps | 276480   |
---------------------------------
-----------------------------------------
| rollout/                |             |
|    ep_len_mean          | 83.3        |
|    ep_rew_mean          | -23.3       |
|    success_rate         | 0.94        |
| time/                   |             |
|    fps                  | 605         |
|    iterations           | 136         |
|    time_elapsed         | 460         |
|    total_timesteps      | 278528      |
| train/                  |             |
|    approx_kl            | 0.017928986 |
|    clip_fraction        | 0.232       |
|    clip_range           | 0.2         |
|    entropy_loss         | -6.97       |
|    explained_variance   | 0.994       |
|    learning_rate        | 0.0003      |
|    loss                 | 0.00279     |
|    n_updates            | 1350        |
|    policy_gradient_loss | -0.0156     |
|    std                  | 0.665       |
|    value_loss           | 0.203       |
-----------------------------------------
Eval num_timesteps=280000, episode_reward=-45.94 +/- 16.25
Episode length: 169.07 +/- 51.93
Success rate: 40.00%
-----------------------------------------
| eval/                   |             |
|    mean_ep_length       | 169         |
|    mean_reward          | -45.9       |
|    success_rate         | 0.4         |
| time/                   |             |
|    total_timesteps      | 280000      |
| train/                  |             |
|    approx_kl            | 0.023414351 |
|    clip_fraction        | 0.231       |
|    clip_range           | 0.2         |
|    entropy_loss         | -6.92       |
|    explained_variance   | 0.98        |
|    learning_rate        | 0.0003      |
|    loss                 | 0.119       |
|    n_updates            | 1360        |
|    policy_gradient_loss | -0.0177     |
|    std                  | 0.661       |
|    value_loss           | 0.396       |
-----------------------------------------
---------------------------------
| rollout/           |          |
|    ep_len_mean     | 82.8     |
|    ep_rew_mean     | -22.8    |
|    success_rate    | 0.93     |
| time/              |          |
|    fps             | 603      |
|    iterations      | 137      |
|    time_elapsed    | 465      |
|    total_timesteps | 280576   |
---------------------------------
-----------------------------------------
| rollout/                |             |
|    ep_len_mean          | 82.3        |
|    ep_rew_mean          | -22.1       |
|    success_rate         | 0.94        |
| time/                   |             |
|    fps                  | 604         |
|    iterations           | 138         |
|    time_elapsed         | 467         |
|    total_timesteps      | 282624      |
| train/                  |             |
|    approx_kl            | 0.021080326 |
|    clip_fraction        | 0.239       |
|    clip_range           | 0.2         |
|    entropy_loss         | -6.9        |
|    explained_variance   | 0.973       |
|    learning_rate        | 0.0003      |
|    loss                 | 0.212       |
|    n_updates            | 1370        |
|    policy_gradient_loss | -0.0117     |
|    std                  | 0.659       |
|    value_loss           | 0.623       |
-----------------------------------------
-----------------------------------------
| rollout/                |             |
|    ep_len_mean          | 80.9        |
|    ep_rew_mean          | -21.2       |
|    success_rate         | 0.95        |
| time/                   |             |
|    fps                  | 605         |
|    iterations           | 139         |
|    time_elapsed         | 470         |
|    total_timesteps      | 284672      |
| train/                  |             |
|    approx_kl            | 0.018368702 |
|    clip_fraction        | 0.238       |
|    clip_range           | 0.2         |
|    entropy_loss         | -6.88       |
|    explained_variance   | 0.98        |
|    learning_rate        | 0.0003      |
|    loss                 | 0.184       |
|    n_updates            | 1380        |
|    policy_gradient_loss | -0.0123     |
|    std                  | 0.658       |
|    value_loss           | 0.485       |
-----------------------------------------
Eval num_timesteps=285000, episode_reward=-46.94 +/- 24.75
Episode length: 144.73 +/- 63.55
Success rate: 43.33%
----------------------------------------
| eval/                   |            |
|    mean_ep_length       | 145        |
|    mean_reward          | -46.9      |
|    success_rate         | 0.433      |
| time/                   |            |
|    total_timesteps      | 285000     |
| train/                  |            |
|    approx_kl            | 0.02254296 |
|    clip_fraction        | 0.239      |
|    clip_range           | 0.2        |
|    entropy_loss         | -6.87      |
|    explained_variance   | 0.973      |
|    learning_rate        | 0.0003     |
|    loss                 | 0.501      |
|    n_updates            | 1390       |
|    policy_gradient_loss | -0.0138    |
|    std                  | 0.657      |
|    value_loss           | 0.928      |
----------------------------------------
---------------------------------
| rollout/           |          |
|    ep_len_mean     | 81.1     |
|    ep_rew_mean     | -21.2    |
|    success_rate    | 0.94     |
| time/              |          |
|    fps             | 603      |
|    iterations      | 140      |
|    time_elapsed    | 475      |
|    total_timesteps | 286720   |
---------------------------------
-----------------------------------------
| rollout/                |             |
|    ep_len_mean          | 82.1        |
|    ep_rew_mean          | -22.1       |
|    success_rate         | 0.94        |
| time/                   |             |
|    fps                  | 604         |
|    iterations           | 141         |
|    time_elapsed         | 477         |
|    total_timesteps      | 288768      |
| train/                  |             |
|    approx_kl            | 0.017861174 |
|    clip_fraction        | 0.186       |
|    clip_range           | 0.2         |
|    entropy_loss         | -6.86       |
|    explained_variance   | 0.942       |
|    learning_rate        | 0.0003      |
|    loss                 | 0.148       |
|    n_updates            | 1400        |
|    policy_gradient_loss | -0.00978    |
|    std                  | 0.657       |
|    value_loss           | 1.33        |
-----------------------------------------
Eval num_timesteps=290000, episode_reward=-58.11 +/- 27.57
Episode length: 175.37 +/- 49.51
Success rate: 20.00%
-----------------------------------------
| eval/                   |             |
|    mean_ep_length       | 175         |
|    mean_reward          | -58.1       |
|    success_rate         | 0.2         |
| time/                   |             |
|    total_timesteps      | 290000      |
| train/                  |             |
|    approx_kl            | 0.030518372 |
|    clip_fraction        | 0.252       |
|    clip_range           | 0.2         |
|    entropy_loss         | -6.87       |
|    explained_variance   | 0.991       |
|    learning_rate        | 0.0003      |
|    loss                 | 0.0214      |
|    n_updates            | 1410        |
|    policy_gradient_loss | -0.0181     |
|    std                  | 0.658       |
|    value_loss           | 0.175       |
-----------------------------------------
---------------------------------
| rollout/           |          |
|    ep_len_mean     | 81.3     |
|    ep_rew_mean     | -21.6    |
|    success_rate    | 0.94     |
| time/              |          |
|    fps             | 602      |
|    iterations      | 142      |
|    time_elapsed    | 482      |
|    total_timesteps | 290816   |
---------------------------------
-----------------------------------------
| rollout/                |             |
|    ep_len_mean          | 83.1        |
|    ep_rew_mean          | -23         |
|    success_rate         | 0.93        |
| time/                   |             |
|    fps                  | 603         |
|    iterations           | 143         |
|    time_elapsed         | 484         |
|    total_timesteps      | 292864      |
| train/                  |             |
|    approx_kl            | 0.018032933 |
|    clip_fraction        | 0.211       |
|    clip_range           | 0.2         |
|    entropy_loss         | -6.88       |
|    explained_variance   | 0.972       |
|    learning_rate        | 0.0003      |
|    loss                 | 0.295       |
|    n_updates            | 1420        |
|    policy_gradient_loss | -0.0108     |
|    std                  | 0.659       |
|    value_loss           | 0.63        |
-----------------------------------------
-----------------------------------------
| rollout/                |             |
|    ep_len_mean          | 80          |
|    ep_rew_mean          | -22         |
|    success_rate         | 0.96        |
| time/                   |             |
|    fps                  | 605         |
|    iterations           | 144         |
|    time_elapsed         | 487         |
|    total_timesteps      | 294912      |
| train/                  |             |
|    approx_kl            | 0.026605839 |
|    clip_fraction        | 0.22        |
|    clip_range           | 0.2         |
|    entropy_loss         | -6.9        |
|    explained_variance   | 0.947       |
|    learning_rate        | 0.0003      |
|    loss                 | 0.196       |
|    n_updates            | 1430        |
|    policy_gradient_loss | -0.0182     |
|    std                  | 0.664       |
|    value_loss           | 1.02        |
-----------------------------------------
Eval num_timesteps=295000, episode_reward=-56.20 +/- 32.25
Episode length: 164.27 +/- 56.47
Success rate: 30.00%
-----------------------------------------
| eval/                   |             |
|    mean_ep_length       | 164         |
|    mean_reward          | -56.2       |
|    success_rate         | 0.3         |
| time/                   |             |
|    total_timesteps      | 295000      |
| train/                  |             |
|    approx_kl            | 0.023970237 |
|    clip_fraction        | 0.238       |
|    clip_range           | 0.2         |
|    entropy_loss         | -6.89       |
|    explained_variance   | 0.989       |
|    learning_rate        | 0.0003      |
|    loss                 | 0.0302      |
|    n_updates            | 1440        |
|    policy_gradient_loss | -0.0133     |
|    std                  | 0.657       |
|    value_loss           | 0.289       |
-----------------------------------------
---------------------------------
| rollout/           |          |
|    ep_len_mean     | 81.4     |
|    ep_rew_mean     | -22.7    |
|    success_rate    | 0.95     |
| time/              |          |
|    fps             | 602      |
|    iterations      | 145      |
|    time_elapsed    | 492      |
|    total_timesteps | 296960   |
---------------------------------
-----------------------------------------
| rollout/                |             |
|    ep_len_mean          | 82.2        |
|    ep_rew_mean          | -23         |
|    success_rate         | 0.94        |
| time/                   |             |
|    fps                  | 604         |
|    iterations           | 146         |
|    time_elapsed         | 494         |
|    total_timesteps      | 299008      |
| train/                  |             |
|    approx_kl            | 0.021030523 |
|    clip_fraction        | 0.188       |
|    clip_range           | 0.2         |
|    entropy_loss         | -6.88       |
|    explained_variance   | 0.955       |
|    learning_rate        | 0.0003      |
|    loss                 | 0.176       |
|    n_updates            | 1450        |
|    policy_gradient_loss | -0.0152     |
|    std                  | 0.661       |
|    value_loss           | 1.58        |
-----------------------------------------
Eval num_timesteps=300000, episode_reward=-38.37 +/- 18.31
Episode length: 131.10 +/- 60.77
Success rate: 56.67%
------------------------------------------
| eval/                   |              |
|    mean_ep_length       | 131          |
|    mean_reward          | -38.4        |
|    success_rate         | 0.567        |
| time/                   |              |
|    total_timesteps      | 300000       |
| train/                  |              |
|    approx_kl            | 0.0130572645 |
|    clip_fraction        | 0.163        |
|    clip_range           | 0.2          |
|    entropy_loss         | -6.9         |
|    explained_variance   | 0.932        |
|    learning_rate        | 0.0003       |
|    loss                 | 1.58         |
|    n_updates            | 1460         |
|    policy_gradient_loss | -0.0125      |
|    std                  | 0.661        |
|    value_loss           | 2.75         |
------------------------------------------
---------------------------------
| rollout/           |          |
|    ep_len_mean     | 88.2     |
|    ep_rew_mean     | -25.1    |
|    success_rate    | 0.89     |
| time/              |          |
|    fps             | 602      |
|    iterations      | 147      |
|    time_elapsed    | 499      |
|    total_timesteps | 301056   |
---------------------------------
-----------------------------------------
| rollout/                |             |
|    ep_len_mean          | 90.7        |
|    ep_rew_mean          | -26         |
|    success_rate         | 0.86        |
| time/                   |             |
|    fps                  | 603         |
|    iterations           | 148         |
|    time_elapsed         | 502         |
|    total_timesteps      | 303104      |
| train/                  |             |
|    approx_kl            | 0.014658641 |
|    clip_fraction        | 0.164       |
|    clip_range           | 0.2         |
|    entropy_loss         | -6.9        |
|    explained_variance   | 0.925       |
|    learning_rate        | 0.0003      |
|    loss                 | 0.584       |
|    n_updates            | 1470        |
|    policy_gradient_loss | -0.0178     |
|    std                  | 0.661       |
|    value_loss           | 2.34        |
-----------------------------------------
Eval num_timesteps=305000, episode_reward=-47.56 +/- 20.83
Episode length: 154.10 +/- 60.69
Success rate: 36.67%
-----------------------------------------
| eval/                   |             |
|    mean_ep_length       | 154         |
|    mean_reward          | -47.6       |
|    success_rate         | 0.367       |
| time/                   |             |
|    total_timesteps      | 305000      |
| train/                  |             |
|    approx_kl            | 0.014509712 |
|    clip_fraction        | 0.151       |
|    clip_range           | 0.2         |
|    entropy_loss         | -6.89       |
|    explained_variance   | 0.905       |
|    learning_rate        | 0.0003      |
|    loss                 | 0.669       |
|    n_updates            | 1480        |
|    policy_gradient_loss | -0.0106     |
|    std                  | 0.66        |
|    value_loss           | 6.85        |
-----------------------------------------
---------------------------------
| rollout/           |          |
|    ep_len_mean     | 90.5     |
|    ep_rew_mean     | -25.5    |
|    success_rate    | 0.86     |
| time/              |          |
|    fps             | 601      |
|    iterations      | 149      |
|    time_elapsed    | 507      |
|    total_timesteps | 305152   |
---------------------------------
-----------------------------------------
| rollout/                |             |
|    ep_len_mean          | 91.9        |
|    ep_rew_mean          | -25.9       |
|    success_rate         | 0.86        |
| time/                   |             |
|    fps                  | 602         |
|    iterations           | 150         |
|    time_elapsed         | 509         |
|    total_timesteps      | 307200      |
| train/                  |             |
|    approx_kl            | 0.023090556 |
|    clip_fraction        | 0.253       |
|    clip_range           | 0.2         |
|    entropy_loss         | -6.88       |
|    explained_variance   | 0.947       |
|    learning_rate        | 0.0003      |
|    loss                 | 0.239       |
|    n_updates            | 1490        |
|    policy_gradient_loss | -0.0148     |
|    std                  | 0.658       |
|    value_loss           | 1.55        |
-----------------------------------------
-----------------------------------------
| rollout/                |             |
|    ep_len_mean          | 86.3        |
|    ep_rew_mean          | -24.2       |
|    success_rate         | 0.9         |
| time/                   |             |
|    fps                  | 603         |
|    iterations           | 151         |
|    time_elapsed         | 512         |
|    total_timesteps      | 309248      |
| train/                  |             |
|    approx_kl            | 0.022322616 |
|    clip_fraction        | 0.26        |
|    clip_range           | 0.2         |
|    entropy_loss         | -6.86       |
|    explained_variance   | 0.954       |
|    learning_rate        | 0.0003      |
|    loss                 | 0.444       |
|    n_updates            | 1500        |
|    policy_gradient_loss | -0.0143     |
|    std                  | 0.656       |
|    value_loss           | 0.874       |
-----------------------------------------
Eval num_timesteps=310000, episode_reward=-35.65 +/- 21.01
Episode length: 121.37 +/- 64.81
Success rate: 60.00%
-----------------------------------------
| eval/                   |             |
|    mean_ep_length       | 121         |
|    mean_reward          | -35.7       |
|    success_rate         | 0.6         |
| time/                   |             |
|    total_timesteps      | 310000      |
| train/                  |             |
|    approx_kl            | 0.021509103 |
|    clip_fraction        | 0.23        |
|    clip_range           | 0.2         |
|    entropy_loss         | -6.86       |
|    explained_variance   | 0.967       |
|    learning_rate        | 0.0003      |
|    loss                 | 0.0381      |
|    n_updates            | 1510        |
|    policy_gradient_loss | -0.0152     |
|    std                  | 0.657       |
|    value_loss           | 0.63        |
-----------------------------------------
New best mean reward!
---------------------------------
| rollout/           |          |
|    ep_len_mean     | 84.5     |
|    ep_rew_mean     | -23.6    |
|    success_rate    | 0.93     |
| time/              |          |
|    fps             | 602      |
|    iterations      | 152      |
|    time_elapsed    | 516      |
|    total_timesteps | 311296   |
---------------------------------
-----------------------------------------
| rollout/                |             |
|    ep_len_mean          | 81.6        |
|    ep_rew_mean          | -22.6       |
|    success_rate         | 0.95        |
| time/                   |             |
|    fps                  | 603         |
|    iterations           | 153         |
|    time_elapsed         | 519         |
|    total_timesteps      | 313344      |
| train/                  |             |
|    approx_kl            | 0.024273425 |
|    clip_fraction        | 0.261       |
|    clip_range           | 0.2         |
|    entropy_loss         | -6.82       |
|    explained_variance   | 0.995       |
|    learning_rate        | 0.0003      |
|    loss                 | 0.0794      |
|    n_updates            | 1520        |
|    policy_gradient_loss | -0.0179     |
|    std                  | 0.651       |
|    value_loss           | 0.182       |
-----------------------------------------
Eval num_timesteps=315000, episode_reward=-53.26 +/- 25.89
Episode length: 156.63 +/- 61.71
Success rate: 33.33%
-----------------------------------------
| eval/                   |             |
|    mean_ep_length       | 157         |
|    mean_reward          | -53.3       |
|    success_rate         | 0.333       |
| time/                   |             |
|    total_timesteps      | 315000      |
| train/                  |             |
|    approx_kl            | 0.018590724 |
|    clip_fraction        | 0.247       |
|    clip_range           | 0.2         |
|    entropy_loss         | -6.81       |
|    explained_variance   | 0.991       |
|    learning_rate        | 0.0003      |
|    loss                 | 0.055       |
|    n_updates            | 1530        |
|    policy_gradient_loss | -0.0155     |
|    std                  | 0.653       |
|    value_loss           | 0.17        |
-----------------------------------------
---------------------------------
| rollout/           |          |
|    ep_len_mean     | 81.9     |
|    ep_rew_mean     | -23.2    |
|    success_rate    | 0.94     |
| time/              |          |
|    fps             | 601      |
|    iterations      | 154      |
|    time_elapsed    | 524      |
|    total_timesteps | 315392   |
---------------------------------
-----------------------------------------
| rollout/                |             |
|    ep_len_mean          | 83.1        |
|    ep_rew_mean          | -23.6       |
|    success_rate         | 0.93        |
| time/                   |             |
|    fps                  | 603         |
|    iterations           | 155         |
|    time_elapsed         | 526         |
|    total_timesteps      | 317440      |
| train/                  |             |
|    approx_kl            | 0.016851936 |
|    clip_fraction        | 0.179       |
|    clip_range           | 0.2         |
|    entropy_loss         | -6.81       |
|    explained_variance   | 0.935       |
|    learning_rate        | 0.0003      |
|    loss                 | 0.359       |
|    n_updates            | 1540        |
|    policy_gradient_loss | -0.0117     |
|    std                  | 0.652       |
|    value_loss           | 1.22        |
-----------------------------------------
-----------------------------------------
| rollout/                |             |
|    ep_len_mean          | 80.9        |
|    ep_rew_mean          | -22.7       |
|    success_rate         | 0.94        |
| time/                   |             |
|    fps                  | 604         |
|    iterations           | 156         |
|    time_elapsed         | 528         |
|    total_timesteps      | 319488      |
| train/                  |             |
|    approx_kl            | 0.014623959 |
|    clip_fraction        | 0.165       |
|    clip_range           | 0.2         |
|    entropy_loss         | -6.79       |
|    explained_variance   | 0.948       |
|    learning_rate        | 0.0003      |
|    loss                 | 0.453       |
|    n_updates            | 1550        |
|    policy_gradient_loss | -0.0122     |
|    std                  | 0.65        |
|    value_loss           | 1.52        |
-----------------------------------------
Eval num_timesteps=320000, episode_reward=-35.08 +/- 21.46
Episode length: 115.83 +/- 64.58
Success rate: 63.33%
----------------------------------------
| eval/                   |            |
|    mean_ep_length       | 116        |
|    mean_reward          | -35.1      |
|    success_rate         | 0.633      |
| time/                   |            |
|    total_timesteps      | 320000     |
| train/                  |            |
|    approx_kl            | 0.01860787 |
|    clip_fraction        | 0.241      |
|    clip_range           | 0.2        |
|    entropy_loss         | -6.76      |
|    explained_variance   | 0.991      |
|    learning_rate        | 0.0003     |
|    loss                 | 0.033      |
|    n_updates            | 1560       |
|    policy_gradient_loss | -0.0151    |
|    std                  | 0.646      |
|    value_loss           | 0.173      |
----------------------------------------
New best mean reward!
---------------------------------
| rollout/           |          |
|    ep_len_mean     | 82.5     |
|    ep_rew_mean     | -23      |
|    success_rate    | 0.93     |
| time/              |          |
|    fps             | 602      |
|    iterations      | 157      |
|    time_elapsed    | 533      |
|    total_timesteps | 321536   |
---------------------------------
-----------------------------------------
| rollout/                |             |
|    ep_len_mean          | 78.8        |
|    ep_rew_mean          | -21.2       |
|    success_rate         | 0.96        |
| time/                   |             |
|    fps                  | 603         |
|    iterations           | 158         |
|    time_elapsed         | 536         |
|    total_timesteps      | 323584      |
| train/                  |             |
|    approx_kl            | 0.020284485 |
|    clip_fraction        | 0.217       |
|    clip_range           | 0.2         |
|    entropy_loss         | -6.74       |
|    explained_variance   | 0.959       |
|    learning_rate        | 0.0003      |
|    loss                 | 0.224       |
|    n_updates            | 1570        |
|    policy_gradient_loss | -0.0117     |
|    std                  | 0.645       |
|    value_loss           | 0.782       |
-----------------------------------------
Eval num_timesteps=325000, episode_reward=-43.03 +/- 22.37
Episode length: 139.10 +/- 63.54
Success rate: 50.00%
-----------------------------------------
| eval/                   |             |
|    mean_ep_length       | 139         |
|    mean_reward          | -43         |
|    success_rate         | 0.5         |
| time/                   |             |
|    total_timesteps      | 325000      |
| train/                  |             |
|    approx_kl            | 0.021308113 |
|    clip_fraction        | 0.259       |
|    clip_range           | 0.2         |
|    entropy_loss         | -6.69       |
|    explained_variance   | 0.996       |
|    learning_rate        | 0.0003      |
|    loss                 | 0.00375     |
|    n_updates            | 1580        |
|    policy_gradient_loss | -0.0177     |
|    std                  | 0.64        |
|    value_loss           | 0.127       |
-----------------------------------------
---------------------------------
| rollout/           |          |
|    ep_len_mean     | 80.3     |
|    ep_rew_mean     | -21.5    |
|    success_rate    | 0.96     |
| time/              |          |
|    fps             | 601      |
|    iterations      | 159      |
|    time_elapsed    | 540      |
|    total_timesteps | 325632   |
---------------------------------
-----------------------------------------
| rollout/                |             |
|    ep_len_mean          | 79.8        |
|    ep_rew_mean          | -21.4       |
|    success_rate         | 0.96        |
| time/                   |             |
|    fps                  | 602         |
|    iterations           | 160         |
|    time_elapsed         | 543         |
|    total_timesteps      | 327680      |
| train/                  |             |
|    approx_kl            | 0.023228062 |
|    clip_fraction        | 0.222       |
|    clip_range           | 0.2         |
|    entropy_loss         | -6.68       |
|    explained_variance   | 0.978       |
|    learning_rate        | 0.0003      |
|    loss                 | 0.14        |
|    n_updates            | 1590        |
|    policy_gradient_loss | -0.0178     |
|    std                  | 0.64        |
|    value_loss           | 0.47        |
-----------------------------------------
-----------------------------------------
| rollout/                |             |
|    ep_len_mean          | 78.7        |
|    ep_rew_mean          | -21.5       |
|    success_rate         | 0.96        |
| time/                   |             |
|    fps                  | 604         |
|    iterations           | 161         |
|    time_elapsed         | 545         |
|    total_timesteps      | 329728      |
| train/                  |             |
|    approx_kl            | 0.015906781 |
|    clip_fraction        | 0.231       |
|    clip_range           | 0.2         |
|    entropy_loss         | -6.67       |
|    explained_variance   | 0.997       |
|    learning_rate        | 0.0003      |
|    loss                 | 0.0438      |
|    n_updates            | 1600        |
|    policy_gradient_loss | -0.0119     |
|    std                  | 0.637       |
|    value_loss           | 0.0982      |
-----------------------------------------
Eval num_timesteps=330000, episode_reward=-43.47 +/- 24.70
Episode length: 139.80 +/- 64.93
Success rate: 46.67%
--------------------------------------
| eval/                   |          |
|    mean_ep_length       | 140      |
|    mean_reward          | -43.5    |
|    success_rate         | 0.467    |
| time/                   |          |
|    total_timesteps      | 330000   |
| train/                  |          |
|    approx_kl            | 0.016665 |
|    clip_fraction        | 0.175    |
|    clip_range           | 0.2      |
|    entropy_loss         | -6.66    |
|    explained_variance   | 0.938    |
|    learning_rate        | 0.0003   |
|    loss                 | 0.0818   |
|    n_updates            | 1610     |
|    policy_gradient_loss | -0.0108  |
|    std                  | 0.64     |
|    value_loss           | 0.664    |
--------------------------------------
---------------------------------
| rollout/           |          |
|    ep_len_mean     | 79.5     |
|    ep_rew_mean     | -22      |
|    success_rate    | 0.95     |
| time/              |          |
|    fps             | 602      |
|    iterations      | 162      |
|    time_elapsed    | 550      |
|    total_timesteps | 331776   |
---------------------------------
-----------------------------------------
| rollout/                |             |
|    ep_len_mean          | 77.2        |
|    ep_rew_mean          | -21.2       |
|    success_rate         | 0.96        |
| time/                   |             |
|    fps                  | 603         |
|    iterations           | 163         |
|    time_elapsed         | 553         |
|    total_timesteps      | 333824      |
| train/                  |             |
|    approx_kl            | 0.018844597 |
|    clip_fraction        | 0.17        |
|    clip_range           | 0.2         |
|    entropy_loss         | -6.68       |
|    explained_variance   | 0.955       |
|    learning_rate        | 0.0003      |
|    loss                 | 1.46        |
|    n_updates            | 1620        |
|    policy_gradient_loss | -0.012      |
|    std                  | 0.641       |
|    value_loss           | 1.76        |
-----------------------------------------
Eval num_timesteps=335000, episode_reward=-41.18 +/- 23.26
Episode length: 141.40 +/- 63.30
Success rate: 46.67%
-----------------------------------------
| eval/                   |             |
|    mean_ep_length       | 141         |
|    mean_reward          | -41.2       |
|    success_rate         | 0.467       |
| time/                   |             |
|    total_timesteps      | 335000      |
| train/                  |             |
|    approx_kl            | 0.024994347 |
|    clip_fraction        | 0.269       |
|    clip_range           | 0.2         |
|    entropy_loss         | -6.66       |
|    explained_variance   | 0.99        |
|    learning_rate        | 0.0003      |
|    loss                 | -3.33e-05   |
|    n_updates            | 1630        |
|    policy_gradient_loss | -0.0133     |
|    std                  | 0.637       |
|    value_loss           | 0.156       |
-----------------------------------------
---------------------------------
| rollout/           |          |
|    ep_len_mean     | 78.5     |
|    ep_rew_mean     | -22.1    |
|    success_rate    | 0.95     |
| time/              |          |
|    fps             | 601      |
|    iterations      | 164      |
|    time_elapsed    | 558      |
|    total_timesteps | 335872   |
---------------------------------
-----------------------------------------
| rollout/                |             |
|    ep_len_mean          | 75.4        |
|    ep_rew_mean          | -20.5       |
|    success_rate         | 0.98        |
| time/                   |             |
|    fps                  | 602         |
|    iterations           | 165         |
|    time_elapsed         | 560         |
|    total_timesteps      | 337920      |
| train/                  |             |
|    approx_kl            | 0.014940687 |
|    clip_fraction        | 0.197       |
|    clip_range           | 0.2         |
|    entropy_loss         | -6.66       |
|    explained_variance   | 0.967       |
|    learning_rate        | 0.0003      |
|    loss                 | 0.0945      |
|    n_updates            | 1640        |
|    policy_gradient_loss | -0.0171     |
|    std                  | 0.639       |
|    value_loss           | 0.833       |
-----------------------------------------
-----------------------------------------
| rollout/                |             |
|    ep_len_mean          | 79.3        |
|    ep_rew_mean          | -22         |
|    success_rate         | 0.95        |
| time/                   |             |
|    fps                  | 603         |
|    iterations           | 166         |
|    time_elapsed         | 563         |
|    total_timesteps      | 339968      |
| train/                  |             |
|    approx_kl            | 0.017608538 |
|    clip_fraction        | 0.209       |
|    clip_range           | 0.2         |
|    entropy_loss         | -6.62       |
|    explained_variance   | 0.993       |
|    learning_rate        | 0.0003      |
|    loss                 | 0.0351      |
|    n_updates            | 1650        |
|    policy_gradient_loss | -0.0114     |
|    std                  | 0.631       |
|    value_loss           | 0.132       |
-----------------------------------------
Eval num_timesteps=340000, episode_reward=-61.06 +/- 28.73
Episode length: 169.93 +/- 54.60
Success rate: 23.33%
-----------------------------------------
| eval/                   |             |
|    mean_ep_length       | 170         |
|    mean_reward          | -61.1       |
|    success_rate         | 0.233       |
| time/                   |             |
|    total_timesteps      | 340000      |
| train/                  |             |
|    approx_kl            | 0.019149229 |
|    clip_fraction        | 0.202       |
|    clip_range           | 0.2         |
|    entropy_loss         | -6.58       |
|    explained_variance   | 0.94        |
|    learning_rate        | 0.0003      |
|    loss                 | 0.0566      |
|    n_updates            | 1660        |
|    policy_gradient_loss | -0.0174     |
|    std                  | 0.632       |
|    value_loss           | 0.837       |
-----------------------------------------
---------------------------------
| rollout/           |          |
|    ep_len_mean     | 83       |
|    ep_rew_mean     | -24.2    |
|    success_rate    | 0.92     |
| time/              |          |
|    fps             | 601      |
|    iterations      | 167      |
|    time_elapsed    | 568      |
|    total_timesteps | 342016   |
---------------------------------
----------------------------------------
| rollout/                |            |
|    ep_len_mean          | 85.9       |
|    ep_rew_mean          | -25.3      |
|    success_rate         | 0.9        |
| time/                   |            |
|    fps                  | 603        |
|    iterations           | 168        |
|    time_elapsed         | 570        |
|    total_timesteps      | 344064     |
| train/                  |            |
|    approx_kl            | 0.01680161 |
|    clip_fraction        | 0.185      |
|    clip_range           | 0.2        |
|    entropy_loss         | -6.57      |
|    explained_variance   | 0.951      |
|    learning_rate        | 0.0003     |
|    loss                 | 0.188      |
|    n_updates            | 1670       |
|    policy_gradient_loss | -0.0132    |
|    std                  | 0.63       |
|    value_loss           | 1.17       |
----------------------------------------
Eval num_timesteps=345000, episode_reward=-52.70 +/- 22.73
Episode length: 167.27 +/- 55.06
Success rate: 26.67%
-----------------------------------------
| eval/                   |             |
|    mean_ep_length       | 167         |
|    mean_reward          | -52.7       |
|    success_rate         | 0.267       |
| time/                   |             |
|    total_timesteps      | 345000      |
| train/                  |             |
|    approx_kl            | 0.018543566 |
|    clip_fraction        | 0.179       |
|    clip_range           | 0.2         |
|    entropy_loss         | -6.55       |
|    explained_variance   | 0.958       |
|    learning_rate        | 0.0003      |
|    loss                 | 0.47        |
|    n_updates            | 1680        |
|    policy_gradient_loss | -0.013      |
|    std                  | 0.627       |
|    value_loss           | 1.65        |
-----------------------------------------
---------------------------------
| rollout/           |          |
|    ep_len_mean     | 87.9     |
|    ep_rew_mean     | -26.8    |
|    success_rate    | 0.88     |
| time/              |          |
|    fps             | 600      |
|    iterations      | 169      |
|    time_elapsed    | 575      |
|    total_timesteps | 346112   |
---------------------------------
-----------------------------------------
| rollout/                |             |
|    ep_len_mean          | 85.5        |
|    ep_rew_mean          | -26.1       |
|    success_rate         | 0.9         |
| time/                   |             |
|    fps                  | 602         |
|    iterations           | 170         |
|    time_elapsed         | 578         |
|    total_timesteps      | 348160      |
| train/                  |             |
|    approx_kl            | 0.019012894 |
|    clip_fraction        | 0.223       |
|    clip_range           | 0.2         |
|    entropy_loss         | -6.53       |
|    explained_variance   | 0.963       |
|    learning_rate        | 0.0003      |
|    loss                 | 0.0959      |
|    n_updates            | 1690        |
|    policy_gradient_loss | -0.0138     |
|    std                  | 0.627       |
|    value_loss           | 0.978       |
-----------------------------------------
Eval num_timesteps=350000, episode_reward=-50.46 +/- 20.28
Episode length: 162.53 +/- 57.84
Success rate: 30.00%
-----------------------------------------
| eval/                   |             |
|    mean_ep_length       | 163         |
|    mean_reward          | -50.5       |
|    success_rate         | 0.3         |
| time/                   |             |
|    total_timesteps      | 350000      |
| train/                  |             |
|    approx_kl            | 0.021825725 |
|    clip_fraction        | 0.226       |
|    clip_range           | 0.2         |
|    entropy_loss         | -6.53       |
|    explained_variance   | 0.974       |
|    learning_rate        | 0.0003      |
|    loss                 | 0.064       |
|    n_updates            | 1700        |
|    policy_gradient_loss | -0.0115     |
|    std                  | 0.627       |
|    value_loss           | 0.419       |
-----------------------------------------
---------------------------------
| rollout/           |          |
|    ep_len_mean     | 84.5     |
|    ep_rew_mean     | -24.8    |
|    success_rate    | 0.91     |
| time/              |          |
|    fps             | 600      |
|    iterations      | 171      |
|    time_elapsed    | 583      |
|    total_timesteps | 350208   |
---------------------------------
----------------------------------------
| rollout/                |            |
|    ep_len_mean          | 79         |
|    ep_rew_mean          | -22.6      |
|    success_rate         | 0.95       |
| time/                   |            |
|    fps                  | 601        |
|    iterations           | 172        |
|    time_elapsed         | 585        |
|    total_timesteps      | 352256     |
| train/                  |            |
|    approx_kl            | 0.01985123 |
|    clip_fraction        | 0.202      |
|    clip_range           | 0.2        |
|    entropy_loss         | -6.55      |
|    explained_variance   | 0.947      |
|    learning_rate        | 0.0003     |
|    loss                 | 0.267      |
|    n_updates            | 1710       |
|    policy_gradient_loss | -0.0114    |
|    std                  | 0.633      |
|    value_loss           | 1.26       |
----------------------------------------
-----------------------------------------
| rollout/                |             |
|    ep_len_mean          | 78.6        |
|    ep_rew_mean          | -22         |
|    success_rate         | 0.95        |
| time/                   |             |
|    fps                  | 602         |
|    iterations           | 173         |
|    time_elapsed         | 588         |
|    total_timesteps      | 354304      |
| train/                  |             |
|    approx_kl            | 0.024773218 |
|    clip_fraction        | 0.179       |
|    clip_range           | 0.2         |
|    entropy_loss         | -6.57       |
|    explained_variance   | 0.952       |
|    learning_rate        | 0.0003      |
|    loss                 | 0.0608      |
|    n_updates            | 1720        |
|    policy_gradient_loss | -0.0189     |
|    std                  | 0.63        |
|    value_loss           | 1.99        |
-----------------------------------------
Eval num_timesteps=355000, episode_reward=-46.38 +/- 29.50
Episode length: 143.57 +/- 65.02
Success rate: 43.33%
-----------------------------------------
| eval/                   |             |
|    mean_ep_length       | 144         |
|    mean_reward          | -46.4       |
|    success_rate         | 0.433       |
| time/                   |             |
|    total_timesteps      | 355000      |
| train/                  |             |
|    approx_kl            | 0.019769488 |
|    clip_fraction        | 0.229       |
|    clip_range           | 0.2         |
|    entropy_loss         | -6.56       |
|    explained_variance   | 0.967       |
|    learning_rate        | 0.0003      |
|    loss                 | 0.321       |
|    n_updates            | 1730        |
|    policy_gradient_loss | -0.0114     |
|    std                  | 0.631       |
|    value_loss           | 0.871       |
-----------------------------------------
---------------------------------
| rollout/           |          |
|    ep_len_mean     | 74.2     |
|    ep_rew_mean     | -20.5    |
|    success_rate    | 0.97     |
| time/              |          |
|    fps             | 600      |
|    iterations      | 174      |
|    time_elapsed    | 593      |
|    total_timesteps | 356352   |
---------------------------------
----------------------------------------
| rollout/                |            |
|    ep_len_mean          | 77.6       |
|    ep_rew_mean          | -20.8      |
|    success_rate         | 0.94       |
| time/                   |            |
|    fps                  | 601        |
|    iterations           | 175        |
|    time_elapsed         | 595        |
|    total_timesteps      | 358400     |
| train/                  |            |
|    approx_kl            | 0.02116865 |
|    clip_fraction        | 0.236      |
|    clip_range           | 0.2        |
|    entropy_loss         | -6.54      |
|    explained_variance   | 0.991      |
|    learning_rate        | 0.0003     |
|    loss                 | 0.0537     |
|    n_updates            | 1740       |
|    policy_gradient_loss | -0.0138    |
|    std                  | 0.628      |
|    value_loss           | 0.16       |
----------------------------------------
Eval num_timesteps=360000, episode_reward=-42.27 +/- 23.90
Episode length: 141.70 +/- 67.93
Success rate: 43.33%
-----------------------------------------
| eval/                   |             |
|    mean_ep_length       | 142         |
|    mean_reward          | -42.3       |
|    success_rate         | 0.433       |
| time/                   |             |
|    total_timesteps      | 360000      |
| train/                  |             |
|    approx_kl            | 0.022287523 |
|    clip_fraction        | 0.229       |
|    clip_range           | 0.2         |
|    entropy_loss         | -6.53       |
|    explained_variance   | 0.943       |
|    learning_rate        | 0.0003      |
|    loss                 | 0.0678      |
|    n_updates            | 1750        |
|    policy_gradient_loss | -0.0136     |
|    std                  | 0.63        |
|    value_loss           | 0.526       |
-----------------------------------------
---------------------------------
| rollout/           |          |
|    ep_len_mean     | 78.2     |
|    ep_rew_mean     | -20.6    |
|    success_rate    | 0.94     |
| time/              |          |
|    fps             | 600      |
|    iterations      | 176      |
|    time_elapsed    | 600      |
|    total_timesteps | 360448   |
---------------------------------
-----------------------------------------
| rollout/                |             |
|    ep_len_mean          | 80.2        |
|    ep_rew_mean          | -20.8       |
|    success_rate         | 0.92        |
| time/                   |             |
|    fps                  | 601         |
|    iterations           | 177         |
|    time_elapsed         | 603         |
|    total_timesteps      | 362496      |
| train/                  |             |
|    approx_kl            | 0.019811362 |
|    clip_fraction        | 0.213       |
|    clip_range           | 0.2         |
|    entropy_loss         | -6.56       |
|    explained_variance   | 0.971       |
|    learning_rate        | 0.0003      |
|    loss                 | 0.216       |
|    n_updates            | 1760        |
|    policy_gradient_loss | -0.0135     |
|    std                  | 0.633       |
|    value_loss           | 0.796       |
-----------------------------------------
-----------------------------------------
| rollout/                |             |
|    ep_len_mean          | 82.7        |
|    ep_rew_mean          | -21.8       |
|    success_rate         | 0.91        |
| time/                   |             |
|    fps                  | 602         |
|    iterations           | 178         |
|    time_elapsed         | 605         |
|    total_timesteps      | 364544      |
| train/                  |             |
|    approx_kl            | 0.017123856 |
|    clip_fraction        | 0.202       |
|    clip_range           | 0.2         |
|    entropy_loss         | -6.58       |
|    explained_variance   | 0.953       |
|    learning_rate        | 0.0003      |
|    loss                 | 0.138       |
|    n_updates            | 1770        |
|    policy_gradient_loss | -0.0142     |
|    std                  | 0.635       |
|    value_loss           | 1.08        |
-----------------------------------------
Eval num_timesteps=365000, episode_reward=-42.99 +/- 28.80
Episode length: 131.43 +/- 65.28
Success rate: 53.33%
-----------------------------------------
| eval/                   |             |
|    mean_ep_length       | 131         |
|    mean_reward          | -43         |
|    success_rate         | 0.533       |
| time/                   |             |
|    total_timesteps      | 365000      |
| train/                  |             |
|    approx_kl            | 0.018728279 |
|    clip_fraction        | 0.222       |
|    clip_range           | 0.2         |
|    entropy_loss         | -6.6        |
|    explained_variance   | 0.972       |
|    learning_rate        | 0.0003      |
|    loss                 | 0.0634      |
|    n_updates            | 1780        |
|    policy_gradient_loss | -0.0132     |
|    std                  | 0.635       |
|    value_loss           | 0.551       |
-----------------------------------------
---------------------------------
| rollout/           |          |
|    ep_len_mean     | 79.7     |
|    ep_rew_mean     | -21.3    |
|    success_rate    | 0.93     |
| time/              |          |
|    fps             | 600      |
|    iterations      | 179      |
|    time_elapsed    | 610      |
|    total_timesteps | 366592   |
---------------------------------
----------------------------------------
| rollout/                |            |
|    ep_len_mean          | 77.2       |
|    ep_rew_mean          | -20.1      |
|    success_rate         | 0.95       |
| time/                   |            |
|    fps                  | 601        |
|    iterations           | 180        |
|    time_elapsed         | 612        |
|    total_timesteps      | 368640     |
| train/                  |            |
|    approx_kl            | 0.03074918 |
|    clip_fraction        | 0.251      |
|    clip_range           | 0.2        |
|    entropy_loss         | -6.61      |
|    explained_variance   | 0.981      |
|    learning_rate        | 0.0003     |
|    loss                 | 0.0762     |
|    n_updates            | 1790       |
|    policy_gradient_loss | -0.0135    |
|    std                  | 0.635      |
|    value_loss           | 0.244      |
----------------------------------------
Eval num_timesteps=370000, episode_reward=-47.89 +/- 33.16
Episode length: 135.83 +/- 64.69
Success rate: 50.00%
----------------------------------------
| eval/                   |            |
|    mean_ep_length       | 136        |
|    mean_reward          | -47.9      |
|    success_rate         | 0.5        |
| time/                   |            |
|    total_timesteps      | 370000     |
| train/                  |            |
|    approx_kl            | 0.01928037 |
|    clip_fraction        | 0.235      |
|    clip_range           | 0.2        |
|    entropy_loss         | -6.6       |
|    explained_variance   | 0.978      |
|    learning_rate        | 0.0003     |
|    loss                 | 0.0447     |
|    n_updates            | 1800       |
|    policy_gradient_loss | -0.0146    |
|    std                  | 0.635      |
|    value_loss           | 0.668      |
----------------------------------------
---------------------------------
| rollout/           |          |
|    ep_len_mean     | 77.6     |
|    ep_rew_mean     | -20.4    |
|    success_rate    | 0.95     |
| time/              |          |
|    fps             | 600      |
|    iterations      | 181      |
|    time_elapsed    | 617      |
|    total_timesteps | 370688   |
---------------------------------
-----------------------------------------
| rollout/                |             |
|    ep_len_mean          | 77.5        |
|    ep_rew_mean          | -20.2       |
|    success_rate         | 0.95        |
| time/                   |             |
|    fps                  | 601         |
|    iterations           | 182         |
|    time_elapsed         | 619         |
|    total_timesteps      | 372736      |
| train/                  |             |
|    approx_kl            | 0.019613314 |
|    clip_fraction        | 0.235       |
|    clip_range           | 0.2         |
|    entropy_loss         | -6.61       |
|    explained_variance   | 0.989       |
|    learning_rate        | 0.0003      |
|    loss                 | 0.00184     |
|    n_updates            | 1810        |
|    policy_gradient_loss | -0.0159     |
|    std                  | 0.636       |
|    value_loss           | 0.17        |
-----------------------------------------
-----------------------------------------
| rollout/                |             |
|    ep_len_mean          | 78.7        |
|    ep_rew_mean          | -21         |
|    success_rate         | 0.95        |
| time/                   |             |
|    fps                  | 602         |
|    iterations           | 183         |
|    time_elapsed         | 622         |
|    total_timesteps      | 374784      |
| train/                  |             |
|    approx_kl            | 0.020264719 |
|    clip_fraction        | 0.216       |
|    clip_range           | 0.2         |
|    entropy_loss         | -6.63       |
|    explained_variance   | 0.955       |
|    learning_rate        | 0.0003      |
|    loss                 | 0.0817      |
|    n_updates            | 1820        |
|    policy_gradient_loss | -0.0124     |
|    std                  | 0.638       |
|    value_loss           | 0.601       |
-----------------------------------------
Eval num_timesteps=375000, episode_reward=-48.56 +/- 22.51
Episode length: 150.37 +/- 61.03
Success rate: 40.00%
----------------------------------------
| eval/                   |            |
|    mean_ep_length       | 150        |
|    mean_reward          | -48.6      |
|    success_rate         | 0.4        |
| time/                   |            |
|    total_timesteps      | 375000     |
| train/                  |            |
|    approx_kl            | 0.01988838 |
|    clip_fraction        | 0.215      |
|    clip_range           | 0.2        |
|    entropy_loss         | -6.63      |
|    explained_variance   | 0.962      |
|    learning_rate        | 0.0003     |
|    loss                 | 0.313      |
|    n_updates            | 1830       |
|    policy_gradient_loss | -0.014     |
|    std                  | 0.635      |
|    value_loss           | 1.34       |
----------------------------------------
---------------------------------
| rollout/           |          |
|    ep_len_mean     | 77.4     |
|    ep_rew_mean     | -20.5    |
|    success_rate    | 0.95     |
| time/              |          |
|    fps             | 600      |
|    iterations      | 184      |
|    time_elapsed    | 627      |
|    total_timesteps | 376832   |
---------------------------------
-----------------------------------------
| rollout/                |             |
|    ep_len_mean          | 77.1        |
|    ep_rew_mean          | -20.5       |
|    success_rate         | 0.95        |
| time/                   |             |
|    fps                  | 601         |
|    iterations           | 185         |
|    time_elapsed         | 629         |
|    total_timesteps      | 378880      |
| train/                  |             |
|    approx_kl            | 0.019678198 |
|    clip_fraction        | 0.233       |
|    clip_range           | 0.2         |
|    entropy_loss         | -6.61       |
|    explained_variance   | 0.966       |
|    learning_rate        | 0.0003      |
|    loss                 | 0.0344      |
|    n_updates            | 1840        |
|    policy_gradient_loss | -0.0143     |
|    std                  | 0.634       |
|    value_loss           | 0.591       |
-----------------------------------------
Eval num_timesteps=380000, episode_reward=-34.78 +/- 23.61
Episode length: 121.20 +/- 65.29
Success rate: 60.00%
----------------------------------------
| eval/                   |            |
|    mean_ep_length       | 121        |
|    mean_reward          | -34.8      |
|    success_rate         | 0.6        |
| time/                   |            |
|    total_timesteps      | 380000     |
| train/                  |            |
|    approx_kl            | 0.02463916 |
|    clip_fraction        | 0.192      |
|    clip_range           | 0.2        |
|    entropy_loss         | -6.59      |
|    explained_variance   | 0.951      |
|    learning_rate        | 0.0003     |
|    loss                 | 0.143      |
|    n_updates            | 1850       |
|    policy_gradient_loss | -0.0139    |
|    std                  | 0.633      |
|    value_loss           | 0.761      |
----------------------------------------
New best mean reward!
---------------------------------
| rollout/           |          |
|    ep_len_mean     | 76.7     |
|    ep_rew_mean     | -21.1    |
|    success_rate    | 0.96     |
| time/              |          |
|    fps             | 600      |
|    iterations      | 186      |
|    time_elapsed    | 634      |
|    total_timesteps | 380928   |
---------------------------------
-----------------------------------------
| rollout/                |             |
|    ep_len_mean          | 78.1        |
|    ep_rew_mean          | -22         |
|    success_rate         | 0.96        |
| time/                   |             |
|    fps                  | 601         |
|    iterations           | 187         |
|    time_elapsed         | 636         |
|    total_timesteps      | 382976      |
| train/                  |             |
|    approx_kl            | 0.021018969 |
|    clip_fraction        | 0.228       |
|    clip_range           | 0.2         |
|    entropy_loss         | -6.57       |
|    explained_variance   | 0.96        |
|    learning_rate        | 0.0003      |
|    loss                 | 0.0194      |
|    n_updates            | 1860        |
|    policy_gradient_loss | -0.0122     |
|    std                  | 0.631       |
|    value_loss           | 0.583       |
-----------------------------------------
Eval num_timesteps=385000, episode_reward=-30.01 +/- 21.89
Episode length: 102.67 +/- 59.79
Success rate: 73.33%
-----------------------------------------
| eval/                   |             |
|    mean_ep_length       | 103         |
|    mean_reward          | -30         |
|    success_rate         | 0.733       |
| time/                   |             |
|    total_timesteps      | 385000      |
| train/                  |             |
|    approx_kl            | 0.018201882 |
|    clip_fraction        | 0.238       |
|    clip_range           | 0.2         |
|    entropy_loss         | -6.57       |
|    explained_variance   | 0.972       |
|    learning_rate        | 0.0003      |
|    loss                 | 1.75        |
|    n_updates            | 1870        |
|    policy_gradient_loss | -0.0117     |
|    std                  | 0.632       |
|    value_loss           | 0.804       |
-----------------------------------------
New best mean reward!
---------------------------------
| rollout/           |          |
|    ep_len_mean     | 79.1     |
|    ep_rew_mean     | -22.2    |
|    success_rate    | 0.96     |
| time/              |          |
|    fps             | 601      |
|    iterations      | 188      |
|    time_elapsed    | 640      |
|    total_timesteps | 385024   |
---------------------------------
-----------------------------------------
| rollout/                |             |
|    ep_len_mean          | 77.7        |
|    ep_rew_mean          | -21.7       |
|    success_rate         | 0.97        |
| time/                   |             |
|    fps                  | 602         |
|    iterations           | 189         |
|    time_elapsed         | 642         |
|    total_timesteps      | 387072      |
| train/                  |             |
|    approx_kl            | 0.018766874 |
|    clip_fraction        | 0.226       |
|    clip_range           | 0.2         |
|    entropy_loss         | -6.57       |
|    explained_variance   | 0.976       |
|    learning_rate        | 0.0003      |
|    loss                 | 0.132       |
|    n_updates            | 1880        |
|    policy_gradient_loss | -0.00923    |
|    std                  | 0.631       |
|    value_loss           | 0.553       |
-----------------------------------------
----------------------------------------
| rollout/                |            |
|    ep_len_mean          | 78.1       |
|    ep_rew_mean          | -21.6      |
|    success_rate         | 0.97       |
| time/                   |            |
|    fps                  | 603        |
|    iterations           | 190        |
|    time_elapsed         | 645        |
|    total_timesteps      | 389120     |
| train/                  |            |
|    approx_kl            | 0.01854943 |
|    clip_fraction        | 0.249      |
|    clip_range           | 0.2        |
|    entropy_loss         | -6.59      |
|    explained_variance   | 0.978      |
|    learning_rate        | 0.0003     |
|    loss                 | 0.0385     |
|    n_updates            | 1890       |
|    policy_gradient_loss | -0.0116    |
|    std                  | 0.635      |
|    value_loss           | 0.898      |
----------------------------------------
Eval num_timesteps=390000, episode_reward=-37.10 +/- 27.62
Episode length: 113.40 +/- 62.21
Success rate: 66.67%
-----------------------------------------
| eval/                   |             |
|    mean_ep_length       | 113         |
|    mean_reward          | -37.1       |
|    success_rate         | 0.667       |
| time/                   |             |
|    total_timesteps      | 390000      |
| train/                  |             |
|    approx_kl            | 0.023088884 |
|    clip_fraction        | 0.265       |
|    clip_range           | 0.2         |
|    entropy_loss         | -6.61       |
|    explained_variance   | 0.997       |
|    learning_rate        | 0.0003      |
|    loss                 | 0.0118      |
|    n_updates            | 1900        |
|    policy_gradient_loss | -0.0163     |
|    std                  | 0.635       |
|    value_loss           | 0.071       |
-----------------------------------------
---------------------------------
| rollout/           |          |
|    ep_len_mean     | 77.3     |
|    ep_rew_mean     | -21.4    |
|    success_rate    | 0.96     |
| time/              |          |
|    fps             | 602      |
|    iterations      | 191      |
|    time_elapsed    | 649      |
|    total_timesteps | 391168   |
---------------------------------
-----------------------------------------
| rollout/                |             |
|    ep_len_mean          | 79.3        |
|    ep_rew_mean          | -21.7       |
|    success_rate         | 0.95        |
| time/                   |             |
|    fps                  | 603         |
|    iterations           | 192         |
|    time_elapsed         | 651         |
|    total_timesteps      | 393216      |
| train/                  |             |
|    approx_kl            | 0.016646495 |
|    clip_fraction        | 0.19        |
|    clip_range           | 0.2         |
|    entropy_loss         | -6.61       |
|    explained_variance   | 0.938       |
|    learning_rate        | 0.0003      |
|    loss                 | 0.0344      |
|    n_updates            | 1910        |
|    policy_gradient_loss | -0.0159     |
|    std                  | 0.635       |
|    value_loss           | 1.1         |
-----------------------------------------
Eval num_timesteps=395000, episode_reward=-31.91 +/- 21.82
Episode length: 110.57 +/- 63.53
Success rate: 66.67%
----------------------------------------
| eval/                   |            |
|    mean_ep_length       | 111        |
|    mean_reward          | -31.9      |
|    success_rate         | 0.667      |
| time/                   |            |
|    total_timesteps      | 395000     |
| train/                  |            |
|    approx_kl            | 0.01645514 |
|    clip_fraction        | 0.17       |
|    clip_range           | 0.2        |
|    entropy_loss         | -6.61      |
|    explained_variance   | 0.945      |
|    learning_rate        | 0.0003     |
|    loss                 | 0.232      |
|    n_updates            | 1920       |
|    policy_gradient_loss | -0.0122    |
|    std                  | 0.635      |
|    value_loss           | 1.11       |
----------------------------------------
---------------------------------
| rollout/           |          |
|    ep_len_mean     | 77.5     |
|    ep_rew_mean     | -21.3    |
|    success_rate    | 0.96     |
| time/              |          |
|    fps             | 602      |
|    iterations      | 193      |
|    time_elapsed    | 656      |
|    total_timesteps | 395264   |
---------------------------------
-----------------------------------------
| rollout/                |             |
|    ep_len_mean          | 77.7        |
|    ep_rew_mean          | -21.6       |
|    success_rate         | 0.96        |
| time/                   |             |
|    fps                  | 603         |
|    iterations           | 194         |
|    time_elapsed         | 658         |
|    total_timesteps      | 397312      |
| train/                  |             |
|    approx_kl            | 0.019394446 |
|    clip_fraction        | 0.24        |
|    clip_range           | 0.2         |
|    entropy_loss         | -6.59       |
|    explained_variance   | 0.977       |
|    learning_rate        | 0.0003      |
|    loss                 | 0.0377      |
|    n_updates            | 1930        |
|    policy_gradient_loss | -0.0155     |
|    std                  | 0.632       |
|    value_loss           | 0.211       |
-----------------------------------------
-----------------------------------------
| rollout/                |             |
|    ep_len_mean          | 76.9        |
|    ep_rew_mean          | -21.5       |
|    success_rate         | 0.97        |
| time/                   |             |
|    fps                  | 604         |
|    iterations           | 195         |
|    time_elapsed         | 660         |
|    total_timesteps      | 399360      |
| train/                  |             |
|    approx_kl            | 0.019691307 |
|    clip_fraction        | 0.252       |
|    clip_range           | 0.2         |
|    entropy_loss         | -6.58       |
|    explained_variance   | 0.971       |
|    learning_rate        | 0.0003      |
|    loss                 | 0.038       |
|    n_updates            | 1940        |
|    policy_gradient_loss | -0.0114     |
|    std                  | 0.633       |
|    value_loss           | 0.532       |
-----------------------------------------
Eval num_timesteps=400000, episode_reward=-34.32 +/- 17.34
Episode length: 129.60 +/- 66.21
Success rate: 53.33%
-----------------------------------------
| eval/                   |             |
|    mean_ep_length       | 130         |
|    mean_reward          | -34.3       |
|    success_rate         | 0.533       |
| time/                   |             |
|    total_timesteps      | 400000      |
| train/                  |             |
|    approx_kl            | 0.016980734 |
|    clip_fraction        | 0.191       |
|    clip_range           | 0.2         |
|    entropy_loss         | -6.59       |
|    explained_variance   | 0.967       |
|    learning_rate        | 0.0003      |
|    loss                 | 0.0257      |
|    n_updates            | 1950        |
|    policy_gradient_loss | -0.0151     |
|    std                  | 0.633       |
|    value_loss           | 0.452       |
-----------------------------------------
---------------------------------
| rollout/           |          |
|    ep_len_mean     | 75.7     |
|    ep_rew_mean     | -21.5    |
|    success_rate    | 0.97     |
| time/              |          |
|    fps             | 603      |
|    iterations      | 196      |
|    time_elapsed    | 665      |
|    total_timesteps | 401408   |
---------------------------------
-----------------------------------------
| rollout/                |             |
|    ep_len_mean          | 74.9        |
|    ep_rew_mean          | -21.3       |
|    success_rate         | 0.97        |
| time/                   |             |
|    fps                  | 604         |
|    iterations           | 197         |
|    time_elapsed         | 667         |
|    total_timesteps      | 403456      |
| train/                  |             |
|    approx_kl            | 0.020180095 |
|    clip_fraction        | 0.232       |
|    clip_range           | 0.2         |
|    entropy_loss         | -6.57       |
|    explained_variance   | 0.969       |
|    learning_rate        | 0.0003      |
|    loss                 | 0.176       |
|    n_updates            | 1960        |
|    policy_gradient_loss | -0.015      |
|    std                  | 0.63        |
|    value_loss           | 0.724       |
-----------------------------------------
Eval num_timesteps=405000, episode_reward=-31.22 +/- 21.83
Episode length: 107.33 +/- 65.84
Success rate: 66.67%
-----------------------------------------
| eval/                   |             |
|    mean_ep_length       | 107         |
|    mean_reward          | -31.2       |
|    success_rate         | 0.667       |
| time/                   |             |
|    total_timesteps      | 405000      |
| train/                  |             |
|    approx_kl            | 0.017948976 |
|    clip_fraction        | 0.19        |
|    clip_range           | 0.2         |
|    entropy_loss         | -6.53       |
|    explained_variance   | 0.957       |
|    learning_rate        | 0.0003      |
|    loss                 | 0.103       |
|    n_updates            | 1970        |
|    policy_gradient_loss | -0.0101     |
|    std                  | 0.627       |
|    value_loss           | 1.27        |
-----------------------------------------
---------------------------------
| rollout/           |          |
|    ep_len_mean     | 75.4     |
|    ep_rew_mean     | -21.1    |
|    success_rate    | 0.96     |
| time/              |          |
|    fps             | 603      |
|    iterations      | 198      |
|    time_elapsed    | 671      |
|    total_timesteps | 405504   |
---------------------------------
-----------------------------------------
| rollout/                |             |
|    ep_len_mean          | 73.2        |
|    ep_rew_mean          | -19.7       |
|    success_rate         | 0.97        |
| time/                   |             |
|    fps                  | 604         |
|    iterations           | 199         |
|    time_elapsed         | 674         |
|    total_timesteps      | 407552      |
| train/                  |             |
|    approx_kl            | 0.018246163 |
|    clip_fraction        | 0.236       |
|    clip_range           | 0.2         |
|    entropy_loss         | -6.51       |
|    explained_variance   | 0.971       |
|    learning_rate        | 0.0003      |
|    loss                 | 0.773       |
|    n_updates            | 1980        |
|    policy_gradient_loss | -0.0121     |
|    std                  | 0.627       |
|    value_loss           | 0.917       |
-----------------------------------------
-----------------------------------------
| rollout/                |             |
|    ep_len_mean          | 76.5        |
|    ep_rew_mean          | -20.9       |
|    success_rate         | 0.95        |
| time/                   |             |
|    fps                  | 605         |
|    iterations           | 200         |
|    time_elapsed         | 676         |
|    total_timesteps      | 409600      |
| train/                  |             |
|    approx_kl            | 0.019310676 |
|    clip_fraction        | 0.251       |
|    clip_range           | 0.2         |
|    entropy_loss         | -6.49       |
|    explained_variance   | 0.967       |
|    learning_rate        | 0.0003      |
|    loss                 | 0.138       |
|    n_updates            | 1990        |
|    policy_gradient_loss | -0.0123     |
|    std                  | 0.624       |
|    value_loss           | 0.608       |
-----------------------------------------
Eval num_timesteps=410000, episode_reward=-33.55 +/- 16.43
Episode length: 117.63 +/- 63.51
Success rate: 63.33%
----------------------------------------
| eval/                   |            |
|    mean_ep_length       | 118        |
|    mean_reward          | -33.5      |
|    success_rate         | 0.633      |
| time/                   |            |
|    total_timesteps      | 410000     |
| train/                  |            |
|    approx_kl            | 0.01609137 |
|    clip_fraction        | 0.207      |
|    clip_range           | 0.2        |
|    entropy_loss         | -6.46      |
|    explained_variance   | 0.955      |
|    learning_rate        | 0.0003     |
|    loss                 | 0.132      |
|    n_updates            | 2000       |
|    policy_gradient_loss | -0.0162    |
|    std                  | 0.621      |
|    value_loss           | 1.35       |
----------------------------------------
---------------------------------
| rollout/           |          |
|    ep_len_mean     | 78.8     |
|    ep_rew_mean     | -21.7    |
|    success_rate    | 0.94     |
| time/              |          |
|    fps             | 604      |
|    iterations      | 201      |
|    time_elapsed    | 680      |
|    total_timesteps | 411648   |
---------------------------------
-----------------------------------------
| rollout/                |             |
|    ep_len_mean          | 78.3        |
|    ep_rew_mean          | -21.8       |
|    success_rate         | 0.95        |
| time/                   |             |
|    fps                  | 605         |
|    iterations           | 202         |
|    time_elapsed         | 683         |
|    total_timesteps      | 413696      |
| train/                  |             |
|    approx_kl            | 0.020341277 |
|    clip_fraction        | 0.201       |
|    clip_range           | 0.2         |
|    entropy_loss         | -6.44       |
|    explained_variance   | 0.919       |
|    learning_rate        | 0.0003      |
|    loss                 | 0.853       |
|    n_updates            | 2010        |
|    policy_gradient_loss | -0.013      |
|    std                  | 0.618       |
|    value_loss           | 2.38        |
-----------------------------------------
Eval num_timesteps=415000, episode_reward=-29.18 +/- 18.46
Episode length: 100.60 +/- 55.97
Success rate: 76.67%
-----------------------------------------
| eval/                   |             |
|    mean_ep_length       | 101         |
|    mean_reward          | -29.2       |
|    success_rate         | 0.767       |
| time/                   |             |
|    total_timesteps      | 415000      |
| train/                  |             |
|    approx_kl            | 0.023004081 |
|    clip_fraction        | 0.233       |
|    clip_range           | 0.2         |
|    entropy_loss         | -6.4        |
|    explained_variance   | 0.988       |
|    learning_rate        | 0.0003      |
|    loss                 | -0.0182     |
|    n_updates            | 2020        |
|    policy_gradient_loss | -0.0111     |
|    std                  | 0.615       |
|    value_loss           | 0.177       |
-----------------------------------------
New best mean reward!
---------------------------------
| rollout/           |          |
|    ep_len_mean     | 77.7     |
|    ep_rew_mean     | -21.6    |
|    success_rate    | 0.96     |
| time/              |          |
|    fps             | 604      |
|    iterations      | 203      |
|    time_elapsed    | 687      |
|    total_timesteps | 415744   |
---------------------------------
----------------------------------------
| rollout/                |            |
|    ep_len_mean          | 73.5       |
|    ep_rew_mean          | -19.9      |
|    success_rate         | 0.98       |
| time/                   |            |
|    fps                  | 605        |
|    iterations           | 204        |
|    time_elapsed         | 689        |
|    total_timesteps      | 417792     |
| train/                  |            |
|    approx_kl            | 0.01968637 |
|    clip_fraction        | 0.25       |
|    clip_range           | 0.2        |
|    entropy_loss         | -6.37      |
|    explained_variance   | 0.995      |
|    learning_rate        | 0.0003     |
|    loss                 | 0.0163     |
|    n_updates            | 2030       |
|    policy_gradient_loss | -0.0143    |
|    std                  | 0.613      |
|    value_loss           | 0.0962     |
----------------------------------------
-----------------------------------------
| rollout/                |             |
|    ep_len_mean          | 74          |
|    ep_rew_mean          | -20.4       |
|    success_rate         | 0.98        |
| time/                   |             |
|    fps                  | 606         |
|    iterations           | 205         |
|    time_elapsed         | 692         |
|    total_timesteps      | 419840      |
| train/                  |             |
|    approx_kl            | 0.020040356 |
|    clip_fraction        | 0.244       |
|    clip_range           | 0.2         |
|    entropy_loss         | -6.35       |
|    explained_variance   | 0.997       |
|    learning_rate        | 0.0003      |
|    loss                 | 0.00483     |
|    n_updates            | 2040        |
|    policy_gradient_loss | -0.0148     |
|    std                  | 0.612       |
|    value_loss           | 0.0614      |
-----------------------------------------
Eval num_timesteps=420000, episode_reward=-22.30 +/- 11.11
Episode length: 85.37 +/- 41.62
Success rate: 90.00%
-----------------------------------------
| eval/                   |             |
|    mean_ep_length       | 85.4        |
|    mean_reward          | -22.3       |
|    success_rate         | 0.9         |
| time/                   |             |
|    total_timesteps      | 420000      |
| train/                  |             |
|    approx_kl            | 0.022226725 |
|    clip_fraction        | 0.228       |
|    clip_range           | 0.2         |
|    entropy_loss         | -6.33       |
|    explained_variance   | 0.949       |
|    learning_rate        | 0.0003      |
|    loss                 | -0.00862    |
|    n_updates            | 2050        |
|    policy_gradient_loss | -0.0131     |
|    std                  | 0.61        |
|    value_loss           | 0.296       |
-----------------------------------------
New best mean reward!
---------------------------------
| rollout/           |          |
|    ep_len_mean     | 73.4     |
|    ep_rew_mean     | -19.8    |
|    success_rate    | 0.98     |
| time/              |          |
|    fps             | 605      |
|    iterations      | 206      |
|    time_elapsed    | 696      |
|    total_timesteps | 421888   |
---------------------------------
-----------------------------------------
| rollout/                |             |
|    ep_len_mean          | 75.2        |
|    ep_rew_mean          | -20.3       |
|    success_rate         | 0.97        |
| time/                   |             |
|    fps                  | 606         |
|    iterations           | 207         |
|    time_elapsed         | 698         |
|    total_timesteps      | 423936      |
| train/                  |             |
|    approx_kl            | 0.022815496 |
|    clip_fraction        | 0.261       |
|    clip_range           | 0.2         |
|    entropy_loss         | -6.28       |
|    explained_variance   | 0.997       |
|    learning_rate        | 0.0003      |
|    loss                 | -0.0192     |
|    n_updates            | 2060        |
|    policy_gradient_loss | -0.0176     |
|    std                  | 0.604       |
|    value_loss           | 0.0545      |
-----------------------------------------
Eval num_timesteps=425000, episode_reward=-24.71 +/- 14.17
Episode length: 96.90 +/- 54.75
Success rate: 83.33%
-----------------------------------------
| eval/                   |             |
|    mean_ep_length       | 96.9        |
|    mean_reward          | -24.7       |
|    success_rate         | 0.833       |
| time/                   |             |
|    total_timesteps      | 425000      |
| train/                  |             |
|    approx_kl            | 0.021620765 |
|    clip_fraction        | 0.22        |
|    clip_range           | 0.2         |
|    entropy_loss         | -6.23       |
|    explained_variance   | 0.984       |
|    learning_rate        | 0.0003      |
|    loss                 | 7.61e-05    |
|    n_updates            | 2070        |
|    policy_gradient_loss | -0.013      |
|    std                  | 0.601       |
|    value_loss           | 0.225       |
-----------------------------------------
---------------------------------
| rollout/           |          |
|    ep_len_mean     | 77.4     |
|    ep_rew_mean     | -20.9    |
|    success_rate    | 0.97     |
| time/              |          |
|    fps             | 606      |
|    iterations      | 208      |
|    time_elapsed    | 702      |
|    total_timesteps | 425984   |
---------------------------------
-----------------------------------------
| rollout/                |             |
|    ep_len_mean          | 78.8        |
|    ep_rew_mean          | -21.3       |
|    success_rate         | 0.96        |
| time/                   |             |
|    fps                  | 607         |
|    iterations           | 209         |
|    time_elapsed         | 704         |
|    total_timesteps      | 428032      |
| train/                  |             |
|    approx_kl            | 0.018922858 |
|    clip_fraction        | 0.23        |
|    clip_range           | 0.2         |
|    entropy_loss         | -6.2        |
|    explained_variance   | 0.963       |
|    learning_rate        | 0.0003      |
|    loss                 | 0.198       |
|    n_updates            | 2080        |
|    policy_gradient_loss | -0.0156     |
|    std                  | 0.6         |
|    value_loss           | 0.773       |
-----------------------------------------
Eval num_timesteps=430000, episode_reward=-21.09 +/- 9.43
Episode length: 80.80 +/- 34.84
Success rate: 93.33%
-----------------------------------------
| eval/                   |             |
|    mean_ep_length       | 80.8        |
|    mean_reward          | -21.1       |
|    success_rate         | 0.933       |
| time/                   |             |
|    total_timesteps      | 430000      |
| train/                  |             |
|    approx_kl            | 0.018286368 |
|    clip_fraction        | 0.198       |
|    clip_range           | 0.2         |
|    entropy_loss         | -6.19       |
|    explained_variance   | 0.952       |
|    learning_rate        | 0.0003      |
|    loss                 | 0.127       |
|    n_updates            | 2090        |
|    policy_gradient_loss | -0.0159     |
|    std                  | 0.598       |
|    value_loss           | 1.18        |
-----------------------------------------
New best mean reward!
---------------------------------
| rollout/           |          |
|    ep_len_mean     | 80.8     |
|    ep_rew_mean     | -21.8    |
|    success_rate    | 0.94     |
| time/              |          |
|    fps             | 606      |
|    iterations      | 210      |
|    time_elapsed    | 708      |
|    total_timesteps | 430080   |
---------------------------------
-----------------------------------------
| rollout/                |             |
|    ep_len_mean          | 82.4        |
|    ep_rew_mean          | -21.8       |
|    success_rate         | 0.93        |
| time/                   |             |
|    fps                  | 607         |
|    iterations           | 211         |
|    time_elapsed         | 711         |
|    total_timesteps      | 432128      |
| train/                  |             |
|    approx_kl            | 0.023728589 |
|    clip_fraction        | 0.227       |
|    clip_range           | 0.2         |
|    entropy_loss         | -6.19       |
|    explained_variance   | 0.961       |
|    learning_rate        | 0.0003      |
|    loss                 | 0.906       |
|    n_updates            | 2100        |
|    policy_gradient_loss | -0.015      |
|    std                  | 0.6         |
|    value_loss           | 1.46        |
-----------------------------------------
-----------------------------------------
| rollout/                |             |
|    ep_len_mean          | 85.6        |
|    ep_rew_mean          | -22.6       |
|    success_rate         | 0.9         |
| time/                   |             |
|    fps                  | 608         |
|    iterations           | 212         |
|    time_elapsed         | 713         |
|    total_timesteps      | 434176      |
| train/                  |             |
|    approx_kl            | 0.019522797 |
|    clip_fraction        | 0.209       |
|    clip_range           | 0.2         |
|    entropy_loss         | -6.19       |
|    explained_variance   | 0.982       |
|    learning_rate        | 0.0003      |
|    loss                 | 0.104       |
|    n_updates            | 2110        |
|    policy_gradient_loss | -0.00973    |
|    std                  | 0.598       |
|    value_loss           | 0.359       |
-----------------------------------------
Eval num_timesteps=435000, episode_reward=-23.82 +/- 11.39
Episode length: 89.13 +/- 42.78
Success rate: 90.00%
-----------------------------------------
| eval/                   |             |
|    mean_ep_length       | 89.1        |
|    mean_reward          | -23.8       |
|    success_rate         | 0.9         |
| time/                   |             |
|    total_timesteps      | 435000      |
| train/                  |             |
|    approx_kl            | 0.018806312 |
|    clip_fraction        | 0.201       |
|    clip_range           | 0.2         |
|    entropy_loss         | -6.17       |
|    explained_variance   | 0.931       |
|    learning_rate        | 0.0003      |
|    loss                 | 0.305       |
|    n_updates            | 2120        |
|    policy_gradient_loss | -0.0189     |
|    std                  | 0.596       |
|    value_loss           | 1.31        |
-----------------------------------------
---------------------------------
| rollout/           |          |
|    ep_len_mean     | 83       |
|    ep_rew_mean     | -21.7    |
|    success_rate    | 0.91     |
| time/              |          |
|    fps             | 607      |
|    iterations      | 213      |
|    time_elapsed    | 717      |
|    total_timesteps | 436224   |
---------------------------------
-----------------------------------------
| rollout/                |             |
|    ep_len_mean          | 80.3        |
|    ep_rew_mean          | -20.9       |
|    success_rate         | 0.93        |
| time/                   |             |
|    fps                  | 608         |
|    iterations           | 214         |
|    time_elapsed         | 719         |
|    total_timesteps      | 438272      |
| train/                  |             |
|    approx_kl            | 0.023093777 |
|    clip_fraction        | 0.262       |
|    clip_range           | 0.2         |
|    entropy_loss         | -6.13       |
|    explained_variance   | 0.977       |
|    learning_rate        | 0.0003      |
|    loss                 | 0.0668      |
|    n_updates            | 2130        |
|    policy_gradient_loss | -0.0133     |
|    std                  | 0.592       |
|    value_loss           | 0.973       |
-----------------------------------------
Eval num_timesteps=440000, episode_reward=-27.33 +/- 13.51
Episode length: 109.20 +/- 57.78
Success rate: 73.33%
-----------------------------------------
| eval/                   |             |
|    mean_ep_length       | 109         |
|    mean_reward          | -27.3       |
|    success_rate         | 0.733       |
| time/                   |             |
|    total_timesteps      | 440000      |
| train/                  |             |
|    approx_kl            | 0.023782395 |
|    clip_fraction        | 0.261       |
|    clip_range           | 0.2         |
|    entropy_loss         | -6.13       |
|    explained_variance   | 0.967       |
|    learning_rate        | 0.0003      |
|    loss                 | 0.188       |
|    n_updates            | 2140        |
|    policy_gradient_loss | -0.00997    |
|    std                  | 0.594       |
|    value_loss           | 0.924       |
-----------------------------------------
---------------------------------
| rollout/           |          |
|    ep_len_mean     | 78.6     |
|    ep_rew_mean     | -20.5    |
|    success_rate    | 0.94     |
| time/              |          |
|    fps             | 607      |
|    iterations      | 215      |
|    time_elapsed    | 724      |
|    total_timesteps | 440320   |
---------------------------------
-----------------------------------------
| rollout/                |             |
|    ep_len_mean          | 72.8        |
|    ep_rew_mean          | -18.4       |
|    success_rate         | 0.98        |
| time/                   |             |
|    fps                  | 608         |
|    iterations           | 216         |
|    time_elapsed         | 726         |
|    total_timesteps      | 442368      |
| train/                  |             |
|    approx_kl            | 0.026413638 |
|    clip_fraction        | 0.277       |
|    clip_range           | 0.2         |
|    entropy_loss         | -6.1        |
|    explained_variance   | 0.982       |
|    learning_rate        | 0.0003      |
|    loss                 | 0.0855      |
|    n_updates            | 2150        |
|    policy_gradient_loss | -0.0204     |
|    std                  | 0.59        |
|    value_loss           | 0.632       |
-----------------------------------------
-----------------------------------------
| rollout/                |             |
|    ep_len_mean          | 73.1        |
|    ep_rew_mean          | -18.8       |
|    success_rate         | 0.98        |
| time/                   |             |
|    fps                  | 609         |
|    iterations           | 217         |
|    time_elapsed         | 728         |
|    total_timesteps      | 444416      |
| train/                  |             |
|    approx_kl            | 0.019358799 |
|    clip_fraction        | 0.255       |
|    clip_range           | 0.2         |
|    entropy_loss         | -6.06       |
|    explained_variance   | 0.997       |
|    learning_rate        | 0.0003      |
|    loss                 | 0.0271      |
|    n_updates            | 2160        |
|    policy_gradient_loss | -0.0142     |
|    std                  | 0.589       |
|    value_loss           | 0.0867      |
-----------------------------------------
Eval num_timesteps=445000, episode_reward=-25.40 +/- 13.67
Episode length: 99.70 +/- 59.22
Success rate: 76.67%
-----------------------------------------
| eval/                   |             |
|    mean_ep_length       | 99.7        |
|    mean_reward          | -25.4       |
|    success_rate         | 0.767       |
| time/                   |             |
|    total_timesteps      | 445000      |
| train/                  |             |
|    approx_kl            | 0.021502366 |
|    clip_fraction        | 0.21        |
|    clip_range           | 0.2         |
|    entropy_loss         | -6.08       |
|    explained_variance   | 0.981       |
|    learning_rate        | 0.0003      |
|    loss                 | 0.0278      |
|    n_updates            | 2170        |
|    policy_gradient_loss | -0.0128     |
|    std                  | 0.592       |
|    value_loss           | 0.329       |
-----------------------------------------
---------------------------------
| rollout/           |          |
|    ep_len_mean     | 73.7     |
|    ep_rew_mean     | -19.4    |
|    success_rate    | 0.98     |
| time/              |          |
|    fps             | 608      |
|    iterations      | 218      |
|    time_elapsed    | 733      |
|    total_timesteps | 446464   |
---------------------------------
-----------------------------------------
| rollout/                |             |
|    ep_len_mean          | 72.2        |
|    ep_rew_mean          | -19.2       |
|    success_rate         | 0.98        |
| time/                   |             |
|    fps                  | 609         |
|    iterations           | 219         |
|    time_elapsed         | 735         |
|    total_timesteps      | 448512      |
| train/                  |             |
|    approx_kl            | 0.025021192 |
|    clip_fraction        | 0.256       |
|    clip_range           | 0.2         |
|    entropy_loss         | -6.1        |
|    explained_variance   | 0.993       |
|    learning_rate        | 0.0003      |
|    loss                 | -0.0177     |
|    n_updates            | 2180        |
|    policy_gradient_loss | -0.0177     |
|    std                  | 0.593       |
|    value_loss           | 0.211       |
-----------------------------------------
Eval num_timesteps=450000, episode_reward=-27.21 +/- 14.99
Episode length: 109.30 +/- 62.84
Success rate: 70.00%
-----------------------------------------
| eval/                   |             |
|    mean_ep_length       | 109         |
|    mean_reward          | -27.2       |
|    success_rate         | 0.7         |
| time/                   |             |
|    total_timesteps      | 450000      |
| train/                  |             |
|    approx_kl            | 0.025662314 |
|    clip_fraction        | 0.248       |
|    clip_range           | 0.2         |
|    entropy_loss         | -6.1        |
|    explained_variance   | 0.998       |
|    learning_rate        | 0.0003      |
|    loss                 | -0.0101     |
|    n_updates            | 2190        |
|    policy_gradient_loss | -0.0139     |
|    std                  | 0.592       |
|    value_loss           | 0.0552      |
-----------------------------------------
---------------------------------
| rollout/           |          |
|    ep_len_mean     | 71.8     |
|    ep_rew_mean     | -19.3    |
|    success_rate    | 0.98     |
| time/              |          |
|    fps             | 608      |
|    iterations      | 220      |
|    time_elapsed    | 740      |
|    total_timesteps | 450560   |
---------------------------------
-----------------------------------------
| rollout/                |             |
|    ep_len_mean          | 72.4        |
|    ep_rew_mean          | -19.1       |
|    success_rate         | 0.97        |
| time/                   |             |
|    fps                  | 609         |
|    iterations           | 221         |
|    time_elapsed         | 742         |
|    total_timesteps      | 452608      |
| train/                  |             |
|    approx_kl            | 0.019350901 |
|    clip_fraction        | 0.228       |
|    clip_range           | 0.2         |
|    entropy_loss         | -6.08       |
|    explained_variance   | 0.998       |
|    learning_rate        | 0.0003      |
|    loss                 | 0.0432      |
|    n_updates            | 2200        |
|    policy_gradient_loss | -0.0132     |
|    std                  | 0.59        |
|    value_loss           | 0.0527      |
-----------------------------------------
-----------------------------------------
| rollout/                |             |
|    ep_len_mean          | 72.9        |
|    ep_rew_mean          | -19.2       |
|    success_rate         | 0.97        |
| time/                   |             |
|    fps                  | 610         |
|    iterations           | 222         |
|    time_elapsed         | 744         |
|    total_timesteps      | 454656      |
| train/                  |             |
|    approx_kl            | 0.017967377 |
|    clip_fraction        | 0.186       |
|    clip_range           | 0.2         |
|    entropy_loss         | -6.08       |
|    explained_variance   | 0.975       |
|    learning_rate        | 0.0003      |
|    loss                 | 0.104       |
|    n_updates            | 2210        |
|    policy_gradient_loss | -0.016      |
|    std                  | 0.591       |
|    value_loss           | 0.419       |
-----------------------------------------
Eval num_timesteps=455000, episode_reward=-28.38 +/- 13.92
Episode length: 113.60 +/- 60.09
Success rate: 70.00%
-----------------------------------------
| eval/                   |             |
|    mean_ep_length       | 114         |
|    mean_reward          | -28.4       |
|    success_rate         | 0.7         |
| time/                   |             |
|    total_timesteps      | 455000      |
| train/                  |             |
|    approx_kl            | 0.024216827 |
|    clip_fraction        | 0.276       |
|    clip_range           | 0.2         |
|    entropy_loss         | -6.05       |
|    explained_variance   | 0.998       |
|    learning_rate        | 0.0003      |
|    loss                 | -0.0138     |
|    n_updates            | 2220        |
|    policy_gradient_loss | -0.0158     |
|    std                  | 0.587       |
|    value_loss           | 0.0461      |
-----------------------------------------
---------------------------------
| rollout/           |          |
|    ep_len_mean     | 74.4     |
|    ep_rew_mean     | -19.7    |
|    success_rate    | 0.97     |
| time/              |          |
|    fps             | 609      |
|    iterations      | 223      |
|    time_elapsed    | 749      |
|    total_timesteps | 456704   |
---------------------------------
-----------------------------------------
| rollout/                |             |
|    ep_len_mean          | 78.5        |
|    ep_rew_mean          | -21         |
|    success_rate         | 0.95        |
| time/                   |             |
|    fps                  | 610         |
|    iterations           | 224         |
|    time_elapsed         | 751         |
|    total_timesteps      | 458752      |
| train/                  |             |
|    approx_kl            | 0.019688085 |
|    clip_fraction        | 0.221       |
|    clip_range           | 0.2         |
|    entropy_loss         | -6.02       |
|    explained_variance   | 0.996       |
|    learning_rate        | 0.0003      |
|    loss                 | -0.00127    |
|    n_updates            | 2230        |
|    policy_gradient_loss | -0.0117     |
|    std                  | 0.585       |
|    value_loss           | 0.13        |
-----------------------------------------
Eval num_timesteps=460000, episode_reward=-35.53 +/- 17.28
Episode length: 131.17 +/- 62.72
Success rate: 56.67%
-----------------------------------------
| eval/                   |             |
|    mean_ep_length       | 131         |
|    mean_reward          | -35.5       |
|    success_rate         | 0.567       |
| time/                   |             |
|    total_timesteps      | 460000      |
| train/                  |             |
|    approx_kl            | 0.022676494 |
|    clip_fraction        | 0.189       |
|    clip_range           | 0.2         |
|    entropy_loss         | -6.03       |
|    explained_variance   | 0.991       |
|    learning_rate        | 0.0003      |
|    loss                 | 0.0962      |
|    n_updates            | 2240        |
|    policy_gradient_loss | -0.013      |
|    std                  | 0.586       |
|    value_loss           | 0.136       |
-----------------------------------------
---------------------------------
| rollout/           |          |
|    ep_len_mean     | 74.7     |
|    ep_rew_mean     | -20.2    |
|    success_rate    | 0.98     |
| time/              |          |
|    fps             | 609      |
|    iterations      | 225      |
|    time_elapsed    | 756      |
|    total_timesteps | 460800   |
---------------------------------
------------------------------------------
| rollout/                |              |
|    ep_len_mean          | 75.6         |
|    ep_rew_mean          | -20.6        |
|    success_rate         | 0.98         |
| time/                   |              |
|    fps                  | 610          |
|    iterations           | 226          |
|    time_elapsed         | 758          |
|    total_timesteps      | 462848       |
| train/                  |              |
|    approx_kl            | 0.0150619205 |
|    clip_fraction        | 0.233        |
|    clip_range           | 0.2          |
|    entropy_loss         | -6           |
|    explained_variance   | 0.998        |
|    learning_rate        | 0.0003       |
|    loss                 | 0.0309       |
|    n_updates            | 2250         |
|    policy_gradient_loss | -0.0151      |
|    std                  | 0.581        |
|    value_loss           | 0.046        |
------------------------------------------
-----------------------------------------
| rollout/                |             |
|    ep_len_mean          | 79.8        |
|    ep_rew_mean          | -22.6       |
|    success_rate         | 0.95        |
| time/                   |             |
|    fps                  | 610         |
|    iterations           | 227         |
|    time_elapsed         | 760         |
|    total_timesteps      | 464896      |
| train/                  |             |
|    approx_kl            | 0.017722618 |
|    clip_fraction        | 0.225       |
|    clip_range           | 0.2         |
|    entropy_loss         | -5.97       |
|    explained_variance   | 0.999       |
|    learning_rate        | 0.0003      |
|    loss                 | 0.0357      |
|    n_updates            | 2260        |
|    policy_gradient_loss | -0.0152     |
|    std                  | 0.58        |
|    value_loss           | 0.0247      |
-----------------------------------------
Eval num_timesteps=465000, episode_reward=-25.68 +/- 15.59
Episode length: 93.60 +/- 49.95
Success rate: 83.33%
-----------------------------------------
| eval/                   |             |
|    mean_ep_length       | 93.6        |
|    mean_reward          | -25.7       |
|    success_rate         | 0.833       |
| time/                   |             |
|    total_timesteps      | 465000      |
| train/                  |             |
|    approx_kl            | 0.023756197 |
|    clip_fraction        | 0.218       |
|    clip_range           | 0.2         |
|    entropy_loss         | -5.98       |
|    explained_variance   | 0.928       |
|    learning_rate        | 0.0003      |
|    loss                 | 0.0731      |
|    n_updates            | 2270        |
|    policy_gradient_loss | -0.0222     |
|    std                  | 0.582       |
|    value_loss           | 0.624       |
-----------------------------------------
---------------------------------
| rollout/           |          |
|    ep_len_mean     | 80.1     |
|    ep_rew_mean     | -22.9    |
|    success_rate    | 0.94     |
| time/              |          |
|    fps             | 610      |
|    iterations      | 228      |
|    time_elapsed    | 765      |
|    total_timesteps | 466944   |
---------------------------------
-----------------------------------------
| rollout/                |             |
|    ep_len_mean          | 80.9        |
|    ep_rew_mean          | -22.9       |
|    success_rate         | 0.93        |
| time/                   |             |
|    fps                  | 610         |
|    iterations           | 229         |
|    time_elapsed         | 767         |
|    total_timesteps      | 468992      |
| train/                  |             |
|    approx_kl            | 0.016567491 |
|    clip_fraction        | 0.189       |
|    clip_range           | 0.2         |
|    entropy_loss         | -6          |
|    explained_variance   | 0.975       |
|    learning_rate        | 0.0003      |
|    loss                 | 0.0412      |
|    n_updates            | 2280        |
|    policy_gradient_loss | -0.0151     |
|    std                  | 0.583       |
|    value_loss           | 0.561       |
-----------------------------------------
Eval num_timesteps=470000, episode_reward=-42.67 +/- 13.55
Episode length: 167.43 +/- 52.28
Success rate: 30.00%
-----------------------------------------
| eval/                   |             |
|    mean_ep_length       | 167         |
|    mean_reward          | -42.7       |
|    success_rate         | 0.3         |
| time/                   |             |
|    total_timesteps      | 470000      |
| train/                  |             |
|    approx_kl            | 0.021523472 |
|    clip_fraction        | 0.242       |
|    clip_range           | 0.2         |
|    entropy_loss         | -6.02       |
|    explained_variance   | 0.985       |
|    learning_rate        | 0.0003      |
|    loss                 | 0.012       |
|    n_updates            | 2290        |
|    policy_gradient_loss | -0.0139     |
|    std                  | 0.585       |
|    value_loss           | 0.132       |
-----------------------------------------
---------------------------------
| rollout/           |          |
|    ep_len_mean     | 82.7     |
|    ep_rew_mean     | -23.3    |
|    success_rate    | 0.92     |
| time/              |          |
|    fps             | 609      |
|    iterations      | 230      |
|    time_elapsed    | 772      |
|    total_timesteps | 471040   |
---------------------------------
-----------------------------------------
| rollout/                |             |
|    ep_len_mean          | 78.7        |
|    ep_rew_mean          | -21.6       |
|    success_rate         | 0.95        |
| time/                   |             |
|    fps                  | 610         |
|    iterations           | 231         |
|    time_elapsed         | 775         |
|    total_timesteps      | 473088      |
| train/                  |             |
|    approx_kl            | 0.025210882 |
|    clip_fraction        | 0.261       |
|    clip_range           | 0.2         |
|    entropy_loss         | -6.02       |
|    explained_variance   | 0.985       |
|    learning_rate        | 0.0003      |
|    loss                 | 0.0738      |
|    n_updates            | 2300        |
|    policy_gradient_loss | -0.0164     |
|    std                  | 0.583       |
|    value_loss           | 0.347       |
-----------------------------------------
Eval num_timesteps=475000, episode_reward=-33.64 +/- 15.32
Episode length: 133.43 +/- 56.61
Success rate: 63.33%
-----------------------------------------
| eval/                   |             |
|    mean_ep_length       | 133         |
|    mean_reward          | -33.6       |
|    success_rate         | 0.633       |
| time/                   |             |
|    total_timesteps      | 475000      |
| train/                  |             |
|    approx_kl            | 0.021351479 |
|    clip_fraction        | 0.248       |
|    clip_range           | 0.2         |
|    entropy_loss         | -6          |
|    explained_variance   | 0.968       |
|    learning_rate        | 0.0003      |
|    loss                 | 0.084       |
|    n_updates            | 2310        |
|    policy_gradient_loss | -0.0192     |
|    std                  | 0.581       |
|    value_loss           | 0.553       |
-----------------------------------------
---------------------------------
| rollout/           |          |
|    ep_len_mean     | 76.8     |
|    ep_rew_mean     | -20.7    |
|    success_rate    | 0.97     |
| time/              |          |
|    fps             | 609      |
|    iterations      | 232      |
|    time_elapsed    | 780      |
|    total_timesteps | 475136   |
---------------------------------
-----------------------------------------
| rollout/                |             |
|    ep_len_mean          | 78.7        |
|    ep_rew_mean          | -21.2       |
|    success_rate         | 0.95        |
| time/                   |             |
|    fps                  | 609         |
|    iterations           | 233         |
|    time_elapsed         | 782         |
|    total_timesteps      | 477184      |
| train/                  |             |
|    approx_kl            | 0.023774687 |
|    clip_fraction        | 0.256       |
|    clip_range           | 0.2         |
|    entropy_loss         | -6.01       |
|    explained_variance   | 0.989       |
|    learning_rate        | 0.0003      |
|    loss                 | 0.0363      |
|    n_updates            | 2320        |
|    policy_gradient_loss | -0.0141     |
|    std                  | 0.583       |
|    value_loss           | 0.247       |
-----------------------------------------
-----------------------------------------
| rollout/                |             |
|    ep_len_mean          | 81.3        |
|    ep_rew_mean          | -22.2       |
|    success_rate         | 0.94        |
| time/                   |             |
|    fps                  | 610         |
|    iterations           | 234         |
|    time_elapsed         | 784         |
|    total_timesteps      | 479232      |
| train/                  |             |
|    approx_kl            | 0.017950393 |
|    clip_fraction        | 0.208       |
|    clip_range           | 0.2         |
|    entropy_loss         | -6          |
|    explained_variance   | 0.961       |
|    learning_rate        | 0.0003      |
|    loss                 | 0.523       |
|    n_updates            | 2330        |
|    policy_gradient_loss | -0.0166     |
|    std                  | 0.581       |
|    value_loss           | 0.895       |
-----------------------------------------
Eval num_timesteps=480000, episode_reward=-25.44 +/- 12.29
Episode length: 98.30 +/- 50.57
Success rate: 83.33%
-----------------------------------------
| eval/                   |             |
|    mean_ep_length       | 98.3        |
|    mean_reward          | -25.4       |
|    success_rate         | 0.833       |
| time/                   |             |
|    total_timesteps      | 480000      |
| train/                  |             |
|    approx_kl            | 0.019998373 |
|    clip_fraction        | 0.224       |
|    clip_range           | 0.2         |
|    entropy_loss         | -5.99       |
|    explained_variance   | 0.973       |
|    learning_rate        | 0.0003      |
|    loss                 | 0.188       |
|    n_updates            | 2340        |
|    policy_gradient_loss | -0.0143     |
|    std                  | 0.582       |
|    value_loss           | 0.715       |
-----------------------------------------
---------------------------------
| rollout/           |          |
|    ep_len_mean     | 80.4     |
|    ep_rew_mean     | -21.6    |
|    success_rate    | 0.95     |
| time/              |          |
|    fps             | 610      |
|    iterations      | 235      |
|    time_elapsed    | 788      |
|    total_timesteps | 481280   |
---------------------------------
-----------------------------------------
| rollout/                |             |
|    ep_len_mean          | 79.4        |
|    ep_rew_mean          | -22         |
|    success_rate         | 0.95        |
| time/                   |             |
|    fps                  | 611         |
|    iterations           | 236         |
|    time_elapsed         | 790         |
|    total_timesteps      | 483328      |
| train/                  |             |
|    approx_kl            | 0.020388007 |
|    clip_fraction        | 0.223       |
|    clip_range           | 0.2         |
|    entropy_loss         | -5.99       |
|    explained_variance   | 0.945       |
|    learning_rate        | 0.0003      |
|    loss                 | 0.0971      |
|    n_updates            | 2350        |
|    policy_gradient_loss | -0.0153     |
|    std                  | 0.58        |
|    value_loss           | 1.25        |
-----------------------------------------
Eval num_timesteps=485000, episode_reward=-25.59 +/- 13.88
Episode length: 95.87 +/- 53.63
Success rate: 80.00%
-----------------------------------------
| eval/                   |             |
|    mean_ep_length       | 95.9        |
|    mean_reward          | -25.6       |
|    success_rate         | 0.8         |
| time/                   |             |
|    total_timesteps      | 485000      |
| train/                  |             |
|    approx_kl            | 0.022971384 |
|    clip_fraction        | 0.279       |
|    clip_range           | 0.2         |
|    entropy_loss         | -5.98       |
|    explained_variance   | 0.994       |
|    learning_rate        | 0.0003      |
|    loss                 | 0.0691      |
|    n_updates            | 2360        |
|    policy_gradient_loss | -0.0184     |
|    std                  | 0.58        |
|    value_loss           | 0.114       |
-----------------------------------------
---------------------------------
| rollout/           |          |
|    ep_len_mean     | 76       |
|    ep_rew_mean     | -20.6    |
|    success_rate    | 0.98     |
| time/              |          |
|    fps             | 610      |
|    iterations      | 237      |
|    time_elapsed    | 794      |
|    total_timesteps | 485376   |
---------------------------------
-----------------------------------------
| rollout/                |             |
|    ep_len_mean          | 71.8        |
|    ep_rew_mean          | -19.8       |
|    success_rate         | 0.99        |
| time/                   |             |
|    fps                  | 611         |
|    iterations           | 238         |
|    time_elapsed         | 796         |
|    total_timesteps      | 487424      |
| train/                  |             |
|    approx_kl            | 0.019088626 |
|    clip_fraction        | 0.224       |
|    clip_range           | 0.2         |
|    entropy_loss         | -5.98       |
|    explained_variance   | 0.985       |
|    learning_rate        | 0.0003      |
|    loss                 | 0.152       |
|    n_updates            | 2370        |
|    policy_gradient_loss | -0.0154     |
|    std                  | 0.582       |
|    value_loss           | 0.354       |
-----------------------------------------
-----------------------------------------
| rollout/                |             |
|    ep_len_mean          | 72.7        |
|    ep_rew_mean          | -19.3       |
|    success_rate         | 0.99        |
| time/                   |             |
|    fps                  | 612         |
|    iterations           | 239         |
|    time_elapsed         | 798         |
|    total_timesteps      | 489472      |
| train/                  |             |
|    approx_kl            | 0.018223755 |
|    clip_fraction        | 0.215       |
|    clip_range           | 0.2         |
|    entropy_loss         | -5.98       |
|    explained_variance   | 0.997       |
|    learning_rate        | 0.0003      |
|    loss                 | -0.00109    |
|    n_updates            | 2380        |
|    policy_gradient_loss | -0.0176     |
|    std                  | 0.579       |
|    value_loss           | 0.0757      |
-----------------------------------------
Eval num_timesteps=490000, episode_reward=-22.21 +/- 13.45
Episode length: 79.77 +/- 25.75
Success rate: 96.67%
-----------------------------------------
| eval/                   |             |
|    mean_ep_length       | 79.8        |
|    mean_reward          | -22.2       |
|    success_rate         | 0.967       |
| time/                   |             |
|    total_timesteps      | 490000      |
| train/                  |             |
|    approx_kl            | 0.017293688 |
|    clip_fraction        | 0.229       |
|    clip_range           | 0.2         |
|    entropy_loss         | -5.94       |
|    explained_variance   | 0.998       |
|    learning_rate        | 0.0003      |
|    loss                 | -0.01       |
|    n_updates            | 2390        |
|    policy_gradient_loss | -0.0143     |
|    std                  | 0.576       |
|    value_loss           | 0.0467      |
-----------------------------------------
---------------------------------
| rollout/           |          |
|    ep_len_mean     | 70.2     |
|    ep_rew_mean     | -18.5    |
|    success_rate    | 1        |
| time/              |          |
|    fps             | 612      |
|    iterations      | 240      |
|    time_elapsed    | 802      |
|    total_timesteps | 491520   |
---------------------------------
----------------------------------------
| rollout/                |            |
|    ep_len_mean          | 71.5       |
|    ep_rew_mean          | -18.8      |
|    success_rate         | 0.98       |
| time/                   |            |
|    fps                  | 613        |
|    iterations           | 241        |
|    time_elapsed         | 804        |
|    total_timesteps      | 493568     |
| train/                  |            |
|    approx_kl            | 0.02069467 |
|    clip_fraction        | 0.24       |
|    clip_range           | 0.2        |
|    entropy_loss         | -5.9       |
|    explained_variance   | 0.999      |
|    learning_rate        | 0.0003     |
|    loss                 | -0.0146    |
|    n_updates            | 2400       |
|    policy_gradient_loss | -0.0184    |
|    std                  | 0.572      |
|    value_loss           | 0.0416     |
----------------------------------------
Eval num_timesteps=495000, episode_reward=-27.48 +/- 18.38
Episode length: 106.93 +/- 54.76
Success rate: 76.67%
----------------------------------------
| eval/                   |            |
|    mean_ep_length       | 107        |
|    mean_reward          | -27.5      |
|    success_rate         | 0.767      |
| time/                   |            |
|    total_timesteps      | 495000     |
| train/                  |            |
|    approx_kl            | 0.02647682 |
|    clip_fraction        | 0.228      |
|    clip_range           | 0.2        |
|    entropy_loss         | -5.9       |
|    explained_variance   | 0.981      |
|    learning_rate        | 0.0003     |
|    loss                 | 0.00491    |
|    n_updates            | 2410       |
|    policy_gradient_loss | -0.0216    |
|    std                  | 0.574      |
|    value_loss           | 0.27       |
----------------------------------------
---------------------------------
| rollout/           |          |
|    ep_len_mean     | 74.4     |
|    ep_rew_mean     | -20      |
|    success_rate    | 0.97     |
| time/              |          |
|    fps             | 613      |
|    iterations      | 242      |
|    time_elapsed    | 808      |
|    total_timesteps | 495616   |
---------------------------------
-----------------------------------------
| rollout/                |             |
|    ep_len_mean          | 74.4        |
|    ep_rew_mean          | -20         |
|    success_rate         | 0.97        |
| time/                   |             |
|    fps                  | 614         |
|    iterations           | 243         |
|    time_elapsed         | 810         |
|    total_timesteps      | 497664      |
| train/                  |             |
|    approx_kl            | 0.023695307 |
|    clip_fraction        | 0.251       |
|    clip_range           | 0.2         |
|    entropy_loss         | -5.92       |
|    explained_variance   | 0.984       |
|    learning_rate        | 0.0003      |
|    loss                 | 0.0246      |
|    n_updates            | 2420        |
|    policy_gradient_loss | -0.0215     |
|    std                  | 0.574       |
|    value_loss           | 0.173       |
-----------------------------------------
---------------------------------------
| rollout/                |           |
|    ep_len_mean          | 73.2      |
|    ep_rew_mean          | -19.7     |
|    success_rate         | 0.97      |
| time/                   |           |
|    fps                  | 615       |
|    iterations           | 244       |
|    time_elapsed         | 812       |
|    total_timesteps      | 499712    |
| train/                  |           |
|    approx_kl            | 0.0204792 |
|    clip_fraction        | 0.245     |
|    clip_range           | 0.2       |
|    entropy_loss         | -5.88     |
|    explained_variance   | 0.992     |
|    learning_rate        | 0.0003    |
|    loss                 | 0.0344    |
|    n_updates            | 2430      |
|    policy_gradient_loss | -0.0143   |
|    std                  | 0.569     |
|    value_loss           | 0.0703    |
---------------------------------------
Eval num_timesteps=500000, episode_reward=-23.75 +/- 16.84
Episode length: 82.80 +/- 40.95
Success rate: 90.00%
-----------------------------------------
| eval/                   |             |
|    mean_ep_length       | 82.8        |
|    mean_reward          | -23.8       |
|    success_rate         | 0.9         |
| time/                   |             |
|    total_timesteps      | 500000      |
| train/                  |             |
|    approx_kl            | 0.015363567 |
|    clip_fraction        | 0.167       |
|    clip_range           | 0.2         |
|    entropy_loss         | -5.9        |
|    explained_variance   | 0.949       |
|    learning_rate        | 0.0003      |
|    loss                 | 0.0815      |
|    n_updates            | 2440        |
|    policy_gradient_loss | -0.00726    |
|    std                  | 0.575       |
|    value_loss           | 0.171       |
-----------------------------------------
---------------------------------
| rollout/           |          |
|    ep_len_mean     | 76.6     |
|    ep_rew_mean     | -20.9    |
|    success_rate    | 0.95     |
| time/              |          |
|    fps             | 615      |
|    iterations      | 245      |
|    time_elapsed    | 815      |
|    total_timesteps | 501760   |
---------------------------------
Training complete. Best model: models\runs\ppo_relvec_s2/best_model.zip
