Using cpu device
Run ppo_basic_s1: 500000 steps
---------------------------------
| rollout/           |          |
|    ep_len_mean     | 200      |
|    ep_rew_mean     | -188     |
|    success_rate    | 0        |
| time/              |          |
|    fps             | 1734     |
|    iterations      | 1        |
|    time_elapsed    | 1        |
|    total_timesteps | 2048     |
---------------------------------
-----------------------------------------
| rollout/                |             |
|    ep_len_mean          | 200         |
|    ep_rew_mean          | -180        |
|    success_rate         | 0           |
| time/                   |             |
|    fps                  | 1459        |
|    iterations           | 2           |
|    time_elapsed         | 2           |
|    total_timesteps      | 4096        |
| train/                  |             |
|    approx_kl            | 0.011909727 |
|    clip_fraction        | 0.0953      |
|    clip_range           | 0.2         |
|    entropy_loss         | -9.91       |
|    explained_variance   | -0.014      |
|    learning_rate        | 0.0003      |
|    loss                 | 6.92        |
|    n_updates            | 10          |
|    policy_gradient_loss | -0.0151     |
|    std                  | 0.995       |
|    value_loss           | 96.7        |
-----------------------------------------
Eval num_timesteps=5000, episode_reward=-178.49 +/- 22.72
Episode length: 200.00 +/- 0.00
Success rate: 0.00%
-----------------------------------------
| eval/                   |             |
|    mean_ep_length       | 200         |
|    mean_reward          | -178        |
|    success_rate         | 0           |
| time/                   |             |
|    total_timesteps      | 5000        |
| train/                  |             |
|    approx_kl            | 0.009102687 |
|    clip_fraction        | 0.06        |
|    clip_range           | 0.2         |
|    entropy_loss         | -9.88       |
|    explained_variance   | 0.0339      |
|    learning_rate        | 0.0003      |
|    loss                 | 10.9        |
|    n_updates            | 20          |
|    policy_gradient_loss | -0.0116     |
|    std                  | 0.99        |
|    value_loss           | 65.5        |
-----------------------------------------
New best mean reward!
---------------------------------
| rollout/           |          |
|    ep_len_mean     | 200      |
|    ep_rew_mean     | -179     |
|    success_rate    | 0        |
| time/              |          |
|    fps             | 857      |
|    iterations      | 3        |
|    time_elapsed    | 7        |
|    total_timesteps | 6144     |
---------------------------------
-----------------------------------------
| rollout/                |             |
|    ep_len_mean          | 200         |
|    ep_rew_mean          | -179        |
|    success_rate         | 0           |
| time/                   |             |
|    fps                  | 928         |
|    iterations           | 4           |
|    time_elapsed         | 8           |
|    total_timesteps      | 8192        |
| train/                  |             |
|    approx_kl            | 0.009837014 |
|    clip_fraction        | 0.0815      |
|    clip_range           | 0.2         |
|    entropy_loss         | -9.84       |
|    explained_variance   | 0.00709     |
|    learning_rate        | 0.0003      |
|    loss                 | 12.1        |
|    n_updates            | 30          |
|    policy_gradient_loss | -0.0128     |
|    std                  | 0.984       |
|    value_loss           | 69.7        |
-----------------------------------------
Eval num_timesteps=10000, episode_reward=-171.85 +/- 20.33
Episode length: 200.00 +/- 0.00
Success rate: 0.00%
-----------------------------------------
| eval/                   |             |
|    mean_ep_length       | 200         |
|    mean_reward          | -172        |
|    success_rate         | 0           |
| time/                   |             |
|    total_timesteps      | 10000       |
| train/                  |             |
|    approx_kl            | 0.010861172 |
|    clip_fraction        | 0.0857      |
|    clip_range           | 0.2         |
|    entropy_loss         | -9.81       |
|    explained_variance   | 0.0131      |
|    learning_rate        | 0.0003      |
|    loss                 | 8.92        |
|    n_updates            | 40          |
|    policy_gradient_loss | -0.0133     |
|    std                  | 0.983       |
|    value_loss           | 51.6        |
-----------------------------------------
New best mean reward!
---------------------------------
| rollout/           |          |
|    ep_len_mean     | 200      |
|    ep_rew_mean     | -179     |
|    success_rate    | 0        |
| time/              |          |
|    fps             | 768      |
|    iterations      | 5        |
|    time_elapsed    | 13       |
|    total_timesteps | 10240    |
---------------------------------
-----------------------------------------
| rollout/                |             |
|    ep_len_mean          | 200         |
|    ep_rew_mean          | -178        |
|    success_rate         | 0           |
| time/                   |             |
|    fps                  | 818         |
|    iterations           | 6           |
|    time_elapsed         | 15          |
|    total_timesteps      | 12288       |
| train/                  |             |
|    approx_kl            | 0.009785686 |
|    clip_fraction        | 0.076       |
|    clip_range           | 0.2         |
|    entropy_loss         | -9.8        |
|    explained_variance   | -0.000615   |
|    learning_rate        | 0.0003      |
|    loss                 | 5.71        |
|    n_updates            | 50          |
|    policy_gradient_loss | -0.00985    |
|    std                  | 0.98        |
|    value_loss           | 38.8        |
-----------------------------------------
-----------------------------------------
| rollout/                |             |
|    ep_len_mean          | 200         |
|    ep_rew_mean          | -177        |
|    success_rate         | 0           |
| time/                   |             |
|    fps                  | 855         |
|    iterations           | 7           |
|    time_elapsed         | 16          |
|    total_timesteps      | 14336       |
| train/                  |             |
|    approx_kl            | 0.010785457 |
|    clip_fraction        | 0.0961      |
|    clip_range           | 0.2         |
|    entropy_loss         | -9.79       |
|    explained_variance   | 0.00701     |
|    learning_rate        | 0.0003      |
|    loss                 | 3.09        |
|    n_updates            | 60          |
|    policy_gradient_loss | -0.0124     |
|    std                  | 0.978       |
|    value_loss           | 25.4        |
-----------------------------------------
Eval num_timesteps=15000, episode_reward=-155.18 +/- 18.96
Episode length: 200.00 +/- 0.00
Success rate: 0.00%
-----------------------------------------
| eval/                   |             |
|    mean_ep_length       | 200         |
|    mean_reward          | -155        |
|    success_rate         | 0           |
| time/                   |             |
|    total_timesteps      | 15000       |
| train/                  |             |
|    approx_kl            | 0.018778678 |
|    clip_fraction        | 0.113       |
|    clip_range           | 0.2         |
|    entropy_loss         | -9.77       |
|    explained_variance   | 0.00413     |
|    learning_rate        | 0.0003      |
|    loss                 | 2.5         |
|    n_updates            | 70          |
|    policy_gradient_loss | -0.00938    |
|    std                  | 0.977       |
|    value_loss           | 15.1        |
-----------------------------------------
New best mean reward!
---------------------------------
| rollout/           |          |
|    ep_len_mean     | 200      |
|    ep_rew_mean     | -174     |
|    success_rate    | 0        |
| time/              |          |
|    fps             | 774      |
|    iterations      | 8        |
|    time_elapsed    | 21       |
|    total_timesteps | 16384    |
---------------------------------
-----------------------------------------
| rollout/                |             |
|    ep_len_mean          | 200         |
|    ep_rew_mean          | -175        |
|    success_rate         | 0           |
| time/                   |             |
|    fps                  | 806         |
|    iterations           | 9           |
|    time_elapsed         | 22          |
|    total_timesteps      | 18432       |
| train/                  |             |
|    approx_kl            | 0.012598211 |
|    clip_fraction        | 0.101       |
|    clip_range           | 0.2         |
|    entropy_loss         | -9.78       |
|    explained_variance   | 0.0256      |
|    learning_rate        | 0.0003      |
|    loss                 | 2.95        |
|    n_updates            | 80          |
|    policy_gradient_loss | -0.00378    |
|    std                  | 0.979       |
|    value_loss           | 12.6        |
-----------------------------------------
Eval num_timesteps=20000, episode_reward=-134.80 +/- 24.00
Episode length: 200.00 +/- 0.00
Success rate: 0.00%
-----------------------------------------
| eval/                   |             |
|    mean_ep_length       | 200         |
|    mean_reward          | -135        |
|    success_rate         | 0           |
| time/                   |             |
|    total_timesteps      | 20000       |
| train/                  |             |
|    approx_kl            | 0.011414988 |
|    clip_fraction        | 0.0563      |
|    clip_range           | 0.2         |
|    entropy_loss         | -9.79       |
|    explained_variance   | 0.485       |
|    learning_rate        | 0.0003      |
|    loss                 | 1.47        |
|    n_updates            | 90          |
|    policy_gradient_loss | -0.0109     |
|    std                  | 0.982       |
|    value_loss           | 9.28        |
-----------------------------------------
New best mean reward!
---------------------------------
| rollout/           |          |
|    ep_len_mean     | 200      |
|    ep_rew_mean     | -173     |
|    success_rate    | 0        |
| time/              |          |
|    fps             | 746      |
|    iterations      | 10       |
|    time_elapsed    | 27       |
|    total_timesteps | 20480    |
---------------------------------
-----------------------------------------
| rollout/                |             |
|    ep_len_mean          | 200         |
|    ep_rew_mean          | -169        |
|    success_rate         | 0           |
| time/                   |             |
|    fps                  | 772         |
|    iterations           | 11          |
|    time_elapsed         | 29          |
|    total_timesteps      | 22528       |
| train/                  |             |
|    approx_kl            | 0.012612872 |
|    clip_fraction        | 0.122       |
|    clip_range           | 0.2         |
|    entropy_loss         | -9.77       |
|    explained_variance   | 0.835       |
|    learning_rate        | 0.0003      |
|    loss                 | 1.45        |
|    n_updates            | 100         |
|    policy_gradient_loss | -0.0173     |
|    std                  | 0.975       |
|    value_loss           | 5.39        |
-----------------------------------------
-----------------------------------------
| rollout/                |             |
|    ep_len_mean          | 200         |
|    ep_rew_mean          | -164        |
|    success_rate         | 0           |
| time/                   |             |
|    fps                  | 796         |
|    iterations           | 12          |
|    time_elapsed         | 30          |
|    total_timesteps      | 24576       |
| train/                  |             |
|    approx_kl            | 0.013053937 |
|    clip_fraction        | 0.159       |
|    clip_range           | 0.2         |
|    entropy_loss         | -9.74       |
|    explained_variance   | 0.925       |
|    learning_rate        | 0.0003      |
|    loss                 | 1.51        |
|    n_updates            | 110         |
|    policy_gradient_loss | -0.0212     |
|    std                  | 0.972       |
|    value_loss           | 4.72        |
-----------------------------------------
Eval num_timesteps=25000, episode_reward=-110.58 +/- 16.20
Episode length: 200.00 +/- 0.00
Success rate: 0.00%
------------------------------------------
| eval/                   |              |
|    mean_ep_length       | 200          |
|    mean_reward          | -111         |
|    success_rate         | 0            |
| time/                   |              |
|    total_timesteps      | 25000        |
| train/                  |              |
|    approx_kl            | 0.0139458515 |
|    clip_fraction        | 0.148        |
|    clip_range           | 0.2          |
|    entropy_loss         | -9.72        |
|    explained_variance   | 0.97         |
|    learning_rate        | 0.0003       |
|    loss                 | 1.2          |
|    n_updates            | 120          |
|    policy_gradient_loss | -0.0235      |
|    std                  | 0.971        |
|    value_loss           | 5.18         |
------------------------------------------
New best mean reward!
---------------------------------
| rollout/           |          |
|    ep_len_mean     | 200      |
|    ep_rew_mean     | -158     |
|    success_rate    | 0        |
| time/              |          |
|    fps             | 750      |
|    iterations      | 13       |
|    time_elapsed    | 35       |
|    total_timesteps | 26624    |
---------------------------------
-----------------------------------------
| rollout/                |             |
|    ep_len_mean          | 200         |
|    ep_rew_mean          | -152        |
|    success_rate         | 0           |
| time/                   |             |
|    fps                  | 771         |
|    iterations           | 14          |
|    time_elapsed         | 37          |
|    total_timesteps      | 28672       |
| train/                  |             |
|    approx_kl            | 0.016529128 |
|    clip_fraction        | 0.187       |
|    clip_range           | 0.2         |
|    entropy_loss         | -9.72       |
|    explained_variance   | 0.978       |
|    learning_rate        | 0.0003      |
|    loss                 | 1.79        |
|    n_updates            | 130         |
|    policy_gradient_loss | -0.0276     |
|    std                  | 0.97        |
|    value_loss           | 5.84        |
-----------------------------------------
Eval num_timesteps=30000, episode_reward=-105.78 +/- 9.96
Episode length: 200.00 +/- 0.00
Success rate: 0.00%
-----------------------------------------
| eval/                   |             |
|    mean_ep_length       | 200         |
|    mean_reward          | -106        |
|    success_rate         | 0           |
| time/                   |             |
|    total_timesteps      | 30000       |
| train/                  |             |
|    approx_kl            | 0.013938798 |
|    clip_fraction        | 0.18        |
|    clip_range           | 0.2         |
|    entropy_loss         | -9.69       |
|    explained_variance   | 0.977       |
|    learning_rate        | 0.0003      |
|    loss                 | 1.14        |
|    n_updates            | 140         |
|    policy_gradient_loss | -0.0239     |
|    std                  | 0.966       |
|    value_loss           | 5.2         |
-----------------------------------------
New best mean reward!
---------------------------------
| rollout/           |          |
|    ep_len_mean     | 200      |
|    ep_rew_mean     | -147     |
|    success_rate    | 0        |
| time/              |          |
|    fps             | 734      |
|    iterations      | 15       |
|    time_elapsed    | 41       |
|    total_timesteps | 30720    |
---------------------------------
-----------------------------------------
| rollout/                |             |
|    ep_len_mean          | 200         |
|    ep_rew_mean          | -142        |
|    success_rate         | 0           |
| time/                   |             |
|    fps                  | 753         |
|    iterations           | 16          |
|    time_elapsed         | 43          |
|    total_timesteps      | 32768       |
| train/                  |             |
|    approx_kl            | 0.012838269 |
|    clip_fraction        | 0.185       |
|    clip_range           | 0.2         |
|    entropy_loss         | -9.65       |
|    explained_variance   | 0.988       |
|    learning_rate        | 0.0003      |
|    loss                 | 1.62        |
|    n_updates            | 150         |
|    policy_gradient_loss | -0.023      |
|    std                  | 0.959       |
|    value_loss           | 3.89        |
-----------------------------------------
-----------------------------------------
| rollout/                |             |
|    ep_len_mean          | 200         |
|    ep_rew_mean          | -137        |
|    success_rate         | 0           |
| time/                   |             |
|    fps                  | 769         |
|    iterations           | 17          |
|    time_elapsed         | 45          |
|    total_timesteps      | 34816       |
| train/                  |             |
|    approx_kl            | 0.010924911 |
|    clip_fraction        | 0.12        |
|    clip_range           | 0.2         |
|    entropy_loss         | -9.62       |
|    explained_variance   | 0.967       |
|    learning_rate        | 0.0003      |
|    loss                 | 2.84        |
|    n_updates            | 160         |
|    policy_gradient_loss | -0.0138     |
|    std                  | 0.957       |
|    value_loss           | 5.16        |
-----------------------------------------
Eval num_timesteps=35000, episode_reward=-102.60 +/- 12.22
Episode length: 200.00 +/- 0.00
Success rate: 0.00%
------------------------------------------
| eval/                   |              |
|    mean_ep_length       | 200          |
|    mean_reward          | -103         |
|    success_rate         | 0            |
| time/                   |              |
|    total_timesteps      | 35000        |
| train/                  |              |
|    approx_kl            | 0.0118858665 |
|    clip_fraction        | 0.125        |
|    clip_range           | 0.2          |
|    entropy_loss         | -9.6         |
|    explained_variance   | 0.978        |
|    learning_rate        | 0.0003       |
|    loss                 | 1.23         |
|    n_updates            | 170          |
|    policy_gradient_loss | -0.0127      |
|    std                  | 0.954        |
|    value_loss           | 3.53         |
------------------------------------------
New best mean reward!
---------------------------------
| rollout/           |          |
|    ep_len_mean     | 200      |
|    ep_rew_mean     | -131     |
|    success_rate    | 0        |
| time/              |          |
|    fps             | 737      |
|    iterations      | 18       |
|    time_elapsed    | 49       |
|    total_timesteps | 36864    |
---------------------------------
-----------------------------------------
| rollout/                |             |
|    ep_len_mean          | 200         |
|    ep_rew_mean          | -125        |
|    success_rate         | 0           |
| time/                   |             |
|    fps                  | 752         |
|    iterations           | 19          |
|    time_elapsed         | 51          |
|    total_timesteps      | 38912       |
| train/                  |             |
|    approx_kl            | 0.014240397 |
|    clip_fraction        | 0.114       |
|    clip_range           | 0.2         |
|    entropy_loss         | -9.58       |
|    explained_variance   | 0.974       |
|    learning_rate        | 0.0003      |
|    loss                 | 0.843       |
|    n_updates            | 180         |
|    policy_gradient_loss | -0.0145     |
|    std                  | 0.951       |
|    value_loss           | 3.1         |
-----------------------------------------
Eval num_timesteps=40000, episode_reward=-94.56 +/- 9.02
Episode length: 200.00 +/- 0.00
Success rate: 0.00%
-----------------------------------------
| eval/                   |             |
|    mean_ep_length       | 200         |
|    mean_reward          | -94.6       |
|    success_rate         | 0           |
| time/                   |             |
|    total_timesteps      | 40000       |
| train/                  |             |
|    approx_kl            | 0.010696143 |
|    clip_fraction        | 0.136       |
|    clip_range           | 0.2         |
|    entropy_loss         | -9.54       |
|    explained_variance   | 0.981       |
|    learning_rate        | 0.0003      |
|    loss                 | 1.03        |
|    n_updates            | 190         |
|    policy_gradient_loss | -0.0141     |
|    std                  | 0.943       |
|    value_loss           | 3           |
-----------------------------------------
New best mean reward!
---------------------------------
| rollout/           |          |
|    ep_len_mean     | 200      |
|    ep_rew_mean     | -120     |
|    success_rate    | 0        |
| time/              |          |
|    fps             | 727      |
|    iterations      | 20       |
|    time_elapsed    | 56       |
|    total_timesteps | 40960    |
---------------------------------
-----------------------------------------
| rollout/                |             |
|    ep_len_mean          | 200         |
|    ep_rew_mean          | -116        |
|    success_rate         | 0           |
| time/                   |             |
|    fps                  | 740         |
|    iterations           | 21          |
|    time_elapsed         | 58          |
|    total_timesteps      | 43008       |
| train/                  |             |
|    approx_kl            | 0.012213552 |
|    clip_fraction        | 0.112       |
|    clip_range           | 0.2         |
|    entropy_loss         | -9.51       |
|    explained_variance   | 0.977       |
|    learning_rate        | 0.0003      |
|    loss                 | 1.38        |
|    n_updates            | 200         |
|    policy_gradient_loss | -0.0148     |
|    std                  | 0.942       |
|    value_loss           | 2.69        |
-----------------------------------------
Eval num_timesteps=45000, episode_reward=-94.09 +/- 10.98
Episode length: 200.00 +/- 0.00
Success rate: 0.00%
-----------------------------------------
| eval/                   |             |
|    mean_ep_length       | 200         |
|    mean_reward          | -94.1       |
|    success_rate         | 0           |
| time/                   |             |
|    total_timesteps      | 45000       |
| train/                  |             |
|    approx_kl            | 0.013080531 |
|    clip_fraction        | 0.132       |
|    clip_range           | 0.2         |
|    entropy_loss         | -9.49       |
|    explained_variance   | 0.978       |
|    learning_rate        | 0.0003      |
|    loss                 | 0.704       |
|    n_updates            | 210         |
|    policy_gradient_loss | -0.0174     |
|    std                  | 0.94        |
|    value_loss           | 2.89        |
-----------------------------------------
New best mean reward!
---------------------------------
| rollout/           |          |
|    ep_len_mean     | 200      |
|    ep_rew_mean     | -115     |
|    success_rate    | 0        |
| time/              |          |
|    fps             | 718      |
|    iterations      | 22       |
|    time_elapsed    | 62       |
|    total_timesteps | 45056    |
---------------------------------
-----------------------------------------
| rollout/                |             |
|    ep_len_mean          | 200         |
|    ep_rew_mean          | -113        |
|    success_rate         | 0           |
| time/                   |             |
|    fps                  | 731         |
|    iterations           | 23          |
|    time_elapsed         | 64          |
|    total_timesteps      | 47104       |
| train/                  |             |
|    approx_kl            | 0.013252919 |
|    clip_fraction        | 0.154       |
|    clip_range           | 0.2         |
|    entropy_loss         | -9.44       |
|    explained_variance   | 0.986       |
|    learning_rate        | 0.0003      |
|    loss                 | 0.575       |
|    n_updates            | 220         |
|    policy_gradient_loss | -0.018      |
|    std                  | 0.93        |
|    value_loss           | 2.41        |
-----------------------------------------
-----------------------------------------
| rollout/                |             |
|    ep_len_mean          | 200         |
|    ep_rew_mean          | -111        |
|    success_rate         | 0           |
| time/                   |             |
|    fps                  | 743         |
|    iterations           | 24          |
|    time_elapsed         | 66          |
|    total_timesteps      | 49152       |
| train/                  |             |
|    approx_kl            | 0.013121069 |
|    clip_fraction        | 0.18        |
|    clip_range           | 0.2         |
|    entropy_loss         | -9.38       |
|    explained_variance   | 0.989       |
|    learning_rate        | 0.0003      |
|    loss                 | 0.88        |
|    n_updates            | 230         |
|    policy_gradient_loss | -0.0184     |
|    std                  | 0.924       |
|    value_loss           | 2.16        |
-----------------------------------------
Eval num_timesteps=50000, episode_reward=-80.65 +/- 14.92
Episode length: 193.70 +/- 23.76
Success rate: 6.67%
-----------------------------------------
| eval/                   |             |
|    mean_ep_length       | 194         |
|    mean_reward          | -80.7       |
|    success_rate         | 0.0667      |
| time/                   |             |
|    total_timesteps      | 50000       |
| train/                  |             |
|    approx_kl            | 0.012565781 |
|    clip_fraction        | 0.173       |
|    clip_range           | 0.2         |
|    entropy_loss         | -9.36       |
|    explained_variance   | 0.991       |
|    learning_rate        | 0.0003      |
|    loss                 | 0.781       |
|    n_updates            | 240         |
|    policy_gradient_loss | -0.016      |
|    std                  | 0.923       |
|    value_loss           | 1.69        |
-----------------------------------------
New best mean reward!
---------------------------------
| rollout/           |          |
|    ep_len_mean     | 200      |
|    ep_rew_mean     | -108     |
|    success_rate    | 0        |
| time/              |          |
|    fps             | 722      |
|    iterations      | 25       |
|    time_elapsed    | 70       |
|    total_timesteps | 51200    |
---------------------------------
-----------------------------------------
| rollout/                |             |
|    ep_len_mean          | 200         |
|    ep_rew_mean          | -105        |
|    success_rate         | 0           |
| time/                   |             |
|    fps                  | 732         |
|    iterations           | 26          |
|    time_elapsed         | 72          |
|    total_timesteps      | 53248       |
| train/                  |             |
|    approx_kl            | 0.013217562 |
|    clip_fraction        | 0.153       |
|    clip_range           | 0.2         |
|    entropy_loss         | -9.36       |
|    explained_variance   | 0.991       |
|    learning_rate        | 0.0003      |
|    loss                 | 0.795       |
|    n_updates            | 250         |
|    policy_gradient_loss | -0.0153     |
|    std                  | 0.925       |
|    value_loss           | 1.82        |
-----------------------------------------
Eval num_timesteps=55000, episode_reward=-79.69 +/- 14.05
Episode length: 194.03 +/- 22.34
Success rate: 6.67%
-----------------------------------------
| eval/                   |             |
|    mean_ep_length       | 194         |
|    mean_reward          | -79.7       |
|    success_rate         | 0.0667      |
| time/                   |             |
|    total_timesteps      | 55000       |
| train/                  |             |
|    approx_kl            | 0.013749905 |
|    clip_fraction        | 0.162       |
|    clip_range           | 0.2         |
|    entropy_loss         | -9.35       |
|    explained_variance   | 0.986       |
|    learning_rate        | 0.0003      |
|    loss                 | 0.969       |
|    n_updates            | 260         |
|    policy_gradient_loss | -0.0153     |
|    std                  | 0.919       |
|    value_loss           | 2.44        |
-----------------------------------------
New best mean reward!
---------------------------------
| rollout/           |          |
|    ep_len_mean     | 200      |
|    ep_rew_mean     | -103     |
|    success_rate    | 0        |
| time/              |          |
|    fps             | 716      |
|    iterations      | 27       |
|    time_elapsed    | 77       |
|    total_timesteps | 55296    |
---------------------------------
------------------------------------------
| rollout/                |              |
|    ep_len_mean          | 200          |
|    ep_rew_mean          | -100         |
|    success_rate         | 0.01         |
| time/                   |              |
|    fps                  | 726          |
|    iterations           | 28           |
|    time_elapsed         | 78           |
|    total_timesteps      | 57344        |
| train/                  |              |
|    approx_kl            | 0.0139090195 |
|    clip_fraction        | 0.192        |
|    clip_range           | 0.2          |
|    entropy_loss         | -9.31        |
|    explained_variance   | 0.991        |
|    learning_rate        | 0.0003       |
|    loss                 | 0.715        |
|    n_updates            | 270          |
|    policy_gradient_loss | -0.02        |
|    std                  | 0.915        |
|    value_loss           | 1.75         |
------------------------------------------
-----------------------------------------
| rollout/                |             |
|    ep_len_mean          | 199         |
|    ep_rew_mean          | -96.5       |
|    success_rate         | 0.02        |
| time/                   |             |
|    fps                  | 736         |
|    iterations           | 29          |
|    time_elapsed         | 80          |
|    total_timesteps      | 59392       |
| train/                  |             |
|    approx_kl            | 0.014240945 |
|    clip_fraction        | 0.162       |
|    clip_range           | 0.2         |
|    entropy_loss         | -9.27       |
|    explained_variance   | 0.983       |
|    learning_rate        | 0.0003      |
|    loss                 | 0.715       |
|    n_updates            | 280         |
|    policy_gradient_loss | -0.0132     |
|    std                  | 0.908       |
|    value_loss           | 4.78        |
-----------------------------------------
Eval num_timesteps=60000, episode_reward=-91.92 +/- 16.14
Episode length: 195.63 +/- 23.52
Success rate: 3.33%
-----------------------------------------
| eval/                   |             |
|    mean_ep_length       | 196         |
|    mean_reward          | -91.9       |
|    success_rate         | 0.0333      |
| time/                   |             |
|    total_timesteps      | 60000       |
| train/                  |             |
|    approx_kl            | 0.010245075 |
|    clip_fraction        | 0.123       |
|    clip_range           | 0.2         |
|    entropy_loss         | -9.22       |
|    explained_variance   | 0.988       |
|    learning_rate        | 0.0003      |
|    loss                 | 0.44        |
|    n_updates            | 290         |
|    policy_gradient_loss | -0.00874    |
|    std                  | 0.904       |
|    value_loss           | 2.04        |
-----------------------------------------
---------------------------------
| rollout/           |          |
|    ep_len_mean     | 199      |
|    ep_rew_mean     | -94.5    |
|    success_rate    | 0.02     |
| time/              |          |
|    fps             | 720      |
|    iterations      | 30       |
|    time_elapsed    | 85       |
|    total_timesteps | 61440    |
---------------------------------
-----------------------------------------
| rollout/                |             |
|    ep_len_mean          | 199         |
|    ep_rew_mean          | -90.8       |
|    success_rate         | 0.03        |
| time/                   |             |
|    fps                  | 729         |
|    iterations           | 31          |
|    time_elapsed         | 87          |
|    total_timesteps      | 63488       |
| train/                  |             |
|    approx_kl            | 0.016439706 |
|    clip_fraction        | 0.163       |
|    clip_range           | 0.2         |
|    entropy_loss         | -9.22       |
|    explained_variance   | 0.985       |
|    learning_rate        | 0.0003      |
|    loss                 | 0.541       |
|    n_updates            | 300         |
|    policy_gradient_loss | -0.0141     |
|    std                  | 0.907       |
|    value_loss           | 1.68        |
-----------------------------------------
Eval num_timesteps=65000, episode_reward=-96.44 +/- 16.16
Episode length: 196.73 +/- 17.59
Success rate: 3.33%
-----------------------------------------
| eval/                   |             |
|    mean_ep_length       | 197         |
|    mean_reward          | -96.4       |
|    success_rate         | 0.0333      |
| time/                   |             |
|    total_timesteps      | 65000       |
| train/                  |             |
|    approx_kl            | 0.012271527 |
|    clip_fraction        | 0.127       |
|    clip_range           | 0.2         |
|    entropy_loss         | -9.21       |
|    explained_variance   | 0.983       |
|    learning_rate        | 0.0003      |
|    loss                 | 0.476       |
|    n_updates            | 310         |
|    policy_gradient_loss | -0.0103     |
|    std                  | 0.904       |
|    value_loss           | 1.75        |
-----------------------------------------
---------------------------------
| rollout/           |          |
|    ep_len_mean     | 199      |
|    ep_rew_mean     | -88.3    |
|    success_rate    | 0.03     |
| time/              |          |
|    fps             | 715      |
|    iterations      | 32       |
|    time_elapsed    | 91       |
|    total_timesteps | 65536    |
---------------------------------
-----------------------------------------
| rollout/                |             |
|    ep_len_mean          | 199         |
|    ep_rew_mean          | -85.1       |
|    success_rate         | 0.03        |
| time/                   |             |
|    fps                  | 724         |
|    iterations           | 33          |
|    time_elapsed         | 93          |
|    total_timesteps      | 67584       |
| train/                  |             |
|    approx_kl            | 0.014890442 |
|    clip_fraction        | 0.158       |
|    clip_range           | 0.2         |
|    entropy_loss         | -9.17       |
|    explained_variance   | 0.991       |
|    learning_rate        | 0.0003      |
|    loss                 | 0.367       |
|    n_updates            | 320         |
|    policy_gradient_loss | -0.0127     |
|    std                  | 0.896       |
|    value_loss           | 1.19        |
-----------------------------------------
-----------------------------------------
| rollout/                |             |
|    ep_len_mean          | 199         |
|    ep_rew_mean          | -83.8       |
|    success_rate         | 0.03        |
| time/                   |             |
|    fps                  | 733         |
|    iterations           | 34          |
|    time_elapsed         | 94          |
|    total_timesteps      | 69632       |
| train/                  |             |
|    approx_kl            | 0.013164554 |
|    clip_fraction        | 0.169       |
|    clip_range           | 0.2         |
|    entropy_loss         | -9.14       |
|    explained_variance   | 0.989       |
|    learning_rate        | 0.0003      |
|    loss                 | 0.32        |
|    n_updates            | 330         |
|    policy_gradient_loss | -0.0143     |
|    std                  | 0.896       |
|    value_loss           | 1.05        |
-----------------------------------------
Eval num_timesteps=70000, episode_reward=-99.17 +/- 11.28
Episode length: 200.00 +/- 0.00
Success rate: 0.00%
-----------------------------------------
| eval/                   |             |
|    mean_ep_length       | 200         |
|    mean_reward          | -99.2       |
|    success_rate         | 0           |
| time/                   |             |
|    total_timesteps      | 70000       |
| train/                  |             |
|    approx_kl            | 0.012639074 |
|    clip_fraction        | 0.15        |
|    clip_range           | 0.2         |
|    entropy_loss         | -9.13       |
|    explained_variance   | 0.986       |
|    learning_rate        | 0.0003      |
|    loss                 | 0.385       |
|    n_updates            | 340         |
|    policy_gradient_loss | -0.0093     |
|    std                  | 0.894       |
|    value_loss           | 1.06        |
-----------------------------------------
---------------------------------
| rollout/           |          |
|    ep_len_mean     | 198      |
|    ep_rew_mean     | -80.8    |
|    success_rate    | 0.04     |
| time/              |          |
|    fps             | 720      |
|    iterations      | 35       |
|    time_elapsed    | 99       |
|    total_timesteps | 71680    |
---------------------------------
-----------------------------------------
| rollout/                |             |
|    ep_len_mean          | 198         |
|    ep_rew_mean          | -79.9       |
|    success_rate         | 0.04        |
| time/                   |             |
|    fps                  | 728         |
|    iterations           | 36          |
|    time_elapsed         | 101         |
|    total_timesteps      | 73728       |
| train/                  |             |
|    approx_kl            | 0.013093244 |
|    clip_fraction        | 0.138       |
|    clip_range           | 0.2         |
|    entropy_loss         | -9.11       |
|    explained_variance   | 0.989       |
|    learning_rate        | 0.0003      |
|    loss                 | 0.44        |
|    n_updates            | 350         |
|    policy_gradient_loss | -0.0105     |
|    std                  | 0.89        |
|    value_loss           | 1.64        |
-----------------------------------------
Eval num_timesteps=75000, episode_reward=-98.86 +/- 17.82
Episode length: 196.37 +/- 19.57
Success rate: 3.33%
-----------------------------------------
| eval/                   |             |
|    mean_ep_length       | 196         |
|    mean_reward          | -98.9       |
|    success_rate         | 0.0333      |
| time/                   |             |
|    total_timesteps      | 75000       |
| train/                  |             |
|    approx_kl            | 0.013879258 |
|    clip_fraction        | 0.146       |
|    clip_range           | 0.2         |
|    entropy_loss         | -9.07       |
|    explained_variance   | 0.989       |
|    learning_rate        | 0.0003      |
|    loss                 | 0.367       |
|    n_updates            | 360         |
|    policy_gradient_loss | -0.0117     |
|    std                  | 0.885       |
|    value_loss           | 0.78        |
-----------------------------------------
---------------------------------
| rollout/           |          |
|    ep_len_mean     | 198      |
|    ep_rew_mean     | -78.4    |
|    success_rate    | 0.05     |
| time/              |          |
|    fps             | 714      |
|    iterations      | 37       |
|    time_elapsed    | 106      |
|    total_timesteps | 75776    |
---------------------------------
-----------------------------------------
| rollout/                |             |
|    ep_len_mean          | 197         |
|    ep_rew_mean          | -78.3       |
|    success_rate         | 0.05        |
| time/                   |             |
|    fps                  | 721         |
|    iterations           | 38          |
|    time_elapsed         | 107         |
|    total_timesteps      | 77824       |
| train/                  |             |
|    approx_kl            | 0.013142234 |
|    clip_fraction        | 0.144       |
|    clip_range           | 0.2         |
|    entropy_loss         | -9.05       |
|    explained_variance   | 0.979       |
|    learning_rate        | 0.0003      |
|    loss                 | 0.588       |
|    n_updates            | 370         |
|    policy_gradient_loss | -0.0149     |
|    std                  | 0.883       |
|    value_loss           | 1.67        |
-----------------------------------------
-----------------------------------------
| rollout/                |             |
|    ep_len_mean          | 198         |
|    ep_rew_mean          | -78.5       |
|    success_rate         | 0.04        |
| time/                   |             |
|    fps                  | 728         |
|    iterations           | 39          |
|    time_elapsed         | 109         |
|    total_timesteps      | 79872       |
| train/                  |             |
|    approx_kl            | 0.010159009 |
|    clip_fraction        | 0.116       |
|    clip_range           | 0.2         |
|    entropy_loss         | -9.03       |
|    explained_variance   | 0.984       |
|    learning_rate        | 0.0003      |
|    loss                 | 0.682       |
|    n_updates            | 380         |
|    policy_gradient_loss | -0.0115     |
|    std                  | 0.882       |
|    value_loss           | 1.69        |
-----------------------------------------
Eval num_timesteps=80000, episode_reward=-90.20 +/- 28.47
Episode length: 182.43 +/- 39.42
Success rate: 16.67%
----------------------------------------
| eval/                   |            |
|    mean_ep_length       | 182        |
|    mean_reward          | -90.2      |
|    success_rate         | 0.167      |
| time/                   |            |
|    total_timesteps      | 80000      |
| train/                  |            |
|    approx_kl            | 0.01289984 |
|    clip_fraction        | 0.127      |
|    clip_range           | 0.2        |
|    entropy_loss         | -9.03      |
|    explained_variance   | 0.981      |
|    learning_rate        | 0.0003     |
|    loss                 | 0.245      |
|    n_updates            | 390        |
|    policy_gradient_loss | -0.0117    |
|    std                  | 0.881      |
|    value_loss           | 1.1        |
----------------------------------------
---------------------------------
| rollout/           |          |
|    ep_len_mean     | 198      |
|    ep_rew_mean     | -78.8    |
|    success_rate    | 0.04     |
| time/              |          |
|    fps             | 716      |
|    iterations      | 40       |
|    time_elapsed    | 114      |
|    total_timesteps | 81920    |
---------------------------------
-----------------------------------------
| rollout/                |             |
|    ep_len_mean          | 198         |
|    ep_rew_mean          | -79.3       |
|    success_rate         | 0.03        |
| time/                   |             |
|    fps                  | 723         |
|    iterations           | 41          |
|    time_elapsed         | 116         |
|    total_timesteps      | 83968       |
| train/                  |             |
|    approx_kl            | 0.012084251 |
|    clip_fraction        | 0.119       |
|    clip_range           | 0.2         |
|    entropy_loss         | -9.03       |
|    explained_variance   | 0.984       |
|    learning_rate        | 0.0003      |
|    loss                 | 0.397       |
|    n_updates            | 400         |
|    policy_gradient_loss | -0.0105     |
|    std                  | 0.882       |
|    value_loss           | 1.24        |
-----------------------------------------
Eval num_timesteps=85000, episode_reward=-85.80 +/- 35.16
Episode length: 172.30 +/- 50.71
Success rate: 23.33%
----------------------------------------
| eval/                   |            |
|    mean_ep_length       | 172        |
|    mean_reward          | -85.8      |
|    success_rate         | 0.233      |
| time/                   |            |
|    total_timesteps      | 85000      |
| train/                  |            |
|    approx_kl            | 0.01274693 |
|    clip_fraction        | 0.133      |
|    clip_range           | 0.2        |
|    entropy_loss         | -9         |
|    explained_variance   | 0.983      |
|    learning_rate        | 0.0003     |
|    loss                 | 0.228      |
|    n_updates            | 410        |
|    policy_gradient_loss | -0.00688   |
|    std                  | 0.874      |
|    value_loss           | 0.987      |
----------------------------------------
---------------------------------
| rollout/           |          |
|    ep_len_mean     | 197      |
|    ep_rew_mean     | -78.7    |
|    success_rate    | 0.04     |
| time/              |          |
|    fps             | 711      |
|    iterations      | 42       |
|    time_elapsed    | 120      |
|    total_timesteps | 86016    |
---------------------------------
-----------------------------------------
| rollout/                |             |
|    ep_len_mean          | 197         |
|    ep_rew_mean          | -78.6       |
|    success_rate         | 0.04        |
| time/                   |             |
|    fps                  | 717         |
|    iterations           | 43          |
|    time_elapsed         | 122         |
|    total_timesteps      | 88064       |
| train/                  |             |
|    approx_kl            | 0.011185849 |
|    clip_fraction        | 0.133       |
|    clip_range           | 0.2         |
|    entropy_loss         | -8.95       |
|    explained_variance   | 0.973       |
|    learning_rate        | 0.0003      |
|    loss                 | 0.453       |
|    n_updates            | 420         |
|    policy_gradient_loss | -0.0126     |
|    std                  | 0.87        |
|    value_loss           | 1.4         |
-----------------------------------------
Eval num_timesteps=90000, episode_reward=-100.68 +/- 23.40
Episode length: 189.73 +/- 30.81
Success rate: 10.00%
-----------------------------------------
| eval/                   |             |
|    mean_ep_length       | 190         |
|    mean_reward          | -101        |
|    success_rate         | 0.1         |
| time/                   |             |
|    total_timesteps      | 90000       |
| train/                  |             |
|    approx_kl            | 0.010232315 |
|    clip_fraction        | 0.11        |
|    clip_range           | 0.2         |
|    entropy_loss         | -8.92       |
|    explained_variance   | 0.963       |
|    learning_rate        | 0.0003      |
|    loss                 | 0.296       |
|    n_updates            | 430         |
|    policy_gradient_loss | -0.00585    |
|    std                  | 0.865       |
|    value_loss           | 1.08        |
-----------------------------------------
---------------------------------
| rollout/           |          |
|    ep_len_mean     | 194      |
|    ep_rew_mean     | -78.2    |
|    success_rate    | 0.07     |
| time/              |          |
|    fps             | 706      |
|    iterations      | 44       |
|    time_elapsed    | 127      |
|    total_timesteps | 90112    |
---------------------------------
------------------------------------------
| rollout/                |              |
|    ep_len_mean          | 195          |
|    ep_rew_mean          | -79.4        |
|    success_rate         | 0.06         |
| time/                   |              |
|    fps                  | 711          |
|    iterations           | 45           |
|    time_elapsed         | 129          |
|    total_timesteps      | 92160        |
| train/                  |              |
|    approx_kl            | 0.0115949325 |
|    clip_fraction        | 0.105        |
|    clip_range           | 0.2          |
|    entropy_loss         | -8.9         |
|    explained_variance   | 0.958        |
|    learning_rate        | 0.0003       |
|    loss                 | 1.49         |
|    n_updates            | 440          |
|    policy_gradient_loss | -0.00917     |
|    std                  | 0.864        |
|    value_loss           | 3.46         |
------------------------------------------
----------------------------------------
| rollout/                |            |
|    ep_len_mean          | 196        |
|    ep_rew_mean          | -80.4      |
|    success_rate         | 0.05       |
| time/                   |            |
|    fps                  | 716        |
|    iterations           | 46         |
|    time_elapsed         | 131        |
|    total_timesteps      | 94208      |
| train/                  |            |
|    approx_kl            | 0.01024342 |
|    clip_fraction        | 0.17       |
|    clip_range           | 0.2        |
|    entropy_loss         | -8.88      |
|    explained_variance   | 0.986      |
|    learning_rate        | 0.0003     |
|    loss                 | 0.195      |
|    n_updates            | 450        |
|    policy_gradient_loss | -0.00889   |
|    std                  | 0.86       |
|    value_loss           | 0.713      |
----------------------------------------
Eval num_timesteps=95000, episode_reward=-90.29 +/- 17.45
Episode length: 192.97 +/- 26.66
Success rate: 6.67%
-----------------------------------------
| eval/                   |             |
|    mean_ep_length       | 193         |
|    mean_reward          | -90.3       |
|    success_rate         | 0.0667      |
| time/                   |             |
|    total_timesteps      | 95000       |
| train/                  |             |
|    approx_kl            | 0.010449452 |
|    clip_fraction        | 0.124       |
|    clip_range           | 0.2         |
|    entropy_loss         | -8.85       |
|    explained_variance   | 0.982       |
|    learning_rate        | 0.0003      |
|    loss                 | 0.173       |
|    n_updates            | 460         |
|    policy_gradient_loss | -0.00766    |
|    std                  | 0.855       |
|    value_loss           | 0.684       |
-----------------------------------------
---------------------------------
| rollout/           |          |
|    ep_len_mean     | 195      |
|    ep_rew_mean     | -79.9    |
|    success_rate    | 0.06     |
| time/              |          |
|    fps             | 705      |
|    iterations      | 47       |
|    time_elapsed    | 136      |
|    total_timesteps | 96256    |
---------------------------------
-----------------------------------------
| rollout/                |             |
|    ep_len_mean          | 192         |
|    ep_rew_mean          | -77.6       |
|    success_rate         | 0.09        |
| time/                   |             |
|    fps                  | 711         |
|    iterations           | 48          |
|    time_elapsed         | 138         |
|    total_timesteps      | 98304       |
| train/                  |             |
|    approx_kl            | 0.014329359 |
|    clip_fraction        | 0.168       |
|    clip_range           | 0.2         |
|    entropy_loss         | -8.82       |
|    explained_variance   | 0.98        |
|    learning_rate        | 0.0003      |
|    loss                 | 0.451       |
|    n_updates            | 470         |
|    policy_gradient_loss | -0.0111     |
|    std                  | 0.853       |
|    value_loss           | 1.62        |
-----------------------------------------
Eval num_timesteps=100000, episode_reward=-88.86 +/- 13.73
Episode length: 196.13 +/- 20.82
Success rate: 3.33%
-----------------------------------------
| eval/                   |             |
|    mean_ep_length       | 196         |
|    mean_reward          | -88.9       |
|    success_rate         | 0.0333      |
| time/                   |             |
|    total_timesteps      | 100000      |
| train/                  |             |
|    approx_kl            | 0.010237461 |
|    clip_fraction        | 0.0998      |
|    clip_range           | 0.2         |
|    entropy_loss         | -8.8        |
|    explained_variance   | 0.933       |
|    learning_rate        | 0.0003      |
|    loss                 | 1.11        |
|    n_updates            | 480         |
|    policy_gradient_loss | -0.00755    |
|    std                  | 0.851       |
|    value_loss           | 3.45        |
-----------------------------------------
---------------------------------
| rollout/           |          |
|    ep_len_mean     | 192      |
|    ep_rew_mean     | -77      |
|    success_rate    | 0.09     |
| time/              |          |
|    fps             | 702      |
|    iterations      | 49       |
|    time_elapsed    | 142      |
|    total_timesteps | 100352   |
---------------------------------
-----------------------------------------
| rollout/                |             |
|    ep_len_mean          | 192         |
|    ep_rew_mean          | -76.2       |
|    success_rate         | 0.1         |
| time/                   |             |
|    fps                  | 707         |
|    iterations           | 50          |
|    time_elapsed         | 144         |
|    total_timesteps      | 102400      |
| train/                  |             |
|    approx_kl            | 0.017751876 |
|    clip_fraction        | 0.197       |
|    clip_range           | 0.2         |
|    entropy_loss         | -8.76       |
|    explained_variance   | 0.984       |
|    learning_rate        | 0.0003      |
|    loss                 | 0.165       |
|    n_updates            | 490         |
|    policy_gradient_loss | -0.0175     |
|    std                  | 0.844       |
|    value_loss           | 0.756       |
-----------------------------------------
-----------------------------------------
| rollout/                |             |
|    ep_len_mean          | 191         |
|    ep_rew_mean          | -74.2       |
|    success_rate         | 0.12        |
| time/                   |             |
|    fps                  | 712         |
|    iterations           | 51          |
|    time_elapsed         | 146         |
|    total_timesteps      | 104448      |
| train/                  |             |
|    approx_kl            | 0.010739138 |
|    clip_fraction        | 0.135       |
|    clip_range           | 0.2         |
|    entropy_loss         | -8.71       |
|    explained_variance   | 0.983       |
|    learning_rate        | 0.0003      |
|    loss                 | 2.16        |
|    n_updates            | 500         |
|    policy_gradient_loss | -0.00399    |
|    std                  | 0.839       |
|    value_loss           | 1.26        |
-----------------------------------------
Eval num_timesteps=105000, episode_reward=-62.37 +/- 18.37
Episode length: 177.17 +/- 42.44
Success rate: 23.33%
------------------------------------------
| eval/                   |              |
|    mean_ep_length       | 177          |
|    mean_reward          | -62.4        |
|    success_rate         | 0.233        |
| time/                   |              |
|    total_timesteps      | 105000       |
| train/                  |              |
|    approx_kl            | 0.0144389765 |
|    clip_fraction        | 0.165        |
|    clip_range           | 0.2          |
|    entropy_loss         | -8.69        |
|    explained_variance   | 0.971        |
|    learning_rate        | 0.0003       |
|    loss                 | 1.65         |
|    n_updates            | 510          |
|    policy_gradient_loss | -0.0139      |
|    std                  | 0.84         |
|    value_loss           | 1.89         |
------------------------------------------
New best mean reward!
---------------------------------
| rollout/           |          |
|    ep_len_mean     | 191      |
|    ep_rew_mean     | -73.4    |
|    success_rate    | 0.13     |
| time/              |          |
|    fps             | 704      |
|    iterations      | 52       |
|    time_elapsed    | 151      |
|    total_timesteps | 106496   |
---------------------------------
-----------------------------------------
| rollout/                |             |
|    ep_len_mean          | 192         |
|    ep_rew_mean          | -72.5       |
|    success_rate         | 0.12        |
| time/                   |             |
|    fps                  | 709         |
|    iterations           | 53          |
|    time_elapsed         | 152         |
|    total_timesteps      | 108544      |
| train/                  |             |
|    approx_kl            | 0.014737385 |
|    clip_fraction        | 0.167       |
|    clip_range           | 0.2         |
|    entropy_loss         | -8.68       |
|    explained_variance   | 0.992       |
|    learning_rate        | 0.0003      |
|    loss                 | 0.118       |
|    n_updates            | 520         |
|    policy_gradient_loss | -0.0122     |
|    std                  | 0.836       |
|    value_loss           | 0.622       |
-----------------------------------------
Eval num_timesteps=110000, episode_reward=-67.09 +/- 20.04
Episode length: 180.73 +/- 43.41
Success rate: 16.67%
----------------------------------------
| eval/                   |            |
|    mean_ep_length       | 181        |
|    mean_reward          | -67.1      |
|    success_rate         | 0.167      |
| time/                   |            |
|    total_timesteps      | 110000     |
| train/                  |            |
|    approx_kl            | 0.01092989 |
|    clip_fraction        | 0.141      |
|    clip_range           | 0.2        |
|    entropy_loss         | -8.66      |
|    explained_variance   | 0.973      |
|    learning_rate        | 0.0003     |
|    loss                 | 1.1        |
|    n_updates            | 530        |
|    policy_gradient_loss | -0.00979   |
|    std                  | 0.837      |
|    value_loss           | 1.54       |
----------------------------------------
---------------------------------
| rollout/           |          |
|    ep_len_mean     | 190      |
|    ep_rew_mean     | -69.9    |
|    success_rate    | 0.13     |
| time/              |          |
|    fps             | 701      |
|    iterations      | 54       |
|    time_elapsed    | 157      |
|    total_timesteps | 110592   |
---------------------------------
-----------------------------------------
| rollout/                |             |
|    ep_len_mean          | 190         |
|    ep_rew_mean          | -68.2       |
|    success_rate         | 0.14        |
| time/                   |             |
|    fps                  | 706         |
|    iterations           | 55          |
|    time_elapsed         | 159         |
|    total_timesteps      | 112640      |
| train/                  |             |
|    approx_kl            | 0.012030261 |
|    clip_fraction        | 0.171       |
|    clip_range           | 0.2         |
|    entropy_loss         | -8.67       |
|    explained_variance   | 0.967       |
|    learning_rate        | 0.0003      |
|    loss                 | 0.657       |
|    n_updates            | 540         |
|    policy_gradient_loss | -0.0097     |
|    std                  | 0.836       |
|    value_loss           | 2.5         |
-----------------------------------------
----------------------------------------
| rollout/                |            |
|    ep_len_mean          | 190        |
|    ep_rew_mean          | -66.5      |
|    success_rate         | 0.15       |
| time/                   |            |
|    fps                  | 710        |
|    iterations           | 56         |
|    time_elapsed         | 161        |
|    total_timesteps      | 114688     |
| train/                  |            |
|    approx_kl            | 0.01328254 |
|    clip_fraction        | 0.158      |
|    clip_range           | 0.2        |
|    entropy_loss         | -8.68      |
|    explained_variance   | 0.987      |
|    learning_rate        | 0.0003     |
|    loss                 | 0.221      |
|    n_updates            | 550        |
|    policy_gradient_loss | -0.0102    |
|    std                  | 0.839      |
|    value_loss           | 1.07       |
----------------------------------------
Eval num_timesteps=115000, episode_reward=-74.30 +/- 14.65
Episode length: 196.37 +/- 19.57
Success rate: 3.33%
-----------------------------------------
| eval/                   |             |
|    mean_ep_length       | 196         |
|    mean_reward          | -74.3       |
|    success_rate         | 0.0333      |
| time/                   |             |
|    total_timesteps      | 115000      |
| train/                  |             |
|    approx_kl            | 0.012019394 |
|    clip_fraction        | 0.163       |
|    clip_range           | 0.2         |
|    entropy_loss         | -8.69       |
|    explained_variance   | 0.976       |
|    learning_rate        | 0.0003      |
|    loss                 | 0.377       |
|    n_updates            | 560         |
|    policy_gradient_loss | -0.0114     |
|    std                  | 0.838       |
|    value_loss           | 1.13        |
-----------------------------------------
---------------------------------
| rollout/           |          |
|    ep_len_mean     | 191      |
|    ep_rew_mean     | -66.1    |
|    success_rate    | 0.13     |
| time/              |          |
|    fps             | 703      |
|    iterations      | 57       |
|    time_elapsed    | 166      |
|    total_timesteps | 116736   |
---------------------------------
-----------------------------------------
| rollout/                |             |
|    ep_len_mean          | 192         |
|    ep_rew_mean          | -65.5       |
|    success_rate         | 0.12        |
| time/                   |             |
|    fps                  | 707         |
|    iterations           | 58          |
|    time_elapsed         | 167         |
|    total_timesteps      | 118784      |
| train/                  |             |
|    approx_kl            | 0.013447921 |
|    clip_fraction        | 0.146       |
|    clip_range           | 0.2         |
|    entropy_loss         | -8.68       |
|    explained_variance   | 0.977       |
|    learning_rate        | 0.0003      |
|    loss                 | 1.14        |
|    n_updates            | 570         |
|    policy_gradient_loss | -0.00709    |
|    std                  | 0.839       |
|    value_loss           | 1.46        |
-----------------------------------------
Eval num_timesteps=120000, episode_reward=-72.31 +/- 13.72
Episode length: 198.83 +/- 6.28
Success rate: 3.33%
-----------------------------------------
| eval/                   |             |
|    mean_ep_length       | 199         |
|    mean_reward          | -72.3       |
|    success_rate         | 0.0333      |
| time/                   |             |
|    total_timesteps      | 120000      |
| train/                  |             |
|    approx_kl            | 0.015349315 |
|    clip_fraction        | 0.167       |
|    clip_range           | 0.2         |
|    entropy_loss         | -8.69       |
|    explained_variance   | 0.982       |
|    learning_rate        | 0.0003      |
|    loss                 | 0.254       |
|    n_updates            | 580         |
|    policy_gradient_loss | -0.00941    |
|    std                  | 0.839       |
|    value_loss           | 0.725       |
-----------------------------------------
---------------------------------
| rollout/           |          |
|    ep_len_mean     | 191      |
|    ep_rew_mean     | -63.9    |
|    success_rate    | 0.13     |
| time/              |          |
|    fps             | 700      |
|    iterations      | 59       |
|    time_elapsed    | 172      |
|    total_timesteps | 120832   |
---------------------------------
-----------------------------------------
| rollout/                |             |
|    ep_len_mean          | 191         |
|    ep_rew_mean          | -63.6       |
|    success_rate         | 0.12        |
| time/                   |             |
|    fps                  | 704         |
|    iterations           | 60          |
|    time_elapsed         | 174         |
|    total_timesteps      | 122880      |
| train/                  |             |
|    approx_kl            | 0.010704905 |
|    clip_fraction        | 0.148       |
|    clip_range           | 0.2         |
|    entropy_loss         | -8.68       |
|    explained_variance   | 0.95        |
|    learning_rate        | 0.0003      |
|    loss                 | 1.09        |
|    n_updates            | 590         |
|    policy_gradient_loss | -0.00821    |
|    std                  | 0.837       |
|    value_loss           | 2.81        |
-----------------------------------------
-----------------------------------------
| rollout/                |             |
|    ep_len_mean          | 191         |
|    ep_rew_mean          | -63.1       |
|    success_rate         | 0.12        |
| time/                   |             |
|    fps                  | 708         |
|    iterations           | 61          |
|    time_elapsed         | 176         |
|    total_timesteps      | 124928      |
| train/                  |             |
|    approx_kl            | 0.013637632 |
|    clip_fraction        | 0.181       |
|    clip_range           | 0.2         |
|    entropy_loss         | -8.66       |
|    explained_variance   | 0.981       |
|    learning_rate        | 0.0003      |
|    loss                 | 0.3         |
|    n_updates            | 600         |
|    policy_gradient_loss | -0.00938    |
|    std                  | 0.835       |
|    value_loss           | 1.42        |
-----------------------------------------
Eval num_timesteps=125000, episode_reward=-69.35 +/- 16.56
Episode length: 190.97 +/- 29.43
Success rate: 10.00%
-----------------------------------------
| eval/                   |             |
|    mean_ep_length       | 191         |
|    mean_reward          | -69.3       |
|    success_rate         | 0.1         |
| time/                   |             |
|    total_timesteps      | 125000      |
| train/                  |             |
|    approx_kl            | 0.013904362 |
|    clip_fraction        | 0.189       |
|    clip_range           | 0.2         |
|    entropy_loss         | -8.64       |
|    explained_variance   | 0.969       |
|    learning_rate        | 0.0003      |
|    loss                 | 0.228       |
|    n_updates            | 610         |
|    policy_gradient_loss | -0.0118     |
|    std                  | 0.831       |
|    value_loss           | 2.4         |
-----------------------------------------
---------------------------------
| rollout/           |          |
|    ep_len_mean     | 190      |
|    ep_rew_mean     | -61.8    |
|    success_rate    | 0.12     |
| time/              |          |
|    fps             | 701      |
|    iterations      | 62       |
|    time_elapsed    | 181      |
|    total_timesteps | 126976   |
---------------------------------
-----------------------------------------
| rollout/                |             |
|    ep_len_mean          | 192         |
|    ep_rew_mean          | -62         |
|    success_rate         | 0.1         |
| time/                   |             |
|    fps                  | 705         |
|    iterations           | 63          |
|    time_elapsed         | 182         |
|    total_timesteps      | 129024      |
| train/                  |             |
|    approx_kl            | 0.011474663 |
|    clip_fraction        | 0.222       |
|    clip_range           | 0.2         |
|    entropy_loss         | -8.61       |
|    explained_variance   | 0.972       |
|    learning_rate        | 0.0003      |
|    loss                 | 1.74        |
|    n_updates            | 620         |
|    policy_gradient_loss | -0.0123     |
|    std                  | 0.828       |
|    value_loss           | 2.17        |
-----------------------------------------
Eval num_timesteps=130000, episode_reward=-74.00 +/- 21.31
Episode length: 198.27 +/- 9.33
Success rate: 3.33%
----------------------------------------
| eval/                   |            |
|    mean_ep_length       | 198        |
|    mean_reward          | -74        |
|    success_rate         | 0.0333     |
| time/                   |            |
|    total_timesteps      | 130000     |
| train/                  |            |
|    approx_kl            | 0.01663908 |
|    clip_fraction        | 0.176      |
|    clip_range           | 0.2        |
|    entropy_loss         | -8.58      |
|    explained_variance   | 0.967      |
|    learning_rate        | 0.0003     |
|    loss                 | 0.335      |
|    n_updates            | 630        |
|    policy_gradient_loss | -0.00952   |
|    std                  | 0.826      |
|    value_loss           | 1.15       |
----------------------------------------
---------------------------------
| rollout/           |          |
|    ep_len_mean     | 190      |
|    ep_rew_mean     | -62      |
|    success_rate    | 0.11     |
| time/              |          |
|    fps             | 698      |
|    iterations      | 64       |
|    time_elapsed    | 187      |
|    total_timesteps | 131072   |
---------------------------------
-----------------------------------------
| rollout/                |             |
|    ep_len_mean          | 189         |
|    ep_rew_mean          | -61.8       |
|    success_rate         | 0.11        |
| time/                   |             |
|    fps                  | 702         |
|    iterations           | 65          |
|    time_elapsed         | 189         |
|    total_timesteps      | 133120      |
| train/                  |             |
|    approx_kl            | 0.010821881 |
|    clip_fraction        | 0.138       |
|    clip_range           | 0.2         |
|    entropy_loss         | -8.57       |
|    explained_variance   | 0.936       |
|    learning_rate        | 0.0003      |
|    loss                 | 0.444       |
|    n_updates            | 640         |
|    policy_gradient_loss | -0.00959    |
|    std                  | 0.826       |
|    value_loss           | 2.21        |
-----------------------------------------
Eval num_timesteps=135000, episode_reward=-64.91 +/- 13.44
Episode length: 195.93 +/- 21.90
Success rate: 3.33%
-----------------------------------------
| eval/                   |             |
|    mean_ep_length       | 196         |
|    mean_reward          | -64.9       |
|    success_rate         | 0.0333      |
| time/                   |             |
|    total_timesteps      | 135000      |
| train/                  |             |
|    approx_kl            | 0.015904253 |
|    clip_fraction        | 0.169       |
|    clip_range           | 0.2         |
|    entropy_loss         | -8.57       |
|    explained_variance   | 0.943       |
|    learning_rate        | 0.0003      |
|    loss                 | 0.845       |
|    n_updates            | 650         |
|    policy_gradient_loss | -0.0107     |
|    std                  | 0.824       |
|    value_loss           | 1.66        |
-----------------------------------------
---------------------------------
| rollout/           |          |
|    ep_len_mean     | 188      |
|    ep_rew_mean     | -61.9    |
|    success_rate    | 0.12     |
| time/              |          |
|    fps             | 696      |
|    iterations      | 66       |
|    time_elapsed    | 194      |
|    total_timesteps | 135168   |
---------------------------------
-----------------------------------------
| rollout/                |             |
|    ep_len_mean          | 186         |
|    ep_rew_mean          | -61.3       |
|    success_rate         | 0.14        |
| time/                   |             |
|    fps                  | 699         |
|    iterations           | 67          |
|    time_elapsed         | 196         |
|    total_timesteps      | 137216      |
| train/                  |             |
|    approx_kl            | 0.013021837 |
|    clip_fraction        | 0.154       |
|    clip_range           | 0.2         |
|    entropy_loss         | -8.55       |
|    explained_variance   | 0.909       |
|    learning_rate        | 0.0003      |
|    loss                 | 2.32        |
|    n_updates            | 660         |
|    policy_gradient_loss | -0.0105     |
|    std                  | 0.821       |
|    value_loss           | 4           |
-----------------------------------------
-----------------------------------------
| rollout/                |             |
|    ep_len_mean          | 188         |
|    ep_rew_mean          | -61.1       |
|    success_rate         | 0.12        |
| time/                   |             |
|    fps                  | 704         |
|    iterations           | 68          |
|    time_elapsed         | 197         |
|    total_timesteps      | 139264      |
| train/                  |             |
|    approx_kl            | 0.015222717 |
|    clip_fraction        | 0.148       |
|    clip_range           | 0.2         |
|    entropy_loss         | -8.52       |
|    explained_variance   | 0.935       |
|    learning_rate        | 0.0003      |
|    loss                 | 0.33        |
|    n_updates            | 670         |
|    policy_gradient_loss | -0.0128     |
|    std                  | 0.818       |
|    value_loss           | 2.43        |
-----------------------------------------
Eval num_timesteps=140000, episode_reward=-66.31 +/- 12.71
Episode length: 194.53 +/- 24.61
Success rate: 6.67%
-----------------------------------------
| eval/                   |             |
|    mean_ep_length       | 195         |
|    mean_reward          | -66.3       |
|    success_rate         | 0.0667      |
| time/                   |             |
|    total_timesteps      | 140000      |
| train/                  |             |
|    approx_kl            | 0.013977258 |
|    clip_fraction        | 0.194       |
|    clip_range           | 0.2         |
|    entropy_loss         | -8.5        |
|    explained_variance   | 0.983       |
|    learning_rate        | 0.0003      |
|    loss                 | 0.114       |
|    n_updates            | 680         |
|    policy_gradient_loss | -0.0111     |
|    std                  | 0.816       |
|    value_loss           | 0.538       |
-----------------------------------------
---------------------------------
| rollout/           |          |
|    ep_len_mean     | 189      |
|    ep_rew_mean     | -61.9    |
|    success_rate    | 0.11     |
| time/              |          |
|    fps             | 696      |
|    iterations      | 69       |
|    time_elapsed    | 202      |
|    total_timesteps | 141312   |
---------------------------------
-----------------------------------------
| rollout/                |             |
|    ep_len_mean          | 189         |
|    ep_rew_mean          | -61.8       |
|    success_rate         | 0.12        |
| time/                   |             |
|    fps                  | 682         |
|    iterations           | 70          |
|    time_elapsed         | 210         |
|    total_timesteps      | 143360      |
| train/                  |             |
|    approx_kl            | 0.010987911 |
|    clip_fraction        | 0.19        |
|    clip_range           | 0.2         |
|    entropy_loss         | -8.51       |
|    explained_variance   | 0.982       |
|    learning_rate        | 0.0003      |
|    loss                 | 0.0778      |
|    n_updates            | 690         |
|    policy_gradient_loss | -0.00838    |
|    std                  | 0.818       |
|    value_loss           | 0.414       |
-----------------------------------------
Eval num_timesteps=145000, episode_reward=-65.75 +/- 9.55
Episode length: 197.07 +/- 7.62
Success rate: 13.33%
-----------------------------------------
| eval/                   |             |
|    mean_ep_length       | 197         |
|    mean_reward          | -65.8       |
|    success_rate         | 0.133       |
| time/                   |             |
|    total_timesteps      | 145000      |
| train/                  |             |
|    approx_kl            | 0.015338112 |
|    clip_fraction        | 0.154       |
|    clip_range           | 0.2         |
|    entropy_loss         | -8.51       |
|    explained_variance   | 0.963       |
|    learning_rate        | 0.0003      |
|    loss                 | 0.223       |
|    n_updates            | 700         |
|    policy_gradient_loss | -0.00886    |
|    std                  | 0.817       |
|    value_loss           | 1.21        |
-----------------------------------------
---------------------------------
| rollout/           |          |
|    ep_len_mean     | 190      |
|    ep_rew_mean     | -62.6    |
|    success_rate    | 0.11     |
| time/              |          |
|    fps             | 614      |
|    iterations      | 71       |
|    time_elapsed    | 236      |
|    total_timesteps | 145408   |
---------------------------------
-----------------------------------------
| rollout/                |             |
|    ep_len_mean          | 190         |
|    ep_rew_mean          | -62.2       |
|    success_rate         | 0.11        |
| time/                   |             |
|    fps                  | 618         |
|    iterations           | 72          |
|    time_elapsed         | 238         |
|    total_timesteps      | 147456      |
| train/                  |             |
|    approx_kl            | 0.012385602 |
|    clip_fraction        | 0.205       |
|    clip_range           | 0.2         |
|    entropy_loss         | -8.47       |
|    explained_variance   | 0.993       |
|    learning_rate        | 0.0003      |
|    loss                 | 0.0433      |
|    n_updates            | 710         |
|    policy_gradient_loss | -0.00823    |
|    std                  | 0.812       |
|    value_loss           | 0.33        |
-----------------------------------------
-----------------------------------------
| rollout/                |             |
|    ep_len_mean          | 191         |
|    ep_rew_mean          | -62.2       |
|    success_rate         | 0.11        |
| time/                   |             |
|    fps                  | 622         |
|    iterations           | 73          |
|    time_elapsed         | 240         |
|    total_timesteps      | 149504      |
| train/                  |             |
|    approx_kl            | 0.017691005 |
|    clip_fraction        | 0.226       |
|    clip_range           | 0.2         |
|    entropy_loss         | -8.45       |
|    explained_variance   | 0.964       |
|    learning_rate        | 0.0003      |
|    loss                 | 0.545       |
|    n_updates            | 720         |
|    policy_gradient_loss | -0.0148     |
|    std                  | 0.812       |
|    value_loss           | 1.66        |
-----------------------------------------
Eval num_timesteps=150000, episode_reward=-55.19 +/- 9.95
Episode length: 193.20 +/- 24.05
Success rate: 10.00%
-----------------------------------------
| eval/                   |             |
|    mean_ep_length       | 193         |
|    mean_reward          | -55.2       |
|    success_rate         | 0.1         |
| time/                   |             |
|    total_timesteps      | 150000      |
| train/                  |             |
|    approx_kl            | 0.014884353 |
|    clip_fraction        | 0.164       |
|    clip_range           | 0.2         |
|    entropy_loss         | -8.45       |
|    explained_variance   | 0.96        |
|    learning_rate        | 0.0003      |
|    loss                 | 2.19        |
|    n_updates            | 730         |
|    policy_gradient_loss | -0.00974    |
|    std                  | 0.812       |
|    value_loss           | 2.12        |
-----------------------------------------
New best mean reward!
---------------------------------
| rollout/           |          |
|    ep_len_mean     | 190      |
|    ep_rew_mean     | -61.5    |
|    success_rate    | 0.12     |
| time/              |          |
|    fps             | 618      |
|    iterations      | 74       |
|    time_elapsed    | 244      |
|    total_timesteps | 151552   |
---------------------------------
-----------------------------------------
| rollout/                |             |
|    ep_len_mean          | 192         |
|    ep_rew_mean          | -61.3       |
|    success_rate         | 0.1         |
| time/                   |             |
|    fps                  | 622         |
|    iterations           | 75          |
|    time_elapsed         | 246         |
|    total_timesteps      | 153600      |
| train/                  |             |
|    approx_kl            | 0.015263312 |
|    clip_fraction        | 0.167       |
|    clip_range           | 0.2         |
|    entropy_loss         | -8.41       |
|    explained_variance   | 0.972       |
|    learning_rate        | 0.0003      |
|    loss                 | 0.296       |
|    n_updates            | 740         |
|    policy_gradient_loss | -0.00995    |
|    std                  | 0.803       |
|    value_loss           | 1.42        |
-----------------------------------------
Eval num_timesteps=155000, episode_reward=-59.38 +/- 9.48
Episode length: 196.70 +/- 17.77
Success rate: 3.33%
-----------------------------------------
| eval/                   |             |
|    mean_ep_length       | 197         |
|    mean_reward          | -59.4       |
|    success_rate         | 0.0333      |
| time/                   |             |
|    total_timesteps      | 155000      |
| train/                  |             |
|    approx_kl            | 0.017821025 |
|    clip_fraction        | 0.193       |
|    clip_range           | 0.2         |
|    entropy_loss         | -8.37       |
|    explained_variance   | 0.981       |
|    learning_rate        | 0.0003      |
|    loss                 | 0.226       |
|    n_updates            | 750         |
|    policy_gradient_loss | -0.00718    |
|    std                  | 0.802       |
|    value_loss           | 0.882       |
-----------------------------------------
---------------------------------
| rollout/           |          |
|    ep_len_mean     | 192      |
|    ep_rew_mean     | -61.3    |
|    success_rate    | 0.1      |
| time/              |          |
|    fps             | 616      |
|    iterations      | 76       |
|    time_elapsed    | 252      |
|    total_timesteps | 155648   |
---------------------------------
-----------------------------------------
| rollout/                |             |
|    ep_len_mean          | 191         |
|    ep_rew_mean          | -60.2       |
|    success_rate         | 0.11        |
| time/                   |             |
|    fps                  | 620         |
|    iterations           | 77          |
|    time_elapsed         | 254         |
|    total_timesteps      | 157696      |
| train/                  |             |
|    approx_kl            | 0.012077544 |
|    clip_fraction        | 0.136       |
|    clip_range           | 0.2         |
|    entropy_loss         | -8.34       |
|    explained_variance   | 0.957       |
|    learning_rate        | 0.0003      |
|    loss                 | 1.61        |
|    n_updates            | 760         |
|    policy_gradient_loss | -0.00895    |
|    std                  | 0.797       |
|    value_loss           | 1.97        |
-----------------------------------------
----------------------------------------
| rollout/                |            |
|    ep_len_mean          | 191        |
|    ep_rew_mean          | -60.2      |
|    success_rate         | 0.12       |
| time/                   |            |
|    fps                  | 623        |
|    iterations           | 78         |
|    time_elapsed         | 256        |
|    total_timesteps      | 159744     |
| train/                  |            |
|    approx_kl            | 0.01473584 |
|    clip_fraction        | 0.186      |
|    clip_range           | 0.2        |
|    entropy_loss         | -8.31      |
|    explained_variance   | 0.965      |
|    learning_rate        | 0.0003     |
|    loss                 | 1.04       |
|    n_updates            | 770        |
|    policy_gradient_loss | -0.00682   |
|    std                  | 0.794      |
|    value_loss           | 0.937      |
----------------------------------------
Eval num_timesteps=160000, episode_reward=-51.90 +/- 19.85
Episode length: 173.63 +/- 49.11
Success rate: 23.33%
-----------------------------------------
| eval/                   |             |
|    mean_ep_length       | 174         |
|    mean_reward          | -51.9       |
|    success_rate         | 0.233       |
| time/                   |             |
|    total_timesteps      | 160000      |
| train/                  |             |
|    approx_kl            | 0.013647719 |
|    clip_fraction        | 0.144       |
|    clip_range           | 0.2         |
|    entropy_loss         | -8.26       |
|    explained_variance   | 0.936       |
|    learning_rate        | 0.0003      |
|    loss                 | 0.273       |
|    n_updates            | 780         |
|    policy_gradient_loss | -0.00999    |
|    std                  | 0.787       |
|    value_loss           | 0.829       |
-----------------------------------------
New best mean reward!
---------------------------------
| rollout/           |          |
|    ep_len_mean     | 192      |
|    ep_rew_mean     | -60      |
|    success_rate    | 0.12     |
| time/              |          |
|    fps             | 621      |
|    iterations      | 79       |
|    time_elapsed    | 260      |
|    total_timesteps | 161792   |
---------------------------------
-----------------------------------------
| rollout/                |             |
|    ep_len_mean          | 192         |
|    ep_rew_mean          | -59.9       |
|    success_rate         | 0.12        |
| time/                   |             |
|    fps                  | 624         |
|    iterations           | 80          |
|    time_elapsed         | 262         |
|    total_timesteps      | 163840      |
| train/                  |             |
|    approx_kl            | 0.017674116 |
|    clip_fraction        | 0.208       |
|    clip_range           | 0.2         |
|    entropy_loss         | -8.22       |
|    explained_variance   | 0.976       |
|    learning_rate        | 0.0003      |
|    loss                 | 0.301       |
|    n_updates            | 790         |
|    policy_gradient_loss | -0.0102     |
|    std                  | 0.785       |
|    value_loss           | 0.815       |
-----------------------------------------
Eval num_timesteps=165000, episode_reward=-62.67 +/- 10.17
Episode length: 193.73 +/- 26.00
Success rate: 10.00%
-----------------------------------------
| eval/                   |             |
|    mean_ep_length       | 194         |
|    mean_reward          | -62.7       |
|    success_rate         | 0.1         |
| time/                   |             |
|    total_timesteps      | 165000      |
| train/                  |             |
|    approx_kl            | 0.018034557 |
|    clip_fraction        | 0.197       |
|    clip_range           | 0.2         |
|    entropy_loss         | -8.23       |
|    explained_variance   | 0.962       |
|    learning_rate        | 0.0003      |
|    loss                 | 0.232       |
|    n_updates            | 800         |
|    policy_gradient_loss | -0.0138     |
|    std                  | 0.788       |
|    value_loss           | 1.03        |
-----------------------------------------
---------------------------------
| rollout/           |          |
|    ep_len_mean     | 192      |
|    ep_rew_mean     | -59.5    |
|    success_rate    | 0.12     |
| time/              |          |
|    fps             | 620      |
|    iterations      | 81       |
|    time_elapsed    | 267      |
|    total_timesteps | 165888   |
---------------------------------
-----------------------------------------
| rollout/                |             |
|    ep_len_mean          | 190         |
|    ep_rew_mean          | -58.2       |
|    success_rate         | 0.14        |
| time/                   |             |
|    fps                  | 623         |
|    iterations           | 82          |
|    time_elapsed         | 269         |
|    total_timesteps      | 167936      |
| train/                  |             |
|    approx_kl            | 0.017165713 |
|    clip_fraction        | 0.147       |
|    clip_range           | 0.2         |
|    entropy_loss         | -8.23       |
|    explained_variance   | 0.973       |
|    learning_rate        | 0.0003      |
|    loss                 | 0.492       |
|    n_updates            | 810         |
|    policy_gradient_loss | -0.00731    |
|    std                  | 0.784       |
|    value_loss           | 0.958       |
-----------------------------------------
-----------------------------------------
| rollout/                |             |
|    ep_len_mean          | 188         |
|    ep_rew_mean          | -56.8       |
|    success_rate         | 0.15        |
| time/                   |             |
|    fps                  | 626         |
|    iterations           | 83          |
|    time_elapsed         | 271         |
|    total_timesteps      | 169984      |
| train/                  |             |
|    approx_kl            | 0.016529482 |
|    clip_fraction        | 0.184       |
|    clip_range           | 0.2         |
|    entropy_loss         | -8.21       |
|    explained_variance   | 0.916       |
|    learning_rate        | 0.0003      |
|    loss                 | 0.859       |
|    n_updates            | 820         |
|    policy_gradient_loss | -0.0123     |
|    std                  | 0.783       |
|    value_loss           | 2.4         |
-----------------------------------------
Eval num_timesteps=170000, episode_reward=-58.81 +/- 11.18
Episode length: 190.47 +/- 31.73
Success rate: 10.00%
-----------------------------------------
| eval/                   |             |
|    mean_ep_length       | 190         |
|    mean_reward          | -58.8       |
|    success_rate         | 0.1         |
| time/                   |             |
|    total_timesteps      | 170000      |
| train/                  |             |
|    approx_kl            | 0.013129455 |
|    clip_fraction        | 0.155       |
|    clip_range           | 0.2         |
|    entropy_loss         | -8.21       |
|    explained_variance   | 0.932       |
|    learning_rate        | 0.0003      |
|    loss                 | 1.21        |
|    n_updates            | 830         |
|    policy_gradient_loss | -0.00893    |
|    std                  | 0.785       |
|    value_loss           | 1.79        |
-----------------------------------------
---------------------------------
| rollout/           |          |
|    ep_len_mean     | 187      |
|    ep_rew_mean     | -56.5    |
|    success_rate    | 0.17     |
| time/              |          |
|    fps             | 622      |
|    iterations      | 84       |
|    time_elapsed    | 276      |
|    total_timesteps | 172032   |
---------------------------------
----------------------------------------
| rollout/                |            |
|    ep_len_mean          | 186        |
|    ep_rew_mean          | -55.4      |
|    success_rate         | 0.19       |
| time/                   |            |
|    fps                  | 626        |
|    iterations           | 85         |
|    time_elapsed         | 278        |
|    total_timesteps      | 174080     |
| train/                  |            |
|    approx_kl            | 0.01038853 |
|    clip_fraction        | 0.158      |
|    clip_range           | 0.2        |
|    entropy_loss         | -8.23      |
|    explained_variance   | 0.913      |
|    learning_rate        | 0.0003     |
|    loss                 | 0.96       |
|    n_updates            | 840        |
|    policy_gradient_loss | -0.00953   |
|    std                  | 0.786      |
|    value_loss           | 3.97       |
----------------------------------------
Eval num_timesteps=175000, episode_reward=-53.64 +/- 11.75
Episode length: 186.50 +/- 33.56
Success rate: 16.67%
-----------------------------------------
| eval/                   |             |
|    mean_ep_length       | 186         |
|    mean_reward          | -53.6       |
|    success_rate         | 0.167       |
| time/                   |             |
|    total_timesteps      | 175000      |
| train/                  |             |
|    approx_kl            | 0.013891984 |
|    clip_fraction        | 0.159       |
|    clip_range           | 0.2         |
|    entropy_loss         | -8.21       |
|    explained_variance   | 0.869       |
|    learning_rate        | 0.0003      |
|    loss                 | 0.521       |
|    n_updates            | 850         |
|    policy_gradient_loss | -0.00845    |
|    std                  | 0.783       |
|    value_loss           | 3.18        |
-----------------------------------------
---------------------------------
| rollout/           |          |
|    ep_len_mean     | 186      |
|    ep_rew_mean     | -55.2    |
|    success_rate    | 0.18     |
| time/              |          |
|    fps             | 622      |
|    iterations      | 86       |
|    time_elapsed    | 283      |
|    total_timesteps | 176128   |
---------------------------------
-----------------------------------------
| rollout/                |             |
|    ep_len_mean          | 184         |
|    ep_rew_mean          | -53.4       |
|    success_rate         | 0.21        |
| time/                   |             |
|    fps                  | 625         |
|    iterations           | 87          |
|    time_elapsed         | 284         |
|    total_timesteps      | 178176      |
| train/                  |             |
|    approx_kl            | 0.018656041 |
|    clip_fraction        | 0.183       |
|    clip_range           | 0.2         |
|    entropy_loss         | -8.17       |
|    explained_variance   | 0.965       |
|    learning_rate        | 0.0003      |
|    loss                 | 0.615       |
|    n_updates            | 860         |
|    policy_gradient_loss | -0.00714    |
|    std                  | 0.777       |
|    value_loss           | 1.05        |
-----------------------------------------
Eval num_timesteps=180000, episode_reward=-55.81 +/- 11.49
Episode length: 189.53 +/- 34.04
Success rate: 10.00%
---------------------------------------
| eval/                   |           |
|    mean_ep_length       | 190       |
|    mean_reward          | -55.8     |
|    success_rate         | 0.1       |
| time/                   |           |
|    total_timesteps      | 180000    |
| train/                  |           |
|    approx_kl            | 0.0147819 |
|    clip_fraction        | 0.173     |
|    clip_range           | 0.2       |
|    entropy_loss         | -8.14     |
|    explained_variance   | 0.928     |
|    learning_rate        | 0.0003    |
|    loss                 | 0.976     |
|    n_updates            | 870       |
|    policy_gradient_loss | -0.00886  |
|    std                  | 0.776     |
|    value_loss           | 2.46      |
---------------------------------------
---------------------------------
| rollout/           |          |
|    ep_len_mean     | 183      |
|    ep_rew_mean     | -53.7    |
|    success_rate    | 0.21     |
| time/              |          |
|    fps             | 621      |
|    iterations      | 88       |
|    time_elapsed    | 290      |
|    total_timesteps | 180224   |
---------------------------------
-----------------------------------------
| rollout/                |             |
|    ep_len_mean          | 181         |
|    ep_rew_mean          | -52.1       |
|    success_rate         | 0.23        |
| time/                   |             |
|    fps                  | 624         |
|    iterations           | 89          |
|    time_elapsed         | 291         |
|    total_timesteps      | 182272      |
| train/                  |             |
|    approx_kl            | 0.017699916 |
|    clip_fraction        | 0.198       |
|    clip_range           | 0.2         |
|    entropy_loss         | -8.12       |
|    explained_variance   | 0.943       |
|    learning_rate        | 0.0003      |
|    loss                 | 0.22        |
|    n_updates            | 880         |
|    policy_gradient_loss | -0.0124     |
|    std                  | 0.773       |
|    value_loss           | 1.57        |
-----------------------------------------
-----------------------------------------
| rollout/                |             |
|    ep_len_mean          | 178         |
|    ep_rew_mean          | -51         |
|    success_rate         | 0.25        |
| time/                   |             |
|    fps                  | 627         |
|    iterations           | 90          |
|    time_elapsed         | 293         |
|    total_timesteps      | 184320      |
| train/                  |             |
|    approx_kl            | 0.013475463 |
|    clip_fraction        | 0.173       |
|    clip_range           | 0.2         |
|    entropy_loss         | -8.08       |
|    explained_variance   | 0.901       |
|    learning_rate        | 0.0003      |
|    loss                 | 0.295       |
|    n_updates            | 890         |
|    policy_gradient_loss | -0.00932    |
|    std                  | 0.768       |
|    value_loss           | 2.77        |
-----------------------------------------
Eval num_timesteps=185000, episode_reward=-59.62 +/- 5.87
Episode length: 198.87 +/- 6.10
Success rate: 3.33%
-----------------------------------------
| eval/                   |             |
|    mean_ep_length       | 199         |
|    mean_reward          | -59.6       |
|    success_rate         | 0.0333      |
| time/                   |             |
|    total_timesteps      | 185000      |
| train/                  |             |
|    approx_kl            | 0.016062656 |
|    clip_fraction        | 0.193       |
|    clip_range           | 0.2         |
|    entropy_loss         | -8.04       |
|    explained_variance   | 0.929       |
|    learning_rate        | 0.0003      |
|    loss                 | 1.1         |
|    n_updates            | 900         |
|    policy_gradient_loss | -0.0122     |
|    std                  | 0.763       |
|    value_loss           | 2.68        |
-----------------------------------------
---------------------------------
| rollout/           |          |
|    ep_len_mean     | 178      |
|    ep_rew_mean     | -50.5    |
|    success_rate    | 0.25     |
| time/              |          |
|    fps             | 623      |
|    iterations      | 91       |
|    time_elapsed    | 298      |
|    total_timesteps | 186368   |
---------------------------------
-----------------------------------------
| rollout/                |             |
|    ep_len_mean          | 177         |
|    ep_rew_mean          | -50.1       |
|    success_rate         | 0.27        |
| time/                   |             |
|    fps                  | 626         |
|    iterations           | 92          |
|    time_elapsed         | 300         |
|    total_timesteps      | 188416      |
| train/                  |             |
|    approx_kl            | 0.014733181 |
|    clip_fraction        | 0.174       |
|    clip_range           | 0.2         |
|    entropy_loss         | -8.01       |
|    explained_variance   | 0.926       |
|    learning_rate        | 0.0003      |
|    loss                 | 0.298       |
|    n_updates            | 910         |
|    policy_gradient_loss | -0.00625    |
|    std                  | 0.762       |
|    value_loss           | 1.39        |
-----------------------------------------
Eval num_timesteps=190000, episode_reward=-55.89 +/- 7.61
Episode length: 198.10 +/- 7.12
Success rate: 6.67%
----------------------------------------
| eval/                   |            |
|    mean_ep_length       | 198        |
|    mean_reward          | -55.9      |
|    success_rate         | 0.0667     |
| time/                   |            |
|    total_timesteps      | 190000     |
| train/                  |            |
|    approx_kl            | 0.01808443 |
|    clip_fraction        | 0.19       |
|    clip_range           | 0.2        |
|    entropy_loss         | -8.02      |
|    explained_variance   | 0.851      |
|    learning_rate        | 0.0003     |
|    loss                 | 1.93       |
|    n_updates            | 920        |
|    policy_gradient_loss | -0.0121    |
|    std                  | 0.763      |
|    value_loss           | 5.31       |
----------------------------------------
---------------------------------
| rollout/           |          |
|    ep_len_mean     | 178      |
|    ep_rew_mean     | -50.2    |
|    success_rate    | 0.26     |
| time/              |          |
|    fps             | 622      |
|    iterations      | 93       |
|    time_elapsed    | 305      |
|    total_timesteps | 190464   |
---------------------------------
-----------------------------------------
| rollout/                |             |
|    ep_len_mean          | 179         |
|    ep_rew_mean          | -50.2       |
|    success_rate         | 0.25        |
| time/                   |             |
|    fps                  | 625         |
|    iterations           | 94          |
|    time_elapsed         | 307         |
|    total_timesteps      | 192512      |
| train/                  |             |
|    approx_kl            | 0.018757898 |
|    clip_fraction        | 0.199       |
|    clip_range           | 0.2         |
|    entropy_loss         | -8.02       |
|    explained_variance   | 0.966       |
|    learning_rate        | 0.0003      |
|    loss                 | 0.916       |
|    n_updates            | 930         |
|    policy_gradient_loss | -0.00683    |
|    std                  | 0.762       |
|    value_loss           | 0.979       |
-----------------------------------------
----------------------------------------
| rollout/                |            |
|    ep_len_mean          | 174        |
|    ep_rew_mean          | -49.2      |
|    success_rate         | 0.29       |
| time/                   |            |
|    fps                  | 627        |
|    iterations           | 95         |
|    time_elapsed         | 309        |
|    total_timesteps      | 194560     |
| train/                  |            |
|    approx_kl            | 0.01581014 |
|    clip_fraction        | 0.171      |
|    clip_range           | 0.2        |
|    entropy_loss         | -8.02      |
|    explained_variance   | 0.924      |
|    learning_rate        | 0.0003     |
|    loss                 | 1.49       |
|    n_updates            | 940        |
|    policy_gradient_loss | -0.00966   |
|    std                  | 0.763      |
|    value_loss           | 2.3        |
----------------------------------------
Eval num_timesteps=195000, episode_reward=-49.74 +/- 11.10
Episode length: 186.37 +/- 32.51
Success rate: 20.00%
-----------------------------------------
| eval/                   |             |
|    mean_ep_length       | 186         |
|    mean_reward          | -49.7       |
|    success_rate         | 0.2         |
| time/                   |             |
|    total_timesteps      | 195000      |
| train/                  |             |
|    approx_kl            | 0.013814764 |
|    clip_fraction        | 0.125       |
|    clip_range           | 0.2         |
|    entropy_loss         | -8.02       |
|    explained_variance   | 0.848       |
|    learning_rate        | 0.0003      |
|    loss                 | 1.5         |
|    n_updates            | 950         |
|    policy_gradient_loss | -0.00802    |
|    std                  | 0.761       |
|    value_loss           | 5.71        |
-----------------------------------------
New best mean reward!
---------------------------------
| rollout/           |          |
|    ep_len_mean     | 172      |
|    ep_rew_mean     | -48.2    |
|    success_rate    | 0.29     |
| time/              |          |
|    fps             | 624      |
|    iterations      | 96       |
|    time_elapsed    | 315      |
|    total_timesteps | 196608   |
---------------------------------
-----------------------------------------
| rollout/                |             |
|    ep_len_mean          | 172         |
|    ep_rew_mean          | -47.6       |
|    success_rate         | 0.29        |
| time/                   |             |
|    fps                  | 626         |
|    iterations           | 97          |
|    time_elapsed         | 316         |
|    total_timesteps      | 198656      |
| train/                  |             |
|    approx_kl            | 0.017002715 |
|    clip_fraction        | 0.179       |
|    clip_range           | 0.2         |
|    entropy_loss         | -7.99       |
|    explained_variance   | 0.921       |
|    learning_rate        | 0.0003      |
|    loss                 | 0.165       |
|    n_updates            | 960         |
|    policy_gradient_loss | -0.00738    |
|    std                  | 0.757       |
|    value_loss           | 1.52        |
-----------------------------------------
Eval num_timesteps=200000, episode_reward=-55.06 +/- 14.14
Episode length: 186.53 +/- 38.50
Success rate: 13.33%
-----------------------------------------
| eval/                   |             |
|    mean_ep_length       | 187         |
|    mean_reward          | -55.1       |
|    success_rate         | 0.133       |
| time/                   |             |
|    total_timesteps      | 200000      |
| train/                  |             |
|    approx_kl            | 0.018399533 |
|    clip_fraction        | 0.214       |
|    clip_range           | 0.2         |
|    entropy_loss         | -7.96       |
|    explained_variance   | 0.945       |
|    learning_rate        | 0.0003      |
|    loss                 | 0.137       |
|    n_updates            | 970         |
|    policy_gradient_loss | -0.00732    |
|    std                  | 0.754       |
|    value_loss           | 1.26        |
-----------------------------------------
---------------------------------
| rollout/           |          |
|    ep_len_mean     | 173      |
|    ep_rew_mean     | -47.9    |
|    success_rate    | 0.28     |
| time/              |          |
|    fps             | 623      |
|    iterations      | 98       |
|    time_elapsed    | 322      |
|    total_timesteps | 200704   |
---------------------------------
-----------------------------------------
| rollout/                |             |
|    ep_len_mean          | 175         |
|    ep_rew_mean          | -48.9       |
|    success_rate         | 0.26        |
| time/                   |             |
|    fps                  | 624         |
|    iterations           | 99          |
|    time_elapsed         | 324         |
|    total_timesteps      | 202752      |
| train/                  |             |
|    approx_kl            | 0.015275491 |
|    clip_fraction        | 0.175       |
|    clip_range           | 0.2         |
|    entropy_loss         | -7.93       |
|    explained_variance   | 0.885       |
|    learning_rate        | 0.0003      |
|    loss                 | 0.47        |
|    n_updates            | 980         |
|    policy_gradient_loss | -0.00615    |
|    std                  | 0.751       |
|    value_loss           | 3.02        |
-----------------------------------------
-----------------------------------------
| rollout/                |             |
|    ep_len_mean          | 172         |
|    ep_rew_mean          | -47.7       |
|    success_rate         | 0.29        |
| time/                   |             |
|    fps                  | 625         |
|    iterations           | 100         |
|    time_elapsed         | 327         |
|    total_timesteps      | 204800      |
| train/                  |             |
|    approx_kl            | 0.015723556 |
|    clip_fraction        | 0.159       |
|    clip_range           | 0.2         |
|    entropy_loss         | -7.9        |
|    explained_variance   | 0.915       |
|    learning_rate        | 0.0003      |
|    loss                 | 0.422       |
|    n_updates            | 990         |
|    policy_gradient_loss | -0.00978    |
|    std                  | 0.75        |
|    value_loss           | 2.45        |
-----------------------------------------
Eval num_timesteps=205000, episode_reward=-54.47 +/- 16.64
Episode length: 181.40 +/- 41.27
Success rate: 23.33%
-----------------------------------------
| eval/                   |             |
|    mean_ep_length       | 181         |
|    mean_reward          | -54.5       |
|    success_rate         | 0.233       |
| time/                   |             |
|    total_timesteps      | 205000      |
| train/                  |             |
|    approx_kl            | 0.013498118 |
|    clip_fraction        | 0.157       |
|    clip_range           | 0.2         |
|    entropy_loss         | -7.89       |
|    explained_variance   | 0.866       |
|    learning_rate        | 0.0003      |
|    loss                 | 1.24        |
|    n_updates            | 1000        |
|    policy_gradient_loss | -0.014      |
|    std                  | 0.748       |
|    value_loss           | 5.43        |
-----------------------------------------
---------------------------------
| rollout/           |          |
|    ep_len_mean     | 174      |
|    ep_rew_mean     | -48.9    |
|    success_rate    | 0.26     |
| time/              |          |
|    fps             | 621      |
|    iterations      | 101      |
|    time_elapsed    | 332      |
|    total_timesteps | 206848   |
---------------------------------
----------------------------------------
| rollout/                |            |
|    ep_len_mean          | 175        |
|    ep_rew_mean          | -49.1      |
|    success_rate         | 0.26       |
| time/                   |            |
|    fps                  | 623        |
|    iterations           | 102        |
|    time_elapsed         | 334        |
|    total_timesteps      | 208896     |
| train/                  |            |
|    approx_kl            | 0.02364867 |
|    clip_fraction        | 0.245      |
|    clip_range           | 0.2        |
|    entropy_loss         | -7.89      |
|    explained_variance   | 0.956      |
|    learning_rate        | 0.0003     |
|    loss                 | 0.441      |
|    n_updates            | 1010       |
|    policy_gradient_loss | -0.0121    |
|    std                  | 0.748      |
|    value_loss           | 0.815      |
----------------------------------------
Eval num_timesteps=210000, episode_reward=-48.91 +/- 15.99
Episode length: 176.80 +/- 42.05
Success rate: 26.67%
----------------------------------------
| eval/                   |            |
|    mean_ep_length       | 177        |
|    mean_reward          | -48.9      |
|    success_rate         | 0.267      |
| time/                   |            |
|    total_timesteps      | 210000     |
| train/                  |            |
|    approx_kl            | 0.01956926 |
|    clip_fraction        | 0.188      |
|    clip_range           | 0.2        |
|    entropy_loss         | -7.88      |
|    explained_variance   | 0.876      |
|    learning_rate        | 0.0003     |
|    loss                 | 0.625      |
|    n_updates            | 1020       |
|    policy_gradient_loss | -0.00807   |
|    std                  | 0.747      |
|    value_loss           | 2.58       |
----------------------------------------
New best mean reward!
---------------------------------
| rollout/           |          |
|    ep_len_mean     | 172      |
|    ep_rew_mean     | -48.3    |
|    success_rate    | 0.29     |
| time/              |          |
|    fps             | 620      |
|    iterations      | 103      |
|    time_elapsed    | 340      |
|    total_timesteps | 210944   |
---------------------------------
-----------------------------------------
| rollout/                |             |
|    ep_len_mean          | 172         |
|    ep_rew_mean          | -47.7       |
|    success_rate         | 0.3         |
| time/                   |             |
|    fps                  | 622         |
|    iterations           | 104         |
|    time_elapsed         | 342         |
|    total_timesteps      | 212992      |
| train/                  |             |
|    approx_kl            | 0.009062514 |
|    clip_fraction        | 0.12        |
|    clip_range           | 0.2         |
|    entropy_loss         | -7.86       |
|    explained_variance   | 0.884       |
|    learning_rate        | 0.0003      |
|    loss                 | 1.05        |
|    n_updates            | 1030        |
|    policy_gradient_loss | -0.00695    |
|    std                  | 0.744       |
|    value_loss           | 3.7         |
-----------------------------------------
Eval num_timesteps=215000, episode_reward=-43.79 +/- 18.13
Episode length: 163.60 +/- 54.54
Success rate: 33.33%
-----------------------------------------
| eval/                   |             |
|    mean_ep_length       | 164         |
|    mean_reward          | -43.8       |
|    success_rate         | 0.333       |
| time/                   |             |
|    total_timesteps      | 215000      |
| train/                  |             |
|    approx_kl            | 0.013857048 |
|    clip_fraction        | 0.204       |
|    clip_range           | 0.2         |
|    entropy_loss         | -7.83       |
|    explained_variance   | 0.922       |
|    learning_rate        | 0.0003      |
|    loss                 | 0.845       |
|    n_updates            | 1040        |
|    policy_gradient_loss | -0.00498    |
|    std                  | 0.739       |
|    value_loss           | 2.58        |
-----------------------------------------
New best mean reward!
---------------------------------
| rollout/           |          |
|    ep_len_mean     | 169      |
|    ep_rew_mean     | -46.9    |
|    success_rate    | 0.33     |
| time/              |          |
|    fps             | 619      |
|    iterations      | 105      |
|    time_elapsed    | 346      |
|    total_timesteps | 215040   |
---------------------------------
---------------------------------------
| rollout/                |           |
|    ep_len_mean          | 166       |
|    ep_rew_mean          | -46.2     |
|    success_rate         | 0.37      |
| time/                   |           |
|    fps                  | 622       |
|    iterations           | 106       |
|    time_elapsed         | 348       |
|    total_timesteps      | 217088    |
| train/                  |           |
|    approx_kl            | 0.0157433 |
|    clip_fraction        | 0.155     |
|    clip_range           | 0.2       |
|    entropy_loss         | -7.79     |
|    explained_variance   | 0.908     |
|    learning_rate        | 0.0003    |
|    loss                 | 0.927     |
|    n_updates            | 1050      |
|    policy_gradient_loss | -0.00997  |
|    std                  | 0.737     |
|    value_loss           | 3.26      |
---------------------------------------
-----------------------------------------
| rollout/                |             |
|    ep_len_mean          | 166         |
|    ep_rew_mean          | -45.3       |
|    success_rate         | 0.38        |
| time/                   |             |
|    fps                  | 624         |
|    iterations           | 107         |
|    time_elapsed         | 350         |
|    total_timesteps      | 219136      |
| train/                  |             |
|    approx_kl            | 0.015533302 |
|    clip_fraction        | 0.208       |
|    clip_range           | 0.2         |
|    entropy_loss         | -7.75       |
|    explained_variance   | 0.928       |
|    learning_rate        | 0.0003      |
|    loss                 | 1.08        |
|    n_updates            | 1060        |
|    policy_gradient_loss | -0.00931    |
|    std                  | 0.732       |
|    value_loss           | 2.76        |
-----------------------------------------
Eval num_timesteps=220000, episode_reward=-48.25 +/- 8.41
Episode length: 188.20 +/- 29.78
Success rate: 16.67%
-----------------------------------------
| eval/                   |             |
|    mean_ep_length       | 188         |
|    mean_reward          | -48.3       |
|    success_rate         | 0.167       |
| time/                   |             |
|    total_timesteps      | 220000      |
| train/                  |             |
|    approx_kl            | 0.019026354 |
|    clip_fraction        | 0.192       |
|    clip_range           | 0.2         |
|    entropy_loss         | -7.7        |
|    explained_variance   | 0.904       |
|    learning_rate        | 0.0003      |
|    loss                 | 1.7         |
|    n_updates            | 1070        |
|    policy_gradient_loss | -0.0128     |
|    std                  | 0.727       |
|    value_loss           | 4.19        |
-----------------------------------------
---------------------------------
| rollout/           |          |
|    ep_len_mean     | 167      |
|    ep_rew_mean     | -44.8    |
|    success_rate    | 0.37     |
| time/              |          |
|    fps             | 621      |
|    iterations      | 108      |
|    time_elapsed    | 355      |
|    total_timesteps | 221184   |
---------------------------------
-----------------------------------------
| rollout/                |             |
|    ep_len_mean          | 166         |
|    ep_rew_mean          | -44.3       |
|    success_rate         | 0.38        |
| time/                   |             |
|    fps                  | 623         |
|    iterations           | 109         |
|    time_elapsed         | 358         |
|    total_timesteps      | 223232      |
| train/                  |             |
|    approx_kl            | 0.020431578 |
|    clip_fraction        | 0.189       |
|    clip_range           | 0.2         |
|    entropy_loss         | -7.69       |
|    explained_variance   | 0.93        |
|    learning_rate        | 0.0003      |
|    loss                 | 1.09        |
|    n_updates            | 1080        |
|    policy_gradient_loss | -0.00716    |
|    std                  | 0.728       |
|    value_loss           | 1.75        |
-----------------------------------------
Eval num_timesteps=225000, episode_reward=-45.68 +/- 18.25
Episode length: 157.00 +/- 56.91
Success rate: 36.67%
----------------------------------------
| eval/                   |            |
|    mean_ep_length       | 157        |
|    mean_reward          | -45.7      |
|    success_rate         | 0.367      |
| time/                   |            |
|    total_timesteps      | 225000     |
| train/                  |            |
|    approx_kl            | 0.01653667 |
|    clip_fraction        | 0.196      |
|    clip_range           | 0.2        |
|    entropy_loss         | -7.68      |
|    explained_variance   | 0.903      |
|    learning_rate        | 0.0003     |
|    loss                 | 0.929      |
|    n_updates            | 1090       |
|    policy_gradient_loss | -0.01      |
|    std                  | 0.726      |
|    value_loss           | 3.07       |
----------------------------------------
---------------------------------
| rollout/           |          |
|    ep_len_mean     | 163      |
|    ep_rew_mean     | -43.5    |
|    success_rate    | 0.38     |
| time/              |          |
|    fps             | 621      |
|    iterations      | 110      |
|    time_elapsed    | 362      |
|    total_timesteps | 225280   |
---------------------------------
-----------------------------------------
| rollout/                |             |
|    ep_len_mean          | 166         |
|    ep_rew_mean          | -43.9       |
|    success_rate         | 0.36        |
| time/                   |             |
|    fps                  | 623         |
|    iterations           | 111         |
|    time_elapsed         | 364         |
|    total_timesteps      | 227328      |
| train/                  |             |
|    approx_kl            | 0.014668796 |
|    clip_fraction        | 0.2         |
|    clip_range           | 0.2         |
|    entropy_loss         | -7.68       |
|    explained_variance   | 0.883       |
|    learning_rate        | 0.0003      |
|    loss                 | 0.994       |
|    n_updates            | 1100        |
|    policy_gradient_loss | -0.00807    |
|    std                  | 0.726       |
|    value_loss           | 2.36        |
-----------------------------------------
-----------------------------------------
| rollout/                |             |
|    ep_len_mean          | 164         |
|    ep_rew_mean          | -43.4       |
|    success_rate         | 0.38        |
| time/                   |             |
|    fps                  | 625         |
|    iterations           | 112         |
|    time_elapsed         | 366         |
|    total_timesteps      | 229376      |
| train/                  |             |
|    approx_kl            | 0.020248234 |
|    clip_fraction        | 0.221       |
|    clip_range           | 0.2         |
|    entropy_loss         | -7.66       |
|    explained_variance   | 0.928       |
|    learning_rate        | 0.0003      |
|    loss                 | 0.186       |
|    n_updates            | 1110        |
|    policy_gradient_loss | -0.0115     |
|    std                  | 0.725       |
|    value_loss           | 1.76        |
-----------------------------------------
Eval num_timesteps=230000, episode_reward=-53.90 +/- 9.00
Episode length: 194.93 +/- 16.17
Success rate: 10.00%
-----------------------------------------
| eval/                   |             |
|    mean_ep_length       | 195         |
|    mean_reward          | -53.9       |
|    success_rate         | 0.1         |
| time/                   |             |
|    total_timesteps      | 230000      |
| train/                  |             |
|    approx_kl            | 0.016683426 |
|    clip_fraction        | 0.166       |
|    clip_range           | 0.2         |
|    entropy_loss         | -7.64       |
|    explained_variance   | 0.913       |
|    learning_rate        | 0.0003      |
|    loss                 | 0.545       |
|    n_updates            | 1120        |
|    policy_gradient_loss | -0.00795    |
|    std                  | 0.721       |
|    value_loss           | 2.48        |
-----------------------------------------
---------------------------------
| rollout/           |          |
|    ep_len_mean     | 168      |
|    ep_rew_mean     | -44.4    |
|    success_rate    | 0.35     |
| time/              |          |
|    fps             | 622      |
|    iterations      | 113      |
|    time_elapsed    | 371      |
|    total_timesteps | 231424   |
---------------------------------
------------------------------------------
| rollout/                |              |
|    ep_len_mean          | 168          |
|    ep_rew_mean          | -44.2        |
|    success_rate         | 0.34         |
| time/                   |              |
|    fps                  | 624          |
|    iterations           | 114          |
|    time_elapsed         | 373          |
|    total_timesteps      | 233472       |
| train/                  |              |
|    approx_kl            | 0.0132012665 |
|    clip_fraction        | 0.198        |
|    clip_range           | 0.2          |
|    entropy_loss         | -7.61        |
|    explained_variance   | 0.945        |
|    learning_rate        | 0.0003       |
|    loss                 | 0.184        |
|    n_updates            | 1130         |
|    policy_gradient_loss | -0.00755     |
|    std                  | 0.718        |
|    value_loss           | 1.22         |
------------------------------------------
Eval num_timesteps=235000, episode_reward=-51.70 +/- 9.77
Episode length: 195.53 +/- 16.71
Success rate: 6.67%
-----------------------------------------
| eval/                   |             |
|    mean_ep_length       | 196         |
|    mean_reward          | -51.7       |
|    success_rate         | 0.0667      |
| time/                   |             |
|    total_timesteps      | 235000      |
| train/                  |             |
|    approx_kl            | 0.018649118 |
|    clip_fraction        | 0.198       |
|    clip_range           | 0.2         |
|    entropy_loss         | -7.62       |
|    explained_variance   | 0.954       |
|    learning_rate        | 0.0003      |
|    loss                 | 1.5         |
|    n_updates            | 1140        |
|    policy_gradient_loss | -0.00925    |
|    std                  | 0.723       |
|    value_loss           | 1.58        |
-----------------------------------------
---------------------------------
| rollout/           |          |
|    ep_len_mean     | 169      |
|    ep_rew_mean     | -44      |
|    success_rate    | 0.34     |
| time/              |          |
|    fps             | 621      |
|    iterations      | 115      |
|    time_elapsed    | 379      |
|    total_timesteps | 235520   |
---------------------------------
-----------------------------------------
| rollout/                |             |
|    ep_len_mean          | 166         |
|    ep_rew_mean          | -44.6       |
|    success_rate         | 0.36        |
| time/                   |             |
|    fps                  | 623         |
|    iterations           | 116         |
|    time_elapsed         | 381         |
|    total_timesteps      | 237568      |
| train/                  |             |
|    approx_kl            | 0.013642524 |
|    clip_fraction        | 0.162       |
|    clip_range           | 0.2         |
|    entropy_loss         | -7.64       |
|    explained_variance   | 0.914       |
|    learning_rate        | 0.0003      |
|    loss                 | 0.536       |
|    n_updates            | 1150        |
|    policy_gradient_loss | -0.00612    |
|    std                  | 0.723       |
|    value_loss           | 1.86        |
-----------------------------------------
-----------------------------------------
| rollout/                |             |
|    ep_len_mean          | 166         |
|    ep_rew_mean          | -44.1       |
|    success_rate         | 0.36        |
| time/                   |             |
|    fps                  | 625         |
|    iterations           | 117         |
|    time_elapsed         | 383         |
|    total_timesteps      | 239616      |
| train/                  |             |
|    approx_kl            | 0.014252392 |
|    clip_fraction        | 0.162       |
|    clip_range           | 0.2         |
|    entropy_loss         | -7.62       |
|    explained_variance   | 0.945       |
|    learning_rate        | 0.0003      |
|    loss                 | 0.355       |
|    n_updates            | 1160        |
|    policy_gradient_loss | -0.0116     |
|    std                  | 0.72        |
|    value_loss           | 2.18        |
-----------------------------------------
Eval num_timesteps=240000, episode_reward=-37.79 +/- 16.21
Episode length: 146.87 +/- 58.44
Success rate: 46.67%
-----------------------------------------
| eval/                   |             |
|    mean_ep_length       | 147         |
|    mean_reward          | -37.8       |
|    success_rate         | 0.467       |
| time/                   |             |
|    total_timesteps      | 240000      |
| train/                  |             |
|    approx_kl            | 0.015015334 |
|    clip_fraction        | 0.177       |
|    clip_range           | 0.2         |
|    entropy_loss         | -7.59       |
|    explained_variance   | 0.935       |
|    learning_rate        | 0.0003      |
|    loss                 | 0.352       |
|    n_updates            | 1170        |
|    policy_gradient_loss | -0.00797    |
|    std                  | 0.717       |
|    value_loss           | 1.9         |
-----------------------------------------
New best mean reward!
---------------------------------
| rollout/           |          |
|    ep_len_mean     | 165      |
|    ep_rew_mean     | -43.5    |
|    success_rate    | 0.38     |
| time/              |          |
|    fps             | 623      |
|    iterations      | 118      |
|    time_elapsed    | 387      |
|    total_timesteps | 241664   |
---------------------------------
-----------------------------------------
| rollout/                |             |
|    ep_len_mean          | 165         |
|    ep_rew_mean          | -43.4       |
|    success_rate         | 0.39        |
| time/                   |             |
|    fps                  | 625         |
|    iterations           | 119         |
|    time_elapsed         | 389         |
|    total_timesteps      | 243712      |
| train/                  |             |
|    approx_kl            | 0.013739138 |
|    clip_fraction        | 0.183       |
|    clip_range           | 0.2         |
|    entropy_loss         | -7.57       |
|    explained_variance   | 0.897       |
|    learning_rate        | 0.0003      |
|    loss                 | 0.258       |
|    n_updates            | 1180        |
|    policy_gradient_loss | -0.00747    |
|    std                  | 0.714       |
|    value_loss           | 1.59        |
-----------------------------------------
Eval num_timesteps=245000, episode_reward=-39.53 +/- 13.44
Episode length: 160.13 +/- 49.20
Success rate: 43.33%
----------------------------------------
| eval/                   |            |
|    mean_ep_length       | 160        |
|    mean_reward          | -39.5      |
|    success_rate         | 0.433      |
| time/                   |            |
|    total_timesteps      | 245000     |
| train/                  |            |
|    approx_kl            | 0.01326932 |
|    clip_fraction        | 0.178      |
|    clip_range           | 0.2        |
|    entropy_loss         | -7.55      |
|    explained_variance   | 0.928      |
|    learning_rate        | 0.0003     |
|    loss                 | 0.573      |
|    n_updates            | 1190       |
|    policy_gradient_loss | -0.0123    |
|    std                  | 0.715      |
|    value_loss           | 1.77       |
----------------------------------------
---------------------------------
| rollout/           |          |
|    ep_len_mean     | 166      |
|    ep_rew_mean     | -43.3    |
|    success_rate    | 0.38     |
| time/              |          |
|    fps             | 623      |
|    iterations      | 120      |
|    time_elapsed    | 394      |
|    total_timesteps | 245760   |
---------------------------------
----------------------------------------
| rollout/                |            |
|    ep_len_mean          | 166        |
|    ep_rew_mean          | -43        |
|    success_rate         | 0.38       |
| time/                   |            |
|    fps                  | 625        |
|    iterations           | 121        |
|    time_elapsed         | 396        |
|    total_timesteps      | 247808     |
| train/                  |            |
|    approx_kl            | 0.01407442 |
|    clip_fraction        | 0.178      |
|    clip_range           | 0.2        |
|    entropy_loss         | -7.54      |
|    explained_variance   | 0.938      |
|    learning_rate        | 0.0003     |
|    loss                 | 0.456      |
|    n_updates            | 1200       |
|    policy_gradient_loss | -0.00894   |
|    std                  | 0.711      |
|    value_loss           | 2.37       |
----------------------------------------
-----------------------------------------
| rollout/                |             |
|    ep_len_mean          | 166         |
|    ep_rew_mean          | -43.1       |
|    success_rate         | 0.38        |
| time/                   |             |
|    fps                  | 627         |
|    iterations           | 122         |
|    time_elapsed         | 398         |
|    total_timesteps      | 249856      |
| train/                  |             |
|    approx_kl            | 0.017156813 |
|    clip_fraction        | 0.201       |
|    clip_range           | 0.2         |
|    entropy_loss         | -7.49       |
|    explained_variance   | 0.922       |
|    learning_rate        | 0.0003      |
|    loss                 | 0.631       |
|    n_updates            | 1210        |
|    policy_gradient_loss | -0.00936    |
|    std                  | 0.706       |
|    value_loss           | 1.53        |
-----------------------------------------
Eval num_timesteps=250000, episode_reward=-44.47 +/- 10.29
Episode length: 179.00 +/- 38.83
Success rate: 26.67%
-----------------------------------------
| eval/                   |             |
|    mean_ep_length       | 179         |
|    mean_reward          | -44.5       |
|    success_rate         | 0.267       |
| time/                   |             |
|    total_timesteps      | 250000      |
| train/                  |             |
|    approx_kl            | 0.017957823 |
|    clip_fraction        | 0.2         |
|    clip_range           | 0.2         |
|    entropy_loss         | -7.45       |
|    explained_variance   | 0.956       |
|    learning_rate        | 0.0003      |
|    loss                 | 0.44        |
|    n_updates            | 1220        |
|    policy_gradient_loss | -0.00918    |
|    std                  | 0.703       |
|    value_loss           | 1.32        |
-----------------------------------------
---------------------------------
| rollout/           |          |
|    ep_len_mean     | 164      |
|    ep_rew_mean     | -42      |
|    success_rate    | 0.41     |
| time/              |          |
|    fps             | 624      |
|    iterations      | 123      |
|    time_elapsed    | 403      |
|    total_timesteps | 251904   |
---------------------------------
-----------------------------------------
| rollout/                |             |
|    ep_len_mean          | 165         |
|    ep_rew_mean          | -41.5       |
|    success_rate         | 0.39        |
| time/                   |             |
|    fps                  | 626         |
|    iterations           | 124         |
|    time_elapsed         | 405         |
|    total_timesteps      | 253952      |
| train/                  |             |
|    approx_kl            | 0.018179476 |
|    clip_fraction        | 0.187       |
|    clip_range           | 0.2         |
|    entropy_loss         | -7.42       |
|    explained_variance   | 0.944       |
|    learning_rate        | 0.0003      |
|    loss                 | 0.886       |
|    n_updates            | 1230        |
|    policy_gradient_loss | -0.00905    |
|    std                  | 0.7         |
|    value_loss           | 1.65        |
-----------------------------------------
Eval num_timesteps=255000, episode_reward=-40.50 +/- 13.40
Episode length: 162.27 +/- 50.03
Success rate: 36.67%
----------------------------------------
| eval/                   |            |
|    mean_ep_length       | 162        |
|    mean_reward          | -40.5      |
|    success_rate         | 0.367      |
| time/                   |            |
|    total_timesteps      | 255000     |
| train/                  |            |
|    approx_kl            | 0.01376163 |
|    clip_fraction        | 0.167      |
|    clip_range           | 0.2        |
|    entropy_loss         | -7.39      |
|    explained_variance   | 0.843      |
|    learning_rate        | 0.0003     |
|    loss                 | 0.477      |
|    n_updates            | 1240       |
|    policy_gradient_loss | -0.0102    |
|    std                  | 0.698      |
|    value_loss           | 3.18       |
----------------------------------------
---------------------------------
| rollout/           |          |
|    ep_len_mean     | 162      |
|    ep_rew_mean     | -40.9    |
|    success_rate    | 0.42     |
| time/              |          |
|    fps             | 623      |
|    iterations      | 125      |
|    time_elapsed    | 410      |
|    total_timesteps | 256000   |
---------------------------------
-----------------------------------------
| rollout/                |             |
|    ep_len_mean          | 163         |
|    ep_rew_mean          | -41.7       |
|    success_rate         | 0.4         |
| time/                   |             |
|    fps                  | 624         |
|    iterations           | 126         |
|    time_elapsed         | 413         |
|    total_timesteps      | 258048      |
| train/                  |             |
|    approx_kl            | 0.018790362 |
|    clip_fraction        | 0.186       |
|    clip_range           | 0.2         |
|    entropy_loss         | -7.39       |
|    explained_variance   | 0.91        |
|    learning_rate        | 0.0003      |
|    loss                 | 1.51        |
|    n_updates            | 1250        |
|    policy_gradient_loss | -0.0106     |
|    std                  | 0.7         |
|    value_loss           | 3.72        |
-----------------------------------------
Eval num_timesteps=260000, episode_reward=-43.54 +/- 16.50
Episode length: 163.50 +/- 48.91
Success rate: 36.67%
-----------------------------------------
| eval/                   |             |
|    mean_ep_length       | 164         |
|    mean_reward          | -43.5       |
|    success_rate         | 0.367       |
| time/                   |             |
|    total_timesteps      | 260000      |
| train/                  |             |
|    approx_kl            | 0.019688014 |
|    clip_fraction        | 0.213       |
|    clip_range           | 0.2         |
|    entropy_loss         | -7.39       |
|    explained_variance   | 0.95        |
|    learning_rate        | 0.0003      |
|    loss                 | 0.942       |
|    n_updates            | 1260        |
|    policy_gradient_loss | -0.00876    |
|    std                  | 0.696       |
|    value_loss           | 1.66        |
-----------------------------------------
---------------------------------
| rollout/           |          |
|    ep_len_mean     | 163      |
|    ep_rew_mean     | -42.1    |
|    success_rate    | 0.38     |
| time/              |          |
|    fps             | 620      |
|    iterations      | 127      |
|    time_elapsed    | 419      |
|    total_timesteps | 260096   |
---------------------------------
-----------------------------------------
| rollout/                |             |
|    ep_len_mean          | 158         |
|    ep_rew_mean          | -40.8       |
|    success_rate         | 0.43        |
| time/                   |             |
|    fps                  | 622         |
|    iterations           | 128         |
|    time_elapsed         | 421         |
|    total_timesteps      | 262144      |
| train/                  |             |
|    approx_kl            | 0.023430038 |
|    clip_fraction        | 0.261       |
|    clip_range           | 0.2         |
|    entropy_loss         | -7.36       |
|    explained_variance   | 0.933       |
|    learning_rate        | 0.0003      |
|    loss                 | 0.43        |
|    n_updates            | 1270        |
|    policy_gradient_loss | -0.0151     |
|    std                  | 0.695       |
|    value_loss           | 2.04        |
-----------------------------------------
-----------------------------------------
| rollout/                |             |
|    ep_len_mean          | 152         |
|    ep_rew_mean          | -39.5       |
|    success_rate         | 0.47        |
| time/                   |             |
|    fps                  | 623         |
|    iterations           | 129         |
|    time_elapsed         | 423         |
|    total_timesteps      | 264192      |
| train/                  |             |
|    approx_kl            | 0.016898228 |
|    clip_fraction        | 0.188       |
|    clip_range           | 0.2         |
|    entropy_loss         | -7.33       |
|    explained_variance   | 0.91        |
|    learning_rate        | 0.0003      |
|    loss                 | 3.66        |
|    n_updates            | 1280        |
|    policy_gradient_loss | -0.00995    |
|    std                  | 0.69        |
|    value_loss           | 3.06        |
-----------------------------------------
Eval num_timesteps=265000, episode_reward=-34.52 +/- 13.80
Episode length: 135.90 +/- 53.63
Success rate: 60.00%
----------------------------------------
| eval/                   |            |
|    mean_ep_length       | 136        |
|    mean_reward          | -34.5      |
|    success_rate         | 0.6        |
| time/                   |            |
|    total_timesteps      | 265000     |
| train/                  |            |
|    approx_kl            | 0.01829099 |
|    clip_fraction        | 0.171      |
|    clip_range           | 0.2        |
|    entropy_loss         | -7.28      |
|    explained_variance   | 0.93       |
|    learning_rate        | 0.0003     |
|    loss                 | 1.81       |
|    n_updates            | 1290       |
|    policy_gradient_loss | -0.00686   |
|    std                  | 0.684      |
|    value_loss           | 2.98       |
----------------------------------------
New best mean reward!
---------------------------------
| rollout/           |          |
|    ep_len_mean     | 150      |
|    ep_rew_mean     | -39      |
|    success_rate    | 0.48     |
| time/              |          |
|    fps             | 621      |
|    iterations      | 130      |
|    time_elapsed    | 428      |
|    total_timesteps | 266240   |
---------------------------------
-----------------------------------------
| rollout/                |             |
|    ep_len_mean          | 147         |
|    ep_rew_mean          | -38.5       |
|    success_rate         | 0.52        |
| time/                   |             |
|    fps                  | 623         |
|    iterations           | 131         |
|    time_elapsed         | 430         |
|    total_timesteps      | 268288      |
| train/                  |             |
|    approx_kl            | 0.016233612 |
|    clip_fraction        | 0.192       |
|    clip_range           | 0.2         |
|    entropy_loss         | -7.23       |
|    explained_variance   | 0.957       |
|    learning_rate        | 0.0003      |
|    loss                 | 0.48        |
|    n_updates            | 1300        |
|    policy_gradient_loss | -0.00852    |
|    std                  | 0.681       |
|    value_loss           | 1.42        |
-----------------------------------------
Eval num_timesteps=270000, episode_reward=-37.05 +/- 17.06
Episode length: 142.77 +/- 54.67
Success rate: 53.33%
---------------------------------------
| eval/                   |           |
|    mean_ep_length       | 143       |
|    mean_reward          | -37       |
|    success_rate         | 0.533     |
| time/                   |           |
|    total_timesteps      | 270000    |
| train/                  |           |
|    approx_kl            | 0.0132629 |
|    clip_fraction        | 0.151     |
|    clip_range           | 0.2       |
|    entropy_loss         | -7.21     |
|    explained_variance   | 0.922     |
|    learning_rate        | 0.0003    |
|    loss                 | 0.932     |
|    n_updates            | 1310      |
|    policy_gradient_loss | -0.00518  |
|    std                  | 0.68      |
|    value_loss           | 1.95      |
---------------------------------------
---------------------------------
| rollout/           |          |
|    ep_len_mean     | 149      |
|    ep_rew_mean     | -39.1    |
|    success_rate    | 0.49     |
| time/              |          |
|    fps             | 621      |
|    iterations      | 132      |
|    time_elapsed    | 435      |
|    total_timesteps | 270336   |
---------------------------------
-----------------------------------------
| rollout/                |             |
|    ep_len_mean          | 144         |
|    ep_rew_mean          | -37.2       |
|    success_rate         | 0.54        |
| time/                   |             |
|    fps                  | 623         |
|    iterations           | 133         |
|    time_elapsed         | 437         |
|    total_timesteps      | 272384      |
| train/                  |             |
|    approx_kl            | 0.014612639 |
|    clip_fraction        | 0.196       |
|    clip_range           | 0.2         |
|    entropy_loss         | -7.2        |
|    explained_variance   | 0.954       |
|    learning_rate        | 0.0003      |
|    loss                 | 0.247       |
|    n_updates            | 1320        |
|    policy_gradient_loss | -0.00893    |
|    std                  | 0.679       |
|    value_loss           | 1.31        |
-----------------------------------------
-----------------------------------------
| rollout/                |             |
|    ep_len_mean          | 139         |
|    ep_rew_mean          | -35.5       |
|    success_rate         | 0.58        |
| time/                   |             |
|    fps                  | 624         |
|    iterations           | 134         |
|    time_elapsed         | 439         |
|    total_timesteps      | 274432      |
| train/                  |             |
|    approx_kl            | 0.018037146 |
|    clip_fraction        | 0.209       |
|    clip_range           | 0.2         |
|    entropy_loss         | -7.2        |
|    explained_variance   | 0.926       |
|    learning_rate        | 0.0003      |
|    loss                 | 0.485       |
|    n_updates            | 1330        |
|    policy_gradient_loss | -0.00918    |
|    std                  | 0.681       |
|    value_loss           | 1.5         |
-----------------------------------------
Eval num_timesteps=275000, episode_reward=-37.78 +/- 19.64
Episode length: 144.70 +/- 59.81
Success rate: 46.67%
-----------------------------------------
| eval/                   |             |
|    mean_ep_length       | 145         |
|    mean_reward          | -37.8       |
|    success_rate         | 0.467       |
| time/                   |             |
|    total_timesteps      | 275000      |
| train/                  |             |
|    approx_kl            | 0.014918326 |
|    clip_fraction        | 0.193       |
|    clip_range           | 0.2         |
|    entropy_loss         | -7.2        |
|    explained_variance   | 0.933       |
|    learning_rate        | 0.0003      |
|    loss                 | 0.364       |
|    n_updates            | 1340        |
|    policy_gradient_loss | -0.00887    |
|    std                  | 0.679       |
|    value_loss           | 2.57        |
-----------------------------------------
---------------------------------
| rollout/           |          |
|    ep_len_mean     | 142      |
|    ep_rew_mean     | -36.5    |
|    success_rate    | 0.56     |
| time/              |          |
|    fps             | 622      |
|    iterations      | 135      |
|    time_elapsed    | 444      |
|    total_timesteps | 276480   |
---------------------------------
-----------------------------------------
| rollout/                |             |
|    ep_len_mean          | 138         |
|    ep_rew_mean          | -35         |
|    success_rate         | 0.59        |
| time/                   |             |
|    fps                  | 623         |
|    iterations           | 136         |
|    time_elapsed         | 446         |
|    total_timesteps      | 278528      |
| train/                  |             |
|    approx_kl            | 0.014156827 |
|    clip_fraction        | 0.194       |
|    clip_range           | 0.2         |
|    entropy_loss         | -7.18       |
|    explained_variance   | 0.923       |
|    learning_rate        | 0.0003      |
|    loss                 | 0.785       |
|    n_updates            | 1350        |
|    policy_gradient_loss | -0.00655    |
|    std                  | 0.679       |
|    value_loss           | 2.23        |
-----------------------------------------
Eval num_timesteps=280000, episode_reward=-39.18 +/- 14.11
Episode length: 171.13 +/- 46.70
Success rate: 33.33%
-----------------------------------------
| eval/                   |             |
|    mean_ep_length       | 171         |
|    mean_reward          | -39.2       |
|    success_rate         | 0.333       |
| time/                   |             |
|    total_timesteps      | 280000      |
| train/                  |             |
|    approx_kl            | 0.018453484 |
|    clip_fraction        | 0.181       |
|    clip_range           | 0.2         |
|    entropy_loss         | -7.16       |
|    explained_variance   | 0.938       |
|    learning_rate        | 0.0003      |
|    loss                 | 0.362       |
|    n_updates            | 1360        |
|    policy_gradient_loss | -0.00946    |
|    std                  | 0.673       |
|    value_loss           | 1.51        |
-----------------------------------------
---------------------------------
| rollout/           |          |
|    ep_len_mean     | 140      |
|    ep_rew_mean     | -34.8    |
|    success_rate    | 0.58     |
| time/              |          |
|    fps             | 621      |
|    iterations      | 137      |
|    time_elapsed    | 451      |
|    total_timesteps | 280576   |
---------------------------------
-----------------------------------------
| rollout/                |             |
|    ep_len_mean          | 142         |
|    ep_rew_mean          | -35.3       |
|    success_rate         | 0.55        |
| time/                   |             |
|    fps                  | 623         |
|    iterations           | 138         |
|    time_elapsed         | 453         |
|    total_timesteps      | 282624      |
| train/                  |             |
|    approx_kl            | 0.018370572 |
|    clip_fraction        | 0.186       |
|    clip_range           | 0.2         |
|    entropy_loss         | -7.12       |
|    explained_variance   | 0.933       |
|    learning_rate        | 0.0003      |
|    loss                 | 0.745       |
|    n_updates            | 1370        |
|    policy_gradient_loss | -0.0111     |
|    std                  | 0.671       |
|    value_loss           | 1.74        |
-----------------------------------------
-----------------------------------------
| rollout/                |             |
|    ep_len_mean          | 145         |
|    ep_rew_mean          | -35.6       |
|    success_rate         | 0.53        |
| time/                   |             |
|    fps                  | 625         |
|    iterations           | 139         |
|    time_elapsed         | 454         |
|    total_timesteps      | 284672      |
| train/                  |             |
|    approx_kl            | 0.017713409 |
|    clip_fraction        | 0.231       |
|    clip_range           | 0.2         |
|    entropy_loss         | -7.12       |
|    explained_variance   | 0.917       |
|    learning_rate        | 0.0003      |
|    loss                 | 0.118       |
|    n_updates            | 1380        |
|    policy_gradient_loss | -0.00675    |
|    std                  | 0.674       |
|    value_loss           | 0.598       |
-----------------------------------------
Eval num_timesteps=285000, episode_reward=-42.04 +/- 13.98
Episode length: 166.83 +/- 44.20
Success rate: 36.67%
-----------------------------------------
| eval/                   |             |
|    mean_ep_length       | 167         |
|    mean_reward          | -42         |
|    success_rate         | 0.367       |
| time/                   |             |
|    total_timesteps      | 285000      |
| train/                  |             |
|    approx_kl            | 0.016799219 |
|    clip_fraction        | 0.229       |
|    clip_range           | 0.2         |
|    entropy_loss         | -7.11       |
|    explained_variance   | 0.952       |
|    learning_rate        | 0.0003      |
|    loss                 | 0.368       |
|    n_updates            | 1390        |
|    policy_gradient_loss | -0.0141     |
|    std                  | 0.67        |
|    value_loss           | 0.956       |
-----------------------------------------
---------------------------------
| rollout/           |          |
|    ep_len_mean     | 149      |
|    ep_rew_mean     | -37.2    |
|    success_rate    | 0.49     |
| time/              |          |
|    fps             | 623      |
|    iterations      | 140      |
|    time_elapsed    | 459      |
|    total_timesteps | 286720   |
---------------------------------
-----------------------------------------
| rollout/                |             |
|    ep_len_mean          | 153         |
|    ep_rew_mean          | -38.3       |
|    success_rate         | 0.46        |
| time/                   |             |
|    fps                  | 625         |
|    iterations           | 141         |
|    time_elapsed         | 461         |
|    total_timesteps      | 288768      |
| train/                  |             |
|    approx_kl            | 0.022448625 |
|    clip_fraction        | 0.229       |
|    clip_range           | 0.2         |
|    entropy_loss         | -7.09       |
|    explained_variance   | 0.934       |
|    learning_rate        | 0.0003      |
|    loss                 | 0.763       |
|    n_updates            | 1400        |
|    policy_gradient_loss | -0.0106     |
|    std                  | 0.668       |
|    value_loss           | 1.61        |
-----------------------------------------
Eval num_timesteps=290000, episode_reward=-34.66 +/- 18.58
Episode length: 130.60 +/- 57.43
Success rate: 60.00%
-----------------------------------------
| eval/                   |             |
|    mean_ep_length       | 131         |
|    mean_reward          | -34.7       |
|    success_rate         | 0.6         |
| time/                   |             |
|    total_timesteps      | 290000      |
| train/                  |             |
|    approx_kl            | 0.016072746 |
|    clip_fraction        | 0.18        |
|    clip_range           | 0.2         |
|    entropy_loss         | -7.08       |
|    explained_variance   | 0.901       |
|    learning_rate        | 0.0003      |
|    loss                 | 1.93        |
|    n_updates            | 1410        |
|    policy_gradient_loss | -0.012      |
|    std                  | 0.669       |
|    value_loss           | 3.69        |
-----------------------------------------
---------------------------------
| rollout/           |          |
|    ep_len_mean     | 151      |
|    ep_rew_mean     | -38.3    |
|    success_rate    | 0.47     |
| time/              |          |
|    fps             | 623      |
|    iterations      | 142      |
|    time_elapsed    | 466      |
|    total_timesteps | 290816   |
---------------------------------
----------------------------------------
| rollout/                |            |
|    ep_len_mean          | 152        |
|    ep_rew_mean          | -39        |
|    success_rate         | 0.46       |
| time/                   |            |
|    fps                  | 625        |
|    iterations           | 143        |
|    time_elapsed         | 468        |
|    total_timesteps      | 292864     |
| train/                  |            |
|    approx_kl            | 0.02085524 |
|    clip_fraction        | 0.197      |
|    clip_range           | 0.2        |
|    entropy_loss         | -7.07      |
|    explained_variance   | 0.906      |
|    learning_rate        | 0.0003     |
|    loss                 | 1.31       |
|    n_updates            | 1420       |
|    policy_gradient_loss | -0.0118    |
|    std                  | 0.665      |
|    value_loss           | 2.39       |
----------------------------------------
-----------------------------------------
| rollout/                |             |
|    ep_len_mean          | 149         |
|    ep_rew_mean          | -38.7       |
|    success_rate         | 0.47        |
| time/                   |             |
|    fps                  | 627         |
|    iterations           | 144         |
|    time_elapsed         | 470         |
|    total_timesteps      | 294912      |
| train/                  |             |
|    approx_kl            | 0.018927192 |
|    clip_fraction        | 0.195       |
|    clip_range           | 0.2         |
|    entropy_loss         | -7.03       |
|    explained_variance   | 0.916       |
|    learning_rate        | 0.0003      |
|    loss                 | 0.205       |
|    n_updates            | 1430        |
|    policy_gradient_loss | -0.00934    |
|    std                  | 0.661       |
|    value_loss           | 1.94        |
-----------------------------------------
Eval num_timesteps=295000, episode_reward=-47.47 +/- 12.31
Episode length: 182.00 +/- 45.94
Success rate: 13.33%
-----------------------------------------
| eval/                   |             |
|    mean_ep_length       | 182         |
|    mean_reward          | -47.5       |
|    success_rate         | 0.133       |
| time/                   |             |
|    total_timesteps      | 295000      |
| train/                  |             |
|    approx_kl            | 0.019246355 |
|    clip_fraction        | 0.196       |
|    clip_range           | 0.2         |
|    entropy_loss         | -7          |
|    explained_variance   | 0.925       |
|    learning_rate        | 0.0003      |
|    loss                 | 0.557       |
|    n_updates            | 1440        |
|    policy_gradient_loss | -0.0101     |
|    std                  | 0.659       |
|    value_loss           | 1.83        |
-----------------------------------------
---------------------------------
| rollout/           |          |
|    ep_len_mean     | 148      |
|    ep_rew_mean     | -38.9    |
|    success_rate    | 0.48     |
| time/              |          |
|    fps             | 624      |
|    iterations      | 145      |
|    time_elapsed    | 475      |
|    total_timesteps | 296960   |
---------------------------------
-----------------------------------------
| rollout/                |             |
|    ep_len_mean          | 144         |
|    ep_rew_mean          | -38.3       |
|    success_rate         | 0.52        |
| time/                   |             |
|    fps                  | 626         |
|    iterations           | 146         |
|    time_elapsed         | 477         |
|    total_timesteps      | 299008      |
| train/                  |             |
|    approx_kl            | 0.016737375 |
|    clip_fraction        | 0.202       |
|    clip_range           | 0.2         |
|    entropy_loss         | -6.98       |
|    explained_variance   | 0.893       |
|    learning_rate        | 0.0003      |
|    loss                 | 0.233       |
|    n_updates            | 1450        |
|    policy_gradient_loss | -0.00884    |
|    std                  | 0.658       |
|    value_loss           | 1.71        |
-----------------------------------------
Eval num_timesteps=300000, episode_reward=-45.79 +/- 12.60
Episode length: 180.27 +/- 44.27
Success rate: 16.67%
-----------------------------------------
| eval/                   |             |
|    mean_ep_length       | 180         |
|    mean_reward          | -45.8       |
|    success_rate         | 0.167       |
| time/                   |             |
|    total_timesteps      | 300000      |
| train/                  |             |
|    approx_kl            | 0.017002169 |
|    clip_fraction        | 0.197       |
|    clip_range           | 0.2         |
|    entropy_loss         | -6.95       |
|    explained_variance   | 0.892       |
|    learning_rate        | 0.0003      |
|    loss                 | 0.363       |
|    n_updates            | 1460        |
|    policy_gradient_loss | -0.00897    |
|    std                  | 0.654       |
|    value_loss           | 1.65        |
-----------------------------------------
---------------------------------
| rollout/           |          |
|    ep_len_mean     | 143      |
|    ep_rew_mean     | -37.7    |
|    success_rate    | 0.53     |
| time/              |          |
|    fps             | 624      |
|    iterations      | 147      |
|    time_elapsed    | 482      |
|    total_timesteps | 301056   |
---------------------------------
----------------------------------------
| rollout/                |            |
|    ep_len_mean          | 143        |
|    ep_rew_mean          | -37.1      |
|    success_rate         | 0.53       |
| time/                   |            |
|    fps                  | 625        |
|    iterations           | 148        |
|    time_elapsed         | 484        |
|    total_timesteps      | 303104     |
| train/                  |            |
|    approx_kl            | 0.02354097 |
|    clip_fraction        | 0.241      |
|    clip_range           | 0.2        |
|    entropy_loss         | -6.92      |
|    explained_variance   | 0.863      |
|    learning_rate        | 0.0003     |
|    loss                 | 0.367      |
|    n_updates            | 1470       |
|    policy_gradient_loss | -0.02      |
|    std                  | 0.652      |
|    value_loss           | 2.05       |
----------------------------------------
Eval num_timesteps=305000, episode_reward=-32.75 +/- 17.74
Episode length: 131.03 +/- 61.98
Success rate: 56.67%
-----------------------------------------
| eval/                   |             |
|    mean_ep_length       | 131         |
|    mean_reward          | -32.8       |
|    success_rate         | 0.567       |
| time/                   |             |
|    total_timesteps      | 305000      |
| train/                  |             |
|    approx_kl            | 0.023747534 |
|    clip_fraction        | 0.223       |
|    clip_range           | 0.2         |
|    entropy_loss         | -6.91       |
|    explained_variance   | 0.912       |
|    learning_rate        | 0.0003      |
|    loss                 | 0.684       |
|    n_updates            | 1480        |
|    policy_gradient_loss | -0.011      |
|    std                  | 0.652       |
|    value_loss           | 1.79        |
-----------------------------------------
New best mean reward!
---------------------------------
| rollout/           |          |
|    ep_len_mean     | 143      |
|    ep_rew_mean     | -36.7    |
|    success_rate    | 0.53     |
| time/              |          |
|    fps             | 624      |
|    iterations      | 149      |
|    time_elapsed    | 488      |
|    total_timesteps | 305152   |
---------------------------------
-----------------------------------------
| rollout/                |             |
|    ep_len_mean          | 148         |
|    ep_rew_mean          | -37.8       |
|    success_rate         | 0.49        |
| time/                   |             |
|    fps                  | 625         |
|    iterations           | 150         |
|    time_elapsed         | 490         |
|    total_timesteps      | 307200      |
| train/                  |             |
|    approx_kl            | 0.019166548 |
|    clip_fraction        | 0.229       |
|    clip_range           | 0.2         |
|    entropy_loss         | -6.92       |
|    explained_variance   | 0.922       |
|    learning_rate        | 0.0003      |
|    loss                 | 0.253       |
|    n_updates            | 1490        |
|    policy_gradient_loss | -0.00971    |
|    std                  | 0.653       |
|    value_loss           | 1.1         |
-----------------------------------------
-----------------------------------------
| rollout/                |             |
|    ep_len_mean          | 152         |
|    ep_rew_mean          | -38.8       |
|    success_rate         | 0.46        |
| time/                   |             |
|    fps                  | 627         |
|    iterations           | 151         |
|    time_elapsed         | 492         |
|    total_timesteps      | 309248      |
| train/                  |             |
|    approx_kl            | 0.020246133 |
|    clip_fraction        | 0.23        |
|    clip_range           | 0.2         |
|    entropy_loss         | -6.88       |
|    explained_variance   | 0.949       |
|    learning_rate        | 0.0003      |
|    loss                 | 0.203       |
|    n_updates            | 1500        |
|    policy_gradient_loss | -0.0088     |
|    std                  | 0.646       |
|    value_loss           | 0.815       |
-----------------------------------------
Eval num_timesteps=310000, episode_reward=-37.11 +/- 16.89
Episode length: 151.83 +/- 54.08
Success rate: 46.67%
-----------------------------------------
| eval/                   |             |
|    mean_ep_length       | 152         |
|    mean_reward          | -37.1       |
|    success_rate         | 0.467       |
| time/                   |             |
|    total_timesteps      | 310000      |
| train/                  |             |
|    approx_kl            | 0.024605934 |
|    clip_fraction        | 0.249       |
|    clip_range           | 0.2         |
|    entropy_loss         | -6.83       |
|    explained_variance   | 0.945       |
|    learning_rate        | 0.0003      |
|    loss                 | 0.472       |
|    n_updates            | 1510        |
|    policy_gradient_loss | -0.0107     |
|    std                  | 0.644       |
|    value_loss           | 0.837       |
-----------------------------------------
---------------------------------
| rollout/           |          |
|    ep_len_mean     | 156      |
|    ep_rew_mean     | -39.4    |
|    success_rate    | 0.44     |
| time/              |          |
|    fps             | 625      |
|    iterations      | 152      |
|    time_elapsed    | 497      |
|    total_timesteps | 311296   |
---------------------------------
----------------------------------------
| rollout/                |            |
|    ep_len_mean          | 157        |
|    ep_rew_mean          | -39.2      |
|    success_rate         | 0.42       |
| time/                   |            |
|    fps                  | 627        |
|    iterations           | 153        |
|    time_elapsed         | 499        |
|    total_timesteps      | 313344     |
| train/                  |            |
|    approx_kl            | 0.01578819 |
|    clip_fraction        | 0.186      |
|    clip_range           | 0.2        |
|    entropy_loss         | -6.82      |
|    explained_variance   | 0.939      |
|    learning_rate        | 0.0003     |
|    loss                 | 1.69       |
|    n_updates            | 1520       |
|    policy_gradient_loss | -0.00996   |
|    std                  | 0.642      |
|    value_loss           | 2.22       |
----------------------------------------
Eval num_timesteps=315000, episode_reward=-34.70 +/- 16.68
Episode length: 141.60 +/- 61.40
Success rate: 50.00%
------------------------------------------
| eval/                   |              |
|    mean_ep_length       | 142          |
|    mean_reward          | -34.7        |
|    success_rate         | 0.5          |
| time/                   |              |
|    total_timesteps      | 315000       |
| train/                  |              |
|    approx_kl            | 0.0155912265 |
|    clip_fraction        | 0.186        |
|    clip_range           | 0.2          |
|    entropy_loss         | -6.81        |
|    explained_variance   | 0.936        |
|    learning_rate        | 0.0003       |
|    loss                 | 0.931        |
|    n_updates            | 1530         |
|    policy_gradient_loss | -0.00553     |
|    std                  | 0.643        |
|    value_loss           | 1.84         |
------------------------------------------
---------------------------------
| rollout/           |          |
|    ep_len_mean     | 151      |
|    ep_rew_mean     | -37.8    |
|    success_rate    | 0.49     |
| time/              |          |
|    fps             | 625      |
|    iterations      | 154      |
|    time_elapsed    | 504      |
|    total_timesteps | 315392   |
---------------------------------
-----------------------------------------
| rollout/                |             |
|    ep_len_mean          | 154         |
|    ep_rew_mean          | -38.6       |
|    success_rate         | 0.47        |
| time/                   |             |
|    fps                  | 626         |
|    iterations           | 155         |
|    time_elapsed         | 506         |
|    total_timesteps      | 317440      |
| train/                  |             |
|    approx_kl            | 0.016993694 |
|    clip_fraction        | 0.198       |
|    clip_range           | 0.2         |
|    entropy_loss         | -6.81       |
|    explained_variance   | 0.921       |
|    learning_rate        | 0.0003      |
|    loss                 | 0.424       |
|    n_updates            | 1540        |
|    policy_gradient_loss | -0.00763    |
|    std                  | 0.642       |
|    value_loss           | 2.06        |
-----------------------------------------
-----------------------------------------
| rollout/                |             |
|    ep_len_mean          | 155         |
|    ep_rew_mean          | -38.4       |
|    success_rate         | 0.48        |
| time/                   |             |
|    fps                  | 628         |
|    iterations           | 156         |
|    time_elapsed         | 508         |
|    total_timesteps      | 319488      |
| train/                  |             |
|    approx_kl            | 0.023060156 |
|    clip_fraction        | 0.25        |
|    clip_range           | 0.2         |
|    entropy_loss         | -6.79       |
|    explained_variance   | 0.972       |
|    learning_rate        | 0.0003      |
|    loss                 | 0.19        |
|    n_updates            | 1550        |
|    policy_gradient_loss | -0.0113     |
|    std                  | 0.64        |
|    value_loss           | 0.705       |
-----------------------------------------
Eval num_timesteps=320000, episode_reward=-37.41 +/- 15.85
Episode length: 151.33 +/- 57.42
Success rate: 46.67%
-----------------------------------------
| eval/                   |             |
|    mean_ep_length       | 151         |
|    mean_reward          | -37.4       |
|    success_rate         | 0.467       |
| time/                   |             |
|    total_timesteps      | 320000      |
| train/                  |             |
|    approx_kl            | 0.019114299 |
|    clip_fraction        | 0.223       |
|    clip_range           | 0.2         |
|    entropy_loss         | -6.76       |
|    explained_variance   | 0.906       |
|    learning_rate        | 0.0003      |
|    loss                 | 0.772       |
|    n_updates            | 1560        |
|    policy_gradient_loss | -0.00552    |
|    std                  | 0.637       |
|    value_loss           | 1.8         |
-----------------------------------------
---------------------------------
| rollout/           |          |
|    ep_len_mean     | 156      |
|    ep_rew_mean     | -38.3    |
|    success_rate    | 0.47     |
| time/              |          |
|    fps             | 626      |
|    iterations      | 157      |
|    time_elapsed    | 513      |
|    total_timesteps | 321536   |
---------------------------------
----------------------------------------
| rollout/                |            |
|    ep_len_mean          | 154        |
|    ep_rew_mean          | -37.7      |
|    success_rate         | 0.47       |
| time/                   |            |
|    fps                  | 628        |
|    iterations           | 158        |
|    time_elapsed         | 515        |
|    total_timesteps      | 323584     |
| train/                  |            |
|    approx_kl            | 0.01859948 |
|    clip_fraction        | 0.214      |
|    clip_range           | 0.2        |
|    entropy_loss         | -6.74      |
|    explained_variance   | 0.935      |
|    learning_rate        | 0.0003     |
|    loss                 | 0.56       |
|    n_updates            | 1570       |
|    policy_gradient_loss | -0.00568   |
|    std                  | 0.634      |
|    value_loss           | 1.64       |
----------------------------------------
Eval num_timesteps=325000, episode_reward=-38.24 +/- 15.68
Episode length: 155.80 +/- 58.64
Success rate: 36.67%
-----------------------------------------
| eval/                   |             |
|    mean_ep_length       | 156         |
|    mean_reward          | -38.2       |
|    success_rate         | 0.367       |
| time/                   |             |
|    total_timesteps      | 325000      |
| train/                  |             |
|    approx_kl            | 0.023287114 |
|    clip_fraction        | 0.276       |
|    clip_range           | 0.2         |
|    entropy_loss         | -6.72       |
|    explained_variance   | 0.959       |
|    learning_rate        | 0.0003      |
|    loss                 | 0.111       |
|    n_updates            | 1580        |
|    policy_gradient_loss | -0.00925    |
|    std                  | 0.635       |
|    value_loss           | 0.986       |
-----------------------------------------
---------------------------------
| rollout/           |          |
|    ep_len_mean     | 150      |
|    ep_rew_mean     | -36.6    |
|    success_rate    | 0.5      |
| time/              |          |
|    fps             | 626      |
|    iterations      | 159      |
|    time_elapsed    | 519      |
|    total_timesteps | 325632   |
---------------------------------
-----------------------------------------
| rollout/                |             |
|    ep_len_mean          | 151         |
|    ep_rew_mean          | -37.3       |
|    success_rate         | 0.48        |
| time/                   |             |
|    fps                  | 627         |
|    iterations           | 160         |
|    time_elapsed         | 521         |
|    total_timesteps      | 327680      |
| train/                  |             |
|    approx_kl            | 0.018854601 |
|    clip_fraction        | 0.212       |
|    clip_range           | 0.2         |
|    entropy_loss         | -6.71       |
|    explained_variance   | 0.93        |
|    learning_rate        | 0.0003      |
|    loss                 | 0.307       |
|    n_updates            | 1590        |
|    policy_gradient_loss | -0.0102     |
|    std                  | 0.632       |
|    value_loss           | 1.98        |
-----------------------------------------
-----------------------------------------
| rollout/                |             |
|    ep_len_mean          | 150         |
|    ep_rew_mean          | -36.8       |
|    success_rate         | 0.47        |
| time/                   |             |
|    fps                  | 629         |
|    iterations           | 161         |
|    time_elapsed         | 523         |
|    total_timesteps      | 329728      |
| train/                  |             |
|    approx_kl            | 0.013134187 |
|    clip_fraction        | 0.186       |
|    clip_range           | 0.2         |
|    entropy_loss         | -6.7        |
|    explained_variance   | 0.913       |
|    learning_rate        | 0.0003      |
|    loss                 | 1.08        |
|    n_updates            | 1600        |
|    policy_gradient_loss | -0.0114     |
|    std                  | 0.633       |
|    value_loss           | 2.66        |
-----------------------------------------
Eval num_timesteps=330000, episode_reward=-40.16 +/- 15.47
Episode length: 161.17 +/- 56.70
Success rate: 33.33%
-----------------------------------------
| eval/                   |             |
|    mean_ep_length       | 161         |
|    mean_reward          | -40.2       |
|    success_rate         | 0.333       |
| time/                   |             |
|    total_timesteps      | 330000      |
| train/                  |             |
|    approx_kl            | 0.016506076 |
|    clip_fraction        | 0.169       |
|    clip_range           | 0.2         |
|    entropy_loss         | -6.71       |
|    explained_variance   | 0.877       |
|    learning_rate        | 0.0003      |
|    loss                 | 0.849       |
|    n_updates            | 1610        |
|    policy_gradient_loss | -0.00691    |
|    std                  | 0.634       |
|    value_loss           | 2.76        |
-----------------------------------------
---------------------------------
| rollout/           |          |
|    ep_len_mean     | 152      |
|    ep_rew_mean     | -37      |
|    success_rate    | 0.46     |
| time/              |          |
|    fps             | 627      |
|    iterations      | 162      |
|    time_elapsed    | 528      |
|    total_timesteps | 331776   |
---------------------------------
-----------------------------------------
| rollout/                |             |
|    ep_len_mean          | 153         |
|    ep_rew_mean          | -37.9       |
|    success_rate         | 0.44        |
| time/                   |             |
|    fps                  | 629         |
|    iterations           | 163         |
|    time_elapsed         | 530         |
|    total_timesteps      | 333824      |
| train/                  |             |
|    approx_kl            | 0.043842316 |
|    clip_fraction        | 0.213       |
|    clip_range           | 0.2         |
|    entropy_loss         | -6.7        |
|    explained_variance   | 0.917       |
|    learning_rate        | 0.0003      |
|    loss                 | 0.412       |
|    n_updates            | 1620        |
|    policy_gradient_loss | -0.00625    |
|    std                  | 0.633       |
|    value_loss           | 0.852       |
-----------------------------------------
Eval num_timesteps=335000, episode_reward=-34.13 +/- 16.41
Episode length: 136.77 +/- 61.55
Success rate: 53.33%
-----------------------------------------
| eval/                   |             |
|    mean_ep_length       | 137         |
|    mean_reward          | -34.1       |
|    success_rate         | 0.533       |
| time/                   |             |
|    total_timesteps      | 335000      |
| train/                  |             |
|    approx_kl            | 0.020677295 |
|    clip_fraction        | 0.242       |
|    clip_range           | 0.2         |
|    entropy_loss         | -6.71       |
|    explained_variance   | 0.956       |
|    learning_rate        | 0.0003      |
|    loss                 | 0.0843      |
|    n_updates            | 1630        |
|    policy_gradient_loss | -0.0105     |
|    std                  | 0.633       |
|    value_loss           | 0.613       |
-----------------------------------------
---------------------------------
| rollout/           |          |
|    ep_len_mean     | 152      |
|    ep_rew_mean     | -38.2    |
|    success_rate    | 0.42     |
| time/              |          |
|    fps             | 627      |
|    iterations      | 164      |
|    time_elapsed    | 535      |
|    total_timesteps | 335872   |
---------------------------------
-----------------------------------------
| rollout/                |             |
|    ep_len_mean          | 141         |
|    ep_rew_mean          | -35.4       |
|    success_rate         | 0.51        |
| time/                   |             |
|    fps                  | 628         |
|    iterations           | 165         |
|    time_elapsed         | 537         |
|    total_timesteps      | 337920      |
| train/                  |             |
|    approx_kl            | 0.024942681 |
|    clip_fraction        | 0.232       |
|    clip_range           | 0.2         |
|    entropy_loss         | -6.7        |
|    explained_variance   | 0.922       |
|    learning_rate        | 0.0003      |
|    loss                 | 0.968       |
|    n_updates            | 1640        |
|    policy_gradient_loss | -0.0101     |
|    std                  | 0.631       |
|    value_loss           | 1.74        |
-----------------------------------------
-----------------------------------------
| rollout/                |             |
|    ep_len_mean          | 143         |
|    ep_rew_mean          | -36.5       |
|    success_rate         | 0.5         |
| time/                   |             |
|    fps                  | 630         |
|    iterations           | 166         |
|    time_elapsed         | 539         |
|    total_timesteps      | 339968      |
| train/                  |             |
|    approx_kl            | 0.012303619 |
|    clip_fraction        | 0.154       |
|    clip_range           | 0.2         |
|    entropy_loss         | -6.66       |
|    explained_variance   | 0.883       |
|    learning_rate        | 0.0003      |
|    loss                 | 0.351       |
|    n_updates            | 1650        |
|    policy_gradient_loss | -0.00967    |
|    std                  | 0.627       |
|    value_loss           | 3.48        |
-----------------------------------------
Eval num_timesteps=340000, episode_reward=-36.68 +/- 18.08
Episode length: 142.93 +/- 62.57
Success rate: 46.67%
---------------------------------------
| eval/                   |           |
|    mean_ep_length       | 143       |
|    mean_reward          | -36.7     |
|    success_rate         | 0.467     |
| time/                   |           |
|    total_timesteps      | 340000    |
| train/                  |           |
|    approx_kl            | 0.0203599 |
|    clip_fraction        | 0.252     |
|    clip_range           | 0.2       |
|    entropy_loss         | -6.64     |
|    explained_variance   | 0.887     |
|    learning_rate        | 0.0003    |
|    loss                 | 0.679     |
|    n_updates            | 1660      |
|    policy_gradient_loss | -0.0109   |
|    std                  | 0.628     |
|    value_loss           | 1.08      |
---------------------------------------
---------------------------------
| rollout/           |          |
|    ep_len_mean     | 135      |
|    ep_rew_mean     | -34.8    |
|    success_rate    | 0.55     |
| time/              |          |
|    fps             | 628      |
|    iterations      | 167      |
|    time_elapsed    | 544      |
|    total_timesteps | 342016   |
---------------------------------
-----------------------------------------
| rollout/                |             |
|    ep_len_mean          | 133         |
|    ep_rew_mean          | -34.5       |
|    success_rate         | 0.58        |
| time/                   |             |
|    fps                  | 629         |
|    iterations           | 168         |
|    time_elapsed         | 546         |
|    total_timesteps      | 344064      |
| train/                  |             |
|    approx_kl            | 0.015772916 |
|    clip_fraction        | 0.201       |
|    clip_range           | 0.2         |
|    entropy_loss         | -6.66       |
|    explained_variance   | 0.912       |
|    learning_rate        | 0.0003      |
|    loss                 | 0.65        |
|    n_updates            | 1670        |
|    policy_gradient_loss | -0.0136     |
|    std                  | 0.629       |
|    value_loss           | 2.85        |
-----------------------------------------
Eval num_timesteps=345000, episode_reward=-37.11 +/- 15.12
Episode length: 149.73 +/- 62.04
Success rate: 40.00%
-----------------------------------------
| eval/                   |             |
|    mean_ep_length       | 150         |
|    mean_reward          | -37.1       |
|    success_rate         | 0.4         |
| time/                   |             |
|    total_timesteps      | 345000      |
| train/                  |             |
|    approx_kl            | 0.017824773 |
|    clip_fraction        | 0.176       |
|    clip_range           | 0.2         |
|    entropy_loss         | -6.65       |
|    explained_variance   | 0.912       |
|    learning_rate        | 0.0003      |
|    loss                 | 0.933       |
|    n_updates            | 1680        |
|    policy_gradient_loss | -0.0119     |
|    std                  | 0.627       |
|    value_loss           | 2.81        |
-----------------------------------------
---------------------------------
| rollout/           |          |
|    ep_len_mean     | 126      |
|    ep_rew_mean     | -32.8    |
|    success_rate    | 0.63     |
| time/              |          |
|    fps             | 628      |
|    iterations      | 169      |
|    time_elapsed    | 551      |
|    total_timesteps | 346112   |
---------------------------------
-----------------------------------------
| rollout/                |             |
|    ep_len_mean          | 120         |
|    ep_rew_mean          | -31         |
|    success_rate         | 0.68        |
| time/                   |             |
|    fps                  | 629         |
|    iterations           | 170         |
|    time_elapsed         | 553         |
|    total_timesteps      | 348160      |
| train/                  |             |
|    approx_kl            | 0.018319964 |
|    clip_fraction        | 0.21        |
|    clip_range           | 0.2         |
|    entropy_loss         | -6.63       |
|    explained_variance   | 0.935       |
|    learning_rate        | 0.0003      |
|    loss                 | 0.61        |
|    n_updates            | 1690        |
|    policy_gradient_loss | -0.0107     |
|    std                  | 0.626       |
|    value_loss           | 1.25        |
-----------------------------------------
Eval num_timesteps=350000, episode_reward=-38.30 +/- 16.95
Episode length: 150.93 +/- 60.60
Success rate: 40.00%
-----------------------------------------
| eval/                   |             |
|    mean_ep_length       | 151         |
|    mean_reward          | -38.3       |
|    success_rate         | 0.4         |
| time/                   |             |
|    total_timesteps      | 350000      |
| train/                  |             |
|    approx_kl            | 0.019449178 |
|    clip_fraction        | 0.214       |
|    clip_range           | 0.2         |
|    entropy_loss         | -6.62       |
|    explained_variance   | 0.955       |
|    learning_rate        | 0.0003      |
|    loss                 | 0.8         |
|    n_updates            | 1700        |
|    policy_gradient_loss | -0.0106     |
|    std                  | 0.625       |
|    value_loss           | 1.34        |
-----------------------------------------
---------------------------------
| rollout/           |          |
|    ep_len_mean     | 127      |
|    ep_rew_mean     | -33.3    |
|    success_rate    | 0.62     |
| time/              |          |
|    fps             | 627      |
|    iterations      | 171      |
|    time_elapsed    | 557      |
|    total_timesteps | 350208   |
---------------------------------
-----------------------------------------
| rollout/                |             |
|    ep_len_mean          | 129         |
|    ep_rew_mean          | -33.5       |
|    success_rate         | 0.6         |
| time/                   |             |
|    fps                  | 629         |
|    iterations           | 172         |
|    time_elapsed         | 559         |
|    total_timesteps      | 352256      |
| train/                  |             |
|    approx_kl            | 0.023703456 |
|    clip_fraction        | 0.255       |
|    clip_range           | 0.2         |
|    entropy_loss         | -6.62       |
|    explained_variance   | 0.913       |
|    learning_rate        | 0.0003      |
|    loss                 | 0.0917      |
|    n_updates            | 1710        |
|    policy_gradient_loss | -0.0125     |
|    std                  | 0.627       |
|    value_loss           | 0.662       |
-----------------------------------------
-----------------------------------------
| rollout/                |             |
|    ep_len_mean          | 134         |
|    ep_rew_mean          | -35.4       |
|    success_rate         | 0.55        |
| time/                   |             |
|    fps                  | 630         |
|    iterations           | 173         |
|    time_elapsed         | 562         |
|    total_timesteps      | 354304      |
| train/                  |             |
|    approx_kl            | 0.021687644 |
|    clip_fraction        | 0.221       |
|    clip_range           | 0.2         |
|    entropy_loss         | -6.64       |
|    explained_variance   | 0.903       |
|    learning_rate        | 0.0003      |
|    loss                 | 0.11        |
|    n_updates            | 1720        |
|    policy_gradient_loss | -0.00989    |
|    std                  | 0.629       |
|    value_loss           | 0.868       |
-----------------------------------------
Eval num_timesteps=355000, episode_reward=-40.68 +/- 19.12
Episode length: 155.17 +/- 63.64
Success rate: 33.33%
-----------------------------------------
| eval/                   |             |
|    mean_ep_length       | 155         |
|    mean_reward          | -40.7       |
|    success_rate         | 0.333       |
| time/                   |             |
|    total_timesteps      | 355000      |
| train/                  |             |
|    approx_kl            | 0.014334943 |
|    clip_fraction        | 0.186       |
|    clip_range           | 0.2         |
|    entropy_loss         | -6.65       |
|    explained_variance   | 0.891       |
|    learning_rate        | 0.0003      |
|    loss                 | 0.291       |
|    n_updates            | 1730        |
|    policy_gradient_loss | -0.00868    |
|    std                  | 0.627       |
|    value_loss           | 2.41        |
-----------------------------------------
---------------------------------
| rollout/           |          |
|    ep_len_mean     | 140      |
|    ep_rew_mean     | -36.8    |
|    success_rate    | 0.51     |
| time/              |          |
|    fps             | 628      |
|    iterations      | 174      |
|    time_elapsed    | 566      |
|    total_timesteps | 356352   |
---------------------------------
-----------------------------------------
| rollout/                |             |
|    ep_len_mean          | 143         |
|    ep_rew_mean          | -37.5       |
|    success_rate         | 0.47        |
| time/                   |             |
|    fps                  | 630         |
|    iterations           | 175         |
|    time_elapsed         | 568         |
|    total_timesteps      | 358400      |
| train/                  |             |
|    approx_kl            | 0.017138828 |
|    clip_fraction        | 0.206       |
|    clip_range           | 0.2         |
|    entropy_loss         | -6.61       |
|    explained_variance   | 0.853       |
|    learning_rate        | 0.0003      |
|    loss                 | 0.0732      |
|    n_updates            | 1740        |
|    policy_gradient_loss | -0.00836    |
|    std                  | 0.625       |
|    value_loss           | 1.48        |
-----------------------------------------
Eval num_timesteps=360000, episode_reward=-42.76 +/- 17.42
Episode length: 160.63 +/- 60.70
Success rate: 30.00%
----------------------------------------
| eval/                   |            |
|    mean_ep_length       | 161        |
|    mean_reward          | -42.8      |
|    success_rate         | 0.3        |
| time/                   |            |
|    total_timesteps      | 360000     |
| train/                  |            |
|    approx_kl            | 0.01896557 |
|    clip_fraction        | 0.206      |
|    clip_range           | 0.2        |
|    entropy_loss         | -6.58      |
|    explained_variance   | 0.859      |
|    learning_rate        | 0.0003     |
|    loss                 | 0.382      |
|    n_updates            | 1750       |
|    policy_gradient_loss | -0.0102    |
|    std                  | 0.62       |
|    value_loss           | 2.05       |
----------------------------------------
---------------------------------
| rollout/           |          |
|    ep_len_mean     | 140      |
|    ep_rew_mean     | -36.6    |
|    success_rate    | 0.51     |
| time/              |          |
|    fps             | 628      |
|    iterations      | 176      |
|    time_elapsed    | 573      |
|    total_timesteps | 360448   |
---------------------------------
-----------------------------------------
| rollout/                |             |
|    ep_len_mean          | 145         |
|    ep_rew_mean          | -38         |
|    success_rate         | 0.48        |
| time/                   |             |
|    fps                  | 629         |
|    iterations           | 177         |
|    time_elapsed         | 575         |
|    total_timesteps      | 362496      |
| train/                  |             |
|    approx_kl            | 0.019580912 |
|    clip_fraction        | 0.188       |
|    clip_range           | 0.2         |
|    entropy_loss         | -6.55       |
|    explained_variance   | 0.924       |
|    learning_rate        | 0.0003      |
|    loss                 | 0.702       |
|    n_updates            | 1760        |
|    policy_gradient_loss | -0.00714    |
|    std                  | 0.621       |
|    value_loss           | 2.75        |
-----------------------------------------
-----------------------------------------
| rollout/                |             |
|    ep_len_mean          | 141         |
|    ep_rew_mean          | -37         |
|    success_rate         | 0.51        |
| time/                   |             |
|    fps                  | 630         |
|    iterations           | 178         |
|    time_elapsed         | 577         |
|    total_timesteps      | 364544      |
| train/                  |             |
|    approx_kl            | 0.017520934 |
|    clip_fraction        | 0.22        |
|    clip_range           | 0.2         |
|    entropy_loss         | -6.55       |
|    explained_variance   | 0.926       |
|    learning_rate        | 0.0003      |
|    loss                 | 0.24        |
|    n_updates            | 1770        |
|    policy_gradient_loss | -0.0135     |
|    std                  | 0.618       |
|    value_loss           | 1.98        |
-----------------------------------------
Eval num_timesteps=365000, episode_reward=-35.66 +/- 16.17
Episode length: 138.83 +/- 61.82
Success rate: 50.00%
----------------------------------------
| eval/                   |            |
|    mean_ep_length       | 139        |
|    mean_reward          | -35.7      |
|    success_rate         | 0.5        |
| time/                   |            |
|    total_timesteps      | 365000     |
| train/                  |            |
|    approx_kl            | 0.02466556 |
|    clip_fraction        | 0.25       |
|    clip_range           | 0.2        |
|    entropy_loss         | -6.56      |
|    explained_variance   | 0.964      |
|    learning_rate        | 0.0003     |
|    loss                 | 0.286      |
|    n_updates            | 1780       |
|    policy_gradient_loss | -0.0108    |
|    std                  | 0.623      |
|    value_loss           | 1.2        |
----------------------------------------
---------------------------------
| rollout/           |          |
|    ep_len_mean     | 136      |
|    ep_rew_mean     | -35.4    |
|    success_rate    | 0.56     |
| time/              |          |
|    fps             | 629      |
|    iterations      | 179      |
|    time_elapsed    | 582      |
|    total_timesteps | 366592   |
---------------------------------
-----------------------------------------
| rollout/                |             |
|    ep_len_mean          | 135         |
|    ep_rew_mean          | -34.8       |
|    success_rate         | 0.56        |
| time/                   |             |
|    fps                  | 630         |
|    iterations           | 180         |
|    time_elapsed         | 584         |
|    total_timesteps      | 368640      |
| train/                  |             |
|    approx_kl            | 0.018806634 |
|    clip_fraction        | 0.208       |
|    clip_range           | 0.2         |
|    entropy_loss         | -6.55       |
|    explained_variance   | 0.916       |
|    learning_rate        | 0.0003      |
|    loss                 | 0.343       |
|    n_updates            | 1790        |
|    policy_gradient_loss | -0.0098     |
|    std                  | 0.618       |
|    value_loss           | 2.65        |
-----------------------------------------
Eval num_timesteps=370000, episode_reward=-41.44 +/- 16.96
Episode length: 161.63 +/- 59.88
Success rate: 30.00%
-----------------------------------------
| eval/                   |             |
|    mean_ep_length       | 162         |
|    mean_reward          | -41.4       |
|    success_rate         | 0.3         |
| time/                   |             |
|    total_timesteps      | 370000      |
| train/                  |             |
|    approx_kl            | 0.028650008 |
|    clip_fraction        | 0.244       |
|    clip_range           | 0.2         |
|    entropy_loss         | -6.52       |
|    explained_variance   | 0.967       |
|    learning_rate        | 0.0003      |
|    loss                 | 0.241       |
|    n_updates            | 1800        |
|    policy_gradient_loss | -0.013      |
|    std                  | 0.617       |
|    value_loss           | 0.725       |
-----------------------------------------
---------------------------------
| rollout/           |          |
|    ep_len_mean     | 135      |
|    ep_rew_mean     | -34.4    |
|    success_rate    | 0.57     |
| time/              |          |
|    fps             | 629      |
|    iterations      | 181      |
|    time_elapsed    | 589      |
|    total_timesteps | 370688   |
---------------------------------
-----------------------------------------
| rollout/                |             |
|    ep_len_mean          | 132         |
|    ep_rew_mean          | -34.1       |
|    success_rate         | 0.57        |
| time/                   |             |
|    fps                  | 630         |
|    iterations           | 182         |
|    time_elapsed         | 591         |
|    total_timesteps      | 372736      |
| train/                  |             |
|    approx_kl            | 0.019275077 |
|    clip_fraction        | 0.214       |
|    clip_range           | 0.2         |
|    entropy_loss         | -6.53       |
|    explained_variance   | 0.899       |
|    learning_rate        | 0.0003      |
|    loss                 | 0.236       |
|    n_updates            | 1810        |
|    policy_gradient_loss | -0.0126     |
|    std                  | 0.62        |
|    value_loss           | 1.36        |
-----------------------------------------
-----------------------------------------
| rollout/                |             |
|    ep_len_mean          | 131         |
|    ep_rew_mean          | -33.3       |
|    success_rate         | 0.57        |
| time/                   |             |
|    fps                  | 631         |
|    iterations           | 183         |
|    time_elapsed         | 593         |
|    total_timesteps      | 374784      |
| train/                  |             |
|    approx_kl            | 0.016041895 |
|    clip_fraction        | 0.172       |
|    clip_range           | 0.2         |
|    entropy_loss         | -6.57       |
|    explained_variance   | 0.889       |
|    learning_rate        | 0.0003      |
|    loss                 | 1.08        |
|    n_updates            | 1820        |
|    policy_gradient_loss | -0.0107     |
|    std                  | 0.623       |
|    value_loss           | 3.77        |
-----------------------------------------
Eval num_timesteps=375000, episode_reward=-41.68 +/- 18.33
Episode length: 156.97 +/- 59.25
Success rate: 40.00%
-----------------------------------------
| eval/                   |             |
|    mean_ep_length       | 157         |
|    mean_reward          | -41.7       |
|    success_rate         | 0.4         |
| time/                   |             |
|    total_timesteps      | 375000      |
| train/                  |             |
|    approx_kl            | 0.017975762 |
|    clip_fraction        | 0.215       |
|    clip_range           | 0.2         |
|    entropy_loss         | -6.58       |
|    explained_variance   | 0.93        |
|    learning_rate        | 0.0003      |
|    loss                 | 0.434       |
|    n_updates            | 1830        |
|    policy_gradient_loss | -0.0104     |
|    std                  | 0.622       |
|    value_loss           | 1.82        |
-----------------------------------------
---------------------------------
| rollout/           |          |
|    ep_len_mean     | 132      |
|    ep_rew_mean     | -33.6    |
|    success_rate    | 0.56     |
| time/              |          |
|    fps             | 629      |
|    iterations      | 184      |
|    time_elapsed    | 598      |
|    total_timesteps | 376832   |
---------------------------------
-----------------------------------------
| rollout/                |             |
|    ep_len_mean          | 131         |
|    ep_rew_mean          | -33.5       |
|    success_rate         | 0.56        |
| time/                   |             |
|    fps                  | 631         |
|    iterations           | 185         |
|    time_elapsed         | 600         |
|    total_timesteps      | 378880      |
| train/                  |             |
|    approx_kl            | 0.021584623 |
|    clip_fraction        | 0.224       |
|    clip_range           | 0.2         |
|    entropy_loss         | -6.59       |
|    explained_variance   | 0.952       |
|    learning_rate        | 0.0003      |
|    loss                 | 0.49        |
|    n_updates            | 1840        |
|    policy_gradient_loss | -0.00935    |
|    std                  | 0.625       |
|    value_loss           | 1.31        |
-----------------------------------------
Eval num_timesteps=380000, episode_reward=-42.97 +/- 13.98
Episode length: 168.13 +/- 50.74
Success rate: 30.00%
-----------------------------------------
| eval/                   |             |
|    mean_ep_length       | 168         |
|    mean_reward          | -43         |
|    success_rate         | 0.3         |
| time/                   |             |
|    total_timesteps      | 380000      |
| train/                  |             |
|    approx_kl            | 0.015351463 |
|    clip_fraction        | 0.2         |
|    clip_range           | 0.2         |
|    entropy_loss         | -6.6        |
|    explained_variance   | 0.901       |
|    learning_rate        | 0.0003      |
|    loss                 | 1.33        |
|    n_updates            | 1850        |
|    policy_gradient_loss | -0.00908    |
|    std                  | 0.625       |
|    value_loss           | 2.7         |
-----------------------------------------
---------------------------------
| rollout/           |          |
|    ep_len_mean     | 132      |
|    ep_rew_mean     | -33.4    |
|    success_rate    | 0.57     |
| time/              |          |
|    fps             | 629      |
|    iterations      | 186      |
|    time_elapsed    | 605      |
|    total_timesteps | 380928   |
---------------------------------
----------------------------------------
| rollout/                |            |
|    ep_len_mean          | 132        |
|    ep_rew_mean          | -33.5      |
|    success_rate         | 0.58       |
| time/                   |            |
|    fps                  | 630        |
|    iterations           | 187        |
|    time_elapsed         | 607        |
|    total_timesteps      | 382976     |
| train/                  |            |
|    approx_kl            | 0.01804315 |
|    clip_fraction        | 0.203      |
|    clip_range           | 0.2        |
|    entropy_loss         | -6.61      |
|    explained_variance   | 0.88       |
|    learning_rate        | 0.0003     |
|    loss                 | 1.41       |
|    n_updates            | 1860       |
|    policy_gradient_loss | -0.0107    |
|    std                  | 0.625      |
|    value_loss           | 2.17       |
----------------------------------------
Eval num_timesteps=385000, episode_reward=-36.78 +/- 19.70
Episode length: 144.37 +/- 64.99
Success rate: 43.33%
-----------------------------------------
| eval/                   |             |
|    mean_ep_length       | 144         |
|    mean_reward          | -36.8       |
|    success_rate         | 0.433       |
| time/                   |             |
|    total_timesteps      | 385000      |
| train/                  |             |
|    approx_kl            | 0.021184135 |
|    clip_fraction        | 0.202       |
|    clip_range           | 0.2         |
|    entropy_loss         | -6.59       |
|    explained_variance   | 0.846       |
|    learning_rate        | 0.0003      |
|    loss                 | 0.358       |
|    n_updates            | 1870        |
|    policy_gradient_loss | -0.00896    |
|    std                  | 0.622       |
|    value_loss           | 2.27        |
-----------------------------------------
---------------------------------
| rollout/           |          |
|    ep_len_mean     | 136      |
|    ep_rew_mean     | -35      |
|    success_rate    | 0.54     |
| time/              |          |
|    fps             | 629      |
|    iterations      | 188      |
|    time_elapsed    | 611      |
|    total_timesteps | 385024   |
---------------------------------
-----------------------------------------
| rollout/                |             |
|    ep_len_mean          | 139         |
|    ep_rew_mean          | -35.9       |
|    success_rate         | 0.52        |
| time/                   |             |
|    fps                  | 630         |
|    iterations           | 189         |
|    time_elapsed         | 613         |
|    total_timesteps      | 387072      |
| train/                  |             |
|    approx_kl            | 0.016687846 |
|    clip_fraction        | 0.207       |
|    clip_range           | 0.2         |
|    entropy_loss         | -6.56       |
|    explained_variance   | 0.888       |
|    learning_rate        | 0.0003      |
|    loss                 | 1.24        |
|    n_updates            | 1880        |
|    policy_gradient_loss | -0.0108     |
|    std                  | 0.621       |
|    value_loss           | 2.78        |
-----------------------------------------
-----------------------------------------
| rollout/                |             |
|    ep_len_mean          | 144         |
|    ep_rew_mean          | -37.4       |
|    success_rate         | 0.48        |
| time/                   |             |
|    fps                  | 631         |
|    iterations           | 190         |
|    time_elapsed         | 615         |
|    total_timesteps      | 389120      |
| train/                  |             |
|    approx_kl            | 0.018331733 |
|    clip_fraction        | 0.179       |
|    clip_range           | 0.2         |
|    entropy_loss         | -6.54       |
|    explained_variance   | 0.78        |
|    learning_rate        | 0.0003      |
|    loss                 | 0.52        |
|    n_updates            | 1890        |
|    policy_gradient_loss | -0.00893    |
|    std                  | 0.619       |
|    value_loss           | 4.61        |
-----------------------------------------
Eval num_timesteps=390000, episode_reward=-39.55 +/- 20.21
Episode length: 149.57 +/- 61.30
Success rate: 46.67%
-----------------------------------------
| eval/                   |             |
|    mean_ep_length       | 150         |
|    mean_reward          | -39.6       |
|    success_rate         | 0.467       |
| time/                   |             |
|    total_timesteps      | 390000      |
| train/                  |             |
|    approx_kl            | 0.028618116 |
|    clip_fraction        | 0.253       |
|    clip_range           | 0.2         |
|    entropy_loss         | -6.53       |
|    explained_variance   | 0.929       |
|    learning_rate        | 0.0003      |
|    loss                 | 0.453       |
|    n_updates            | 1900        |
|    policy_gradient_loss | -0.00914    |
|    std                  | 0.62        |
|    value_loss           | 1.04        |
-----------------------------------------
---------------------------------
| rollout/           |          |
|    ep_len_mean     | 145      |
|    ep_rew_mean     | -38      |
|    success_rate    | 0.47     |
| time/              |          |
|    fps             | 630      |
|    iterations      | 191      |
|    time_elapsed    | 620      |
|    total_timesteps | 391168   |
---------------------------------
----------------------------------------
| rollout/                |            |
|    ep_len_mean          | 148        |
|    ep_rew_mean          | -38.7      |
|    success_rate         | 0.47       |
| time/                   |            |
|    fps                  | 631        |
|    iterations           | 192        |
|    time_elapsed         | 622        |
|    total_timesteps      | 393216     |
| train/                  |            |
|    approx_kl            | 0.01759974 |
|    clip_fraction        | 0.214      |
|    clip_range           | 0.2        |
|    entropy_loss         | -6.52      |
|    explained_variance   | 0.908      |
|    learning_rate        | 0.0003     |
|    loss                 | 0.405      |
|    n_updates            | 1910       |
|    policy_gradient_loss | -0.00997   |
|    std                  | 0.617      |
|    value_loss           | 1.59       |
----------------------------------------
Eval num_timesteps=395000, episode_reward=-40.62 +/- 16.80
Episode length: 156.57 +/- 59.12
Success rate: 40.00%
----------------------------------------
| eval/                   |            |
|    mean_ep_length       | 157        |
|    mean_reward          | -40.6      |
|    success_rate         | 0.4        |
| time/                   |            |
|    total_timesteps      | 395000     |
| train/                  |            |
|    approx_kl            | 0.02252704 |
|    clip_fraction        | 0.205      |
|    clip_range           | 0.2        |
|    entropy_loss         | -6.49      |
|    explained_variance   | 0.902      |
|    learning_rate        | 0.0003     |
|    loss                 | 1.11       |
|    n_updates            | 1920       |
|    policy_gradient_loss | -0.00768   |
|    std                  | 0.613      |
|    value_loss           | 2.37       |
----------------------------------------
---------------------------------
| rollout/           |          |
|    ep_len_mean     | 147      |
|    ep_rew_mean     | -38.8    |
|    success_rate    | 0.46     |
| time/              |          |
|    fps             | 630      |
|    iterations      | 193      |
|    time_elapsed    | 627      |
|    total_timesteps | 395264   |
---------------------------------
-----------------------------------------
| rollout/                |             |
|    ep_len_mean          | 146         |
|    ep_rew_mean          | -39.1       |
|    success_rate         | 0.47        |
| time/                   |             |
|    fps                  | 631         |
|    iterations           | 194         |
|    time_elapsed         | 628         |
|    total_timesteps      | 397312      |
| train/                  |             |
|    approx_kl            | 0.017590199 |
|    clip_fraction        | 0.212       |
|    clip_range           | 0.2         |
|    entropy_loss         | -6.45       |
|    explained_variance   | 0.893       |
|    learning_rate        | 0.0003      |
|    loss                 | 0.449       |
|    n_updates            | 1930        |
|    policy_gradient_loss | -0.009      |
|    std                  | 0.611       |
|    value_loss           | 2.81        |
-----------------------------------------
-----------------------------------------
| rollout/                |             |
|    ep_len_mean          | 137         |
|    ep_rew_mean          | -36.3       |
|    success_rate         | 0.55        |
| time/                   |             |
|    fps                  | 632         |
|    iterations           | 195         |
|    time_elapsed         | 630         |
|    total_timesteps      | 399360      |
| train/                  |             |
|    approx_kl            | 0.020230182 |
|    clip_fraction        | 0.234       |
|    clip_range           | 0.2         |
|    entropy_loss         | -6.46       |
|    explained_variance   | 0.941       |
|    learning_rate        | 0.0003      |
|    loss                 | 0.188       |
|    n_updates            | 1940        |
|    policy_gradient_loss | -0.0138     |
|    std                  | 0.614       |
|    value_loss           | 1.54        |
-----------------------------------------
Eval num_timesteps=400000, episode_reward=-35.13 +/- 17.63
Episode length: 136.73 +/- 64.60
Success rate: 50.00%
-----------------------------------------
| eval/                   |             |
|    mean_ep_length       | 137         |
|    mean_reward          | -35.1       |
|    success_rate         | 0.5         |
| time/                   |             |
|    total_timesteps      | 400000      |
| train/                  |             |
|    approx_kl            | 0.016013939 |
|    clip_fraction        | 0.174       |
|    clip_range           | 0.2         |
|    entropy_loss         | -6.47       |
|    explained_variance   | 0.911       |
|    learning_rate        | 0.0003      |
|    loss                 | 0.905       |
|    n_updates            | 1950        |
|    policy_gradient_loss | -0.0114     |
|    std                  | 0.613       |
|    value_loss           | 2.7         |
-----------------------------------------
---------------------------------
| rollout/           |          |
|    ep_len_mean     | 130      |
|    ep_rew_mean     | -34.7    |
|    success_rate    | 0.61     |
| time/              |          |
|    fps             | 631      |
|    iterations      | 196      |
|    time_elapsed    | 635      |
|    total_timesteps | 401408   |
---------------------------------
-----------------------------------------
| rollout/                |             |
|    ep_len_mean          | 127         |
|    ep_rew_mean          | -33         |
|    success_rate         | 0.64        |
| time/                   |             |
|    fps                  | 632         |
|    iterations           | 197         |
|    time_elapsed         | 637         |
|    total_timesteps      | 403456      |
| train/                  |             |
|    approx_kl            | 0.016358476 |
|    clip_fraction        | 0.197       |
|    clip_range           | 0.2         |
|    entropy_loss         | -6.46       |
|    explained_variance   | 0.935       |
|    learning_rate        | 0.0003      |
|    loss                 | 0.536       |
|    n_updates            | 1960        |
|    policy_gradient_loss | -0.0111     |
|    std                  | 0.612       |
|    value_loss           | 1.89        |
-----------------------------------------
Eval num_timesteps=405000, episode_reward=-39.42 +/- 19.20
Episode length: 153.63 +/- 60.81
Success rate: 40.00%
-----------------------------------------
| eval/                   |             |
|    mean_ep_length       | 154         |
|    mean_reward          | -39.4       |
|    success_rate         | 0.4         |
| time/                   |             |
|    total_timesteps      | 405000      |
| train/                  |             |
|    approx_kl            | 0.020583522 |
|    clip_fraction        | 0.242       |
|    clip_range           | 0.2         |
|    entropy_loss         | -6.46       |
|    explained_variance   | 0.894       |
|    learning_rate        | 0.0003      |
|    loss                 | 0.339       |
|    n_updates            | 1970        |
|    policy_gradient_loss | -0.0129     |
|    std                  | 0.614       |
|    value_loss           | 1.38        |
-----------------------------------------
---------------------------------
| rollout/           |          |
|    ep_len_mean     | 124      |
|    ep_rew_mean     | -31.7    |
|    success_rate    | 0.65     |
| time/              |          |
|    fps             | 631      |
|    iterations      | 198      |
|    time_elapsed    | 642      |
|    total_timesteps | 405504   |
---------------------------------
-----------------------------------------
| rollout/                |             |
|    ep_len_mean          | 125         |
|    ep_rew_mean          | -32         |
|    success_rate         | 0.64        |
| time/                   |             |
|    fps                  | 632         |
|    iterations           | 199         |
|    time_elapsed         | 643         |
|    total_timesteps      | 407552      |
| train/                  |             |
|    approx_kl            | 0.020169726 |
|    clip_fraction        | 0.201       |
|    clip_range           | 0.2         |
|    entropy_loss         | -6.46       |
|    explained_variance   | 0.904       |
|    learning_rate        | 0.0003      |
|    loss                 | 0.295       |
|    n_updates            | 1980        |
|    policy_gradient_loss | -0.0111     |
|    std                  | 0.613       |
|    value_loss           | 1.93        |
-----------------------------------------
-----------------------------------------
| rollout/                |             |
|    ep_len_mean          | 125         |
|    ep_rew_mean          | -32.1       |
|    success_rate         | 0.64        |
| time/                   |             |
|    fps                  | 634         |
|    iterations           | 200         |
|    time_elapsed         | 645         |
|    total_timesteps      | 409600      |
| train/                  |             |
|    approx_kl            | 0.017896919 |
|    clip_fraction        | 0.207       |
|    clip_range           | 0.2         |
|    entropy_loss         | -6.46       |
|    explained_variance   | 0.913       |
|    learning_rate        | 0.0003      |
|    loss                 | 0.248       |
|    n_updates            | 1990        |
|    policy_gradient_loss | -0.0113     |
|    std                  | 0.613       |
|    value_loss           | 1.43        |
-----------------------------------------
Eval num_timesteps=410000, episode_reward=-37.59 +/- 18.49
Episode length: 147.97 +/- 61.12
Success rate: 43.33%
-----------------------------------------
| eval/                   |             |
|    mean_ep_length       | 148         |
|    mean_reward          | -37.6       |
|    success_rate         | 0.433       |
| time/                   |             |
|    total_timesteps      | 410000      |
| train/                  |             |
|    approx_kl            | 0.017263858 |
|    clip_fraction        | 0.217       |
|    clip_range           | 0.2         |
|    entropy_loss         | -6.46       |
|    explained_variance   | 0.889       |
|    learning_rate        | 0.0003      |
|    loss                 | 0.512       |
|    n_updates            | 2000        |
|    policy_gradient_loss | -0.0142     |
|    std                  | 0.613       |
|    value_loss           | 3.55        |
-----------------------------------------
---------------------------------
| rollout/           |          |
|    ep_len_mean     | 127      |
|    ep_rew_mean     | -32.5    |
|    success_rate    | 0.63     |
| time/              |          |
|    fps             | 633      |
|    iterations      | 201      |
|    time_elapsed    | 650      |
|    total_timesteps | 411648   |
---------------------------------
-----------------------------------------
| rollout/                |             |
|    ep_len_mean          | 130         |
|    ep_rew_mean          | -33.2       |
|    success_rate         | 0.6         |
| time/                   |             |
|    fps                  | 634         |
|    iterations           | 202         |
|    time_elapsed         | 652         |
|    total_timesteps      | 413696      |
| train/                  |             |
|    approx_kl            | 0.023341687 |
|    clip_fraction        | 0.259       |
|    clip_range           | 0.2         |
|    entropy_loss         | -6.46       |
|    explained_variance   | 0.941       |
|    learning_rate        | 0.0003      |
|    loss                 | 0.09        |
|    n_updates            | 2010        |
|    policy_gradient_loss | -0.012      |
|    std                  | 0.612       |
|    value_loss           | 0.998       |
-----------------------------------------
Eval num_timesteps=415000, episode_reward=-37.93 +/- 17.80
Episode length: 147.57 +/- 57.62
Success rate: 46.67%
-----------------------------------------
| eval/                   |             |
|    mean_ep_length       | 148         |
|    mean_reward          | -37.9       |
|    success_rate         | 0.467       |
| time/                   |             |
|    total_timesteps      | 415000      |
| train/                  |             |
|    approx_kl            | 0.016312208 |
|    clip_fraction        | 0.213       |
|    clip_range           | 0.2         |
|    entropy_loss         | -6.46       |
|    explained_variance   | 0.899       |
|    learning_rate        | 0.0003      |
|    loss                 | 0.33        |
|    n_updates            | 2020        |
|    policy_gradient_loss | -0.00991    |
|    std                  | 0.614       |
|    value_loss           | 2.63        |
-----------------------------------------
---------------------------------
| rollout/           |          |
|    ep_len_mean     | 133      |
|    ep_rew_mean     | -33.9    |
|    success_rate    | 0.58     |
| time/              |          |
|    fps             | 633      |
|    iterations      | 203      |
|    time_elapsed    | 656      |
|    total_timesteps | 415744   |
---------------------------------
-----------------------------------------
| rollout/                |             |
|    ep_len_mean          | 136         |
|    ep_rew_mean          | -34.5       |
|    success_rate         | 0.58        |
| time/                   |             |
|    fps                  | 634         |
|    iterations           | 204         |
|    time_elapsed         | 658         |
|    total_timesteps      | 417792      |
| train/                  |             |
|    approx_kl            | 0.015088846 |
|    clip_fraction        | 0.188       |
|    clip_range           | 0.2         |
|    entropy_loss         | -6.49       |
|    explained_variance   | 0.926       |
|    learning_rate        | 0.0003      |
|    loss                 | 0.459       |
|    n_updates            | 2030        |
|    policy_gradient_loss | -0.0129     |
|    std                  | 0.616       |
|    value_loss           | 2.26        |
-----------------------------------------
-----------------------------------------
| rollout/                |             |
|    ep_len_mean          | 142         |
|    ep_rew_mean          | -36.5       |
|    success_rate         | 0.53        |
| time/                   |             |
|    fps                  | 635         |
|    iterations           | 205         |
|    time_elapsed         | 660         |
|    total_timesteps      | 419840      |
| train/                  |             |
|    approx_kl            | 0.018014535 |
|    clip_fraction        | 0.219       |
|    clip_range           | 0.2         |
|    entropy_loss         | -6.49       |
|    explained_variance   | 0.972       |
|    learning_rate        | 0.0003      |
|    loss                 | 0.0978      |
|    n_updates            | 2040        |
|    policy_gradient_loss | -0.0112     |
|    std                  | 0.616       |
|    value_loss           | 0.881       |
-----------------------------------------
Eval num_timesteps=420000, episode_reward=-41.06 +/- 15.19
Episode length: 173.07 +/- 48.80
Success rate: 26.67%
-----------------------------------------
| eval/                   |             |
|    mean_ep_length       | 173         |
|    mean_reward          | -41.1       |
|    success_rate         | 0.267       |
| time/                   |             |
|    total_timesteps      | 420000      |
| train/                  |             |
|    approx_kl            | 0.020264683 |
|    clip_fraction        | 0.245       |
|    clip_range           | 0.2         |
|    entropy_loss         | -6.48       |
|    explained_variance   | 0.932       |
|    learning_rate        | 0.0003      |
|    loss                 | 0.0831      |
|    n_updates            | 2050        |
|    policy_gradient_loss | -0.00537    |
|    std                  | 0.614       |
|    value_loss           | 0.695       |
-----------------------------------------
---------------------------------
| rollout/           |          |
|    ep_len_mean     | 142      |
|    ep_rew_mean     | -36.3    |
|    success_rate    | 0.54     |
| time/              |          |
|    fps             | 634      |
|    iterations      | 206      |
|    time_elapsed    | 664      |
|    total_timesteps | 421888   |
---------------------------------
-----------------------------------------
| rollout/                |             |
|    ep_len_mean          | 150         |
|    ep_rew_mean          | -38.6       |
|    success_rate         | 0.48        |
| time/                   |             |
|    fps                  | 635         |
|    iterations           | 207         |
|    time_elapsed         | 666         |
|    total_timesteps      | 423936      |
| train/                  |             |
|    approx_kl            | 0.023311146 |
|    clip_fraction        | 0.227       |
|    clip_range           | 0.2         |
|    entropy_loss         | -6.46       |
|    explained_variance   | 0.896       |
|    learning_rate        | 0.0003      |
|    loss                 | 0.181       |
|    n_updates            | 2060        |
|    policy_gradient_loss | -0.00963    |
|    std                  | 0.613       |
|    value_loss           | 1.68        |
-----------------------------------------
Eval num_timesteps=425000, episode_reward=-43.79 +/- 14.57
Episode length: 177.20 +/- 47.40
Success rate: 20.00%
-----------------------------------------
| eval/                   |             |
|    mean_ep_length       | 177         |
|    mean_reward          | -43.8       |
|    success_rate         | 0.2         |
| time/                   |             |
|    total_timesteps      | 425000      |
| train/                  |             |
|    approx_kl            | 0.017480884 |
|    clip_fraction        | 0.247       |
|    clip_range           | 0.2         |
|    entropy_loss         | -6.46       |
|    explained_variance   | 0.96        |
|    learning_rate        | 0.0003      |
|    loss                 | 0.0934      |
|    n_updates            | 2070        |
|    policy_gradient_loss | -0.0125     |
|    std                  | 0.612       |
|    value_loss           | 0.609       |
-----------------------------------------
---------------------------------
| rollout/           |          |
|    ep_len_mean     | 155      |
|    ep_rew_mean     | -39.6    |
|    success_rate    | 0.45     |
| time/              |          |
|    fps             | 634      |
|    iterations      | 208      |
|    time_elapsed    | 671      |
|    total_timesteps | 425984   |
---------------------------------
----------------------------------------
| rollout/                |            |
|    ep_len_mean          | 155        |
|    ep_rew_mean          | -39.5      |
|    success_rate         | 0.44       |
| time/                   |            |
|    fps                  | 635        |
|    iterations           | 209        |
|    time_elapsed         | 673        |
|    total_timesteps      | 428032     |
| train/                  |            |
|    approx_kl            | 0.02163525 |
|    clip_fraction        | 0.254      |
|    clip_range           | 0.2        |
|    entropy_loss         | -6.44      |
|    explained_variance   | 0.933      |
|    learning_rate        | 0.0003     |
|    loss                 | 1.51       |
|    n_updates            | 2080       |
|    policy_gradient_loss | -0.0139    |
|    std                  | 0.613      |
|    value_loss           | 1.68       |
----------------------------------------
Eval num_timesteps=430000, episode_reward=-40.73 +/- 14.54
Episode length: 163.63 +/- 56.57
Success rate: 30.00%
----------------------------------------
| eval/                   |            |
|    mean_ep_length       | 164        |
|    mean_reward          | -40.7      |
|    success_rate         | 0.3        |
| time/                   |            |
|    total_timesteps      | 430000     |
| train/                  |            |
|    approx_kl            | 0.02406799 |
|    clip_fraction        | 0.214      |
|    clip_range           | 0.2        |
|    entropy_loss         | -6.43      |
|    explained_variance   | 0.928      |
|    learning_rate        | 0.0003     |
|    loss                 | 0.546      |
|    n_updates            | 2090       |
|    policy_gradient_loss | -0.012     |
|    std                  | 0.611      |
|    value_loss           | 1.75       |
----------------------------------------
---------------------------------
| rollout/           |          |
|    ep_len_mean     | 157      |
|    ep_rew_mean     | -40      |
|    success_rate    | 0.44     |
| time/              |          |
|    fps             | 634      |
|    iterations      | 210      |
|    time_elapsed    | 677      |
|    total_timesteps | 430080   |
---------------------------------
-----------------------------------------
| rollout/                |             |
|    ep_len_mean          | 155         |
|    ep_rew_mean          | -39.3       |
|    success_rate         | 0.47        |
| time/                   |             |
|    fps                  | 635         |
|    iterations           | 211         |
|    time_elapsed         | 679         |
|    total_timesteps      | 432128      |
| train/                  |             |
|    approx_kl            | 0.018066268 |
|    clip_fraction        | 0.21        |
|    clip_range           | 0.2         |
|    entropy_loss         | -6.4        |
|    explained_variance   | 0.93        |
|    learning_rate        | 0.0003      |
|    loss                 | 0.267       |
|    n_updates            | 2100        |
|    policy_gradient_loss | -0.0129     |
|    std                  | 0.607       |
|    value_loss           | 1.19        |
-----------------------------------------
-----------------------------------------
| rollout/                |             |
|    ep_len_mean          | 152         |
|    ep_rew_mean          | -38.8       |
|    success_rate         | 0.47        |
| time/                   |             |
|    fps                  | 636         |
|    iterations           | 212         |
|    time_elapsed         | 681         |
|    total_timesteps      | 434176      |
| train/                  |             |
|    approx_kl            | 0.017033866 |
|    clip_fraction        | 0.198       |
|    clip_range           | 0.2         |
|    entropy_loss         | -6.37       |
|    explained_variance   | 0.909       |
|    learning_rate        | 0.0003      |
|    loss                 | 0.596       |
|    n_updates            | 2110        |
|    policy_gradient_loss | -0.0123     |
|    std                  | 0.606       |
|    value_loss           | 2.95        |
-----------------------------------------
Eval num_timesteps=435000, episode_reward=-38.93 +/- 15.35
Episode length: 154.03 +/- 54.76
Success rate: 43.33%
-----------------------------------------
| eval/                   |             |
|    mean_ep_length       | 154         |
|    mean_reward          | -38.9       |
|    success_rate         | 0.433       |
| time/                   |             |
|    total_timesteps      | 435000      |
| train/                  |             |
|    approx_kl            | 0.015725799 |
|    clip_fraction        | 0.176       |
|    clip_range           | 0.2         |
|    entropy_loss         | -6.36       |
|    explained_variance   | 0.938       |
|    learning_rate        | 0.0003      |
|    loss                 | 0.925       |
|    n_updates            | 2120        |
|    policy_gradient_loss | -0.012      |
|    std                  | 0.606       |
|    value_loss           | 1.9         |
-----------------------------------------
---------------------------------
| rollout/           |          |
|    ep_len_mean     | 150      |
|    ep_rew_mean     | -38.8    |
|    success_rate    | 0.47     |
| time/              |          |
|    fps             | 635      |
|    iterations      | 213      |
|    time_elapsed    | 686      |
|    total_timesteps | 436224   |
---------------------------------
-----------------------------------------
| rollout/                |             |
|    ep_len_mean          | 143         |
|    ep_rew_mean          | -36.5       |
|    success_rate         | 0.51        |
| time/                   |             |
|    fps                  | 636         |
|    iterations           | 214         |
|    time_elapsed         | 688         |
|    total_timesteps      | 438272      |
| train/                  |             |
|    approx_kl            | 0.020816574 |
|    clip_fraction        | 0.222       |
|    clip_range           | 0.2         |
|    entropy_loss         | -6.35       |
|    explained_variance   | 0.967       |
|    learning_rate        | 0.0003      |
|    loss                 | 0.0785      |
|    n_updates            | 2130        |
|    policy_gradient_loss | -0.00579    |
|    std                  | 0.603       |
|    value_loss           | 0.604       |
-----------------------------------------
Eval num_timesteps=440000, episode_reward=-40.49 +/- 16.66
Episode length: 156.30 +/- 58.18
Success rate: 36.67%
-----------------------------------------
| eval/                   |             |
|    mean_ep_length       | 156         |
|    mean_reward          | -40.5       |
|    success_rate         | 0.367       |
| time/                   |             |
|    total_timesteps      | 440000      |
| train/                  |             |
|    approx_kl            | 0.018678743 |
|    clip_fraction        | 0.212       |
|    clip_range           | 0.2         |
|    entropy_loss         | -6.33       |
|    explained_variance   | 0.891       |
|    learning_rate        | 0.0003      |
|    loss                 | 0.862       |
|    n_updates            | 2140        |
|    policy_gradient_loss | -0.0105     |
|    std                  | 0.602       |
|    value_loss           | 2.26        |
-----------------------------------------
---------------------------------
| rollout/           |          |
|    ep_len_mean     | 140      |
|    ep_rew_mean     | -35.4    |
|    success_rate    | 0.54     |
| time/              |          |
|    fps             | 635      |
|    iterations      | 215      |
|    time_elapsed    | 692      |
|    total_timesteps | 440320   |
---------------------------------
----------------------------------------
| rollout/                |            |
|    ep_len_mean          | 136        |
|    ep_rew_mean          | -35        |
|    success_rate         | 0.56       |
| time/                   |            |
|    fps                  | 636        |
|    iterations           | 216        |
|    time_elapsed         | 694        |
|    total_timesteps      | 442368     |
| train/                  |            |
|    approx_kl            | 0.02306037 |
|    clip_fraction        | 0.223      |
|    clip_range           | 0.2        |
|    entropy_loss         | -6.32      |
|    explained_variance   | 0.935      |
|    learning_rate        | 0.0003     |
|    loss                 | 0.196      |
|    n_updates            | 2150       |
|    policy_gradient_loss | -0.0136    |
|    std                  | 0.602      |
|    value_loss           | 0.933      |
----------------------------------------
-----------------------------------------
| rollout/                |             |
|    ep_len_mean          | 137         |
|    ep_rew_mean          | -34.9       |
|    success_rate         | 0.56        |
| time/                   |             |
|    fps                  | 637         |
|    iterations           | 217         |
|    time_elapsed         | 696         |
|    total_timesteps      | 444416      |
| train/                  |             |
|    approx_kl            | 0.015637077 |
|    clip_fraction        | 0.183       |
|    clip_range           | 0.2         |
|    entropy_loss         | -6.34       |
|    explained_variance   | 0.924       |
|    learning_rate        | 0.0003      |
|    loss                 | 0.43        |
|    n_updates            | 2160        |
|    policy_gradient_loss | -0.0124     |
|    std                  | 0.606       |
|    value_loss           | 2.44        |
-----------------------------------------
Eval num_timesteps=445000, episode_reward=-35.84 +/- 16.18
Episode length: 155.07 +/- 55.35
Success rate: 50.00%
-----------------------------------------
| eval/                   |             |
|    mean_ep_length       | 155         |
|    mean_reward          | -35.8       |
|    success_rate         | 0.5         |
| time/                   |             |
|    total_timesteps      | 445000      |
| train/                  |             |
|    approx_kl            | 0.020014474 |
|    clip_fraction        | 0.233       |
|    clip_range           | 0.2         |
|    entropy_loss         | -6.36       |
|    explained_variance   | 0.906       |
|    learning_rate        | 0.0003      |
|    loss                 | 0.167       |
|    n_updates            | 2170        |
|    policy_gradient_loss | -0.0123     |
|    std                  | 0.605       |
|    value_loss           | 1.39        |
-----------------------------------------
---------------------------------
| rollout/           |          |
|    ep_len_mean     | 135      |
|    ep_rew_mean     | -34.9    |
|    success_rate    | 0.55     |
| time/              |          |
|    fps             | 636      |
|    iterations      | 218      |
|    time_elapsed    | 701      |
|    total_timesteps | 446464   |
---------------------------------
-----------------------------------------
| rollout/                |             |
|    ep_len_mean          | 132         |
|    ep_rew_mean          | -33.8       |
|    success_rate         | 0.58        |
| time/                   |             |
|    fps                  | 637         |
|    iterations           | 219         |
|    time_elapsed         | 703         |
|    total_timesteps      | 448512      |
| train/                  |             |
|    approx_kl            | 0.020078957 |
|    clip_fraction        | 0.22        |
|    clip_range           | 0.2         |
|    entropy_loss         | -6.36       |
|    explained_variance   | 0.926       |
|    learning_rate        | 0.0003      |
|    loss                 | 0.147       |
|    n_updates            | 2180        |
|    policy_gradient_loss | -0.0136     |
|    std                  | 0.607       |
|    value_loss           | 1.01        |
-----------------------------------------
Eval num_timesteps=450000, episode_reward=-31.84 +/- 15.97
Episode length: 136.57 +/- 62.19
Success rate: 53.33%
---------------------------------------
| eval/                   |           |
|    mean_ep_length       | 137       |
|    mean_reward          | -31.8     |
|    success_rate         | 0.533     |
| time/                   |           |
|    total_timesteps      | 450000    |
| train/                  |           |
|    approx_kl            | 0.0160566 |
|    clip_fraction        | 0.207     |
|    clip_range           | 0.2       |
|    entropy_loss         | -6.36     |
|    explained_variance   | 0.898     |
|    learning_rate        | 0.0003    |
|    loss                 | 0.337     |
|    n_updates            | 2190      |
|    policy_gradient_loss | -0.0127   |
|    std                  | 0.604     |
|    value_loss           | 1.78      |
---------------------------------------
New best mean reward!
---------------------------------
| rollout/           |          |
|    ep_len_mean     | 129      |
|    ep_rew_mean     | -32.7    |
|    success_rate    | 0.61     |
| time/              |          |
|    fps             | 636      |
|    iterations      | 220      |
|    time_elapsed    | 707      |
|    total_timesteps | 450560   |
---------------------------------
-----------------------------------------
| rollout/                |             |
|    ep_len_mean          | 125         |
|    ep_rew_mean          | -31.8       |
|    success_rate         | 0.64        |
| time/                   |             |
|    fps                  | 637         |
|    iterations           | 221         |
|    time_elapsed         | 709         |
|    total_timesteps      | 452608      |
| train/                  |             |
|    approx_kl            | 0.017083734 |
|    clip_fraction        | 0.215       |
|    clip_range           | 0.2         |
|    entropy_loss         | -6.35       |
|    explained_variance   | 0.927       |
|    learning_rate        | 0.0003      |
|    loss                 | 0.473       |
|    n_updates            | 2200        |
|    policy_gradient_loss | -0.0142     |
|    std                  | 0.604       |
|    value_loss           | 1.77        |
-----------------------------------------
----------------------------------------
| rollout/                |            |
|    ep_len_mean          | 127        |
|    ep_rew_mean          | -32.3      |
|    success_rate         | 0.62       |
| time/                   |            |
|    fps                  | 639        |
|    iterations           | 222        |
|    time_elapsed         | 711        |
|    total_timesteps      | 454656     |
| train/                  |            |
|    approx_kl            | 0.01672248 |
|    clip_fraction        | 0.173      |
|    clip_range           | 0.2        |
|    entropy_loss         | -6.33      |
|    explained_variance   | 0.92       |
|    learning_rate        | 0.0003     |
|    loss                 | 0.26       |
|    n_updates            | 2210       |
|    policy_gradient_loss | -0.0101    |
|    std                  | 0.601      |
|    value_loss           | 2.27       |
----------------------------------------
Eval num_timesteps=455000, episode_reward=-34.84 +/- 17.62
Episode length: 137.77 +/- 59.72
Success rate: 53.33%
-----------------------------------------
| eval/                   |             |
|    mean_ep_length       | 138         |
|    mean_reward          | -34.8       |
|    success_rate         | 0.533       |
| time/                   |             |
|    total_timesteps      | 455000      |
| train/                  |             |
|    approx_kl            | 0.016138328 |
|    clip_fraction        | 0.21        |
|    clip_range           | 0.2         |
|    entropy_loss         | -6.31       |
|    explained_variance   | 0.898       |
|    learning_rate        | 0.0003      |
|    loss                 | 0.483       |
|    n_updates            | 2220        |
|    policy_gradient_loss | -0.0136     |
|    std                  | 0.6         |
|    value_loss           | 2           |
-----------------------------------------
---------------------------------
| rollout/           |          |
|    ep_len_mean     | 125      |
|    ep_rew_mean     | -31.4    |
|    success_rate    | 0.66     |
| time/              |          |
|    fps             | 637      |
|    iterations      | 223      |
|    time_elapsed    | 715      |
|    total_timesteps | 456704   |
---------------------------------
----------------------------------------
| rollout/                |            |
|    ep_len_mean          | 121        |
|    ep_rew_mean          | -30.1      |
|    success_rate         | 0.7        |
| time/                   |            |
|    fps                  | 638        |
|    iterations           | 224        |
|    time_elapsed         | 717        |
|    total_timesteps      | 458752     |
| train/                  |            |
|    approx_kl            | 0.01864265 |
|    clip_fraction        | 0.209      |
|    clip_range           | 0.2        |
|    entropy_loss         | -6.29      |
|    explained_variance   | 0.91       |
|    learning_rate        | 0.0003     |
|    loss                 | 1.43       |
|    n_updates            | 2230       |
|    policy_gradient_loss | -0.0121    |
|    std                  | 0.598      |
|    value_loss           | 2.21       |
----------------------------------------
Eval num_timesteps=460000, episode_reward=-28.88 +/- 14.89
Episode length: 116.93 +/- 56.76
Success rate: 70.00%
-----------------------------------------
| eval/                   |             |
|    mean_ep_length       | 117         |
|    mean_reward          | -28.9       |
|    success_rate         | 0.7         |
| time/                   |             |
|    total_timesteps      | 460000      |
| train/                  |             |
|    approx_kl            | 0.023294596 |
|    clip_fraction        | 0.202       |
|    clip_range           | 0.2         |
|    entropy_loss         | -6.24       |
|    explained_variance   | 0.923       |
|    learning_rate        | 0.0003      |
|    loss                 | 0.358       |
|    n_updates            | 2240        |
|    policy_gradient_loss | -0.0124     |
|    std                  | 0.593       |
|    value_loss           | 1.82        |
-----------------------------------------
New best mean reward!
---------------------------------
| rollout/           |          |
|    ep_len_mean     | 125      |
|    ep_rew_mean     | -31.1    |
|    success_rate    | 0.66     |
| time/              |          |
|    fps             | 638      |
|    iterations      | 225      |
|    time_elapsed    | 721      |
|    total_timesteps | 460800   |
---------------------------------
-----------------------------------------
| rollout/                |             |
|    ep_len_mean          | 127         |
|    ep_rew_mean          | -31.3       |
|    success_rate         | 0.67        |
| time/                   |             |
|    fps                  | 639         |
|    iterations           | 226         |
|    time_elapsed         | 724         |
|    total_timesteps      | 462848      |
| train/                  |             |
|    approx_kl            | 0.025650226 |
|    clip_fraction        | 0.226       |
|    clip_range           | 0.2         |
|    entropy_loss         | -6.23       |
|    explained_variance   | 0.94        |
|    learning_rate        | 0.0003      |
|    loss                 | 0.124       |
|    n_updates            | 2250        |
|    policy_gradient_loss | -0.0138     |
|    std                  | 0.595       |
|    value_loss           | 0.871       |
-----------------------------------------
-----------------------------------------
| rollout/                |             |
|    ep_len_mean          | 128         |
|    ep_rew_mean          | -31.7       |
|    success_rate         | 0.66        |
| time/                   |             |
|    fps                  | 640         |
|    iterations           | 227         |
|    time_elapsed         | 726         |
|    total_timesteps      | 464896      |
| train/                  |             |
|    approx_kl            | 0.015933635 |
|    clip_fraction        | 0.198       |
|    clip_range           | 0.2         |
|    entropy_loss         | -6.25       |
|    explained_variance   | 0.907       |
|    learning_rate        | 0.0003      |
|    loss                 | 0.964       |
|    n_updates            | 2260        |
|    policy_gradient_loss | -0.0124     |
|    std                  | 0.597       |
|    value_loss           | 3.06        |
-----------------------------------------
Eval num_timesteps=465000, episode_reward=-28.68 +/- 15.55
Episode length: 113.10 +/- 54.53
Success rate: 73.33%
-----------------------------------------
| eval/                   |             |
|    mean_ep_length       | 113         |
|    mean_reward          | -28.7       |
|    success_rate         | 0.733       |
| time/                   |             |
|    total_timesteps      | 465000      |
| train/                  |             |
|    approx_kl            | 0.014964735 |
|    clip_fraction        | 0.181       |
|    clip_range           | 0.2         |
|    entropy_loss         | -6.25       |
|    explained_variance   | 0.889       |
|    learning_rate        | 0.0003      |
|    loss                 | 0.872       |
|    n_updates            | 2270        |
|    policy_gradient_loss | -0.00893    |
|    std                  | 0.594       |
|    value_loss           | 2.4         |
-----------------------------------------
New best mean reward!
---------------------------------
| rollout/           |          |
|    ep_len_mean     | 127      |
|    ep_rew_mean     | -31      |
|    success_rate    | 0.68     |
| time/              |          |
|    fps             | 639      |
|    iterations      | 228      |
|    time_elapsed    | 730      |
|    total_timesteps | 466944   |
---------------------------------
-----------------------------------------
| rollout/                |             |
|    ep_len_mean          | 127         |
|    ep_rew_mean          | -31.3       |
|    success_rate         | 0.66        |
| time/                   |             |
|    fps                  | 640         |
|    iterations           | 229         |
|    time_elapsed         | 732         |
|    total_timesteps      | 468992      |
| train/                  |             |
|    approx_kl            | 0.020989161 |
|    clip_fraction        | 0.211       |
|    clip_range           | 0.2         |
|    entropy_loss         | -6.22       |
|    explained_variance   | 0.932       |
|    learning_rate        | 0.0003      |
|    loss                 | 0.445       |
|    n_updates            | 2280        |
|    policy_gradient_loss | -0.0126     |
|    std                  | 0.592       |
|    value_loss           | 1.95        |
-----------------------------------------
Eval num_timesteps=470000, episode_reward=-41.15 +/- 15.73
Episode length: 154.07 +/- 57.79
Success rate: 40.00%
-----------------------------------------
| eval/                   |             |
|    mean_ep_length       | 154         |
|    mean_reward          | -41.1       |
|    success_rate         | 0.4         |
| time/                   |             |
|    total_timesteps      | 470000      |
| train/                  |             |
|    approx_kl            | 0.018313833 |
|    clip_fraction        | 0.217       |
|    clip_range           | 0.2         |
|    entropy_loss         | -6.21       |
|    explained_variance   | 0.941       |
|    learning_rate        | 0.0003      |
|    loss                 | 0.239       |
|    n_updates            | 2290        |
|    policy_gradient_loss | -0.0127     |
|    std                  | 0.593       |
|    value_loss           | 1.82        |
-----------------------------------------
---------------------------------
| rollout/           |          |
|    ep_len_mean     | 131      |
|    ep_rew_mean     | -32.6    |
|    success_rate    | 0.63     |
| time/              |          |
|    fps             | 639      |
|    iterations      | 230      |
|    time_elapsed    | 736      |
|    total_timesteps | 471040   |
---------------------------------
-----------------------------------------
| rollout/                |             |
|    ep_len_mean          | 128         |
|    ep_rew_mean          | -31.3       |
|    success_rate         | 0.68        |
| time/                   |             |
|    fps                  | 640         |
|    iterations           | 231         |
|    time_elapsed         | 738         |
|    total_timesteps      | 473088      |
| train/                  |             |
|    approx_kl            | 0.020640915 |
|    clip_fraction        | 0.27        |
|    clip_range           | 0.2         |
|    entropy_loss         | -6.23       |
|    explained_variance   | 0.953       |
|    learning_rate        | 0.0003      |
|    loss                 | 0.218       |
|    n_updates            | 2300        |
|    policy_gradient_loss | -0.0171     |
|    std                  | 0.593       |
|    value_loss           | 1.23        |
-----------------------------------------
Eval num_timesteps=475000, episode_reward=-46.62 +/- 10.77
Episode length: 190.50 +/- 30.94
Success rate: 13.33%
-----------------------------------------
| eval/                   |             |
|    mean_ep_length       | 190         |
|    mean_reward          | -46.6       |
|    success_rate         | 0.133       |
| time/                   |             |
|    total_timesteps      | 475000      |
| train/                  |             |
|    approx_kl            | 0.024995998 |
|    clip_fraction        | 0.21        |
|    clip_range           | 0.2         |
|    entropy_loss         | -6.2        |
|    explained_variance   | 0.863       |
|    learning_rate        | 0.0003      |
|    loss                 | 0.921       |
|    n_updates            | 2310        |
|    policy_gradient_loss | -0.0101     |
|    std                  | 0.588       |
|    value_loss           | 3.51        |
-----------------------------------------
---------------------------------
| rollout/           |          |
|    ep_len_mean     | 128      |
|    ep_rew_mean     | -31.6    |
|    success_rate    | 0.68     |
| time/              |          |
|    fps             | 638      |
|    iterations      | 232      |
|    time_elapsed    | 743      |
|    total_timesteps | 475136   |
---------------------------------
----------------------------------------
| rollout/                |            |
|    ep_len_mean          | 128        |
|    ep_rew_mean          | -31.9      |
|    success_rate         | 0.66       |
| time/                   |            |
|    fps                  | 639        |
|    iterations           | 233        |
|    time_elapsed         | 745        |
|    total_timesteps      | 477184     |
| train/                  |            |
|    approx_kl            | 0.02125382 |
|    clip_fraction        | 0.267      |
|    clip_range           | 0.2        |
|    entropy_loss         | -6.15      |
|    explained_variance   | 0.906      |
|    learning_rate        | 0.0003     |
|    loss                 | 0.374      |
|    n_updates            | 2320       |
|    policy_gradient_loss | -0.0179    |
|    std                  | 0.586      |
|    value_loss           | 2.1        |
----------------------------------------
----------------------------------------
| rollout/                |            |
|    ep_len_mean          | 129        |
|    ep_rew_mean          | -32.1      |
|    success_rate         | 0.65       |
| time/                   |            |
|    fps                  | 640        |
|    iterations           | 234        |
|    time_elapsed         | 747        |
|    total_timesteps      | 479232     |
| train/                  |            |
|    approx_kl            | 0.02425877 |
|    clip_fraction        | 0.256      |
|    clip_range           | 0.2        |
|    entropy_loss         | -6.13      |
|    explained_variance   | 0.927      |
|    learning_rate        | 0.0003     |
|    loss                 | 0.36       |
|    n_updates            | 2330       |
|    policy_gradient_loss | -0.0117    |
|    std                  | 0.585      |
|    value_loss           | 2.37       |
----------------------------------------
Eval num_timesteps=480000, episode_reward=-32.97 +/- 15.79
Episode length: 134.00 +/- 60.31
Success rate: 56.67%
-----------------------------------------
| eval/                   |             |
|    mean_ep_length       | 134         |
|    mean_reward          | -33         |
|    success_rate         | 0.567       |
| time/                   |             |
|    total_timesteps      | 480000      |
| train/                  |             |
|    approx_kl            | 0.020699775 |
|    clip_fraction        | 0.239       |
|    clip_range           | 0.2         |
|    entropy_loss         | -6.11       |
|    explained_variance   | 0.929       |
|    learning_rate        | 0.0003      |
|    loss                 | 0.529       |
|    n_updates            | 2340        |
|    policy_gradient_loss | -0.015      |
|    std                  | 0.584       |
|    value_loss           | 1.71        |
-----------------------------------------
---------------------------------
| rollout/           |          |
|    ep_len_mean     | 128      |
|    ep_rew_mean     | -31.9    |
|    success_rate    | 0.65     |
| time/              |          |
|    fps             | 639      |
|    iterations      | 235      |
|    time_elapsed    | 752      |
|    total_timesteps | 481280   |
---------------------------------
-----------------------------------------
| rollout/                |             |
|    ep_len_mean          | 122         |
|    ep_rew_mean          | -30.5       |
|    success_rate         | 0.69        |
| time/                   |             |
|    fps                  | 640         |
|    iterations           | 236         |
|    time_elapsed         | 754         |
|    total_timesteps      | 483328      |
| train/                  |             |
|    approx_kl            | 0.019281887 |
|    clip_fraction        | 0.22        |
|    clip_range           | 0.2         |
|    entropy_loss         | -6.11       |
|    explained_variance   | 0.912       |
|    learning_rate        | 0.0003      |
|    loss                 | 0.44        |
|    n_updates            | 2350        |
|    policy_gradient_loss | -0.0133     |
|    std                  | 0.584       |
|    value_loss           | 3.31        |
-----------------------------------------
Eval num_timesteps=485000, episode_reward=-30.35 +/- 16.44
Episode length: 124.83 +/- 63.34
Success rate: 60.00%
-----------------------------------------
| eval/                   |             |
|    mean_ep_length       | 125         |
|    mean_reward          | -30.3       |
|    success_rate         | 0.6         |
| time/                   |             |
|    total_timesteps      | 485000      |
| train/                  |             |
|    approx_kl            | 0.022854298 |
|    clip_fraction        | 0.239       |
|    clip_range           | 0.2         |
|    entropy_loss         | -6.14       |
|    explained_variance   | 0.899       |
|    learning_rate        | 0.0003      |
|    loss                 | 0.889       |
|    n_updates            | 2360        |
|    policy_gradient_loss | -0.0139     |
|    std                  | 0.589       |
|    value_loss           | 2.62        |
-----------------------------------------
---------------------------------
| rollout/           |          |
|    ep_len_mean     | 123      |
|    ep_rew_mean     | -31.6    |
|    success_rate    | 0.67     |
| time/              |          |
|    fps             | 639      |
|    iterations      | 237      |
|    time_elapsed    | 758      |
|    total_timesteps | 485376   |
---------------------------------
-----------------------------------------
| rollout/                |             |
|    ep_len_mean          | 119         |
|    ep_rew_mean          | -30.7       |
|    success_rate         | 0.69        |
| time/                   |             |
|    fps                  | 640         |
|    iterations           | 238         |
|    time_elapsed         | 760         |
|    total_timesteps      | 487424      |
| train/                  |             |
|    approx_kl            | 0.020472027 |
|    clip_fraction        | 0.233       |
|    clip_range           | 0.2         |
|    entropy_loss         | -6.15       |
|    explained_variance   | 0.948       |
|    learning_rate        | 0.0003      |
|    loss                 | 0.19        |
|    n_updates            | 2370        |
|    policy_gradient_loss | -0.0137     |
|    std                  | 0.588       |
|    value_loss           | 1.22        |
-----------------------------------------
-----------------------------------------
| rollout/                |             |
|    ep_len_mean          | 121         |
|    ep_rew_mean          | -31.2       |
|    success_rate         | 0.68        |
| time/                   |             |
|    fps                  | 641         |
|    iterations           | 239         |
|    time_elapsed         | 762         |
|    total_timesteps      | 489472      |
| train/                  |             |
|    approx_kl            | 0.020288516 |
|    clip_fraction        | 0.247       |
|    clip_range           | 0.2         |
|    entropy_loss         | -6.15       |
|    explained_variance   | 0.941       |
|    learning_rate        | 0.0003      |
|    loss                 | 0.411       |
|    n_updates            | 2380        |
|    policy_gradient_loss | -0.0115     |
|    std                  | 0.589       |
|    value_loss           | 1.28        |
-----------------------------------------
Eval num_timesteps=490000, episode_reward=-29.12 +/- 14.94
Episode length: 112.07 +/- 54.39
Success rate: 73.33%
-----------------------------------------
| eval/                   |             |
|    mean_ep_length       | 112         |
|    mean_reward          | -29.1       |
|    success_rate         | 0.733       |
| time/                   |             |
|    total_timesteps      | 490000      |
| train/                  |             |
|    approx_kl            | 0.015017208 |
|    clip_fraction        | 0.215       |
|    clip_range           | 0.2         |
|    entropy_loss         | -6.14       |
|    explained_variance   | 0.92        |
|    learning_rate        | 0.0003      |
|    loss                 | 0.375       |
|    n_updates            | 2390        |
|    policy_gradient_loss | -0.00866    |
|    std                  | 0.587       |
|    value_loss           | 1.44        |
-----------------------------------------
---------------------------------
| rollout/           |          |
|    ep_len_mean     | 122      |
|    ep_rew_mean     | -31.9    |
|    success_rate    | 0.67     |
| time/              |          |
|    fps             | 640      |
|    iterations      | 240      |
|    time_elapsed    | 766      |
|    total_timesteps | 491520   |
---------------------------------
-----------------------------------------
| rollout/                |             |
|    ep_len_mean          | 125         |
|    ep_rew_mean          | -32.6       |
|    success_rate         | 0.65        |
| time/                   |             |
|    fps                  | 641         |
|    iterations           | 241         |
|    time_elapsed         | 768         |
|    total_timesteps      | 493568      |
| train/                  |             |
|    approx_kl            | 0.016212415 |
|    clip_fraction        | 0.208       |
|    clip_range           | 0.2         |
|    entropy_loss         | -6.12       |
|    explained_variance   | 0.927       |
|    learning_rate        | 0.0003      |
|    loss                 | 1.07        |
|    n_updates            | 2400        |
|    policy_gradient_loss | -0.0109     |
|    std                  | 0.586       |
|    value_loss           | 1.55        |
-----------------------------------------
Eval num_timesteps=495000, episode_reward=-40.68 +/- 16.35
Episode length: 155.00 +/- 56.89
Success rate: 40.00%
-----------------------------------------
| eval/                   |             |
|    mean_ep_length       | 155         |
|    mean_reward          | -40.7       |
|    success_rate         | 0.4         |
| time/                   |             |
|    total_timesteps      | 495000      |
| train/                  |             |
|    approx_kl            | 0.038791582 |
|    clip_fraction        | 0.266       |
|    clip_range           | 0.2         |
|    entropy_loss         | -6.1        |
|    explained_variance   | 0.924       |
|    learning_rate        | 0.0003      |
|    loss                 | 0.487       |
|    n_updates            | 2410        |
|    policy_gradient_loss | -0.0125     |
|    std                  | 0.583       |
|    value_loss           | 1.41        |
-----------------------------------------
---------------------------------
| rollout/           |          |
|    ep_len_mean     | 126      |
|    ep_rew_mean     | -33.2    |
|    success_rate    | 0.65     |
| time/              |          |
|    fps             | 640      |
|    iterations      | 242      |
|    time_elapsed    | 773      |
|    total_timesteps | 495616   |
---------------------------------
-----------------------------------------
| rollout/                |             |
|    ep_len_mean          | 128         |
|    ep_rew_mean          | -33.6       |
|    success_rate         | 0.63        |
| time/                   |             |
|    fps                  | 641         |
|    iterations           | 243         |
|    time_elapsed         | 775         |
|    total_timesteps      | 497664      |
| train/                  |             |
|    approx_kl            | 0.022151317 |
|    clip_fraction        | 0.228       |
|    clip_range           | 0.2         |
|    entropy_loss         | -6.07       |
|    explained_variance   | 0.891       |
|    learning_rate        | 0.0003      |
|    loss                 | 0.331       |
|    n_updates            | 2420        |
|    policy_gradient_loss | -0.0121     |
|    std                  | 0.581       |
|    value_loss           | 2.47        |
-----------------------------------------
-----------------------------------------
| rollout/                |             |
|    ep_len_mean          | 129         |
|    ep_rew_mean          | -33.7       |
|    success_rate         | 0.62        |
| time/                   |             |
|    fps                  | 642         |
|    iterations           | 244         |
|    time_elapsed         | 777         |
|    total_timesteps      | 499712      |
| train/                  |             |
|    approx_kl            | 0.022863518 |
|    clip_fraction        | 0.264       |
|    clip_range           | 0.2         |
|    entropy_loss         | -6.08       |
|    explained_variance   | 0.947       |
|    learning_rate        | 0.0003      |
|    loss                 | 0.283       |
|    n_updates            | 2430        |
|    policy_gradient_loss | -0.00863    |
|    std                  | 0.583       |
|    value_loss           | 0.803       |
-----------------------------------------
Eval num_timesteps=500000, episode_reward=-31.81 +/- 15.63
Episode length: 121.43 +/- 60.67
Success rate: 63.33%
-----------------------------------------
| eval/                   |             |
|    mean_ep_length       | 121         |
|    mean_reward          | -31.8       |
|    success_rate         | 0.633       |
| time/                   |             |
|    total_timesteps      | 500000      |
| train/                  |             |
|    approx_kl            | 0.015910808 |
|    clip_fraction        | 0.211       |
|    clip_range           | 0.2         |
|    entropy_loss         | -6.05       |
|    explained_variance   | 0.949       |
|    learning_rate        | 0.0003      |
|    loss                 | 0.191       |
|    n_updates            | 2440        |
|    policy_gradient_loss | -0.0145     |
|    std                  | 0.577       |
|    value_loss           | 1.13        |
-----------------------------------------
---------------------------------
| rollout/           |          |
|    ep_len_mean     | 127      |
|    ep_rew_mean     | -32.3    |
|    success_rate    | 0.64     |
| time/              |          |
|    fps             | 641      |
|    iterations      | 245      |
|    time_elapsed    | 782      |
|    total_timesteps | 501760   |
---------------------------------
Training complete. Best model: models\runs\ppo_basic_s1/best_model.zip
