Using cpu device
Run ppo_relvec_s1: 500000 steps
---------------------------------
| rollout/           |          |
|    ep_len_mean     | 200      |
|    ep_rew_mean     | -184     |
|    success_rate    | 0        |
| time/              |          |
|    fps             | 1728     |
|    iterations      | 1        |
|    time_elapsed    | 1        |
|    total_timesteps | 2048     |
---------------------------------
------------------------------------------
| rollout/                |              |
|    ep_len_mean          | 200          |
|    ep_rew_mean          | -175         |
|    success_rate         | 0            |
| time/                   |              |
|    fps                  | 1454         |
|    iterations           | 2            |
|    time_elapsed         | 2            |
|    total_timesteps      | 4096         |
| train/                  |              |
|    approx_kl            | 0.0127816815 |
|    clip_fraction        | 0.0997       |
|    clip_range           | 0.2          |
|    entropy_loss         | -9.91        |
|    explained_variance   | -0.0137      |
|    learning_rate        | 0.0003       |
|    loss                 | 6.56         |
|    n_updates            | 10           |
|    policy_gradient_loss | -0.0161      |
|    std                  | 0.996        |
|    value_loss           | 86.8         |
------------------------------------------
Eval num_timesteps=5000, episode_reward=-173.37 +/- 23.00
Episode length: 200.00 +/- 0.00
Success rate: 0.00%
-----------------------------------------
| eval/                   |             |
|    mean_ep_length       | 200         |
|    mean_reward          | -173        |
|    success_rate         | 0           |
| time/                   |             |
|    total_timesteps      | 5000        |
| train/                  |             |
|    approx_kl            | 0.009117113 |
|    clip_fraction        | 0.0789      |
|    clip_range           | 0.2         |
|    entropy_loss         | -9.9        |
|    explained_variance   | 0.141       |
|    learning_rate        | 0.0003      |
|    loss                 | 11.2        |
|    n_updates            | 20          |
|    policy_gradient_loss | -0.0121     |
|    std                  | 0.995       |
|    value_loss           | 62.6        |
-----------------------------------------
New best mean reward!
---------------------------------
| rollout/           |          |
|    ep_len_mean     | 200      |
|    ep_rew_mean     | -175     |
|    success_rate    | 0        |
| time/              |          |
|    fps             | 849      |
|    iterations      | 3        |
|    time_elapsed    | 7        |
|    total_timesteps | 6144     |
---------------------------------
-----------------------------------------
| rollout/                |             |
|    ep_len_mean          | 200         |
|    ep_rew_mean          | -175        |
|    success_rate         | 0           |
| time/                   |             |
|    fps                  | 920         |
|    iterations           | 4           |
|    time_elapsed         | 8           |
|    total_timesteps      | 8192        |
| train/                  |             |
|    approx_kl            | 0.008762617 |
|    clip_fraction        | 0.0734      |
|    clip_range           | 0.2         |
|    entropy_loss         | -9.89       |
|    explained_variance   | 0.0204      |
|    learning_rate        | 0.0003      |
|    loss                 | 12.6        |
|    n_updates            | 30          |
|    policy_gradient_loss | -0.0131     |
|    std                  | 0.991       |
|    value_loss           | 66.7        |
-----------------------------------------
Eval num_timesteps=10000, episode_reward=-164.02 +/- 19.73
Episode length: 200.00 +/- 0.00
Success rate: 0.00%
-----------------------------------------
| eval/                   |             |
|    mean_ep_length       | 200         |
|    mean_reward          | -164        |
|    success_rate         | 0           |
| time/                   |             |
|    total_timesteps      | 10000       |
| train/                  |             |
|    approx_kl            | 0.009726094 |
|    clip_fraction        | 0.0768      |
|    clip_range           | 0.2         |
|    entropy_loss         | -9.86       |
|    explained_variance   | 0.0235      |
|    learning_rate        | 0.0003      |
|    loss                 | 7.46        |
|    n_updates            | 40          |
|    policy_gradient_loss | -0.0127     |
|    std                  | 0.988       |
|    value_loss           | 44.3        |
-----------------------------------------
New best mean reward!
---------------------------------
| rollout/           |          |
|    ep_len_mean     | 200      |
|    ep_rew_mean     | -175     |
|    success_rate    | 0        |
| time/              |          |
|    fps             | 763      |
|    iterations      | 5        |
|    time_elapsed    | 13       |
|    total_timesteps | 10240    |
---------------------------------
-----------------------------------------
| rollout/                |             |
|    ep_len_mean          | 200         |
|    ep_rew_mean          | -173        |
|    success_rate         | 0           |
| time/                   |             |
|    fps                  | 814         |
|    iterations           | 6           |
|    time_elapsed         | 15          |
|    total_timesteps      | 12288       |
| train/                  |             |
|    approx_kl            | 0.011368573 |
|    clip_fraction        | 0.0862      |
|    clip_range           | 0.2         |
|    entropy_loss         | -9.81       |
|    explained_variance   | 0.0136      |
|    learning_rate        | 0.0003      |
|    loss                 | 6.27        |
|    n_updates            | 50          |
|    policy_gradient_loss | -0.0139     |
|    std                  | 0.977       |
|    value_loss           | 38.3        |
-----------------------------------------
----------------------------------------
| rollout/                |            |
|    ep_len_mean          | 200        |
|    ep_rew_mean          | -172       |
|    success_rate         | 0          |
| time/                   |            |
|    fps                  | 850        |
|    iterations           | 7          |
|    time_elapsed         | 16         |
|    total_timesteps      | 14336      |
| train/                  |            |
|    approx_kl            | 0.01287232 |
|    clip_fraction        | 0.0945     |
|    clip_range           | 0.2        |
|    entropy_loss         | -9.75      |
|    explained_variance   | 0.00574    |
|    learning_rate        | 0.0003     |
|    loss                 | 4.18       |
|    n_updates            | 60         |
|    policy_gradient_loss | -0.0103    |
|    std                  | 0.971      |
|    value_loss           | 24.9       |
----------------------------------------
Eval num_timesteps=15000, episode_reward=-155.75 +/- 21.30
Episode length: 200.00 +/- 0.00
Success rate: 0.00%
-----------------------------------------
| eval/                   |             |
|    mean_ep_length       | 200         |
|    mean_reward          | -156        |
|    success_rate         | 0           |
| time/                   |             |
|    total_timesteps      | 15000       |
| train/                  |             |
|    approx_kl            | 0.015536372 |
|    clip_fraction        | 0.0989      |
|    clip_range           | 0.2         |
|    entropy_loss         | -9.74       |
|    explained_variance   | 0.031       |
|    learning_rate        | 0.0003      |
|    loss                 | 1.1         |
|    n_updates            | 70          |
|    policy_gradient_loss | -0.0102     |
|    std                  | 0.979       |
|    value_loss           | 13.9        |
-----------------------------------------
New best mean reward!
---------------------------------
| rollout/           |          |
|    ep_len_mean     | 200      |
|    ep_rew_mean     | -171     |
|    success_rate    | 0        |
| time/              |          |
|    fps             | 769      |
|    iterations      | 8        |
|    time_elapsed    | 21       |
|    total_timesteps | 16384    |
---------------------------------
-----------------------------------------
| rollout/                |             |
|    ep_len_mean          | 200         |
|    ep_rew_mean          | -172        |
|    success_rate         | 0           |
| time/                   |             |
|    fps                  | 802         |
|    iterations           | 9           |
|    time_elapsed         | 22          |
|    total_timesteps      | 18432       |
| train/                  |             |
|    approx_kl            | 0.008744402 |
|    clip_fraction        | 0.0756      |
|    clip_range           | 0.2         |
|    entropy_loss         | -9.77       |
|    explained_variance   | 0.181       |
|    learning_rate        | 0.0003      |
|    loss                 | 2.07        |
|    n_updates            | 80          |
|    policy_gradient_loss | -0.00985    |
|    std                  | 0.975       |
|    value_loss           | 14          |
-----------------------------------------
Eval num_timesteps=20000, episode_reward=-124.28 +/- 21.02
Episode length: 200.00 +/- 0.00
Success rate: 0.00%
------------------------------------------
| eval/                   |              |
|    mean_ep_length       | 200          |
|    mean_reward          | -124         |
|    success_rate         | 0            |
| time/                   |              |
|    total_timesteps      | 20000        |
| train/                  |              |
|    approx_kl            | 0.0107288305 |
|    clip_fraction        | 0.0981       |
|    clip_range           | 0.2          |
|    entropy_loss         | -9.76        |
|    explained_variance   | 0.586        |
|    learning_rate        | 0.0003       |
|    loss                 | 1.05         |
|    n_updates            | 90           |
|    policy_gradient_loss | -0.0118      |
|    std                  | 0.979        |
|    value_loss           | 10.2         |
------------------------------------------
New best mean reward!
---------------------------------
| rollout/           |          |
|    ep_len_mean     | 200      |
|    ep_rew_mean     | -170     |
|    success_rate    | 0        |
| time/              |          |
|    fps             | 742      |
|    iterations      | 10       |
|    time_elapsed    | 27       |
|    total_timesteps | 20480    |
---------------------------------
-----------------------------------------
| rollout/                |             |
|    ep_len_mean          | 200         |
|    ep_rew_mean          | -166        |
|    success_rate         | 0           |
| time/                   |             |
|    fps                  | 767         |
|    iterations           | 11          |
|    time_elapsed         | 29          |
|    total_timesteps      | 22528       |
| train/                  |             |
|    approx_kl            | 0.013371647 |
|    clip_fraction        | 0.161       |
|    clip_range           | 0.2         |
|    entropy_loss         | -9.75       |
|    explained_variance   | 0.875       |
|    learning_rate        | 0.0003      |
|    loss                 | 0.866       |
|    n_updates            | 100         |
|    policy_gradient_loss | -0.0203     |
|    std                  | 0.97        |
|    value_loss           | 3.91        |
-----------------------------------------
-----------------------------------------
| rollout/                |             |
|    ep_len_mean          | 200         |
|    ep_rew_mean          | -163        |
|    success_rate         | 0           |
| time/                   |             |
|    fps                  | 791         |
|    iterations           | 12          |
|    time_elapsed         | 31          |
|    total_timesteps      | 24576       |
| train/                  |             |
|    approx_kl            | 0.016005807 |
|    clip_fraction        | 0.201       |
|    clip_range           | 0.2         |
|    entropy_loss         | -9.72       |
|    explained_variance   | 0.911       |
|    learning_rate        | 0.0003      |
|    loss                 | 1.15        |
|    n_updates            | 110         |
|    policy_gradient_loss | -0.024      |
|    std                  | 0.972       |
|    value_loss           | 3.51        |
-----------------------------------------
Eval num_timesteps=25000, episode_reward=-134.49 +/- 19.62
Episode length: 200.00 +/- 0.00
Success rate: 0.00%
-----------------------------------------
| eval/                   |             |
|    mean_ep_length       | 200         |
|    mean_reward          | -134        |
|    success_rate         | 0           |
| time/                   |             |
|    total_timesteps      | 25000       |
| train/                  |             |
|    approx_kl            | 0.019248642 |
|    clip_fraction        | 0.231       |
|    clip_range           | 0.2         |
|    entropy_loss         | -9.73       |
|    explained_variance   | 0.964       |
|    learning_rate        | 0.0003      |
|    loss                 | 0.671       |
|    n_updates            | 120         |
|    policy_gradient_loss | -0.0268     |
|    std                  | 0.972       |
|    value_loss           | 2.38        |
-----------------------------------------
---------------------------------
| rollout/           |          |
|    ep_len_mean     | 200      |
|    ep_rew_mean     | -157     |
|    success_rate    | 0        |
| time/              |          |
|    fps             | 740      |
|    iterations      | 13       |
|    time_elapsed    | 35       |
|    total_timesteps | 26624    |
---------------------------------
-----------------------------------------
| rollout/                |             |
|    ep_len_mean          | 200         |
|    ep_rew_mean          | -153        |
|    success_rate         | 0           |
| time/                   |             |
|    fps                  | 761         |
|    iterations           | 14          |
|    time_elapsed         | 37          |
|    total_timesteps      | 28672       |
| train/                  |             |
|    approx_kl            | 0.020100877 |
|    clip_fraction        | 0.228       |
|    clip_range           | 0.2         |
|    entropy_loss         | -9.72       |
|    explained_variance   | 0.98        |
|    learning_rate        | 0.0003      |
|    loss                 | 1.21        |
|    n_updates            | 130         |
|    policy_gradient_loss | -0.0269     |
|    std                  | 0.969       |
|    value_loss           | 2.89        |
-----------------------------------------
Eval num_timesteps=30000, episode_reward=-148.08 +/- 23.58
Episode length: 200.00 +/- 0.00
Success rate: 0.00%
-----------------------------------------
| eval/                   |             |
|    mean_ep_length       | 200         |
|    mean_reward          | -148        |
|    success_rate         | 0           |
| time/                   |             |
|    total_timesteps      | 30000       |
| train/                  |             |
|    approx_kl            | 0.010472221 |
|    clip_fraction        | 0.106       |
|    clip_range           | 0.2         |
|    entropy_loss         | -9.71       |
|    explained_variance   | 0.961       |
|    learning_rate        | 0.0003      |
|    loss                 | 1.68        |
|    n_updates            | 140         |
|    policy_gradient_loss | -0.012      |
|    std                  | 0.969       |
|    value_loss           | 3.87        |
-----------------------------------------
---------------------------------
| rollout/           |          |
|    ep_len_mean     | 200      |
|    ep_rew_mean     | -148     |
|    success_rate    | 0        |
| time/              |          |
|    fps             | 718      |
|    iterations      | 15       |
|    time_elapsed    | 42       |
|    total_timesteps | 30720    |
---------------------------------
-----------------------------------------
| rollout/                |             |
|    ep_len_mean          | 200         |
|    ep_rew_mean          | -144        |
|    success_rate         | 0           |
| time/                   |             |
|    fps                  | 736         |
|    iterations           | 16          |
|    time_elapsed         | 44          |
|    total_timesteps      | 32768       |
| train/                  |             |
|    approx_kl            | 0.013548782 |
|    clip_fraction        | 0.156       |
|    clip_range           | 0.2         |
|    entropy_loss         | -9.72       |
|    explained_variance   | 0.979       |
|    learning_rate        | 0.0003      |
|    loss                 | 1.25        |
|    n_updates            | 150         |
|    policy_gradient_loss | -0.0191     |
|    std                  | 0.972       |
|    value_loss           | 3.19        |
-----------------------------------------
-----------------------------------------
| rollout/                |             |
|    ep_len_mean          | 200         |
|    ep_rew_mean          | -141        |
|    success_rate         | 0           |
| time/                   |             |
|    fps                  | 752         |
|    iterations           | 17          |
|    time_elapsed         | 46          |
|    total_timesteps      | 34816       |
| train/                  |             |
|    approx_kl            | 0.011718659 |
|    clip_fraction        | 0.117       |
|    clip_range           | 0.2         |
|    entropy_loss         | -9.72       |
|    explained_variance   | 0.944       |
|    learning_rate        | 0.0003      |
|    loss                 | 1.47        |
|    n_updates            | 160         |
|    policy_gradient_loss | -0.0166     |
|    std                  | 0.968       |
|    value_loss           | 4.43        |
-----------------------------------------
Eval num_timesteps=35000, episode_reward=-153.43 +/- 24.83
Episode length: 200.00 +/- 0.00
Success rate: 0.00%
-----------------------------------------
| eval/                   |             |
|    mean_ep_length       | 200         |
|    mean_reward          | -153        |
|    success_rate         | 0           |
| time/                   |             |
|    total_timesteps      | 35000       |
| train/                  |             |
|    approx_kl            | 0.010284068 |
|    clip_fraction        | 0.108       |
|    clip_range           | 0.2         |
|    entropy_loss         | -9.7        |
|    explained_variance   | 0.942       |
|    learning_rate        | 0.0003      |
|    loss                 | 0.959       |
|    n_updates            | 170         |
|    policy_gradient_loss | -0.015      |
|    std                  | 0.967       |
|    value_loss           | 4.79        |
-----------------------------------------
---------------------------------
| rollout/           |          |
|    ep_len_mean     | 200      |
|    ep_rew_mean     | -136     |
|    success_rate    | 0        |
| time/              |          |
|    fps             | 715      |
|    iterations      | 18       |
|    time_elapsed    | 51       |
|    total_timesteps | 36864    |
---------------------------------
-----------------------------------------
| rollout/                |             |
|    ep_len_mean          | 200         |
|    ep_rew_mean          | -132        |
|    success_rate         | 0           |
| time/                   |             |
|    fps                  | 730         |
|    iterations           | 19          |
|    time_elapsed         | 53          |
|    total_timesteps      | 38912       |
| train/                  |             |
|    approx_kl            | 0.010278057 |
|    clip_fraction        | 0.0944      |
|    clip_range           | 0.2         |
|    entropy_loss         | -9.7        |
|    explained_variance   | 0.953       |
|    learning_rate        | 0.0003      |
|    loss                 | 1.33        |
|    n_updates            | 180         |
|    policy_gradient_loss | -0.0134     |
|    std                  | 0.968       |
|    value_loss           | 3.9         |
-----------------------------------------
Eval num_timesteps=40000, episode_reward=-159.18 +/- 23.20
Episode length: 200.00 +/- 0.00
Success rate: 0.00%
-----------------------------------------
| eval/                   |             |
|    mean_ep_length       | 200         |
|    mean_reward          | -159        |
|    success_rate         | 0           |
| time/                   |             |
|    total_timesteps      | 40000       |
| train/                  |             |
|    approx_kl            | 0.009716337 |
|    clip_fraction        | 0.101       |
|    clip_range           | 0.2         |
|    entropy_loss         | -9.69       |
|    explained_variance   | 0.947       |
|    learning_rate        | 0.0003      |
|    loss                 | 1.8         |
|    n_updates            | 190         |
|    policy_gradient_loss | -0.0154     |
|    std                  | 0.965       |
|    value_loss           | 5.41        |
-----------------------------------------
---------------------------------
| rollout/           |          |
|    ep_len_mean     | 200      |
|    ep_rew_mean     | -131     |
|    success_rate    | 0        |
| time/              |          |
|    fps             | 700      |
|    iterations      | 20       |
|    time_elapsed    | 58       |
|    total_timesteps | 40960    |
---------------------------------
-----------------------------------------
| rollout/                |             |
|    ep_len_mean          | 200         |
|    ep_rew_mean          | -131        |
|    success_rate         | 0           |
| time/                   |             |
|    fps                  | 713         |
|    iterations           | 21          |
|    time_elapsed         | 60          |
|    total_timesteps      | 43008       |
| train/                  |             |
|    approx_kl            | 0.012487702 |
|    clip_fraction        | 0.128       |
|    clip_range           | 0.2         |
|    entropy_loss         | -9.67       |
|    explained_variance   | 0.967       |
|    learning_rate        | 0.0003      |
|    loss                 | 0.548       |
|    n_updates            | 200         |
|    policy_gradient_loss | -0.0168     |
|    std                  | 0.961       |
|    value_loss           | 2.71        |
-----------------------------------------
Eval num_timesteps=45000, episode_reward=-154.22 +/- 19.40
Episode length: 200.00 +/- 0.00
Success rate: 0.00%
-----------------------------------------
| eval/                   |             |
|    mean_ep_length       | 200         |
|    mean_reward          | -154        |
|    success_rate         | 0           |
| time/                   |             |
|    total_timesteps      | 45000       |
| train/                  |             |
|    approx_kl            | 0.018454637 |
|    clip_fraction        | 0.194       |
|    clip_range           | 0.2         |
|    entropy_loss         | -9.62       |
|    explained_variance   | 0.979       |
|    learning_rate        | 0.0003      |
|    loss                 | 1.23        |
|    n_updates            | 210         |
|    policy_gradient_loss | -0.0223     |
|    std                  | 0.955       |
|    value_loss           | 2.69        |
-----------------------------------------
---------------------------------
| rollout/           |          |
|    ep_len_mean     | 200      |
|    ep_rew_mean     | -131     |
|    success_rate    | 0        |
| time/              |          |
|    fps             | 690      |
|    iterations      | 22       |
|    time_elapsed    | 65       |
|    total_timesteps | 45056    |
---------------------------------
----------------------------------------
| rollout/                |            |
|    ep_len_mean          | 200        |
|    ep_rew_mean          | -132       |
|    success_rate         | 0          |
| time/                   |            |
|    fps                  | 701        |
|    iterations           | 23         |
|    time_elapsed         | 67         |
|    total_timesteps      | 47104      |
| train/                  |            |
|    approx_kl            | 0.01388406 |
|    clip_fraction        | 0.15       |
|    clip_range           | 0.2        |
|    entropy_loss         | -9.58      |
|    explained_variance   | 0.987      |
|    learning_rate        | 0.0003     |
|    loss                 | 0.934      |
|    n_updates            | 220        |
|    policy_gradient_loss | -0.0202    |
|    std                  | 0.95       |
|    value_loss           | 2.76       |
----------------------------------------
-----------------------------------------
| rollout/                |             |
|    ep_len_mean          | 200         |
|    ep_rew_mean          | -133        |
|    success_rate         | 0           |
| time/                   |             |
|    fps                  | 712         |
|    iterations           | 24          |
|    time_elapsed         | 68          |
|    total_timesteps      | 49152       |
| train/                  |             |
|    approx_kl            | 0.010998904 |
|    clip_fraction        | 0.13        |
|    clip_range           | 0.2         |
|    entropy_loss         | -9.58       |
|    explained_variance   | 0.988       |
|    learning_rate        | 0.0003      |
|    loss                 | 0.643       |
|    n_updates            | 230         |
|    policy_gradient_loss | -0.0112     |
|    std                  | 0.954       |
|    value_loss           | 1.99        |
-----------------------------------------
Eval num_timesteps=50000, episode_reward=-136.88 +/- 20.57
Episode length: 200.00 +/- 0.00
Success rate: 0.00%
----------------------------------------
| eval/                   |            |
|    mean_ep_length       | 200        |
|    mean_reward          | -137       |
|    success_rate         | 0          |
| time/                   |            |
|    total_timesteps      | 50000      |
| train/                  |            |
|    approx_kl            | 0.01724343 |
|    clip_fraction        | 0.185      |
|    clip_range           | 0.2        |
|    entropy_loss         | -9.59      |
|    explained_variance   | 0.99       |
|    learning_rate        | 0.0003     |
|    loss                 | 0.761      |
|    n_updates            | 240        |
|    policy_gradient_loss | -0.0172    |
|    std                  | 0.951      |
|    value_loss           | 1.75       |
----------------------------------------
---------------------------------
| rollout/           |          |
|    ep_len_mean     | 200      |
|    ep_rew_mean     | -132     |
|    success_rate    | 0        |
| time/              |          |
|    fps             | 691      |
|    iterations      | 25       |
|    time_elapsed    | 74       |
|    total_timesteps | 51200    |
---------------------------------
-----------------------------------------
| rollout/                |             |
|    ep_len_mean          | 200         |
|    ep_rew_mean          | -132        |
|    success_rate         | 0           |
| time/                   |             |
|    fps                  | 702         |
|    iterations           | 26          |
|    time_elapsed         | 75          |
|    total_timesteps      | 53248       |
| train/                  |             |
|    approx_kl            | 0.016584735 |
|    clip_fraction        | 0.183       |
|    clip_range           | 0.2         |
|    entropy_loss         | -9.56       |
|    explained_variance   | 0.993       |
|    learning_rate        | 0.0003      |
|    loss                 | 0.59        |
|    n_updates            | 250         |
|    policy_gradient_loss | -0.02       |
|    std                  | 0.948       |
|    value_loss           | 1.27        |
-----------------------------------------
Eval num_timesteps=55000, episode_reward=-140.22 +/- 23.47
Episode length: 200.00 +/- 0.00
Success rate: 0.00%
-----------------------------------------
| eval/                   |             |
|    mean_ep_length       | 200         |
|    mean_reward          | -140        |
|    success_rate         | 0           |
| time/                   |             |
|    total_timesteps      | 55000       |
| train/                  |             |
|    approx_kl            | 0.015956461 |
|    clip_fraction        | 0.177       |
|    clip_range           | 0.2         |
|    entropy_loss         | -9.52       |
|    explained_variance   | 0.994       |
|    learning_rate        | 0.0003      |
|    loss                 | 0.467       |
|    n_updates            | 260         |
|    policy_gradient_loss | -0.0214     |
|    std                  | 0.941       |
|    value_loss           | 1.48        |
-----------------------------------------
---------------------------------
| rollout/           |          |
|    ep_len_mean     | 200      |
|    ep_rew_mean     | -132     |
|    success_rate    | 0        |
| time/              |          |
|    fps             | 685      |
|    iterations      | 27       |
|    time_elapsed    | 80       |
|    total_timesteps | 55296    |
---------------------------------
-----------------------------------------
| rollout/                |             |
|    ep_len_mean          | 200         |
|    ep_rew_mean          | -132        |
|    success_rate         | 0           |
| time/                   |             |
|    fps                  | 695         |
|    iterations           | 28          |
|    time_elapsed         | 82          |
|    total_timesteps      | 57344       |
| train/                  |             |
|    approx_kl            | 0.015707444 |
|    clip_fraction        | 0.177       |
|    clip_range           | 0.2         |
|    entropy_loss         | -9.48       |
|    explained_variance   | 0.991       |
|    learning_rate        | 0.0003      |
|    loss                 | 0.81        |
|    n_updates            | 270         |
|    policy_gradient_loss | -0.0234     |
|    std                  | 0.936       |
|    value_loss           | 1.52        |
-----------------------------------------
-----------------------------------------
| rollout/                |             |
|    ep_len_mean          | 200         |
|    ep_rew_mean          | -130        |
|    success_rate         | 0           |
| time/                   |             |
|    fps                  | 704         |
|    iterations           | 29          |
|    time_elapsed         | 84          |
|    total_timesteps      | 59392       |
| train/                  |             |
|    approx_kl            | 0.012916673 |
|    clip_fraction        | 0.161       |
|    clip_range           | 0.2         |
|    entropy_loss         | -9.46       |
|    explained_variance   | 0.994       |
|    learning_rate        | 0.0003      |
|    loss                 | 0.373       |
|    n_updates            | 280         |
|    policy_gradient_loss | -0.0162     |
|    std                  | 0.936       |
|    value_loss           | 1.13        |
-----------------------------------------
Eval num_timesteps=60000, episode_reward=-116.03 +/- 21.38
Episode length: 200.00 +/- 0.00
Success rate: 0.00%
-----------------------------------------
| eval/                   |             |
|    mean_ep_length       | 200         |
|    mean_reward          | -116        |
|    success_rate         | 0           |
| time/                   |             |
|    total_timesteps      | 60000       |
| train/                  |             |
|    approx_kl            | 0.012559066 |
|    clip_fraction        | 0.164       |
|    clip_range           | 0.2         |
|    entropy_loss         | -9.44       |
|    explained_variance   | 0.992       |
|    learning_rate        | 0.0003      |
|    loss                 | 0.355       |
|    n_updates            | 290         |
|    policy_gradient_loss | -0.0154     |
|    std                  | 0.932       |
|    value_loss           | 1.28        |
-----------------------------------------
New best mean reward!
---------------------------------
| rollout/           |          |
|    ep_len_mean     | 200      |
|    ep_rew_mean     | -128     |
|    success_rate    | 0        |
| time/              |          |
|    fps             | 689      |
|    iterations      | 30       |
|    time_elapsed    | 89       |
|    total_timesteps | 61440    |
---------------------------------
------------------------------------------
| rollout/                |              |
|    ep_len_mean          | 200          |
|    ep_rew_mean          | -124         |
|    success_rate         | 0            |
| time/                   |              |
|    fps                  | 699          |
|    iterations           | 31           |
|    time_elapsed         | 90           |
|    total_timesteps      | 63488        |
| train/                  |              |
|    approx_kl            | 0.0126489615 |
|    clip_fraction        | 0.15         |
|    clip_range           | 0.2          |
|    entropy_loss         | -9.42        |
|    explained_variance   | 0.994        |
|    learning_rate        | 0.0003       |
|    loss                 | 0.294        |
|    n_updates            | 300          |
|    policy_gradient_loss | -0.0137      |
|    std                  | 0.93         |
|    value_loss           | 1.02         |
------------------------------------------
Eval num_timesteps=65000, episode_reward=-109.17 +/- 16.94
Episode length: 200.00 +/- 0.00
Success rate: 0.00%
-----------------------------------------
| eval/                   |             |
|    mean_ep_length       | 200         |
|    mean_reward          | -109        |
|    success_rate         | 0           |
| time/                   |             |
|    total_timesteps      | 65000       |
| train/                  |             |
|    approx_kl            | 0.012916124 |
|    clip_fraction        | 0.174       |
|    clip_range           | 0.2         |
|    entropy_loss         | -9.39       |
|    explained_variance   | 0.993       |
|    learning_rate        | 0.0003      |
|    loss                 | 0.327       |
|    n_updates            | 310         |
|    policy_gradient_loss | -0.0179     |
|    std                  | 0.924       |
|    value_loss           | 0.997       |
-----------------------------------------
New best mean reward!
---------------------------------
| rollout/           |          |
|    ep_len_mean     | 200      |
|    ep_rew_mean     | -122     |
|    success_rate    | 0        |
| time/              |          |
|    fps             | 686      |
|    iterations      | 32       |
|    time_elapsed    | 95       |
|    total_timesteps | 65536    |
---------------------------------
------------------------------------------
| rollout/                |              |
|    ep_len_mean          | 200          |
|    ep_rew_mean          | -118         |
|    success_rate         | 0            |
| time/                   |              |
|    fps                  | 695          |
|    iterations           | 33           |
|    time_elapsed         | 97           |
|    total_timesteps      | 67584        |
| train/                  |              |
|    approx_kl            | 0.0120220985 |
|    clip_fraction        | 0.15         |
|    clip_range           | 0.2          |
|    entropy_loss         | -9.36        |
|    explained_variance   | 0.995        |
|    learning_rate        | 0.0003       |
|    loss                 | 0.268        |
|    n_updates            | 320          |
|    policy_gradient_loss | -0.0123      |
|    std                  | 0.92         |
|    value_loss           | 0.757        |
------------------------------------------
-----------------------------------------
| rollout/                |             |
|    ep_len_mean          | 200         |
|    ep_rew_mean          | -114        |
|    success_rate         | 0           |
| time/                   |             |
|    fps                  | 703         |
|    iterations           | 34          |
|    time_elapsed         | 98          |
|    total_timesteps      | 69632       |
| train/                  |             |
|    approx_kl            | 0.017124616 |
|    clip_fraction        | 0.188       |
|    clip_range           | 0.2         |
|    entropy_loss         | -9.33       |
|    explained_variance   | 0.994       |
|    learning_rate        | 0.0003      |
|    loss                 | 0.274       |
|    n_updates            | 330         |
|    policy_gradient_loss | -0.0173     |
|    std                  | 0.917       |
|    value_loss           | 0.754       |
-----------------------------------------
Eval num_timesteps=70000, episode_reward=-109.08 +/- 13.82
Episode length: 200.00 +/- 0.00
Success rate: 0.00%
-----------------------------------------
| eval/                   |             |
|    mean_ep_length       | 200         |
|    mean_reward          | -109        |
|    success_rate         | 0           |
| time/                   |             |
|    total_timesteps      | 70000       |
| train/                  |             |
|    approx_kl            | 0.012892457 |
|    clip_fraction        | 0.166       |
|    clip_range           | 0.2         |
|    entropy_loss         | -9.28       |
|    explained_variance   | 0.995       |
|    learning_rate        | 0.0003      |
|    loss                 | 0.095       |
|    n_updates            | 340         |
|    policy_gradient_loss | -0.019      |
|    std                  | 0.908       |
|    value_loss           | 0.842       |
-----------------------------------------
New best mean reward!
---------------------------------
| rollout/           |          |
|    ep_len_mean     | 200      |
|    ep_rew_mean     | -114     |
|    success_rate    | 0        |
| time/              |          |
|    fps             | 690      |
|    iterations      | 35       |
|    time_elapsed    | 103      |
|    total_timesteps | 71680    |
---------------------------------
-----------------------------------------
| rollout/                |             |
|    ep_len_mean          | 200         |
|    ep_rew_mean          | -110        |
|    success_rate         | 0           |
| time/                   |             |
|    fps                  | 697         |
|    iterations           | 36          |
|    time_elapsed         | 105         |
|    total_timesteps      | 73728       |
| train/                  |             |
|    approx_kl            | 0.011533254 |
|    clip_fraction        | 0.146       |
|    clip_range           | 0.2         |
|    entropy_loss         | -9.23       |
|    explained_variance   | 0.994       |
|    learning_rate        | 0.0003      |
|    loss                 | 0.178       |
|    n_updates            | 350         |
|    policy_gradient_loss | -0.0133     |
|    std                  | 0.904       |
|    value_loss           | 0.845       |
-----------------------------------------
Eval num_timesteps=75000, episode_reward=-97.64 +/- 8.55
Episode length: 200.00 +/- 0.00
Success rate: 0.00%
-----------------------------------------
| eval/                   |             |
|    mean_ep_length       | 200         |
|    mean_reward          | -97.6       |
|    success_rate         | 0           |
| time/                   |             |
|    total_timesteps      | 75000       |
| train/                  |             |
|    approx_kl            | 0.020115178 |
|    clip_fraction        | 0.222       |
|    clip_range           | 0.2         |
|    entropy_loss         | -9.21       |
|    explained_variance   | 0.995       |
|    learning_rate        | 0.0003      |
|    loss                 | 0.174       |
|    n_updates            | 360         |
|    policy_gradient_loss | -0.0217     |
|    std                  | 0.901       |
|    value_loss           | 0.631       |
-----------------------------------------
New best mean reward!
---------------------------------
| rollout/           |          |
|    ep_len_mean     | 200      |
|    ep_rew_mean     | -106     |
|    success_rate    | 0        |
| time/              |          |
|    fps             | 684      |
|    iterations      | 37       |
|    time_elapsed    | 110      |
|    total_timesteps | 75776    |
---------------------------------
-----------------------------------------
| rollout/                |             |
|    ep_len_mean          | 200         |
|    ep_rew_mean          | -101        |
|    success_rate         | 0           |
| time/                   |             |
|    fps                  | 690         |
|    iterations           | 38          |
|    time_elapsed         | 112         |
|    total_timesteps      | 77824       |
| train/                  |             |
|    approx_kl            | 0.012923156 |
|    clip_fraction        | 0.148       |
|    clip_range           | 0.2         |
|    entropy_loss         | -9.18       |
|    explained_variance   | 0.994       |
|    learning_rate        | 0.0003      |
|    loss                 | 0.249       |
|    n_updates            | 370         |
|    policy_gradient_loss | -0.0148     |
|    std                  | 0.897       |
|    value_loss           | 0.863       |
-----------------------------------------
---------------------------------------
| rollout/                |           |
|    ep_len_mean          | 200       |
|    ep_rew_mean          | -98.3     |
|    success_rate         | 0         |
| time/                   |           |
|    fps                  | 697       |
|    iterations           | 39        |
|    time_elapsed         | 114       |
|    total_timesteps      | 79872     |
| train/                  |           |
|    approx_kl            | 0.0159033 |
|    clip_fraction        | 0.178     |
|    clip_range           | 0.2       |
|    entropy_loss         | -9.13     |
|    explained_variance   | 0.997     |
|    learning_rate        | 0.0003    |
|    loss                 | 0.107     |
|    n_updates            | 380       |
|    policy_gradient_loss | -0.0185   |
|    std                  | 0.89      |
|    value_loss           | 0.395     |
---------------------------------------
Eval num_timesteps=80000, episode_reward=-91.70 +/- 7.09
Episode length: 200.00 +/- 0.00
Success rate: 0.00%
-----------------------------------------
| eval/                   |             |
|    mean_ep_length       | 200         |
|    mean_reward          | -91.7       |
|    success_rate         | 0           |
| time/                   |             |
|    total_timesteps      | 80000       |
| train/                  |             |
|    approx_kl            | 0.015301321 |
|    clip_fraction        | 0.18        |
|    clip_range           | 0.2         |
|    entropy_loss         | -9.08       |
|    explained_variance   | 0.994       |
|    learning_rate        | 0.0003      |
|    loss                 | 0.165       |
|    n_updates            | 390         |
|    policy_gradient_loss | -0.0164     |
|    std                  | 0.884       |
|    value_loss           | 0.614       |
-----------------------------------------
New best mean reward!
---------------------------------
| rollout/           |          |
|    ep_len_mean     | 199      |
|    ep_rew_mean     | -94.4    |
|    success_rate    | 0.02     |
| time/              |          |
|    fps             | 684      |
|    iterations      | 40       |
|    time_elapsed    | 119      |
|    total_timesteps | 81920    |
---------------------------------
-----------------------------------------
| rollout/                |             |
|    ep_len_mean          | 199         |
|    ep_rew_mean          | -92         |
|    success_rate         | 0.02        |
| time/                   |             |
|    fps                  | 688         |
|    iterations           | 41          |
|    time_elapsed         | 121         |
|    total_timesteps      | 83968       |
| train/                  |             |
|    approx_kl            | 0.014016343 |
|    clip_fraction        | 0.144       |
|    clip_range           | 0.2         |
|    entropy_loss         | -9.06       |
|    explained_variance   | 0.993       |
|    learning_rate        | 0.0003      |
|    loss                 | 0.173       |
|    n_updates            | 400         |
|    policy_gradient_loss | -0.0133     |
|    std                  | 0.883       |
|    value_loss           | 0.807       |
-----------------------------------------
Eval num_timesteps=85000, episode_reward=-91.68 +/- 8.45
Episode length: 200.00 +/- 0.00
Success rate: 0.00%
----------------------------------------
| eval/                   |            |
|    mean_ep_length       | 200        |
|    mean_reward          | -91.7      |
|    success_rate         | 0          |
| time/                   |            |
|    total_timesteps      | 85000      |
| train/                  |            |
|    approx_kl            | 0.01368457 |
|    clip_fraction        | 0.19       |
|    clip_range           | 0.2        |
|    entropy_loss         | -9.04      |
|    explained_variance   | 0.994      |
|    learning_rate        | 0.0003     |
|    loss                 | 0.163      |
|    n_updates            | 410        |
|    policy_gradient_loss | -0.014     |
|    std                  | 0.88       |
|    value_loss           | 0.656      |
----------------------------------------
New best mean reward!
---------------------------------
| rollout/           |          |
|    ep_len_mean     | 199      |
|    ep_rew_mean     | -90.8    |
|    success_rate    | 0.02     |
| time/              |          |
|    fps             | 677      |
|    iterations      | 42       |
|    time_elapsed    | 127      |
|    total_timesteps | 86016    |
---------------------------------
-----------------------------------------
| rollout/                |             |
|    ep_len_mean          | 199         |
|    ep_rew_mean          | -88.3       |
|    success_rate         | 0.02        |
| time/                   |             |
|    fps                  | 683         |
|    iterations           | 43          |
|    time_elapsed         | 128         |
|    total_timesteps      | 88064       |
| train/                  |             |
|    approx_kl            | 0.012863908 |
|    clip_fraction        | 0.176       |
|    clip_range           | 0.2         |
|    entropy_loss         | -9.03       |
|    explained_variance   | 0.997       |
|    learning_rate        | 0.0003      |
|    loss                 | 0.132       |
|    n_updates            | 420         |
|    policy_gradient_loss | -0.018      |
|    std                  | 0.88        |
|    value_loss           | 0.549       |
-----------------------------------------
Eval num_timesteps=90000, episode_reward=-100.90 +/- 5.80
Episode length: 200.00 +/- 0.00
Success rate: 0.00%
----------------------------------------
| eval/                   |            |
|    mean_ep_length       | 200        |
|    mean_reward          | -101       |
|    success_rate         | 0          |
| time/                   |            |
|    total_timesteps      | 90000      |
| train/                  |            |
|    approx_kl            | 0.01566911 |
|    clip_fraction        | 0.147      |
|    clip_range           | 0.2        |
|    entropy_loss         | -8.98      |
|    explained_variance   | 0.994      |
|    learning_rate        | 0.0003     |
|    loss                 | 0.0766     |
|    n_updates            | 430        |
|    policy_gradient_loss | -0.0115    |
|    std                  | 0.871      |
|    value_loss           | 0.435      |
----------------------------------------
---------------------------------
| rollout/           |          |
|    ep_len_mean     | 199      |
|    ep_rew_mean     | -86.9    |
|    success_rate    | 0.02     |
| time/              |          |
|    fps             | 670      |
|    iterations      | 44       |
|    time_elapsed    | 134      |
|    total_timesteps | 90112    |
---------------------------------
-----------------------------------------
| rollout/                |             |
|    ep_len_mean          | 199         |
|    ep_rew_mean          | -85         |
|    success_rate         | 0.02        |
| time/                   |             |
|    fps                  | 676         |
|    iterations           | 45          |
|    time_elapsed         | 136         |
|    total_timesteps      | 92160       |
| train/                  |             |
|    approx_kl            | 0.009561969 |
|    clip_fraction        | 0.165       |
|    clip_range           | 0.2         |
|    entropy_loss         | -8.93       |
|    explained_variance   | 0.992       |
|    learning_rate        | 0.0003      |
|    loss                 | 0.539       |
|    n_updates            | 440         |
|    policy_gradient_loss | -0.0116     |
|    std                  | 0.867       |
|    value_loss           | 1.03        |
-----------------------------------------
-----------------------------------------
| rollout/                |             |
|    ep_len_mean          | 199         |
|    ep_rew_mean          | -84.1       |
|    success_rate         | 0.02        |
| time/                   |             |
|    fps                  | 682         |
|    iterations           | 46          |
|    time_elapsed         | 137         |
|    total_timesteps      | 94208       |
| train/                  |             |
|    approx_kl            | 0.011184603 |
|    clip_fraction        | 0.0958      |
|    clip_range           | 0.2         |
|    entropy_loss         | -8.88       |
|    explained_variance   | 0.994       |
|    learning_rate        | 0.0003      |
|    loss                 | 0.128       |
|    n_updates            | 450         |
|    policy_gradient_loss | -0.00718    |
|    std                  | 0.858       |
|    value_loss           | 0.749       |
-----------------------------------------
Eval num_timesteps=95000, episode_reward=-106.62 +/- 4.91
Episode length: 200.00 +/- 0.00
Success rate: 0.00%
---------------------------------------
| eval/                   |           |
|    mean_ep_length       | 200       |
|    mean_reward          | -107      |
|    success_rate         | 0         |
| time/                   |           |
|    total_timesteps      | 95000     |
| train/                  |           |
|    approx_kl            | 0.0113735 |
|    clip_fraction        | 0.113     |
|    clip_range           | 0.2       |
|    entropy_loss         | -8.84     |
|    explained_variance   | 0.99      |
|    learning_rate        | 0.0003    |
|    loss                 | 0.161     |
|    n_updates            | 460       |
|    policy_gradient_loss | -0.00772  |
|    std                  | 0.858     |
|    value_loss           | 0.679     |
---------------------------------------
---------------------------------
| rollout/           |          |
|    ep_len_mean     | 199      |
|    ep_rew_mean     | -83.4    |
|    success_rate    | 0.03     |
| time/              |          |
|    fps             | 672      |
|    iterations      | 47       |
|    time_elapsed    | 143      |
|    total_timesteps | 96256    |
---------------------------------
-----------------------------------------
| rollout/                |             |
|    ep_len_mean          | 199         |
|    ep_rew_mean          | -82.6       |
|    success_rate         | 0.03        |
| time/                   |             |
|    fps                  | 677         |
|    iterations           | 48          |
|    time_elapsed         | 145         |
|    total_timesteps      | 98304       |
| train/                  |             |
|    approx_kl            | 0.013496395 |
|    clip_fraction        | 0.139       |
|    clip_range           | 0.2         |
|    entropy_loss         | -8.84       |
|    explained_variance   | 0.988       |
|    learning_rate        | 0.0003      |
|    loss                 | 0.346       |
|    n_updates            | 470         |
|    policy_gradient_loss | -0.012      |
|    std                  | 0.858       |
|    value_loss           | 1.06        |
-----------------------------------------
Eval num_timesteps=100000, episode_reward=-101.95 +/- 10.90
Episode length: 200.00 +/- 0.00
Success rate: 0.00%
-----------------------------------------
| eval/                   |             |
|    mean_ep_length       | 200         |
|    mean_reward          | -102        |
|    success_rate         | 0           |
| time/                   |             |
|    total_timesteps      | 100000      |
| train/                  |             |
|    approx_kl            | 0.013866707 |
|    clip_fraction        | 0.169       |
|    clip_range           | 0.2         |
|    entropy_loss         | -8.83       |
|    explained_variance   | 0.989       |
|    learning_rate        | 0.0003      |
|    loss                 | 0.234       |
|    n_updates            | 480         |
|    policy_gradient_loss | -0.0138     |
|    std                  | 0.857       |
|    value_loss           | 0.881       |
-----------------------------------------
---------------------------------
| rollout/           |          |
|    ep_len_mean     | 198      |
|    ep_rew_mean     | -81.6    |
|    success_rate    | 0.04     |
| time/              |          |
|    fps             | 668      |
|    iterations      | 49       |
|    time_elapsed    | 150      |
|    total_timesteps | 100352   |
---------------------------------
-----------------------------------------
| rollout/                |             |
|    ep_len_mean          | 198         |
|    ep_rew_mean          | -80.7       |
|    success_rate         | 0.04        |
| time/                   |             |
|    fps                  | 673         |
|    iterations           | 50          |
|    time_elapsed         | 152         |
|    total_timesteps      | 102400      |
| train/                  |             |
|    approx_kl            | 0.020629618 |
|    clip_fraction        | 0.155       |
|    clip_range           | 0.2         |
|    entropy_loss         | -8.81       |
|    explained_variance   | 0.979       |
|    learning_rate        | 0.0003      |
|    loss                 | 0.339       |
|    n_updates            | 490         |
|    policy_gradient_loss | -0.0105     |
|    std                  | 0.854       |
|    value_loss           | 1.28        |
-----------------------------------------
-----------------------------------------
| rollout/                |             |
|    ep_len_mean          | 198         |
|    ep_rew_mean          | -80.6       |
|    success_rate         | 0.04        |
| time/                   |             |
|    fps                  | 678         |
|    iterations           | 51          |
|    time_elapsed         | 153         |
|    total_timesteps      | 104448      |
| train/                  |             |
|    approx_kl            | 0.012742545 |
|    clip_fraction        | 0.15        |
|    clip_range           | 0.2         |
|    entropy_loss         | -8.8        |
|    explained_variance   | 0.99        |
|    learning_rate        | 0.0003      |
|    loss                 | 0.149       |
|    n_updates            | 500         |
|    policy_gradient_loss | -0.0125     |
|    std                  | 0.854       |
|    value_loss           | 0.64        |
-----------------------------------------
Eval num_timesteps=105000, episode_reward=-102.99 +/- 10.54
Episode length: 200.00 +/- 0.00
Success rate: 0.00%
-----------------------------------------
| eval/                   |             |
|    mean_ep_length       | 200         |
|    mean_reward          | -103        |
|    success_rate         | 0           |
| time/                   |             |
|    total_timesteps      | 105000      |
| train/                  |             |
|    approx_kl            | 0.016580459 |
|    clip_fraction        | 0.18        |
|    clip_range           | 0.2         |
|    entropy_loss         | -8.76       |
|    explained_variance   | 0.991       |
|    learning_rate        | 0.0003      |
|    loss                 | 0.34        |
|    n_updates            | 510         |
|    policy_gradient_loss | -0.0143     |
|    std                  | 0.846       |
|    value_loss           | 0.782       |
-----------------------------------------
---------------------------------
| rollout/           |          |
|    ep_len_mean     | 198      |
|    ep_rew_mean     | -78.9    |
|    success_rate    | 0.04     |
| time/              |          |
|    fps             | 669      |
|    iterations      | 52       |
|    time_elapsed    | 159      |
|    total_timesteps | 106496   |
---------------------------------
-----------------------------------------
| rollout/                |             |
|    ep_len_mean          | 197         |
|    ep_rew_mean          | -78.5       |
|    success_rate         | 0.05        |
| time/                   |             |
|    fps                  | 674         |
|    iterations           | 53          |
|    time_elapsed         | 160         |
|    total_timesteps      | 108544      |
| train/                  |             |
|    approx_kl            | 0.020406622 |
|    clip_fraction        | 0.207       |
|    clip_range           | 0.2         |
|    entropy_loss         | -8.72       |
|    explained_variance   | 0.992       |
|    learning_rate        | 0.0003      |
|    loss                 | 0.129       |
|    n_updates            | 520         |
|    policy_gradient_loss | -0.0177     |
|    std                  | 0.844       |
|    value_loss           | 0.448       |
-----------------------------------------
Eval num_timesteps=110000, episode_reward=-94.13 +/- 13.66
Episode length: 200.00 +/- 0.00
Success rate: 0.00%
-----------------------------------------
| eval/                   |             |
|    mean_ep_length       | 200         |
|    mean_reward          | -94.1       |
|    success_rate         | 0           |
| time/                   |             |
|    total_timesteps      | 110000      |
| train/                  |             |
|    approx_kl            | 0.015969956 |
|    clip_fraction        | 0.168       |
|    clip_range           | 0.2         |
|    entropy_loss         | -8.69       |
|    explained_variance   | 0.993       |
|    learning_rate        | 0.0003      |
|    loss                 | 0.58        |
|    n_updates            | 530         |
|    policy_gradient_loss | -0.0128     |
|    std                  | 0.837       |
|    value_loss           | 0.584       |
-----------------------------------------
---------------------------------
| rollout/           |          |
|    ep_len_mean     | 196      |
|    ep_rew_mean     | -77      |
|    success_rate    | 0.06     |
| time/              |          |
|    fps             | 666      |
|    iterations      | 54       |
|    time_elapsed    | 166      |
|    total_timesteps | 110592   |
---------------------------------
-----------------------------------------
| rollout/                |             |
|    ep_len_mean          | 195         |
|    ep_rew_mean          | -74.9       |
|    success_rate         | 0.08        |
| time/                   |             |
|    fps                  | 671         |
|    iterations           | 55          |
|    time_elapsed         | 167         |
|    total_timesteps      | 112640      |
| train/                  |             |
|    approx_kl            | 0.018256245 |
|    clip_fraction        | 0.184       |
|    clip_range           | 0.2         |
|    entropy_loss         | -8.65       |
|    explained_variance   | 0.99        |
|    learning_rate        | 0.0003      |
|    loss                 | 0.251       |
|    n_updates            | 540         |
|    policy_gradient_loss | -0.014      |
|    std                  | 0.836       |
|    value_loss           | 0.864       |
-----------------------------------------
-----------------------------------------
| rollout/                |             |
|    ep_len_mean          | 195         |
|    ep_rew_mean          | -74.3       |
|    success_rate         | 0.1         |
| time/                   |             |
|    fps                  | 676         |
|    iterations           | 56          |
|    time_elapsed         | 169         |
|    total_timesteps      | 114688      |
| train/                  |             |
|    approx_kl            | 0.011199248 |
|    clip_fraction        | 0.164       |
|    clip_range           | 0.2         |
|    entropy_loss         | -8.64       |
|    explained_variance   | 0.992       |
|    learning_rate        | 0.0003      |
|    loss                 | 0.146       |
|    n_updates            | 550         |
|    policy_gradient_loss | -0.0148     |
|    std                  | 0.837       |
|    value_loss           | 1.06        |
-----------------------------------------
Eval num_timesteps=115000, episode_reward=-89.58 +/- 15.20
Episode length: 198.40 +/- 8.62
Success rate: 3.33%
----------------------------------------
| eval/                   |            |
|    mean_ep_length       | 198        |
|    mean_reward          | -89.6      |
|    success_rate         | 0.0333     |
| time/                   |            |
|    total_timesteps      | 115000     |
| train/                  |            |
|    approx_kl            | 0.01792563 |
|    clip_fraction        | 0.202      |
|    clip_range           | 0.2        |
|    entropy_loss         | -8.59      |
|    explained_variance   | 0.996      |
|    learning_rate        | 0.0003     |
|    loss                 | 0.0514     |
|    n_updates            | 560        |
|    policy_gradient_loss | -0.0124    |
|    std                  | 0.826      |
|    value_loss           | 0.349      |
----------------------------------------
New best mean reward!
---------------------------------
| rollout/           |          |
|    ep_len_mean     | 194      |
|    ep_rew_mean     | -72.7    |
|    success_rate    | 0.12     |
| time/              |          |
|    fps             | 668      |
|    iterations      | 57       |
|    time_elapsed    | 174      |
|    total_timesteps | 116736   |
---------------------------------
-----------------------------------------
| rollout/                |             |
|    ep_len_mean          | 196         |
|    ep_rew_mean          | -73.4       |
|    success_rate         | 0.1         |
| time/                   |             |
|    fps                  | 673         |
|    iterations           | 58          |
|    time_elapsed         | 176         |
|    total_timesteps      | 118784      |
| train/                  |             |
|    approx_kl            | 0.017181225 |
|    clip_fraction        | 0.162       |
|    clip_range           | 0.2         |
|    entropy_loss         | -8.53       |
|    explained_variance   | 0.984       |
|    learning_rate        | 0.0003      |
|    loss                 | 0.781       |
|    n_updates            | 570         |
|    policy_gradient_loss | -0.0141     |
|    std                  | 0.82        |
|    value_loss           | 0.963       |
-----------------------------------------
Eval num_timesteps=120000, episode_reward=-93.12 +/- 20.46
Episode length: 195.87 +/- 15.47
Success rate: 6.67%
---------------------------------------
| eval/                   |           |
|    mean_ep_length       | 196       |
|    mean_reward          | -93.1     |
|    success_rate         | 0.0667    |
| time/                   |           |
|    total_timesteps      | 120000    |
| train/                  |           |
|    approx_kl            | 0.0150327 |
|    clip_fraction        | 0.17      |
|    clip_range           | 0.2       |
|    entropy_loss         | -8.47     |
|    explained_variance   | 0.993     |
|    learning_rate        | 0.0003    |
|    loss                 | 0.0517    |
|    n_updates            | 580       |
|    policy_gradient_loss | -0.00959  |
|    std                  | 0.814     |
|    value_loss           | 0.319     |
---------------------------------------
---------------------------------
| rollout/           |          |
|    ep_len_mean     | 195      |
|    ep_rew_mean     | -71.4    |
|    success_rate    | 0.12     |
| time/              |          |
|    fps             | 665      |
|    iterations      | 59       |
|    time_elapsed    | 181      |
|    total_timesteps | 120832   |
---------------------------------
-----------------------------------------
| rollout/                |             |
|    ep_len_mean          | 194         |
|    ep_rew_mean          | -71         |
|    success_rate         | 0.12        |
| time/                   |             |
|    fps                  | 670         |
|    iterations           | 60          |
|    time_elapsed         | 183         |
|    total_timesteps      | 122880      |
| train/                  |             |
|    approx_kl            | 0.010533293 |
|    clip_fraction        | 0.152       |
|    clip_range           | 0.2         |
|    entropy_loss         | -8.43       |
|    explained_variance   | 0.992       |
|    learning_rate        | 0.0003      |
|    loss                 | 0.12        |
|    n_updates            | 590         |
|    policy_gradient_loss | -0.01       |
|    std                  | 0.811       |
|    value_loss           | 0.485       |
-----------------------------------------
-----------------------------------------
| rollout/                |             |
|    ep_len_mean          | 193         |
|    ep_rew_mean          | -70         |
|    success_rate         | 0.15        |
| time/                   |             |
|    fps                  | 674         |
|    iterations           | 61          |
|    time_elapsed         | 185         |
|    total_timesteps      | 124928      |
| train/                  |             |
|    approx_kl            | 0.010713831 |
|    clip_fraction        | 0.159       |
|    clip_range           | 0.2         |
|    entropy_loss         | -8.4        |
|    explained_variance   | 0.992       |
|    learning_rate        | 0.0003      |
|    loss                 | 0.906       |
|    n_updates            | 600         |
|    policy_gradient_loss | -0.0105     |
|    std                  | 0.807       |
|    value_loss           | 0.873       |
-----------------------------------------
Eval num_timesteps=125000, episode_reward=-85.55 +/- 20.93
Episode length: 195.17 +/- 18.16
Success rate: 6.67%
-----------------------------------------
| eval/                   |             |
|    mean_ep_length       | 195         |
|    mean_reward          | -85.5       |
|    success_rate         | 0.0667      |
| time/                   |             |
|    total_timesteps      | 125000      |
| train/                  |             |
|    approx_kl            | 0.015650216 |
|    clip_fraction        | 0.145       |
|    clip_range           | 0.2         |
|    entropy_loss         | -8.39       |
|    explained_variance   | 0.987       |
|    learning_rate        | 0.0003      |
|    loss                 | 0.718       |
|    n_updates            | 610         |
|    policy_gradient_loss | -0.011      |
|    std                  | 0.808       |
|    value_loss           | 1.32        |
-----------------------------------------
New best mean reward!
---------------------------------
| rollout/           |          |
|    ep_len_mean     | 190      |
|    ep_rew_mean     | -67.9    |
|    success_rate    | 0.19     |
| time/              |          |
|    fps             | 667      |
|    iterations      | 62       |
|    time_elapsed    | 190      |
|    total_timesteps | 126976   |
---------------------------------
-----------------------------------------
| rollout/                |             |
|    ep_len_mean          | 191         |
|    ep_rew_mean          | -68         |
|    success_rate         | 0.18        |
| time/                   |             |
|    fps                  | 672         |
|    iterations           | 63          |
|    time_elapsed         | 191         |
|    total_timesteps      | 129024      |
| train/                  |             |
|    approx_kl            | 0.016445052 |
|    clip_fraction        | 0.188       |
|    clip_range           | 0.2         |
|    entropy_loss         | -8.38       |
|    explained_variance   | 0.989       |
|    learning_rate        | 0.0003      |
|    loss                 | 0.265       |
|    n_updates            | 620         |
|    policy_gradient_loss | -0.0163     |
|    std                  | 0.807       |
|    value_loss           | 1.12        |
-----------------------------------------
Eval num_timesteps=130000, episode_reward=-86.51 +/- 16.90
Episode length: 197.43 +/- 13.82
Success rate: 3.33%
----------------------------------------
| eval/                   |            |
|    mean_ep_length       | 197        |
|    mean_reward          | -86.5      |
|    success_rate         | 0.0333     |
| time/                   |            |
|    total_timesteps      | 130000     |
| train/                  |            |
|    approx_kl            | 0.01699342 |
|    clip_fraction        | 0.232      |
|    clip_range           | 0.2        |
|    entropy_loss         | -8.38      |
|    explained_variance   | 0.991      |
|    learning_rate        | 0.0003     |
|    loss                 | 0.0724     |
|    n_updates            | 630        |
|    policy_gradient_loss | -0.0175    |
|    std                  | 0.808      |
|    value_loss           | 0.423      |
----------------------------------------
---------------------------------
| rollout/           |          |
|    ep_len_mean     | 191      |
|    ep_rew_mean     | -68.4    |
|    success_rate    | 0.19     |
| time/              |          |
|    fps             | 666      |
|    iterations      | 64       |
|    time_elapsed    | 196      |
|    total_timesteps | 131072   |
---------------------------------
-----------------------------------------
| rollout/                |             |
|    ep_len_mean          | 192         |
|    ep_rew_mean          | -68.2       |
|    success_rate         | 0.17        |
| time/                   |             |
|    fps                  | 670         |
|    iterations           | 65          |
|    time_elapsed         | 198         |
|    total_timesteps      | 133120      |
| train/                  |             |
|    approx_kl            | 0.014888898 |
|    clip_fraction        | 0.171       |
|    clip_range           | 0.2         |
|    entropy_loss         | -8.38       |
|    explained_variance   | 0.991       |
|    learning_rate        | 0.0003      |
|    loss                 | 0.0623      |
|    n_updates            | 640         |
|    policy_gradient_loss | -0.0109     |
|    std                  | 0.806       |
|    value_loss           | 0.847       |
-----------------------------------------
Eval num_timesteps=135000, episode_reward=-77.98 +/- 13.53
Episode length: 197.67 +/- 12.57
Success rate: 3.33%
----------------------------------------
| eval/                   |            |
|    mean_ep_length       | 198        |
|    mean_reward          | -78        |
|    success_rate         | 0.0333     |
| time/                   |            |
|    total_timesteps      | 135000     |
| train/                  |            |
|    approx_kl            | 0.01867747 |
|    clip_fraction        | 0.208      |
|    clip_range           | 0.2        |
|    entropy_loss         | -8.36      |
|    explained_variance   | 0.995      |
|    learning_rate        | 0.0003     |
|    loss                 | 0.0355     |
|    n_updates            | 650        |
|    policy_gradient_loss | -0.0184    |
|    std                  | 0.803      |
|    value_loss           | 0.256      |
----------------------------------------
New best mean reward!
---------------------------------
| rollout/           |          |
|    ep_len_mean     | 191      |
|    ep_rew_mean     | -67.9    |
|    success_rate    | 0.17     |
| time/              |          |
|    fps             | 661      |
|    iterations      | 66       |
|    time_elapsed    | 204      |
|    total_timesteps | 135168   |
---------------------------------
-----------------------------------------
| rollout/                |             |
|    ep_len_mean          | 192         |
|    ep_rew_mean          | -68.1       |
|    success_rate         | 0.16        |
| time/                   |             |
|    fps                  | 636         |
|    iterations           | 67          |
|    time_elapsed         | 215         |
|    total_timesteps      | 137216      |
| train/                  |             |
|    approx_kl            | 0.016240349 |
|    clip_fraction        | 0.171       |
|    clip_range           | 0.2         |
|    entropy_loss         | -8.33       |
|    explained_variance   | 0.987       |
|    learning_rate        | 0.0003      |
|    loss                 | 0.442       |
|    n_updates            | 660         |
|    policy_gradient_loss | -0.0104     |
|    std                  | 0.8         |
|    value_loss           | 0.756       |
-----------------------------------------
-----------------------------------------
| rollout/                |             |
|    ep_len_mean          | 192         |
|    ep_rew_mean          | -68.2       |
|    success_rate         | 0.15        |
| time/                   |             |
|    fps                  | 613         |
|    iterations           | 68          |
|    time_elapsed         | 226         |
|    total_timesteps      | 139264      |
| train/                  |             |
|    approx_kl            | 0.015494729 |
|    clip_fraction        | 0.187       |
|    clip_range           | 0.2         |
|    entropy_loss         | -8.3        |
|    explained_variance   | 0.994       |
|    learning_rate        | 0.0003      |
|    loss                 | 0.0409      |
|    n_updates            | 670         |
|    policy_gradient_loss | -0.0145     |
|    std                  | 0.797       |
|    value_loss           | 0.268       |
-----------------------------------------
Eval num_timesteps=140000, episode_reward=-86.52 +/- 17.88
Episode length: 197.43 +/- 13.82
Success rate: 3.33%
-----------------------------------------
| eval/                   |             |
|    mean_ep_length       | 197         |
|    mean_reward          | -86.5       |
|    success_rate         | 0.0333      |
| time/                   |             |
|    total_timesteps      | 140000      |
| train/                  |             |
|    approx_kl            | 0.015834238 |
|    clip_fraction        | 0.186       |
|    clip_range           | 0.2         |
|    entropy_loss         | -8.27       |
|    explained_variance   | 0.996       |
|    learning_rate        | 0.0003      |
|    loss                 | 0.0679      |
|    n_updates            | 680         |
|    policy_gradient_loss | -0.015      |
|    std                  | 0.793       |
|    value_loss           | 0.246       |
-----------------------------------------
---------------------------------
| rollout/           |          |
|    ep_len_mean     | 192      |
|    ep_rew_mean     | -68.6    |
|    success_rate    | 0.15     |
| time/              |          |
|    fps             | 589      |
|    iterations      | 69       |
|    time_elapsed    | 239      |
|    total_timesteps | 141312   |
---------------------------------
-----------------------------------------
| rollout/                |             |
|    ep_len_mean          | 193         |
|    ep_rew_mean          | -69         |
|    success_rate         | 0.14        |
| time/                   |             |
|    fps                  | 593         |
|    iterations           | 70          |
|    time_elapsed         | 241         |
|    total_timesteps      | 143360      |
| train/                  |             |
|    approx_kl            | 0.013633311 |
|    clip_fraction        | 0.182       |
|    clip_range           | 0.2         |
|    entropy_loss         | -8.26       |
|    explained_variance   | 0.995       |
|    learning_rate        | 0.0003      |
|    loss                 | 0.0461      |
|    n_updates            | 690         |
|    policy_gradient_loss | -0.015      |
|    std                  | 0.794       |
|    value_loss           | 0.234       |
-----------------------------------------
Eval num_timesteps=145000, episode_reward=-85.01 +/- 18.71
Episode length: 197.37 +/- 14.18
Success rate: 3.33%
-----------------------------------------
| eval/                   |             |
|    mean_ep_length       | 197         |
|    mean_reward          | -85         |
|    success_rate         | 0.0333      |
| time/                   |             |
|    total_timesteps      | 145000      |
| train/                  |             |
|    approx_kl            | 0.015241779 |
|    clip_fraction        | 0.212       |
|    clip_range           | 0.2         |
|    entropy_loss         | -8.26       |
|    explained_variance   | 0.997       |
|    learning_rate        | 0.0003      |
|    loss                 | 0.0189      |
|    n_updates            | 700         |
|    policy_gradient_loss | -0.0177     |
|    std                  | 0.794       |
|    value_loss           | 0.211       |
-----------------------------------------
---------------------------------
| rollout/           |          |
|    ep_len_mean     | 195      |
|    ep_rew_mean     | -70.2    |
|    success_rate    | 0.11     |
| time/              |          |
|    fps             | 590      |
|    iterations      | 71       |
|    time_elapsed    | 246      |
|    total_timesteps | 145408   |
---------------------------------
-----------------------------------------
| rollout/                |             |
|    ep_len_mean          | 197         |
|    ep_rew_mean          | -71         |
|    success_rate         | 0.08        |
| time/                   |             |
|    fps                  | 593         |
|    iterations           | 72          |
|    time_elapsed         | 248         |
|    total_timesteps      | 147456      |
| train/                  |             |
|    approx_kl            | 0.013667963 |
|    clip_fraction        | 0.178       |
|    clip_range           | 0.2         |
|    entropy_loss         | -8.26       |
|    explained_variance   | 0.99        |
|    learning_rate        | 0.0003      |
|    loss                 | 0.0813      |
|    n_updates            | 710         |
|    policy_gradient_loss | -0.0114     |
|    std                  | 0.793       |
|    value_loss           | 0.309       |
-----------------------------------------
----------------------------------------
| rollout/                |            |
|    ep_len_mean          | 197        |
|    ep_rew_mean          | -71        |
|    success_rate         | 0.08       |
| time/                   |            |
|    fps                  | 596        |
|    iterations           | 73         |
|    time_elapsed         | 250        |
|    total_timesteps      | 149504     |
| train/                  |            |
|    approx_kl            | 0.01581249 |
|    clip_fraction        | 0.164      |
|    clip_range           | 0.2        |
|    entropy_loss         | -8.21      |
|    explained_variance   | 0.995      |
|    learning_rate        | 0.0003     |
|    loss                 | 0.0349     |
|    n_updates            | 720        |
|    policy_gradient_loss | -0.0146    |
|    std                  | 0.785      |
|    value_loss           | 0.212      |
----------------------------------------
Eval num_timesteps=150000, episode_reward=-78.95 +/- 17.20
Episode length: 197.70 +/- 12.39
Success rate: 3.33%
-----------------------------------------
| eval/                   |             |
|    mean_ep_length       | 198         |
|    mean_reward          | -78.9       |
|    success_rate         | 0.0333      |
| time/                   |             |
|    total_timesteps      | 150000      |
| train/                  |             |
|    approx_kl            | 0.018129315 |
|    clip_fraction        | 0.194       |
|    clip_range           | 0.2         |
|    entropy_loss         | -8.16       |
|    explained_variance   | 0.995       |
|    learning_rate        | 0.0003      |
|    loss                 | 0.0498      |
|    n_updates            | 730         |
|    policy_gradient_loss | -0.019      |
|    std                  | 0.782       |
|    value_loss           | 0.197       |
-----------------------------------------
---------------------------------
| rollout/           |          |
|    ep_len_mean     | 197      |
|    ep_rew_mean     | -71.2    |
|    success_rate    | 0.07     |
| time/              |          |
|    fps             | 592      |
|    iterations      | 74       |
|    time_elapsed    | 255      |
|    total_timesteps | 151552   |
---------------------------------
-----------------------------------------
| rollout/                |             |
|    ep_len_mean          | 195         |
|    ep_rew_mean          | -70.6       |
|    success_rate         | 0.1         |
| time/                   |             |
|    fps                  | 596         |
|    iterations           | 75          |
|    time_elapsed         | 257         |
|    total_timesteps      | 153600      |
| train/                  |             |
|    approx_kl            | 0.011939792 |
|    clip_fraction        | 0.128       |
|    clip_range           | 0.2         |
|    entropy_loss         | -8.15       |
|    explained_variance   | 0.97        |
|    learning_rate        | 0.0003      |
|    loss                 | 0.0979      |
|    n_updates            | 740         |
|    policy_gradient_loss | -0.00842    |
|    std                  | 0.78        |
|    value_loss           | 2.67        |
-----------------------------------------
Eval num_timesteps=155000, episode_reward=-87.91 +/- 16.49
Episode length: 197.13 +/- 15.44
Success rate: 3.33%
-----------------------------------------
| eval/                   |             |
|    mean_ep_length       | 197         |
|    mean_reward          | -87.9       |
|    success_rate         | 0.0333      |
| time/                   |             |
|    total_timesteps      | 155000      |
| train/                  |             |
|    approx_kl            | 0.012619473 |
|    clip_fraction        | 0.123       |
|    clip_range           | 0.2         |
|    entropy_loss         | -8.12       |
|    explained_variance   | 0.979       |
|    learning_rate        | 0.0003      |
|    loss                 | 0.293       |
|    n_updates            | 750         |
|    policy_gradient_loss | -0.00878    |
|    std                  | 0.776       |
|    value_loss           | 1.91        |
-----------------------------------------
---------------------------------
| rollout/           |          |
|    ep_len_mean     | 193      |
|    ep_rew_mean     | -70.1    |
|    success_rate    | 0.11     |
| time/              |          |
|    fps             | 592      |
|    iterations      | 76       |
|    time_elapsed    | 262      |
|    total_timesteps | 155648   |
---------------------------------
-----------------------------------------
| rollout/                |             |
|    ep_len_mean          | 192         |
|    ep_rew_mean          | -69.7       |
|    success_rate         | 0.14        |
| time/                   |             |
|    fps                  | 596         |
|    iterations           | 77          |
|    time_elapsed         | 264         |
|    total_timesteps      | 157696      |
| train/                  |             |
|    approx_kl            | 0.016920948 |
|    clip_fraction        | 0.155       |
|    clip_range           | 0.2         |
|    entropy_loss         | -8.08       |
|    explained_variance   | 0.982       |
|    learning_rate        | 0.0003      |
|    loss                 | 0.224       |
|    n_updates            | 760         |
|    policy_gradient_loss | -0.00937    |
|    std                  | 0.771       |
|    value_loss           | 1.74        |
-----------------------------------------
----------------------------------------
| rollout/                |            |
|    ep_len_mean          | 191        |
|    ep_rew_mean          | -69.2      |
|    success_rate         | 0.14       |
| time/                   |            |
|    fps                  | 599        |
|    iterations           | 78         |
|    time_elapsed         | 266        |
|    total_timesteps      | 159744     |
| train/                  |            |
|    approx_kl            | 0.01166934 |
|    clip_fraction        | 0.161      |
|    clip_range           | 0.2        |
|    entropy_loss         | -8.04      |
|    explained_variance   | 0.991      |
|    learning_rate        | 0.0003     |
|    loss                 | 0.136      |
|    n_updates            | 770        |
|    policy_gradient_loss | -0.00939   |
|    std                  | 0.769      |
|    value_loss           | 0.684      |
----------------------------------------
Eval num_timesteps=160000, episode_reward=-71.36 +/- 19.44
Episode length: 193.10 +/- 25.82
Success rate: 6.67%
------------------------------------------
| eval/                   |              |
|    mean_ep_length       | 193          |
|    mean_reward          | -71.4        |
|    success_rate         | 0.0667       |
| time/                   |              |
|    total_timesteps      | 160000       |
| train/                  |              |
|    approx_kl            | 0.0126005635 |
|    clip_fraction        | 0.153        |
|    clip_range           | 0.2          |
|    entropy_loss         | -8.02        |
|    explained_variance   | 0.986        |
|    learning_rate        | 0.0003       |
|    loss                 | 0.143        |
|    n_updates            | 780          |
|    policy_gradient_loss | -0.0115      |
|    std                  | 0.766        |
|    value_loss           | 0.821        |
------------------------------------------
New best mean reward!
---------------------------------
| rollout/           |          |
|    ep_len_mean     | 189      |
|    ep_rew_mean     | -67.6    |
|    success_rate    | 0.16     |
| time/              |          |
|    fps             | 596      |
|    iterations      | 79       |
|    time_elapsed    | 271      |
|    total_timesteps | 161792   |
---------------------------------
----------------------------------------
| rollout/                |            |
|    ep_len_mean          | 186        |
|    ep_rew_mean          | -66.1      |
|    success_rate         | 0.21       |
| time/                   |            |
|    fps                  | 599        |
|    iterations           | 80         |
|    time_elapsed         | 273        |
|    total_timesteps      | 163840     |
| train/                  |            |
|    approx_kl            | 0.01852814 |
|    clip_fraction        | 0.205      |
|    clip_range           | 0.2        |
|    entropy_loss         | -8         |
|    explained_variance   | 0.986      |
|    learning_rate        | 0.0003     |
|    loss                 | 0.0369     |
|    n_updates            | 790        |
|    policy_gradient_loss | -0.0115    |
|    std                  | 0.763      |
|    value_loss           | 0.852      |
----------------------------------------
Eval num_timesteps=165000, episode_reward=-75.16 +/- 17.57
Episode length: 197.10 +/- 15.62
Success rate: 3.33%
-----------------------------------------
| eval/                   |             |
|    mean_ep_length       | 197         |
|    mean_reward          | -75.2       |
|    success_rate         | 0.0333      |
| time/                   |             |
|    total_timesteps      | 165000      |
| train/                  |             |
|    approx_kl            | 0.014399618 |
|    clip_fraction        | 0.172       |
|    clip_range           | 0.2         |
|    entropy_loss         | -7.96       |
|    explained_variance   | 0.99        |
|    learning_rate        | 0.0003      |
|    loss                 | 0.289       |
|    n_updates            | 800         |
|    policy_gradient_loss | -0.0103     |
|    std                  | 0.759       |
|    value_loss           | 0.804       |
-----------------------------------------
---------------------------------
| rollout/           |          |
|    ep_len_mean     | 186      |
|    ep_rew_mean     | -66      |
|    success_rate    | 0.21     |
| time/              |          |
|    fps             | 595      |
|    iterations      | 81       |
|    time_elapsed    | 278      |
|    total_timesteps | 165888   |
---------------------------------
-----------------------------------------
| rollout/                |             |
|    ep_len_mean          | 183         |
|    ep_rew_mean          | -64         |
|    success_rate         | 0.26        |
| time/                   |             |
|    fps                  | 598         |
|    iterations           | 82          |
|    time_elapsed         | 280         |
|    total_timesteps      | 167936      |
| train/                  |             |
|    approx_kl            | 0.017144293 |
|    clip_fraction        | 0.171       |
|    clip_range           | 0.2         |
|    entropy_loss         | -7.92       |
|    explained_variance   | 0.989       |
|    learning_rate        | 0.0003      |
|    loss                 | 0.0623      |
|    n_updates            | 810         |
|    policy_gradient_loss | -0.00895    |
|    std                  | 0.755       |
|    value_loss           | 0.298       |
-----------------------------------------
-----------------------------------------
| rollout/                |             |
|    ep_len_mean          | 182         |
|    ep_rew_mean          | -62.9       |
|    success_rate         | 0.26        |
| time/                   |             |
|    fps                  | 602         |
|    iterations           | 83          |
|    time_elapsed         | 282         |
|    total_timesteps      | 169984      |
| train/                  |             |
|    approx_kl            | 0.014620119 |
|    clip_fraction        | 0.174       |
|    clip_range           | 0.2         |
|    entropy_loss         | -7.9        |
|    explained_variance   | 0.983       |
|    learning_rate        | 0.0003      |
|    loss                 | 0.269       |
|    n_updates            | 820         |
|    policy_gradient_loss | -0.0124     |
|    std                  | 0.756       |
|    value_loss           | 0.943       |
-----------------------------------------
Eval num_timesteps=170000, episode_reward=-72.20 +/- 17.84
Episode length: 193.40 +/- 24.70
Success rate: 6.67%
-----------------------------------------
| eval/                   |             |
|    mean_ep_length       | 193         |
|    mean_reward          | -72.2       |
|    success_rate         | 0.0667      |
| time/                   |             |
|    total_timesteps      | 170000      |
| train/                  |             |
|    approx_kl            | 0.014445641 |
|    clip_fraction        | 0.184       |
|    clip_range           | 0.2         |
|    entropy_loss         | -7.9        |
|    explained_variance   | 0.977       |
|    learning_rate        | 0.0003      |
|    loss                 | 0.154       |
|    n_updates            | 830         |
|    policy_gradient_loss | -0.0128     |
|    std                  | 0.753       |
|    value_loss           | 0.775       |
-----------------------------------------
---------------------------------
| rollout/           |          |
|    ep_len_mean     | 182      |
|    ep_rew_mean     | -62.5    |
|    success_rate    | 0.26     |
| time/              |          |
|    fps             | 598      |
|    iterations      | 84       |
|    time_elapsed    | 287      |
|    total_timesteps | 172032   |
---------------------------------
-----------------------------------------
| rollout/                |             |
|    ep_len_mean          | 184         |
|    ep_rew_mean          | -62.6       |
|    success_rate         | 0.23        |
| time/                   |             |
|    fps                  | 601         |
|    iterations           | 85          |
|    time_elapsed         | 289         |
|    total_timesteps      | 174080      |
| train/                  |             |
|    approx_kl            | 0.017667867 |
|    clip_fraction        | 0.197       |
|    clip_range           | 0.2         |
|    entropy_loss         | -7.87       |
|    explained_variance   | 0.992       |
|    learning_rate        | 0.0003      |
|    loss                 | 0.238       |
|    n_updates            | 840         |
|    policy_gradient_loss | -0.0126     |
|    std                  | 0.752       |
|    value_loss           | 0.621       |
-----------------------------------------
Eval num_timesteps=175000, episode_reward=-65.93 +/- 19.31
Episode length: 187.40 +/- 32.13
Success rate: 13.33%
-----------------------------------------
| eval/                   |             |
|    mean_ep_length       | 187         |
|    mean_reward          | -65.9       |
|    success_rate         | 0.133       |
| time/                   |             |
|    total_timesteps      | 175000      |
| train/                  |             |
|    approx_kl            | 0.018374737 |
|    clip_fraction        | 0.198       |
|    clip_range           | 0.2         |
|    entropy_loss         | -7.85       |
|    explained_variance   | 0.991       |
|    learning_rate        | 0.0003      |
|    loss                 | 0.00327     |
|    n_updates            | 850         |
|    policy_gradient_loss | -0.00889    |
|    std                  | 0.75        |
|    value_loss           | 0.198       |
-----------------------------------------
New best mean reward!
---------------------------------
| rollout/           |          |
|    ep_len_mean     | 183      |
|    ep_rew_mean     | -62      |
|    success_rate    | 0.24     |
| time/              |          |
|    fps             | 597      |
|    iterations      | 86       |
|    time_elapsed    | 294      |
|    total_timesteps | 176128   |
---------------------------------
-----------------------------------------
| rollout/                |             |
|    ep_len_mean          | 180         |
|    ep_rew_mean          | -60.3       |
|    success_rate         | 0.27        |
| time/                   |             |
|    fps                  | 600         |
|    iterations           | 87          |
|    time_elapsed         | 296         |
|    total_timesteps      | 178176      |
| train/                  |             |
|    approx_kl            | 0.012331773 |
|    clip_fraction        | 0.149       |
|    clip_range           | 0.2         |
|    entropy_loss         | -7.84       |
|    explained_variance   | 0.976       |
|    learning_rate        | 0.0003      |
|    loss                 | 0.13        |
|    n_updates            | 860         |
|    policy_gradient_loss | -0.0133     |
|    std                  | 0.75        |
|    value_loss           | 1.42        |
-----------------------------------------
Eval num_timesteps=180000, episode_reward=-66.57 +/- 23.41
Episode length: 181.47 +/- 37.17
Success rate: 20.00%
-----------------------------------------
| eval/                   |             |
|    mean_ep_length       | 181         |
|    mean_reward          | -66.6       |
|    success_rate         | 0.2         |
| time/                   |             |
|    total_timesteps      | 180000      |
| train/                  |             |
|    approx_kl            | 0.013968196 |
|    clip_fraction        | 0.177       |
|    clip_range           | 0.2         |
|    entropy_loss         | -7.82       |
|    explained_variance   | 0.99        |
|    learning_rate        | 0.0003      |
|    loss                 | 0.198       |
|    n_updates            | 870         |
|    policy_gradient_loss | -0.0131     |
|    std                  | 0.746       |
|    value_loss           | 0.946       |
-----------------------------------------
---------------------------------
| rollout/           |          |
|    ep_len_mean     | 180      |
|    ep_rew_mean     | -60.5    |
|    success_rate    | 0.28     |
| time/              |          |
|    fps             | 597      |
|    iterations      | 88       |
|    time_elapsed    | 301      |
|    total_timesteps | 180224   |
---------------------------------
-----------------------------------------
| rollout/                |             |
|    ep_len_mean          | 182         |
|    ep_rew_mean          | -62.4       |
|    success_rate         | 0.24        |
| time/                   |             |
|    fps                  | 600         |
|    iterations           | 89          |
|    time_elapsed         | 303         |
|    total_timesteps      | 182272      |
| train/                  |             |
|    approx_kl            | 0.013580963 |
|    clip_fraction        | 0.194       |
|    clip_range           | 0.2         |
|    entropy_loss         | -7.78       |
|    explained_variance   | 0.985       |
|    learning_rate        | 0.0003      |
|    loss                 | 0.161       |
|    n_updates            | 880         |
|    policy_gradient_loss | -0.0148     |
|    std                  | 0.743       |
|    value_loss           | 0.527       |
-----------------------------------------
-----------------------------------------
| rollout/                |             |
|    ep_len_mean          | 181         |
|    ep_rew_mean          | -60.9       |
|    success_rate         | 0.26        |
| time/                   |             |
|    fps                  | 603         |
|    iterations           | 90          |
|    time_elapsed         | 305         |
|    total_timesteps      | 184320      |
| train/                  |             |
|    approx_kl            | 0.018226312 |
|    clip_fraction        | 0.204       |
|    clip_range           | 0.2         |
|    entropy_loss         | -7.78       |
|    explained_variance   | 0.99        |
|    learning_rate        | 0.0003      |
|    loss                 | 0.0332      |
|    n_updates            | 890         |
|    policy_gradient_loss | -0.0132     |
|    std                  | 0.744       |
|    value_loss           | 0.376       |
-----------------------------------------
Eval num_timesteps=185000, episode_reward=-67.94 +/- 17.83
Episode length: 190.83 +/- 27.55
Success rate: 10.00%
----------------------------------------
| eval/                   |            |
|    mean_ep_length       | 191        |
|    mean_reward          | -67.9      |
|    success_rate         | 0.1        |
| time/                   |            |
|    total_timesteps      | 185000     |
| train/                  |            |
|    approx_kl            | 0.01653441 |
|    clip_fraction        | 0.151      |
|    clip_range           | 0.2        |
|    entropy_loss         | -7.77      |
|    explained_variance   | 0.98       |
|    learning_rate        | 0.0003     |
|    loss                 | 0.156      |
|    n_updates            | 900        |
|    policy_gradient_loss | -0.0106    |
|    std                  | 0.741      |
|    value_loss           | 0.959      |
----------------------------------------
---------------------------------
| rollout/           |          |
|    ep_len_mean     | 183      |
|    ep_rew_mean     | -62.4    |
|    success_rate    | 0.23     |
| time/              |          |
|    fps             | 599      |
|    iterations      | 91       |
|    time_elapsed    | 310      |
|    total_timesteps | 186368   |
---------------------------------
-----------------------------------------
| rollout/                |             |
|    ep_len_mean          | 181         |
|    ep_rew_mean          | -61.7       |
|    success_rate         | 0.26        |
| time/                   |             |
|    fps                  | 602         |
|    iterations           | 92          |
|    time_elapsed         | 312         |
|    total_timesteps      | 188416      |
| train/                  |             |
|    approx_kl            | 0.016922614 |
|    clip_fraction        | 0.201       |
|    clip_range           | 0.2         |
|    entropy_loss         | -7.74       |
|    explained_variance   | 0.994       |
|    learning_rate        | 0.0003      |
|    loss                 | 0.0116      |
|    n_updates            | 910         |
|    policy_gradient_loss | -0.0123     |
|    std                  | 0.739       |
|    value_loss           | 0.253       |
-----------------------------------------
Eval num_timesteps=190000, episode_reward=-57.53 +/- 23.04
Episode length: 167.43 +/- 43.60
Success rate: 36.67%
-----------------------------------------
| eval/                   |             |
|    mean_ep_length       | 167         |
|    mean_reward          | -57.5       |
|    success_rate         | 0.367       |
| time/                   |             |
|    total_timesteps      | 190000      |
| train/                  |             |
|    approx_kl            | 0.016827334 |
|    clip_fraction        | 0.183       |
|    clip_range           | 0.2         |
|    entropy_loss         | -7.74       |
|    explained_variance   | 0.989       |
|    learning_rate        | 0.0003      |
|    loss                 | 0.201       |
|    n_updates            | 920         |
|    policy_gradient_loss | -0.0135     |
|    std                  | 0.739       |
|    value_loss           | 0.553       |
-----------------------------------------
New best mean reward!
---------------------------------
| rollout/           |          |
|    ep_len_mean     | 180      |
|    ep_rew_mean     | -61.4    |
|    success_rate    | 0.27     |
| time/              |          |
|    fps             | 599      |
|    iterations      | 93       |
|    time_elapsed    | 317      |
|    total_timesteps | 190464   |
---------------------------------
-----------------------------------------
| rollout/                |             |
|    ep_len_mean          | 176         |
|    ep_rew_mean          | -59.3       |
|    success_rate         | 0.33        |
| time/                   |             |
|    fps                  | 602         |
|    iterations           | 94          |
|    time_elapsed         | 319         |
|    total_timesteps      | 192512      |
| train/                  |             |
|    approx_kl            | 0.017296765 |
|    clip_fraction        | 0.2         |
|    clip_range           | 0.2         |
|    entropy_loss         | -7.71       |
|    explained_variance   | 0.989       |
|    learning_rate        | 0.0003      |
|    loss                 | 0.0778      |
|    n_updates            | 930         |
|    policy_gradient_loss | -0.0125     |
|    std                  | 0.734       |
|    value_loss           | 0.729       |
-----------------------------------------
-----------------------------------------
| rollout/                |             |
|    ep_len_mean          | 177         |
|    ep_rew_mean          | -59.9       |
|    success_rate         | 0.3         |
| time/                   |             |
|    fps                  | 604         |
|    iterations           | 95          |
|    time_elapsed         | 321         |
|    total_timesteps      | 194560      |
| train/                  |             |
|    approx_kl            | 0.015065758 |
|    clip_fraction        | 0.17        |
|    clip_range           | 0.2         |
|    entropy_loss         | -7.66       |
|    explained_variance   | 0.985       |
|    learning_rate        | 0.0003      |
|    loss                 | 0.106       |
|    n_updates            | 940         |
|    policy_gradient_loss | -0.00886    |
|    std                  | 0.728       |
|    value_loss           | 0.834       |
-----------------------------------------
Eval num_timesteps=195000, episode_reward=-64.37 +/- 16.21
Episode length: 187.90 +/- 28.50
Success rate: 20.00%
-----------------------------------------
| eval/                   |             |
|    mean_ep_length       | 188         |
|    mean_reward          | -64.4       |
|    success_rate         | 0.2         |
| time/                   |             |
|    total_timesteps      | 195000      |
| train/                  |             |
|    approx_kl            | 0.014126405 |
|    clip_fraction        | 0.13        |
|    clip_range           | 0.2         |
|    entropy_loss         | -7.61       |
|    explained_variance   | 0.982       |
|    learning_rate        | 0.0003      |
|    loss                 | 0.874       |
|    n_updates            | 950         |
|    policy_gradient_loss | -0.0106     |
|    std                  | 0.724       |
|    value_loss           | 1.56        |
-----------------------------------------
---------------------------------
| rollout/           |          |
|    ep_len_mean     | 178      |
|    ep_rew_mean     | -60.6    |
|    success_rate    | 0.28     |
| time/              |          |
|    fps             | 598      |
|    iterations      | 96       |
|    time_elapsed    | 328      |
|    total_timesteps | 196608   |
---------------------------------
-----------------------------------------
| rollout/                |             |
|    ep_len_mean          | 175         |
|    ep_rew_mean          | -58.7       |
|    success_rate         | 0.32        |
| time/                   |             |
|    fps                  | 600         |
|    iterations           | 97          |
|    time_elapsed         | 330         |
|    total_timesteps      | 198656      |
| train/                  |             |
|    approx_kl            | 0.013520002 |
|    clip_fraction        | 0.163       |
|    clip_range           | 0.2         |
|    entropy_loss         | -7.6        |
|    explained_variance   | 0.989       |
|    learning_rate        | 0.0003      |
|    loss                 | 0.101       |
|    n_updates            | 960         |
|    policy_gradient_loss | -0.00942    |
|    std                  | 0.725       |
|    value_loss           | 0.864       |
-----------------------------------------
Eval num_timesteps=200000, episode_reward=-67.86 +/- 19.37
Episode length: 189.27 +/- 32.20
Success rate: 10.00%
-----------------------------------------
| eval/                   |             |
|    mean_ep_length       | 189         |
|    mean_reward          | -67.9       |
|    success_rate         | 0.1         |
| time/                   |             |
|    total_timesteps      | 200000      |
| train/                  |             |
|    approx_kl            | 0.018421665 |
|    clip_fraction        | 0.21        |
|    clip_range           | 0.2         |
|    entropy_loss         | -7.58       |
|    explained_variance   | 0.981       |
|    learning_rate        | 0.0003      |
|    loss                 | 0.284       |
|    n_updates            | 970         |
|    policy_gradient_loss | -0.0118     |
|    std                  | 0.722       |
|    value_loss           | 0.879       |
-----------------------------------------
---------------------------------
| rollout/           |          |
|    ep_len_mean     | 175      |
|    ep_rew_mean     | -58.6    |
|    success_rate    | 0.32     |
| time/              |          |
|    fps             | 597      |
|    iterations      | 98       |
|    time_elapsed    | 335      |
|    total_timesteps | 200704   |
---------------------------------
-----------------------------------------
| rollout/                |             |
|    ep_len_mean          | 174         |
|    ep_rew_mean          | -58.3       |
|    success_rate         | 0.33        |
| time/                   |             |
|    fps                  | 599         |
|    iterations           | 99          |
|    time_elapsed         | 337         |
|    total_timesteps      | 202752      |
| train/                  |             |
|    approx_kl            | 0.014497107 |
|    clip_fraction        | 0.175       |
|    clip_range           | 0.2         |
|    entropy_loss         | -7.56       |
|    explained_variance   | 0.994       |
|    learning_rate        | 0.0003      |
|    loss                 | 0.155       |
|    n_updates            | 980         |
|    policy_gradient_loss | -0.0106     |
|    std                  | 0.719       |
|    value_loss           | 0.81        |
-----------------------------------------
-----------------------------------------
| rollout/                |             |
|    ep_len_mean          | 172         |
|    ep_rew_mean          | -57.9       |
|    success_rate         | 0.36        |
| time/                   |             |
|    fps                  | 602         |
|    iterations           | 100         |
|    time_elapsed         | 340         |
|    total_timesteps      | 204800      |
| train/                  |             |
|    approx_kl            | 0.015820183 |
|    clip_fraction        | 0.202       |
|    clip_range           | 0.2         |
|    entropy_loss         | -7.53       |
|    explained_variance   | 0.995       |
|    learning_rate        | 0.0003      |
|    loss                 | 0.0202      |
|    n_updates            | 990         |
|    policy_gradient_loss | -0.0112     |
|    std                  | 0.716       |
|    value_loss           | 0.248       |
-----------------------------------------
Eval num_timesteps=205000, episode_reward=-64.41 +/- 19.21
Episode length: 187.47 +/- 32.66
Success rate: 20.00%
-----------------------------------------
| eval/                   |             |
|    mean_ep_length       | 187         |
|    mean_reward          | -64.4       |
|    success_rate         | 0.2         |
| time/                   |             |
|    total_timesteps      | 205000      |
| train/                  |             |
|    approx_kl            | 0.015976835 |
|    clip_fraction        | 0.197       |
|    clip_range           | 0.2         |
|    entropy_loss         | -7.5        |
|    explained_variance   | 0.995       |
|    learning_rate        | 0.0003      |
|    loss                 | 0.142       |
|    n_updates            | 1000        |
|    policy_gradient_loss | -0.0106     |
|    std                  | 0.713       |
|    value_loss           | 0.327       |
-----------------------------------------
---------------------------------
| rollout/           |          |
|    ep_len_mean     | 173      |
|    ep_rew_mean     | -58.1    |
|    success_rate    | 0.35     |
| time/              |          |
|    fps             | 598      |
|    iterations      | 101      |
|    time_elapsed    | 345      |
|    total_timesteps | 206848   |
---------------------------------
-----------------------------------------
| rollout/                |             |
|    ep_len_mean          | 175         |
|    ep_rew_mean          | -59.7       |
|    success_rate         | 0.33        |
| time/                   |             |
|    fps                  | 601         |
|    iterations           | 102         |
|    time_elapsed         | 347         |
|    total_timesteps      | 208896      |
| train/                  |             |
|    approx_kl            | 0.015207186 |
|    clip_fraction        | 0.208       |
|    clip_range           | 0.2         |
|    entropy_loss         | -7.48       |
|    explained_variance   | 0.993       |
|    learning_rate        | 0.0003      |
|    loss                 | 0.115       |
|    n_updates            | 1010        |
|    policy_gradient_loss | -0.0162     |
|    std                  | 0.711       |
|    value_loss           | 0.395       |
-----------------------------------------
Eval num_timesteps=210000, episode_reward=-62.01 +/- 19.63
Episode length: 184.10 +/- 36.42
Success rate: 16.67%
-----------------------------------------
| eval/                   |             |
|    mean_ep_length       | 184         |
|    mean_reward          | -62         |
|    success_rate         | 0.167       |
| time/                   |             |
|    total_timesteps      | 210000      |
| train/                  |             |
|    approx_kl            | 0.017404325 |
|    clip_fraction        | 0.211       |
|    clip_range           | 0.2         |
|    entropy_loss         | -7.45       |
|    explained_variance   | 0.995       |
|    learning_rate        | 0.0003      |
|    loss                 | 0.123       |
|    n_updates            | 1020        |
|    policy_gradient_loss | -0.0137     |
|    std                  | 0.706       |
|    value_loss           | 0.397       |
-----------------------------------------
---------------------------------
| rollout/           |          |
|    ep_len_mean     | 174      |
|    ep_rew_mean     | -59      |
|    success_rate    | 0.34     |
| time/              |          |
|    fps             | 598      |
|    iterations      | 103      |
|    time_elapsed    | 352      |
|    total_timesteps | 210944   |
---------------------------------
-----------------------------------------
| rollout/                |             |
|    ep_len_mean          | 173         |
|    ep_rew_mean          | -58.2       |
|    success_rate         | 0.36        |
| time/                   |             |
|    fps                  | 600         |
|    iterations           | 104         |
|    time_elapsed         | 354         |
|    total_timesteps      | 212992      |
| train/                  |             |
|    approx_kl            | 0.022204949 |
|    clip_fraction        | 0.214       |
|    clip_range           | 0.2         |
|    entropy_loss         | -7.41       |
|    explained_variance   | 0.991       |
|    learning_rate        | 0.0003      |
|    loss                 | 0.0852      |
|    n_updates            | 1030        |
|    policy_gradient_loss | -0.00944    |
|    std                  | 0.703       |
|    value_loss           | 0.323       |
-----------------------------------------
Eval num_timesteps=215000, episode_reward=-69.36 +/- 15.46
Episode length: 195.30 +/- 18.50
Success rate: 13.33%
---------------------------------------
| eval/                   |           |
|    mean_ep_length       | 195       |
|    mean_reward          | -69.4     |
|    success_rate         | 0.133     |
| time/                   |           |
|    total_timesteps      | 215000    |
| train/                  |           |
|    approx_kl            | 0.0155519 |
|    clip_fraction        | 0.177     |
|    clip_range           | 0.2       |
|    entropy_loss         | -7.38     |
|    explained_variance   | 0.997     |
|    learning_rate        | 0.0003    |
|    loss                 | 0.228     |
|    n_updates            | 1040      |
|    policy_gradient_loss | -0.00767  |
|    std                  | 0.699     |
|    value_loss           | 0.304     |
---------------------------------------
---------------------------------
| rollout/           |          |
|    ep_len_mean     | 174      |
|    ep_rew_mean     | -58      |
|    success_rate    | 0.35     |
| time/              |          |
|    fps             | 597      |
|    iterations      | 105      |
|    time_elapsed    | 359      |
|    total_timesteps | 215040   |
---------------------------------
-----------------------------------------
| rollout/                |             |
|    ep_len_mean          | 174         |
|    ep_rew_mean          | -58         |
|    success_rate         | 0.34        |
| time/                   |             |
|    fps                  | 599         |
|    iterations           | 106         |
|    time_elapsed         | 361         |
|    total_timesteps      | 217088      |
| train/                  |             |
|    approx_kl            | 0.016219739 |
|    clip_fraction        | 0.201       |
|    clip_range           | 0.2         |
|    entropy_loss         | -7.36       |
|    explained_variance   | 0.992       |
|    learning_rate        | 0.0003      |
|    loss                 | 0.00486     |
|    n_updates            | 1050        |
|    policy_gradient_loss | -0.0103     |
|    std                  | 0.699       |
|    value_loss           | 0.311       |
-----------------------------------------
------------------------------------------
| rollout/                |              |
|    ep_len_mean          | 175          |
|    ep_rew_mean          | -58.3        |
|    success_rate         | 0.34         |
| time/                   |              |
|    fps                  | 602          |
|    iterations           | 107          |
|    time_elapsed         | 363          |
|    total_timesteps      | 219136       |
| train/                  |              |
|    approx_kl            | 0.0132439295 |
|    clip_fraction        | 0.176        |
|    clip_range           | 0.2          |
|    entropy_loss         | -7.36        |
|    explained_variance   | 0.994        |
|    learning_rate        | 0.0003       |
|    loss                 | 0.0695       |
|    n_updates            | 1060         |
|    policy_gradient_loss | -0.0102      |
|    std                  | 0.699        |
|    value_loss           | 0.283        |
------------------------------------------
Eval num_timesteps=220000, episode_reward=-58.19 +/- 19.00
Episode length: 178.47 +/- 39.21
Success rate: 23.33%
-----------------------------------------
| eval/                   |             |
|    mean_ep_length       | 178         |
|    mean_reward          | -58.2       |
|    success_rate         | 0.233       |
| time/                   |             |
|    total_timesteps      | 220000      |
| train/                  |             |
|    approx_kl            | 0.015416129 |
|    clip_fraction        | 0.207       |
|    clip_range           | 0.2         |
|    entropy_loss         | -7.35       |
|    explained_variance   | 0.991       |
|    learning_rate        | 0.0003      |
|    loss                 | 0.0677      |
|    n_updates            | 1070        |
|    policy_gradient_loss | -0.0129     |
|    std                  | 0.696       |
|    value_loss           | 0.572       |
-----------------------------------------
---------------------------------
| rollout/           |          |
|    ep_len_mean     | 175      |
|    ep_rew_mean     | -58.3    |
|    success_rate    | 0.33     |
| time/              |          |
|    fps             | 599      |
|    iterations      | 108      |
|    time_elapsed    | 368      |
|    total_timesteps | 221184   |
---------------------------------
-----------------------------------------
| rollout/                |             |
|    ep_len_mean          | 172         |
|    ep_rew_mean          | -56.9       |
|    success_rate         | 0.35        |
| time/                   |             |
|    fps                  | 601         |
|    iterations           | 109         |
|    time_elapsed         | 370         |
|    total_timesteps      | 223232      |
| train/                  |             |
|    approx_kl            | 0.016724173 |
|    clip_fraction        | 0.165       |
|    clip_range           | 0.2         |
|    entropy_loss         | -7.32       |
|    explained_variance   | 0.992       |
|    learning_rate        | 0.0003      |
|    loss                 | 0.107       |
|    n_updates            | 1080        |
|    policy_gradient_loss | -0.00996    |
|    std                  | 0.694       |
|    value_loss           | 0.624       |
-----------------------------------------
Eval num_timesteps=225000, episode_reward=-62.45 +/- 22.24
Episode length: 174.17 +/- 42.53
Success rate: 30.00%
-----------------------------------------
| eval/                   |             |
|    mean_ep_length       | 174         |
|    mean_reward          | -62.4       |
|    success_rate         | 0.3         |
| time/                   |             |
|    total_timesteps      | 225000      |
| train/                  |             |
|    approx_kl            | 0.016479582 |
|    clip_fraction        | 0.173       |
|    clip_range           | 0.2         |
|    entropy_loss         | -7.29       |
|    explained_variance   | 0.991       |
|    learning_rate        | 0.0003      |
|    loss                 | 0.0862      |
|    n_updates            | 1090        |
|    policy_gradient_loss | -0.0116     |
|    std                  | 0.692       |
|    value_loss           | 0.428       |
-----------------------------------------
---------------------------------
| rollout/           |          |
|    ep_len_mean     | 170      |
|    ep_rew_mean     | -55.8    |
|    success_rate    | 0.37     |
| time/              |          |
|    fps             | 599      |
|    iterations      | 110      |
|    time_elapsed    | 375      |
|    total_timesteps | 225280   |
---------------------------------
-----------------------------------------
| rollout/                |             |
|    ep_len_mean          | 164         |
|    ep_rew_mean          | -53.2       |
|    success_rate         | 0.43        |
| time/                   |             |
|    fps                  | 601         |
|    iterations           | 111         |
|    time_elapsed         | 378         |
|    total_timesteps      | 227328      |
| train/                  |             |
|    approx_kl            | 0.019272357 |
|    clip_fraction        | 0.219       |
|    clip_range           | 0.2         |
|    entropy_loss         | -7.27       |
|    explained_variance   | 0.994       |
|    learning_rate        | 0.0003      |
|    loss                 | 0.0361      |
|    n_updates            | 1100        |
|    policy_gradient_loss | -0.0111     |
|    std                  | 0.69        |
|    value_loss           | 0.205       |
-----------------------------------------
-----------------------------------------
| rollout/                |             |
|    ep_len_mean          | 163         |
|    ep_rew_mean          | -52.5       |
|    success_rate         | 0.44        |
| time/                   |             |
|    fps                  | 603         |
|    iterations           | 112         |
|    time_elapsed         | 380         |
|    total_timesteps      | 229376      |
| train/                  |             |
|    approx_kl            | 0.016157012 |
|    clip_fraction        | 0.202       |
|    clip_range           | 0.2         |
|    entropy_loss         | -7.23       |
|    explained_variance   | 0.995       |
|    learning_rate        | 0.0003      |
|    loss                 | 0.0755      |
|    n_updates            | 1110        |
|    policy_gradient_loss | -0.0128     |
|    std                  | 0.685       |
|    value_loss           | 0.234       |
-----------------------------------------
Eval num_timesteps=230000, episode_reward=-60.41 +/- 19.21
Episode length: 181.50 +/- 34.47
Success rate: 26.67%
-----------------------------------------
| eval/                   |             |
|    mean_ep_length       | 182         |
|    mean_reward          | -60.4       |
|    success_rate         | 0.267       |
| time/                   |             |
|    total_timesteps      | 230000      |
| train/                  |             |
|    approx_kl            | 0.016369542 |
|    clip_fraction        | 0.194       |
|    clip_range           | 0.2         |
|    entropy_loss         | -7.21       |
|    explained_variance   | 0.996       |
|    learning_rate        | 0.0003      |
|    loss                 | 0.0375      |
|    n_updates            | 1120        |
|    policy_gradient_loss | -0.00695    |
|    std                  | 0.686       |
|    value_loss           | 0.155       |
-----------------------------------------
---------------------------------
| rollout/           |          |
|    ep_len_mean     | 160      |
|    ep_rew_mean     | -51.9    |
|    success_rate    | 0.46     |
| time/              |          |
|    fps             | 600      |
|    iterations      | 113      |
|    time_elapsed    | 385      |
|    total_timesteps | 231424   |
---------------------------------
-----------------------------------------
| rollout/                |             |
|    ep_len_mean          | 162         |
|    ep_rew_mean          | -53.1       |
|    success_rate         | 0.44        |
| time/                   |             |
|    fps                  | 602         |
|    iterations           | 114         |
|    time_elapsed         | 387         |
|    total_timesteps      | 233472      |
| train/                  |             |
|    approx_kl            | 0.019686585 |
|    clip_fraction        | 0.2         |
|    clip_range           | 0.2         |
|    entropy_loss         | -7.18       |
|    explained_variance   | 0.994       |
|    learning_rate        | 0.0003      |
|    loss                 | -0.00526    |
|    n_updates            | 1130        |
|    policy_gradient_loss | -0.0114     |
|    std                  | 0.68        |
|    value_loss           | 0.183       |
-----------------------------------------
Eval num_timesteps=235000, episode_reward=-64.60 +/- 14.28
Episode length: 194.67 +/- 20.61
Success rate: 6.67%
-----------------------------------------
| eval/                   |             |
|    mean_ep_length       | 195         |
|    mean_reward          | -64.6       |
|    success_rate         | 0.0667      |
| time/                   |             |
|    total_timesteps      | 235000      |
| train/                  |             |
|    approx_kl            | 0.016496459 |
|    clip_fraction        | 0.193       |
|    clip_range           | 0.2         |
|    entropy_loss         | -7.14       |
|    explained_variance   | 0.991       |
|    learning_rate        | 0.0003      |
|    loss                 | 0.0327      |
|    n_updates            | 1140        |
|    policy_gradient_loss | -0.0113     |
|    std                  | 0.678       |
|    value_loss           | 0.229       |
-----------------------------------------
---------------------------------
| rollout/           |          |
|    ep_len_mean     | 159      |
|    ep_rew_mean     | -51.1    |
|    success_rate    | 0.47     |
| time/              |          |
|    fps             | 600      |
|    iterations      | 115      |
|    time_elapsed    | 392      |
|    total_timesteps | 235520   |
---------------------------------
----------------------------------------
| rollout/                |            |
|    ep_len_mean          | 158        |
|    ep_rew_mean          | -50.7      |
|    success_rate         | 0.5        |
| time/                   |            |
|    fps                  | 602        |
|    iterations           | 116        |
|    time_elapsed         | 394        |
|    total_timesteps      | 237568     |
| train/                  |            |
|    approx_kl            | 0.01797508 |
|    clip_fraction        | 0.176      |
|    clip_range           | 0.2        |
|    entropy_loss         | -7.15      |
|    explained_variance   | 0.994      |
|    learning_rate        | 0.0003     |
|    loss                 | 0.0646     |
|    n_updates            | 1150       |
|    policy_gradient_loss | -0.0104    |
|    std                  | 0.682      |
|    value_loss           | 0.378      |
----------------------------------------
-----------------------------------------
| rollout/                |             |
|    ep_len_mean          | 160         |
|    ep_rew_mean          | -51.9       |
|    success_rate         | 0.48        |
| time/                   |             |
|    fps                  | 604         |
|    iterations           | 117         |
|    time_elapsed         | 396         |
|    total_timesteps      | 239616      |
| train/                  |             |
|    approx_kl            | 0.015305495 |
|    clip_fraction        | 0.178       |
|    clip_range           | 0.2         |
|    entropy_loss         | -7.18       |
|    explained_variance   | 0.989       |
|    learning_rate        | 0.0003      |
|    loss                 | 0.0627      |
|    n_updates            | 1160        |
|    policy_gradient_loss | -0.0112     |
|    std                  | 0.682       |
|    value_loss           | 0.415       |
-----------------------------------------
Eval num_timesteps=240000, episode_reward=-64.62 +/- 13.49
Episode length: 192.93 +/- 21.76
Success rate: 10.00%
-----------------------------------------
| eval/                   |             |
|    mean_ep_length       | 193         |
|    mean_reward          | -64.6       |
|    success_rate         | 0.1         |
| time/                   |             |
|    total_timesteps      | 240000      |
| train/                  |             |
|    approx_kl            | 0.013057554 |
|    clip_fraction        | 0.132       |
|    clip_range           | 0.2         |
|    entropy_loss         | -7.16       |
|    explained_variance   | 0.989       |
|    learning_rate        | 0.0003      |
|    loss                 | 0.0445      |
|    n_updates            | 1170        |
|    policy_gradient_loss | -0.00767    |
|    std                  | 0.679       |
|    value_loss           | 0.339       |
-----------------------------------------
---------------------------------
| rollout/           |          |
|    ep_len_mean     | 163      |
|    ep_rew_mean     | -52.1    |
|    success_rate    | 0.45     |
| time/              |          |
|    fps             | 601      |
|    iterations      | 118      |
|    time_elapsed    | 401      |
|    total_timesteps | 241664   |
---------------------------------
-----------------------------------------
| rollout/                |             |
|    ep_len_mean          | 167         |
|    ep_rew_mean          | -53.7       |
|    success_rate         | 0.41        |
| time/                   |             |
|    fps                  | 603         |
|    iterations           | 119         |
|    time_elapsed         | 403         |
|    total_timesteps      | 243712      |
| train/                  |             |
|    approx_kl            | 0.016268669 |
|    clip_fraction        | 0.209       |
|    clip_range           | 0.2         |
|    entropy_loss         | -7.13       |
|    explained_variance   | 0.991       |
|    learning_rate        | 0.0003      |
|    loss                 | 0.0142      |
|    n_updates            | 1180        |
|    policy_gradient_loss | -0.0144     |
|    std                  | 0.677       |
|    value_loss           | 0.407       |
-----------------------------------------
Eval num_timesteps=245000, episode_reward=-55.65 +/- 17.90
Episode length: 177.43 +/- 38.46
Success rate: 26.67%
------------------------------------------
| eval/                   |              |
|    mean_ep_length       | 177          |
|    mean_reward          | -55.6        |
|    success_rate         | 0.267        |
| time/                   |              |
|    total_timesteps      | 245000       |
| train/                  |              |
|    approx_kl            | 0.0127053205 |
|    clip_fraction        | 0.144        |
|    clip_range           | 0.2          |
|    entropy_loss         | -7.11        |
|    explained_variance   | 0.991        |
|    learning_rate        | 0.0003       |
|    loss                 | 0.357        |
|    n_updates            | 1190         |
|    policy_gradient_loss | -0.0101      |
|    std                  | 0.675        |
|    value_loss           | 0.692        |
------------------------------------------
New best mean reward!
---------------------------------
| rollout/           |          |
|    ep_len_mean     | 169      |
|    ep_rew_mean     | -53.8    |
|    success_rate    | 0.4      |
| time/              |          |
|    fps             | 601      |
|    iterations      | 120      |
|    time_elapsed    | 408      |
|    total_timesteps | 245760   |
---------------------------------
----------------------------------------
| rollout/                |            |
|    ep_len_mean          | 168        |
|    ep_rew_mean          | -53.6      |
|    success_rate         | 0.42       |
| time/                   |            |
|    fps                  | 601        |
|    iterations           | 121        |
|    time_elapsed         | 411        |
|    total_timesteps      | 247808     |
| train/                  |            |
|    approx_kl            | 0.01923979 |
|    clip_fraction        | 0.191      |
|    clip_range           | 0.2        |
|    entropy_loss         | -7.08      |
|    explained_variance   | 0.982      |
|    learning_rate        | 0.0003     |
|    loss                 | 0.269      |
|    n_updates            | 1200       |
|    policy_gradient_loss | -0.0125    |
|    std                  | 0.671      |
|    value_loss           | 0.747      |
----------------------------------------
-----------------------------------------
| rollout/                |             |
|    ep_len_mean          | 169         |
|    ep_rew_mean          | -53         |
|    success_rate         | 0.42        |
| time/                   |             |
|    fps                  | 603         |
|    iterations           | 122         |
|    time_elapsed         | 414         |
|    total_timesteps      | 249856      |
| train/                  |             |
|    approx_kl            | 0.016688015 |
|    clip_fraction        | 0.198       |
|    clip_range           | 0.2         |
|    entropy_loss         | -7.05       |
|    explained_variance   | 0.993       |
|    learning_rate        | 0.0003      |
|    loss                 | 0.105       |
|    n_updates            | 1210        |
|    policy_gradient_loss | -0.0113     |
|    std                  | 0.669       |
|    value_loss           | 0.502       |
-----------------------------------------
Eval num_timesteps=250000, episode_reward=-57.73 +/- 13.98
Episode length: 187.17 +/- 28.99
Success rate: 20.00%
-----------------------------------------
| eval/                   |             |
|    mean_ep_length       | 187         |
|    mean_reward          | -57.7       |
|    success_rate         | 0.2         |
| time/                   |             |
|    total_timesteps      | 250000      |
| train/                  |             |
|    approx_kl            | 0.019517515 |
|    clip_fraction        | 0.234       |
|    clip_range           | 0.2         |
|    entropy_loss         | -7.01       |
|    explained_variance   | 0.997       |
|    learning_rate        | 0.0003      |
|    loss                 | 0.0271      |
|    n_updates            | 1220        |
|    policy_gradient_loss | -0.0139     |
|    std                  | 0.665       |
|    value_loss           | 0.189       |
-----------------------------------------
---------------------------------
| rollout/           |          |
|    ep_len_mean     | 169      |
|    ep_rew_mean     | -53.1    |
|    success_rate    | 0.43     |
| time/              |          |
|    fps             | 599      |
|    iterations      | 123      |
|    time_elapsed    | 420      |
|    total_timesteps | 251904   |
---------------------------------
-----------------------------------------
| rollout/                |             |
|    ep_len_mean          | 168         |
|    ep_rew_mean          | -52.2       |
|    success_rate         | 0.44        |
| time/                   |             |
|    fps                  | 601         |
|    iterations           | 124         |
|    time_elapsed         | 422         |
|    total_timesteps      | 253952      |
| train/                  |             |
|    approx_kl            | 0.019179098 |
|    clip_fraction        | 0.212       |
|    clip_range           | 0.2         |
|    entropy_loss         | -6.98       |
|    explained_variance   | 0.992       |
|    learning_rate        | 0.0003      |
|    loss                 | 0.0401      |
|    n_updates            | 1230        |
|    policy_gradient_loss | -0.0143     |
|    std                  | 0.662       |
|    value_loss           | 0.405       |
-----------------------------------------
Eval num_timesteps=255000, episode_reward=-62.71 +/- 13.39
Episode length: 196.37 +/- 12.01
Success rate: 10.00%
-----------------------------------------
| eval/                   |             |
|    mean_ep_length       | 196         |
|    mean_reward          | -62.7       |
|    success_rate         | 0.1         |
| time/                   |             |
|    total_timesteps      | 255000      |
| train/                  |             |
|    approx_kl            | 0.011784146 |
|    clip_fraction        | 0.161       |
|    clip_range           | 0.2         |
|    entropy_loss         | -6.96       |
|    explained_variance   | 0.991       |
|    learning_rate        | 0.0003      |
|    loss                 | 0.445       |
|    n_updates            | 1240        |
|    policy_gradient_loss | -0.0105     |
|    std                  | 0.659       |
|    value_loss           | 0.56        |
-----------------------------------------
---------------------------------
| rollout/           |          |
|    ep_len_mean     | 169      |
|    ep_rew_mean     | -52.1    |
|    success_rate    | 0.41     |
| time/              |          |
|    fps             | 598      |
|    iterations      | 125      |
|    time_elapsed    | 427      |
|    total_timesteps | 256000   |
---------------------------------
-----------------------------------------
| rollout/                |             |
|    ep_len_mean          | 169         |
|    ep_rew_mean          | -51.9       |
|    success_rate         | 0.42        |
| time/                   |             |
|    fps                  | 600         |
|    iterations           | 126         |
|    time_elapsed         | 430         |
|    total_timesteps      | 258048      |
| train/                  |             |
|    approx_kl            | 0.018253643 |
|    clip_fraction        | 0.227       |
|    clip_range           | 0.2         |
|    entropy_loss         | -6.93       |
|    explained_variance   | 0.994       |
|    learning_rate        | 0.0003      |
|    loss                 | 0.000689    |
|    n_updates            | 1250        |
|    policy_gradient_loss | -0.0137     |
|    std                  | 0.657       |
|    value_loss           | 0.163       |
-----------------------------------------
Eval num_timesteps=260000, episode_reward=-67.01 +/- 12.60
Episode length: 200.00 +/- 0.00
Success rate: 0.00%
-----------------------------------------
| eval/                   |             |
|    mean_ep_length       | 200         |
|    mean_reward          | -67         |
|    success_rate         | 0           |
| time/                   |             |
|    total_timesteps      | 260000      |
| train/                  |             |
|    approx_kl            | 0.016782578 |
|    clip_fraction        | 0.19        |
|    clip_range           | 0.2         |
|    entropy_loss         | -6.9        |
|    explained_variance   | 0.993       |
|    learning_rate        | 0.0003      |
|    loss                 | 0.031       |
|    n_updates            | 1260        |
|    policy_gradient_loss | -0.015      |
|    std                  | 0.654       |
|    value_loss           | 0.449       |
-----------------------------------------
---------------------------------
| rollout/           |          |
|    ep_len_mean     | 170      |
|    ep_rew_mean     | -53      |
|    success_rate    | 0.41     |
| time/              |          |
|    fps             | 597      |
|    iterations      | 127      |
|    time_elapsed    | 435      |
|    total_timesteps | 260096   |
---------------------------------
-----------------------------------------
| rollout/                |             |
|    ep_len_mean          | 167         |
|    ep_rew_mean          | -53.1       |
|    success_rate         | 0.45        |
| time/                   |             |
|    fps                  | 598         |
|    iterations           | 128         |
|    time_elapsed         | 437         |
|    total_timesteps      | 262144      |
| train/                  |             |
|    approx_kl            | 0.015030761 |
|    clip_fraction        | 0.191       |
|    clip_range           | 0.2         |
|    entropy_loss         | -6.88       |
|    explained_variance   | 0.995       |
|    learning_rate        | 0.0003      |
|    loss                 | 0.0639      |
|    n_updates            | 1270        |
|    policy_gradient_loss | -0.0111     |
|    std                  | 0.653       |
|    value_loss           | 0.49        |
-----------------------------------------
-----------------------------------------
| rollout/                |             |
|    ep_len_mean          | 167         |
|    ep_rew_mean          | -53.2       |
|    success_rate         | 0.44        |
| time/                   |             |
|    fps                  | 600         |
|    iterations           | 129         |
|    time_elapsed         | 439         |
|    total_timesteps      | 264192      |
| train/                  |             |
|    approx_kl            | 0.019107375 |
|    clip_fraction        | 0.178       |
|    clip_range           | 0.2         |
|    entropy_loss         | -6.86       |
|    explained_variance   | 0.987       |
|    learning_rate        | 0.0003      |
|    loss                 | 0.0769      |
|    n_updates            | 1280        |
|    policy_gradient_loss | -0.0127     |
|    std                  | 0.649       |
|    value_loss           | 0.636       |
-----------------------------------------
Eval num_timesteps=265000, episode_reward=-59.56 +/- 17.00
Episode length: 181.37 +/- 32.32
Success rate: 26.67%
----------------------------------------
| eval/                   |            |
|    mean_ep_length       | 181        |
|    mean_reward          | -59.6      |
|    success_rate         | 0.267      |
| time/                   |            |
|    total_timesteps      | 265000     |
| train/                  |            |
|    approx_kl            | 0.01547648 |
|    clip_fraction        | 0.183      |
|    clip_range           | 0.2        |
|    entropy_loss         | -6.82      |
|    explained_variance   | 0.995      |
|    learning_rate        | 0.0003     |
|    loss                 | 0.0631     |
|    n_updates            | 1290       |
|    policy_gradient_loss | -0.00976   |
|    std                  | 0.646      |
|    value_loss           | 0.266      |
----------------------------------------
---------------------------------
| rollout/           |          |
|    ep_len_mean     | 167      |
|    ep_rew_mean     | -53.5    |
|    success_rate    | 0.45     |
| time/              |          |
|    fps             | 597      |
|    iterations      | 130      |
|    time_elapsed    | 445      |
|    total_timesteps | 266240   |
---------------------------------
-----------------------------------------
| rollout/                |             |
|    ep_len_mean          | 168         |
|    ep_rew_mean          | -53.5       |
|    success_rate         | 0.46        |
| time/                   |             |
|    fps                  | 599         |
|    iterations           | 131         |
|    time_elapsed         | 447         |
|    total_timesteps      | 268288      |
| train/                  |             |
|    approx_kl            | 0.017228954 |
|    clip_fraction        | 0.221       |
|    clip_range           | 0.2         |
|    entropy_loss         | -6.79       |
|    explained_variance   | 0.991       |
|    learning_rate        | 0.0003      |
|    loss                 | 0.172       |
|    n_updates            | 1300        |
|    policy_gradient_loss | -0.0127     |
|    std                  | 0.646       |
|    value_loss           | 0.629       |
-----------------------------------------
Eval num_timesteps=270000, episode_reward=-53.83 +/- 20.32
Episode length: 161.20 +/- 40.34
Success rate: 50.00%
-----------------------------------------
| eval/                   |             |
|    mean_ep_length       | 161         |
|    mean_reward          | -53.8       |
|    success_rate         | 0.5         |
| time/                   |             |
|    total_timesteps      | 270000      |
| train/                  |             |
|    approx_kl            | 0.017187115 |
|    clip_fraction        | 0.202       |
|    clip_range           | 0.2         |
|    entropy_loss         | -6.8        |
|    explained_variance   | 0.993       |
|    learning_rate        | 0.0003      |
|    loss                 | 0.101       |
|    n_updates            | 1310        |
|    policy_gradient_loss | -0.00911    |
|    std                  | 0.647       |
|    value_loss           | 0.426       |
-----------------------------------------
New best mean reward!
---------------------------------
| rollout/           |          |
|    ep_len_mean     | 170      |
|    ep_rew_mean     | -54.4    |
|    success_rate    | 0.43     |
| time/              |          |
|    fps             | 598      |
|    iterations      | 132      |
|    time_elapsed    | 451      |
|    total_timesteps | 270336   |
---------------------------------
-----------------------------------------
| rollout/                |             |
|    ep_len_mean          | 167         |
|    ep_rew_mean          | -53.6       |
|    success_rate         | 0.48        |
| time/                   |             |
|    fps                  | 600         |
|    iterations           | 133         |
|    time_elapsed         | 453         |
|    total_timesteps      | 272384      |
| train/                  |             |
|    approx_kl            | 0.017301975 |
|    clip_fraction        | 0.225       |
|    clip_range           | 0.2         |
|    entropy_loss         | -6.81       |
|    explained_variance   | 0.992       |
|    learning_rate        | 0.0003      |
|    loss                 | 0.0618      |
|    n_updates            | 1320        |
|    policy_gradient_loss | -0.0119     |
|    std                  | 0.647       |
|    value_loss           | 0.266       |
-----------------------------------------
-----------------------------------------
| rollout/                |             |
|    ep_len_mean          | 168         |
|    ep_rew_mean          | -54.1       |
|    success_rate         | 0.48        |
| time/                   |             |
|    fps                  | 602         |
|    iterations           | 134         |
|    time_elapsed         | 455         |
|    total_timesteps      | 274432      |
| train/                  |             |
|    approx_kl            | 0.020732064 |
|    clip_fraction        | 0.212       |
|    clip_range           | 0.2         |
|    entropy_loss         | -6.82       |
|    explained_variance   | 0.993       |
|    learning_rate        | 0.0003      |
|    loss                 | 0.0303      |
|    n_updates            | 1330        |
|    policy_gradient_loss | -0.00806    |
|    std                  | 0.648       |
|    value_loss           | 0.371       |
-----------------------------------------
Eval num_timesteps=275000, episode_reward=-67.44 +/- 12.56
Episode length: 200.00 +/- 0.00
Success rate: 0.00%
-----------------------------------------
| eval/                   |             |
|    mean_ep_length       | 200         |
|    mean_reward          | -67.4       |
|    success_rate         | 0           |
| time/                   |             |
|    total_timesteps      | 275000      |
| train/                  |             |
|    approx_kl            | 0.023151986 |
|    clip_fraction        | 0.225       |
|    clip_range           | 0.2         |
|    entropy_loss         | -6.79       |
|    explained_variance   | 0.993       |
|    learning_rate        | 0.0003      |
|    loss                 | 0.0388      |
|    n_updates            | 1340        |
|    policy_gradient_loss | -0.0117     |
|    std                  | 0.644       |
|    value_loss           | 0.316       |
-----------------------------------------
---------------------------------
| rollout/           |          |
|    ep_len_mean     | 164      |
|    ep_rew_mean     | -52.1    |
|    success_rate    | 0.53     |
| time/              |          |
|    fps             | 599      |
|    iterations      | 135      |
|    time_elapsed    | 461      |
|    total_timesteps | 276480   |
---------------------------------
----------------------------------------
| rollout/                |            |
|    ep_len_mean          | 166        |
|    ep_rew_mean          | -51.9      |
|    success_rate         | 0.52       |
| time/                   |            |
|    fps                  | 601        |
|    iterations           | 136        |
|    time_elapsed         | 463        |
|    total_timesteps      | 278528     |
| train/                  |            |
|    approx_kl            | 0.01663341 |
|    clip_fraction        | 0.205      |
|    clip_range           | 0.2        |
|    entropy_loss         | -6.79      |
|    explained_variance   | 0.987      |
|    learning_rate        | 0.0003     |
|    loss                 | 0.0378     |
|    n_updates            | 1350       |
|    policy_gradient_loss | -0.0132    |
|    std                  | 0.647      |
|    value_loss           | 0.526      |
----------------------------------------
Eval num_timesteps=280000, episode_reward=-61.90 +/- 10.72
Episode length: 200.00 +/- 0.00
Success rate: 0.00%
-----------------------------------------
| eval/                   |             |
|    mean_ep_length       | 200         |
|    mean_reward          | -61.9       |
|    success_rate         | 0           |
| time/                   |             |
|    total_timesteps      | 280000      |
| train/                  |             |
|    approx_kl            | 0.016474605 |
|    clip_fraction        | 0.171       |
|    clip_range           | 0.2         |
|    entropy_loss         | -6.79       |
|    explained_variance   | 0.977       |
|    learning_rate        | 0.0003      |
|    loss                 | 0.183       |
|    n_updates            | 1360        |
|    policy_gradient_loss | -0.0126     |
|    std                  | 0.645       |
|    value_loss           | 0.753       |
-----------------------------------------
---------------------------------
| rollout/           |          |
|    ep_len_mean     | 168      |
|    ep_rew_mean     | -52.6    |
|    success_rate    | 0.48     |
| time/              |          |
|    fps             | 598      |
|    iterations      | 137      |
|    time_elapsed    | 468      |
|    total_timesteps | 280576   |
---------------------------------
-----------------------------------------
| rollout/                |             |
|    ep_len_mean          | 171         |
|    ep_rew_mean          | -53.3       |
|    success_rate         | 0.45        |
| time/                   |             |
|    fps                  | 600         |
|    iterations           | 138         |
|    time_elapsed         | 470         |
|    total_timesteps      | 282624      |
| train/                  |             |
|    approx_kl            | 0.018882647 |
|    clip_fraction        | 0.206       |
|    clip_range           | 0.2         |
|    entropy_loss         | -6.78       |
|    explained_variance   | 0.993       |
|    learning_rate        | 0.0003      |
|    loss                 | -0.0119     |
|    n_updates            | 1370        |
|    policy_gradient_loss | -0.0126     |
|    std                  | 0.645       |
|    value_loss           | 0.197       |
-----------------------------------------
----------------------------------------
| rollout/                |            |
|    ep_len_mean          | 174        |
|    ep_rew_mean          | -54.1      |
|    success_rate         | 0.39       |
| time/                   |            |
|    fps                  | 602        |
|    iterations           | 139        |
|    time_elapsed         | 472        |
|    total_timesteps      | 284672     |
| train/                  |            |
|    approx_kl            | 0.01745457 |
|    clip_fraction        | 0.191      |
|    clip_range           | 0.2        |
|    entropy_loss         | -6.78      |
|    explained_variance   | 0.989      |
|    learning_rate        | 0.0003     |
|    loss                 | 0.279      |
|    n_updates            | 1380       |
|    policy_gradient_loss | -0.0133    |
|    std                  | 0.645      |
|    value_loss           | 0.65       |
----------------------------------------
Eval num_timesteps=285000, episode_reward=-69.16 +/- 10.44
Episode length: 200.00 +/- 0.00
Success rate: 0.00%
-----------------------------------------
| eval/                   |             |
|    mean_ep_length       | 200         |
|    mean_reward          | -69.2       |
|    success_rate         | 0           |
| time/                   |             |
|    total_timesteps      | 285000      |
| train/                  |             |
|    approx_kl            | 0.015083355 |
|    clip_fraction        | 0.194       |
|    clip_range           | 0.2         |
|    entropy_loss         | -6.74       |
|    explained_variance   | 0.995       |
|    learning_rate        | 0.0003      |
|    loss                 | 0.0619      |
|    n_updates            | 1390        |
|    policy_gradient_loss | -0.0126     |
|    std                  | 0.64        |
|    value_loss           | 0.315       |
-----------------------------------------
---------------------------------
| rollout/           |          |
|    ep_len_mean     | 172      |
|    ep_rew_mean     | -53.2    |
|    success_rate    | 0.4      |
| time/              |          |
|    fps             | 599      |
|    iterations      | 140      |
|    time_elapsed    | 477      |
|    total_timesteps | 286720   |
---------------------------------
-----------------------------------------
| rollout/                |             |
|    ep_len_mean          | 173         |
|    ep_rew_mean          | -52.7       |
|    success_rate         | 0.38        |
| time/                   |             |
|    fps                  | 601         |
|    iterations           | 141         |
|    time_elapsed         | 479         |
|    total_timesteps      | 288768      |
| train/                  |             |
|    approx_kl            | 0.015527988 |
|    clip_fraction        | 0.194       |
|    clip_range           | 0.2         |
|    entropy_loss         | -6.72       |
|    explained_variance   | 0.989       |
|    learning_rate        | 0.0003      |
|    loss                 | 0.176       |
|    n_updates            | 1400        |
|    policy_gradient_loss | -0.00854    |
|    std                  | 0.64        |
|    value_loss           | 0.631       |
-----------------------------------------
Eval num_timesteps=290000, episode_reward=-65.38 +/- 13.53
Episode length: 197.10 +/- 15.62
Success rate: 3.33%
-----------------------------------------
| eval/                   |             |
|    mean_ep_length       | 197         |
|    mean_reward          | -65.4       |
|    success_rate         | 0.0333      |
| time/                   |             |
|    total_timesteps      | 290000      |
| train/                  |             |
|    approx_kl            | 0.017789958 |
|    clip_fraction        | 0.201       |
|    clip_range           | 0.2         |
|    entropy_loss         | -6.71       |
|    explained_variance   | 0.991       |
|    learning_rate        | 0.0003      |
|    loss                 | 0.0654      |
|    n_updates            | 1410        |
|    policy_gradient_loss | -0.0105     |
|    std                  | 0.639       |
|    value_loss           | 0.477       |
-----------------------------------------
---------------------------------
| rollout/           |          |
|    ep_len_mean     | 171      |
|    ep_rew_mean     | -51.9    |
|    success_rate    | 0.4      |
| time/              |          |
|    fps             | 599      |
|    iterations      | 142      |
|    time_elapsed    | 485      |
|    total_timesteps | 290816   |
---------------------------------
-----------------------------------------
| rollout/                |             |
|    ep_len_mean          | 171         |
|    ep_rew_mean          | -52.6       |
|    success_rate         | 0.41        |
| time/                   |             |
|    fps                  | 601         |
|    iterations           | 143         |
|    time_elapsed         | 487         |
|    total_timesteps      | 292864      |
| train/                  |             |
|    approx_kl            | 0.019975005 |
|    clip_fraction        | 0.233       |
|    clip_range           | 0.2         |
|    entropy_loss         | -6.7        |
|    explained_variance   | 0.994       |
|    learning_rate        | 0.0003      |
|    loss                 | 0.101       |
|    n_updates            | 1420        |
|    policy_gradient_loss | -0.0127     |
|    std                  | 0.638       |
|    value_loss           | 0.508       |
-----------------------------------------
-----------------------------------------
| rollout/                |             |
|    ep_len_mean          | 173         |
|    ep_rew_mean          | -54.3       |
|    success_rate         | 0.37        |
| time/                   |             |
|    fps                  | 603         |
|    iterations           | 144         |
|    time_elapsed         | 489         |
|    total_timesteps      | 294912      |
| train/                  |             |
|    approx_kl            | 0.019353235 |
|    clip_fraction        | 0.207       |
|    clip_range           | 0.2         |
|    entropy_loss         | -6.71       |
|    explained_variance   | 0.991       |
|    learning_rate        | 0.0003      |
|    loss                 | 0.122       |
|    n_updates            | 1430        |
|    policy_gradient_loss | -0.00973    |
|    std                  | 0.639       |
|    value_loss           | 0.578       |
-----------------------------------------
Eval num_timesteps=295000, episode_reward=-56.68 +/- 18.89
Episode length: 174.50 +/- 36.75
Success rate: 33.33%
-----------------------------------------
| eval/                   |             |
|    mean_ep_length       | 174         |
|    mean_reward          | -56.7       |
|    success_rate         | 0.333       |
| time/                   |             |
|    total_timesteps      | 295000      |
| train/                  |             |
|    approx_kl            | 0.018851187 |
|    clip_fraction        | 0.199       |
|    clip_range           | 0.2         |
|    entropy_loss         | -6.71       |
|    explained_variance   | 0.988       |
|    learning_rate        | 0.0003      |
|    loss                 | 0.0862      |
|    n_updates            | 1440        |
|    policy_gradient_loss | -0.0118     |
|    std                  | 0.638       |
|    value_loss           | 0.668       |
-----------------------------------------
---------------------------------
| rollout/           |          |
|    ep_len_mean     | 170      |
|    ep_rew_mean     | -53.4    |
|    success_rate    | 0.41     |
| time/              |          |
|    fps             | 601      |
|    iterations      | 145      |
|    time_elapsed    | 494      |
|    total_timesteps | 296960   |
---------------------------------
-----------------------------------------
| rollout/                |             |
|    ep_len_mean          | 166         |
|    ep_rew_mean          | -52.1       |
|    success_rate         | 0.47        |
| time/                   |             |
|    fps                  | 602         |
|    iterations           | 146         |
|    time_elapsed         | 496         |
|    total_timesteps      | 299008      |
| train/                  |             |
|    approx_kl            | 0.017311126 |
|    clip_fraction        | 0.206       |
|    clip_range           | 0.2         |
|    entropy_loss         | -6.71       |
|    explained_variance   | 0.99        |
|    learning_rate        | 0.0003      |
|    loss                 | 0.0509      |
|    n_updates            | 1450        |
|    policy_gradient_loss | -0.0141     |
|    std                  | 0.639       |
|    value_loss           | 0.57        |
-----------------------------------------
Eval num_timesteps=300000, episode_reward=-61.02 +/- 20.21
Episode length: 182.77 +/- 34.99
Success rate: 20.00%
-----------------------------------------
| eval/                   |             |
|    mean_ep_length       | 183         |
|    mean_reward          | -61         |
|    success_rate         | 0.2         |
| time/                   |             |
|    total_timesteps      | 300000      |
| train/                  |             |
|    approx_kl            | 0.015542773 |
|    clip_fraction        | 0.17        |
|    clip_range           | 0.2         |
|    entropy_loss         | -6.7        |
|    explained_variance   | 0.984       |
|    learning_rate        | 0.0003      |
|    loss                 | 0.275       |
|    n_updates            | 1460        |
|    policy_gradient_loss | -0.00671    |
|    std                  | 0.638       |
|    value_loss           | 0.712       |
-----------------------------------------
---------------------------------
| rollout/           |          |
|    ep_len_mean     | 164      |
|    ep_rew_mean     | -52.2    |
|    success_rate    | 0.49     |
| time/              |          |
|    fps             | 600      |
|    iterations      | 147      |
|    time_elapsed    | 501      |
|    total_timesteps | 301056   |
---------------------------------
----------------------------------------
| rollout/                |            |
|    ep_len_mean          | 165        |
|    ep_rew_mean          | -52.6      |
|    success_rate         | 0.49       |
| time/                   |            |
|    fps                  | 601        |
|    iterations           | 148        |
|    time_elapsed         | 503        |
|    total_timesteps      | 303104     |
| train/                  |            |
|    approx_kl            | 0.01824263 |
|    clip_fraction        | 0.234      |
|    clip_range           | 0.2        |
|    entropy_loss         | -6.69      |
|    explained_variance   | 0.987      |
|    learning_rate        | 0.0003     |
|    loss                 | 0.299      |
|    n_updates            | 1470       |
|    policy_gradient_loss | -0.0146    |
|    std                  | 0.637      |
|    value_loss           | 0.503      |
----------------------------------------
Eval num_timesteps=305000, episode_reward=-55.55 +/- 22.19
Episode length: 166.83 +/- 39.52
Success rate: 43.33%
-----------------------------------------
| eval/                   |             |
|    mean_ep_length       | 167         |
|    mean_reward          | -55.6       |
|    success_rate         | 0.433       |
| time/                   |             |
|    total_timesteps      | 305000      |
| train/                  |             |
|    approx_kl            | 0.015800357 |
|    clip_fraction        | 0.182       |
|    clip_range           | 0.2         |
|    entropy_loss         | -6.67       |
|    explained_variance   | 0.976       |
|    learning_rate        | 0.0003      |
|    loss                 | 0.333       |
|    n_updates            | 1480        |
|    policy_gradient_loss | -0.0106     |
|    std                  | 0.633       |
|    value_loss           | 0.644       |
-----------------------------------------
---------------------------------
| rollout/           |          |
|    ep_len_mean     | 161      |
|    ep_rew_mean     | -52.2    |
|    success_rate    | 0.55     |
| time/              |          |
|    fps             | 599      |
|    iterations      | 149      |
|    time_elapsed    | 508      |
|    total_timesteps | 305152   |
---------------------------------
-----------------------------------------
| rollout/                |             |
|    ep_len_mean          | 161         |
|    ep_rew_mean          | -52.3       |
|    success_rate         | 0.54        |
| time/                   |             |
|    fps                  | 601         |
|    iterations           | 150         |
|    time_elapsed         | 510         |
|    total_timesteps      | 307200      |
| train/                  |             |
|    approx_kl            | 0.022054791 |
|    clip_fraction        | 0.228       |
|    clip_range           | 0.2         |
|    entropy_loss         | -6.61       |
|    explained_variance   | 0.991       |
|    learning_rate        | 0.0003      |
|    loss                 | 0.0754      |
|    n_updates            | 1490        |
|    policy_gradient_loss | -0.0141     |
|    std                  | 0.629       |
|    value_loss           | 0.492       |
-----------------------------------------
----------------------------------------
| rollout/                |            |
|    ep_len_mean          | 163        |
|    ep_rew_mean          | -52.4      |
|    success_rate         | 0.5        |
| time/                   |            |
|    fps                  | 602        |
|    iterations           | 151        |
|    time_elapsed         | 512        |
|    total_timesteps      | 309248     |
| train/                  |            |
|    approx_kl            | 0.01938189 |
|    clip_fraction        | 0.199      |
|    clip_range           | 0.2        |
|    entropy_loss         | -6.6       |
|    explained_variance   | 0.969      |
|    learning_rate        | 0.0003     |
|    loss                 | 0.0332     |
|    n_updates            | 1500       |
|    policy_gradient_loss | -0.0158    |
|    std                  | 0.629      |
|    value_loss           | 0.518      |
----------------------------------------
Eval num_timesteps=310000, episode_reward=-66.54 +/- 15.50
Episode length: 193.43 +/- 24.57
Success rate: 6.67%
-----------------------------------------
| eval/                   |             |
|    mean_ep_length       | 193         |
|    mean_reward          | -66.5       |
|    success_rate         | 0.0667      |
| time/                   |             |
|    total_timesteps      | 310000      |
| train/                  |             |
|    approx_kl            | 0.016358372 |
|    clip_fraction        | 0.176       |
|    clip_range           | 0.2         |
|    entropy_loss         | -6.61       |
|    explained_variance   | 0.975       |
|    learning_rate        | 0.0003      |
|    loss                 | 0.196       |
|    n_updates            | 1510        |
|    policy_gradient_loss | -0.0129     |
|    std                  | 0.631       |
|    value_loss           | 0.64        |
-----------------------------------------
---------------------------------
| rollout/           |          |
|    ep_len_mean     | 164      |
|    ep_rew_mean     | -52.2    |
|    success_rate    | 0.49     |
| time/              |          |
|    fps             | 600      |
|    iterations      | 152      |
|    time_elapsed    | 518      |
|    total_timesteps | 311296   |
---------------------------------
-----------------------------------------
| rollout/                |             |
|    ep_len_mean          | 167         |
|    ep_rew_mean          | -52.8       |
|    success_rate         | 0.45        |
| time/                   |             |
|    fps                  | 602         |
|    iterations           | 153         |
|    time_elapsed         | 519         |
|    total_timesteps      | 313344      |
| train/                  |             |
|    approx_kl            | 0.013630822 |
|    clip_fraction        | 0.165       |
|    clip_range           | 0.2         |
|    entropy_loss         | -6.63       |
|    explained_variance   | 0.979       |
|    learning_rate        | 0.0003      |
|    loss                 | 0.361       |
|    n_updates            | 1520        |
|    policy_gradient_loss | -0.00759    |
|    std                  | 0.633       |
|    value_loss           | 0.762       |
-----------------------------------------
Eval num_timesteps=315000, episode_reward=-60.09 +/- 16.20
Episode length: 184.93 +/- 31.40
Success rate: 20.00%
-----------------------------------------
| eval/                   |             |
|    mean_ep_length       | 185         |
|    mean_reward          | -60.1       |
|    success_rate         | 0.2         |
| time/                   |             |
|    total_timesteps      | 315000      |
| train/                  |             |
|    approx_kl            | 0.023394022 |
|    clip_fraction        | 0.235       |
|    clip_range           | 0.2         |
|    entropy_loss         | -6.63       |
|    explained_variance   | 0.991       |
|    learning_rate        | 0.0003      |
|    loss                 | 0.039       |
|    n_updates            | 1530        |
|    policy_gradient_loss | -0.0145     |
|    std                  | 0.633       |
|    value_loss           | 0.208       |
-----------------------------------------
---------------------------------
| rollout/           |          |
|    ep_len_mean     | 168      |
|    ep_rew_mean     | -52.8    |
|    success_rate    | 0.43     |
| time/              |          |
|    fps             | 600      |
|    iterations      | 154      |
|    time_elapsed    | 525      |
|    total_timesteps | 315392   |
---------------------------------
-----------------------------------------
| rollout/                |             |
|    ep_len_mean          | 170         |
|    ep_rew_mean          | -53.3       |
|    success_rate         | 0.42        |
| time/                   |             |
|    fps                  | 602         |
|    iterations           | 155         |
|    time_elapsed         | 526         |
|    total_timesteps      | 317440      |
| train/                  |             |
|    approx_kl            | 0.019160941 |
|    clip_fraction        | 0.183       |
|    clip_range           | 0.2         |
|    entropy_loss         | -6.61       |
|    explained_variance   | 0.981       |
|    learning_rate        | 0.0003      |
|    loss                 | 0.293       |
|    n_updates            | 1540        |
|    policy_gradient_loss | -0.0126     |
|    std                  | 0.628       |
|    value_loss           | 1.04        |
-----------------------------------------
----------------------------------------
| rollout/                |            |
|    ep_len_mean          | 170        |
|    ep_rew_mean          | -53.2      |
|    success_rate         | 0.41       |
| time/                   |            |
|    fps                  | 604        |
|    iterations           | 156        |
|    time_elapsed         | 528        |
|    total_timesteps      | 319488     |
| train/                  |            |
|    approx_kl            | 0.01711243 |
|    clip_fraction        | 0.201      |
|    clip_range           | 0.2        |
|    entropy_loss         | -6.57      |
|    explained_variance   | 0.986      |
|    learning_rate        | 0.0003     |
|    loss                 | 0.118      |
|    n_updates            | 1550       |
|    policy_gradient_loss | -0.0117    |
|    std                  | 0.627      |
|    value_loss           | 0.328      |
----------------------------------------
Eval num_timesteps=320000, episode_reward=-63.05 +/- 15.69
Episode length: 186.27 +/- 30.92
Success rate: 16.67%
-----------------------------------------
| eval/                   |             |
|    mean_ep_length       | 186         |
|    mean_reward          | -63         |
|    success_rate         | 0.167       |
| time/                   |             |
|    total_timesteps      | 320000      |
| train/                  |             |
|    approx_kl            | 0.016949682 |
|    clip_fraction        | 0.189       |
|    clip_range           | 0.2         |
|    entropy_loss         | -6.55       |
|    explained_variance   | 0.983       |
|    learning_rate        | 0.0003      |
|    loss                 | 0.21        |
|    n_updates            | 1560        |
|    policy_gradient_loss | -0.00912    |
|    std                  | 0.625       |
|    value_loss           | 0.912       |
-----------------------------------------
---------------------------------
| rollout/           |          |
|    ep_len_mean     | 172      |
|    ep_rew_mean     | -53.8    |
|    success_rate    | 0.38     |
| time/              |          |
|    fps             | 601      |
|    iterations      | 157      |
|    time_elapsed    | 534      |
|    total_timesteps | 321536   |
---------------------------------
-----------------------------------------
| rollout/                |             |
|    ep_len_mean          | 172         |
|    ep_rew_mean          | -53.1       |
|    success_rate         | 0.38        |
| time/                   |             |
|    fps                  | 603         |
|    iterations           | 158         |
|    time_elapsed         | 536         |
|    total_timesteps      | 323584      |
| train/                  |             |
|    approx_kl            | 0.015552405 |
|    clip_fraction        | 0.184       |
|    clip_range           | 0.2         |
|    entropy_loss         | -6.54       |
|    explained_variance   | 0.982       |
|    learning_rate        | 0.0003      |
|    loss                 | 0.239       |
|    n_updates            | 1570        |
|    policy_gradient_loss | -0.0108     |
|    std                  | 0.626       |
|    value_loss           | 0.794       |
-----------------------------------------
Eval num_timesteps=325000, episode_reward=-61.29 +/- 13.25
Episode length: 191.93 +/- 24.21
Success rate: 10.00%
-----------------------------------------
| eval/                   |             |
|    mean_ep_length       | 192         |
|    mean_reward          | -61.3       |
|    success_rate         | 0.1         |
| time/                   |             |
|    total_timesteps      | 325000      |
| train/                  |             |
|    approx_kl            | 0.017109253 |
|    clip_fraction        | 0.191       |
|    clip_range           | 0.2         |
|    entropy_loss         | -6.54       |
|    explained_variance   | 0.98        |
|    learning_rate        | 0.0003      |
|    loss                 | 0.305       |
|    n_updates            | 1580        |
|    policy_gradient_loss | -0.00575    |
|    std                  | 0.625       |
|    value_loss           | 1.11        |
-----------------------------------------
---------------------------------
| rollout/           |          |
|    ep_len_mean     | 168      |
|    ep_rew_mean     | -52.3    |
|    success_rate    | 0.43     |
| time/              |          |
|    fps             | 600      |
|    iterations      | 159      |
|    time_elapsed    | 541      |
|    total_timesteps | 325632   |
---------------------------------
-----------------------------------------
| rollout/                |             |
|    ep_len_mean          | 165         |
|    ep_rew_mean          | -51.2       |
|    success_rate         | 0.48        |
| time/                   |             |
|    fps                  | 602         |
|    iterations           | 160         |
|    time_elapsed         | 543         |
|    total_timesteps      | 327680      |
| train/                  |             |
|    approx_kl            | 0.021335065 |
|    clip_fraction        | 0.237       |
|    clip_range           | 0.2         |
|    entropy_loss         | -6.53       |
|    explained_variance   | 0.987       |
|    learning_rate        | 0.0003      |
|    loss                 | 0.0955      |
|    n_updates            | 1590        |
|    policy_gradient_loss | -0.0106     |
|    std                  | 0.623       |
|    value_loss           | 0.33        |
-----------------------------------------
-----------------------------------------
| rollout/                |             |
|    ep_len_mean          | 162         |
|    ep_rew_mean          | -50.4       |
|    success_rate         | 0.51        |
| time/                   |             |
|    fps                  | 603         |
|    iterations           | 161         |
|    time_elapsed         | 545         |
|    total_timesteps      | 329728      |
| train/                  |             |
|    approx_kl            | 0.020267831 |
|    clip_fraction        | 0.241       |
|    clip_range           | 0.2         |
|    entropy_loss         | -6.52       |
|    explained_variance   | 0.995       |
|    learning_rate        | 0.0003      |
|    loss                 | 0.0201      |
|    n_updates            | 1600        |
|    policy_gradient_loss | -0.0136     |
|    std                  | 0.623       |
|    value_loss           | 0.206       |
-----------------------------------------
Eval num_timesteps=330000, episode_reward=-64.05 +/- 13.31
Episode length: 194.77 +/- 19.58
Success rate: 6.67%
-----------------------------------------
| eval/                   |             |
|    mean_ep_length       | 195         |
|    mean_reward          | -64         |
|    success_rate         | 0.0667      |
| time/                   |             |
|    total_timesteps      | 330000      |
| train/                  |             |
|    approx_kl            | 0.014999133 |
|    clip_fraction        | 0.208       |
|    clip_range           | 0.2         |
|    entropy_loss         | -6.52       |
|    explained_variance   | 0.987       |
|    learning_rate        | 0.0003      |
|    loss                 | 0.0844      |
|    n_updates            | 1610        |
|    policy_gradient_loss | -0.0101     |
|    std                  | 0.625       |
|    value_loss           | 0.334       |
-----------------------------------------
---------------------------------
| rollout/           |          |
|    ep_len_mean     | 163      |
|    ep_rew_mean     | -50.7    |
|    success_rate    | 0.5      |
| time/              |          |
|    fps             | 601      |
|    iterations      | 162      |
|    time_elapsed    | 551      |
|    total_timesteps | 331776   |
---------------------------------
-----------------------------------------
| rollout/                |             |
|    ep_len_mean          | 161         |
|    ep_rew_mean          | -50.6       |
|    success_rate         | 0.52        |
| time/                   |             |
|    fps                  | 603         |
|    iterations           | 163         |
|    time_elapsed         | 553         |
|    total_timesteps      | 333824      |
| train/                  |             |
|    approx_kl            | 0.015938291 |
|    clip_fraction        | 0.192       |
|    clip_range           | 0.2         |
|    entropy_loss         | -6.52       |
|    explained_variance   | 0.99        |
|    learning_rate        | 0.0003      |
|    loss                 | 0.277       |
|    n_updates            | 1620        |
|    policy_gradient_loss | -0.0112     |
|    std                  | 0.623       |
|    value_loss           | 0.551       |
-----------------------------------------
Eval num_timesteps=335000, episode_reward=-60.19 +/- 15.52
Episode length: 184.73 +/- 30.95
Success rate: 20.00%
-----------------------------------------
| eval/                   |             |
|    mean_ep_length       | 185         |
|    mean_reward          | -60.2       |
|    success_rate         | 0.2         |
| time/                   |             |
|    total_timesteps      | 335000      |
| train/                  |             |
|    approx_kl            | 0.014867688 |
|    clip_fraction        | 0.198       |
|    clip_range           | 0.2         |
|    entropy_loss         | -6.51       |
|    explained_variance   | 0.988       |
|    learning_rate        | 0.0003      |
|    loss                 | 0.0874      |
|    n_updates            | 1630        |
|    policy_gradient_loss | -0.0109     |
|    std                  | 0.624       |
|    value_loss           | 0.657       |
-----------------------------------------
---------------------------------
| rollout/           |          |
|    ep_len_mean     | 159      |
|    ep_rew_mean     | -50.1    |
|    success_rate    | 0.54     |
| time/              |          |
|    fps             | 601      |
|    iterations      | 164      |
|    time_elapsed    | 558      |
|    total_timesteps | 335872   |
---------------------------------
-----------------------------------------
| rollout/                |             |
|    ep_len_mean          | 157         |
|    ep_rew_mean          | -49.7       |
|    success_rate         | 0.57        |
| time/                   |             |
|    fps                  | 602         |
|    iterations           | 165         |
|    time_elapsed         | 560         |
|    total_timesteps      | 337920      |
| train/                  |             |
|    approx_kl            | 0.022241212 |
|    clip_fraction        | 0.196       |
|    clip_range           | 0.2         |
|    entropy_loss         | -6.53       |
|    explained_variance   | 0.992       |
|    learning_rate        | 0.0003      |
|    loss                 | 0.0836      |
|    n_updates            | 1640        |
|    policy_gradient_loss | -0.0118     |
|    std                  | 0.624       |
|    value_loss           | 0.389       |
-----------------------------------------
-----------------------------------------
| rollout/                |             |
|    ep_len_mean          | 159         |
|    ep_rew_mean          | -50         |
|    success_rate         | 0.54        |
| time/                   |             |
|    fps                  | 604         |
|    iterations           | 166         |
|    time_elapsed         | 562         |
|    total_timesteps      | 339968      |
| train/                  |             |
|    approx_kl            | 0.017164696 |
|    clip_fraction        | 0.206       |
|    clip_range           | 0.2         |
|    entropy_loss         | -6.54       |
|    explained_variance   | 0.993       |
|    learning_rate        | 0.0003      |
|    loss                 | 0.0639      |
|    n_updates            | 1650        |
|    policy_gradient_loss | -0.00783    |
|    std                  | 0.626       |
|    value_loss           | 0.267       |
-----------------------------------------
Eval num_timesteps=340000, episode_reward=-56.25 +/- 18.91
Episode length: 171.83 +/- 37.89
Success rate: 36.67%
-----------------------------------------
| eval/                   |             |
|    mean_ep_length       | 172         |
|    mean_reward          | -56.3       |
|    success_rate         | 0.367       |
| time/                   |             |
|    total_timesteps      | 340000      |
| train/                  |             |
|    approx_kl            | 0.019883117 |
|    clip_fraction        | 0.196       |
|    clip_range           | 0.2         |
|    entropy_loss         | -6.52       |
|    explained_variance   | 0.976       |
|    learning_rate        | 0.0003      |
|    loss                 | 0.0374      |
|    n_updates            | 1660        |
|    policy_gradient_loss | -0.015      |
|    std                  | 0.623       |
|    value_loss           | 0.397       |
-----------------------------------------
---------------------------------
| rollout/           |          |
|    ep_len_mean     | 158      |
|    ep_rew_mean     | -49.3    |
|    success_rate    | 0.54     |
| time/              |          |
|    fps             | 602      |
|    iterations      | 167      |
|    time_elapsed    | 567      |
|    total_timesteps | 342016   |
---------------------------------
-----------------------------------------
| rollout/                |             |
|    ep_len_mean          | 160         |
|    ep_rew_mean          | -50.1       |
|    success_rate         | 0.51        |
| time/                   |             |
|    fps                  | 603         |
|    iterations           | 168         |
|    time_elapsed         | 569         |
|    total_timesteps      | 344064      |
| train/                  |             |
|    approx_kl            | 0.015404562 |
|    clip_fraction        | 0.18        |
|    clip_range           | 0.2         |
|    entropy_loss         | -6.52       |
|    explained_variance   | 0.986       |
|    learning_rate        | 0.0003      |
|    loss                 | 0.0492      |
|    n_updates            | 1670        |
|    policy_gradient_loss | -0.0108     |
|    std                  | 0.624       |
|    value_loss           | 0.676       |
-----------------------------------------
Eval num_timesteps=345000, episode_reward=-47.94 +/- 13.47
Episode length: 159.17 +/- 35.49
Success rate: 60.00%
----------------------------------------
| eval/                   |            |
|    mean_ep_length       | 159        |
|    mean_reward          | -47.9      |
|    success_rate         | 0.6        |
| time/                   |            |
|    total_timesteps      | 345000     |
| train/                  |            |
|    approx_kl            | 0.01468813 |
|    clip_fraction        | 0.173      |
|    clip_range           | 0.2        |
|    entropy_loss         | -6.51      |
|    explained_variance   | 0.99       |
|    learning_rate        | 0.0003     |
|    loss                 | 0.188      |
|    n_updates            | 1680       |
|    policy_gradient_loss | -0.0116    |
|    std                  | 0.622      |
|    value_loss           | 0.6        |
----------------------------------------
New best mean reward!
---------------------------------
| rollout/           |          |
|    ep_len_mean     | 156      |
|    ep_rew_mean     | -48.8    |
|    success_rate    | 0.56     |
| time/              |          |
|    fps             | 602      |
|    iterations      | 169      |
|    time_elapsed    | 574      |
|    total_timesteps | 346112   |
---------------------------------
-----------------------------------------
| rollout/                |             |
|    ep_len_mean          | 158         |
|    ep_rew_mean          | -48.5       |
|    success_rate         | 0.54        |
| time/                   |             |
|    fps                  | 603         |
|    iterations           | 170         |
|    time_elapsed         | 576         |
|    total_timesteps      | 348160      |
| train/                  |             |
|    approx_kl            | 0.016485117 |
|    clip_fraction        | 0.183       |
|    clip_range           | 0.2         |
|    entropy_loss         | -6.48       |
|    explained_variance   | 0.979       |
|    learning_rate        | 0.0003      |
|    loss                 | 0.278       |
|    n_updates            | 1690        |
|    policy_gradient_loss | -0.00975    |
|    std                  | 0.619       |
|    value_loss           | 0.899       |
-----------------------------------------
Eval num_timesteps=350000, episode_reward=-49.46 +/- 17.25
Episode length: 161.67 +/- 39.32
Success rate: 50.00%
-----------------------------------------
| eval/                   |             |
|    mean_ep_length       | 162         |
|    mean_reward          | -49.5       |
|    success_rate         | 0.5         |
| time/                   |             |
|    total_timesteps      | 350000      |
| train/                  |             |
|    approx_kl            | 0.016000707 |
|    clip_fraction        | 0.203       |
|    clip_range           | 0.2         |
|    entropy_loss         | -6.47       |
|    explained_variance   | 0.985       |
|    learning_rate        | 0.0003      |
|    loss                 | 0.046       |
|    n_updates            | 1700        |
|    policy_gradient_loss | -0.0108     |
|    std                  | 0.621       |
|    value_loss           | 0.749       |
-----------------------------------------
---------------------------------
| rollout/           |          |
|    ep_len_mean     | 158      |
|    ep_rew_mean     | -48.1    |
|    success_rate    | 0.53     |
| time/              |          |
|    fps             | 602      |
|    iterations      | 171      |
|    time_elapsed    | 581      |
|    total_timesteps | 350208   |
---------------------------------
-----------------------------------------
| rollout/                |             |
|    ep_len_mean          | 157         |
|    ep_rew_mean          | -47.4       |
|    success_rate         | 0.54        |
| time/                   |             |
|    fps                  | 603         |
|    iterations           | 172         |
|    time_elapsed         | 583         |
|    total_timesteps      | 352256      |
| train/                  |             |
|    approx_kl            | 0.013587944 |
|    clip_fraction        | 0.174       |
|    clip_range           | 0.2         |
|    entropy_loss         | -6.46       |
|    explained_variance   | 0.971       |
|    learning_rate        | 0.0003      |
|    loss                 | 0.688       |
|    n_updates            | 1710        |
|    policy_gradient_loss | -0.0103     |
|    std                  | 0.617       |
|    value_loss           | 1.61        |
-----------------------------------------
-----------------------------------------
| rollout/                |             |
|    ep_len_mean          | 159         |
|    ep_rew_mean          | -47.8       |
|    success_rate         | 0.52        |
| time/                   |             |
|    fps                  | 604         |
|    iterations           | 173         |
|    time_elapsed         | 585         |
|    total_timesteps      | 354304      |
| train/                  |             |
|    approx_kl            | 0.017240169 |
|    clip_fraction        | 0.211       |
|    clip_range           | 0.2         |
|    entropy_loss         | -6.41       |
|    explained_variance   | 0.98        |
|    learning_rate        | 0.0003      |
|    loss                 | 0.587       |
|    n_updates            | 1720        |
|    policy_gradient_loss | -0.0132     |
|    std                  | 0.613       |
|    value_loss           | 1.35        |
-----------------------------------------
Eval num_timesteps=355000, episode_reward=-49.38 +/- 14.38
Episode length: 164.60 +/- 33.77
Success rate: 53.33%
----------------------------------------
| eval/                   |            |
|    mean_ep_length       | 165        |
|    mean_reward          | -49.4      |
|    success_rate         | 0.533      |
| time/                   |            |
|    total_timesteps      | 355000     |
| train/                  |            |
|    approx_kl            | 0.02337422 |
|    clip_fraction        | 0.21       |
|    clip_range           | 0.2        |
|    entropy_loss         | -6.38      |
|    explained_variance   | 0.974      |
|    learning_rate        | 0.0003     |
|    loss                 | 0.262      |
|    n_updates            | 1730       |
|    policy_gradient_loss | -0.0133    |
|    std                  | 0.612      |
|    value_loss           | 0.856      |
----------------------------------------
---------------------------------
| rollout/           |          |
|    ep_len_mean     | 157      |
|    ep_rew_mean     | -47.4    |
|    success_rate    | 0.56     |
| time/              |          |
|    fps             | 603      |
|    iterations      | 174      |
|    time_elapsed    | 590      |
|    total_timesteps | 356352   |
---------------------------------
-----------------------------------------
| rollout/                |             |
|    ep_len_mean          | 160         |
|    ep_rew_mean          | -48.7       |
|    success_rate         | 0.51        |
| time/                   |             |
|    fps                  | 604         |
|    iterations           | 175         |
|    time_elapsed         | 592         |
|    total_timesteps      | 358400      |
| train/                  |             |
|    approx_kl            | 0.018755794 |
|    clip_fraction        | 0.21        |
|    clip_range           | 0.2         |
|    entropy_loss         | -6.35       |
|    explained_variance   | 0.981       |
|    learning_rate        | 0.0003      |
|    loss                 | 0.279       |
|    n_updates            | 1740        |
|    policy_gradient_loss | -0.0115     |
|    std                  | 0.609       |
|    value_loss           | 0.915       |
-----------------------------------------
Eval num_timesteps=360000, episode_reward=-47.64 +/- 17.35
Episode length: 153.13 +/- 38.02
Success rate: 63.33%
-----------------------------------------
| eval/                   |             |
|    mean_ep_length       | 153         |
|    mean_reward          | -47.6       |
|    success_rate         | 0.633       |
| time/                   |             |
|    total_timesteps      | 360000      |
| train/                  |             |
|    approx_kl            | 0.015348224 |
|    clip_fraction        | 0.22        |
|    clip_range           | 0.2         |
|    entropy_loss         | -6.31       |
|    explained_variance   | 0.981       |
|    learning_rate        | 0.0003      |
|    loss                 | 0.0658      |
|    n_updates            | 1750        |
|    policy_gradient_loss | -0.00913    |
|    std                  | 0.605       |
|    value_loss           | 0.515       |
-----------------------------------------
New best mean reward!
---------------------------------
| rollout/           |          |
|    ep_len_mean     | 162      |
|    ep_rew_mean     | -49      |
|    success_rate    | 0.51     |
| time/              |          |
|    fps             | 603      |
|    iterations      | 176      |
|    time_elapsed    | 597      |
|    total_timesteps | 360448   |
---------------------------------
-----------------------------------------
| rollout/                |             |
|    ep_len_mean          | 160         |
|    ep_rew_mean          | -48.4       |
|    success_rate         | 0.53        |
| time/                   |             |
|    fps                  | 604         |
|    iterations           | 177         |
|    time_elapsed         | 599         |
|    total_timesteps      | 362496      |
| train/                  |             |
|    approx_kl            | 0.023791138 |
|    clip_fraction        | 0.242       |
|    clip_range           | 0.2         |
|    entropy_loss         | -6.27       |
|    explained_variance   | 0.984       |
|    learning_rate        | 0.0003      |
|    loss                 | 0.267       |
|    n_updates            | 1760        |
|    policy_gradient_loss | -0.0111     |
|    std                  | 0.603       |
|    value_loss           | 0.757       |
-----------------------------------------
-----------------------------------------
| rollout/                |             |
|    ep_len_mean          | 160         |
|    ep_rew_mean          | -48.5       |
|    success_rate         | 0.55        |
| time/                   |             |
|    fps                  | 606         |
|    iterations           | 178         |
|    time_elapsed         | 601         |
|    total_timesteps      | 364544      |
| train/                  |             |
|    approx_kl            | 0.013478057 |
|    clip_fraction        | 0.165       |
|    clip_range           | 0.2         |
|    entropy_loss         | -6.26       |
|    explained_variance   | 0.973       |
|    learning_rate        | 0.0003      |
|    loss                 | 0.393       |
|    n_updates            | 1770        |
|    policy_gradient_loss | -0.00838    |
|    std                  | 0.603       |
|    value_loss           | 1.36        |
-----------------------------------------
Eval num_timesteps=365000, episode_reward=-44.68 +/- 15.39
Episode length: 147.10 +/- 32.69
Success rate: 76.67%
-----------------------------------------
| eval/                   |             |
|    mean_ep_length       | 147         |
|    mean_reward          | -44.7       |
|    success_rate         | 0.767       |
| time/                   |             |
|    total_timesteps      | 365000      |
| train/                  |             |
|    approx_kl            | 0.015261544 |
|    clip_fraction        | 0.205       |
|    clip_range           | 0.2         |
|    entropy_loss         | -6.26       |
|    explained_variance   | 0.981       |
|    learning_rate        | 0.0003      |
|    loss                 | 0.298       |
|    n_updates            | 1780        |
|    policy_gradient_loss | -0.00938    |
|    std                  | 0.603       |
|    value_loss           | 0.712       |
-----------------------------------------
New best mean reward!
---------------------------------
| rollout/           |          |
|    ep_len_mean     | 157      |
|    ep_rew_mean     | -47.6    |
|    success_rate    | 0.58     |
| time/              |          |
|    fps             | 604      |
|    iterations      | 179      |
|    time_elapsed    | 606      |
|    total_timesteps | 366592   |
---------------------------------
-----------------------------------------
| rollout/                |             |
|    ep_len_mean          | 158         |
|    ep_rew_mean          | -48.3       |
|    success_rate         | 0.58        |
| time/                   |             |
|    fps                  | 606         |
|    iterations           | 180         |
|    time_elapsed         | 608         |
|    total_timesteps      | 368640      |
| train/                  |             |
|    approx_kl            | 0.022445641 |
|    clip_fraction        | 0.203       |
|    clip_range           | 0.2         |
|    entropy_loss         | -6.26       |
|    explained_variance   | 0.984       |
|    learning_rate        | 0.0003      |
|    loss                 | 0.085       |
|    n_updates            | 1790        |
|    policy_gradient_loss | -0.0106     |
|    std                  | 0.602       |
|    value_loss           | 0.739       |
-----------------------------------------
Eval num_timesteps=370000, episode_reward=-45.80 +/- 16.66
Episode length: 152.13 +/- 37.60
Success rate: 63.33%
-----------------------------------------
| eval/                   |             |
|    mean_ep_length       | 152         |
|    mean_reward          | -45.8       |
|    success_rate         | 0.633       |
| time/                   |             |
|    total_timesteps      | 370000      |
| train/                  |             |
|    approx_kl            | 0.018802911 |
|    clip_fraction        | 0.214       |
|    clip_range           | 0.2         |
|    entropy_loss         | -6.24       |
|    explained_variance   | 0.981       |
|    learning_rate        | 0.0003      |
|    loss                 | 0.62        |
|    n_updates            | 1800        |
|    policy_gradient_loss | -0.0136     |
|    std                  | 0.601       |
|    value_loss           | 0.658       |
-----------------------------------------
---------------------------------
| rollout/           |          |
|    ep_len_mean     | 158      |
|    ep_rew_mean     | -48.1    |
|    success_rate    | 0.59     |
| time/              |          |
|    fps             | 604      |
|    iterations      | 181      |
|    time_elapsed    | 612      |
|    total_timesteps | 370688   |
---------------------------------
-----------------------------------------
| rollout/                |             |
|    ep_len_mean          | 157         |
|    ep_rew_mean          | -47.9       |
|    success_rate         | 0.59        |
| time/                   |             |
|    fps                  | 606         |
|    iterations           | 182         |
|    time_elapsed         | 614         |
|    total_timesteps      | 372736      |
| train/                  |             |
|    approx_kl            | 0.016767412 |
|    clip_fraction        | 0.189       |
|    clip_range           | 0.2         |
|    entropy_loss         | -6.22       |
|    explained_variance   | 0.973       |
|    learning_rate        | 0.0003      |
|    loss                 | 0.0281      |
|    n_updates            | 1810        |
|    policy_gradient_loss | -0.0108     |
|    std                  | 0.599       |
|    value_loss           | 0.627       |
-----------------------------------------
------------------------------------------
| rollout/                |              |
|    ep_len_mean          | 155          |
|    ep_rew_mean          | -47.1        |
|    success_rate         | 0.64         |
| time/                   |              |
|    fps                  | 607          |
|    iterations           | 183          |
|    time_elapsed         | 616          |
|    total_timesteps      | 374784       |
| train/                  |              |
|    approx_kl            | 0.0142194135 |
|    clip_fraction        | 0.18         |
|    clip_range           | 0.2          |
|    entropy_loss         | -6.21        |
|    explained_variance   | 0.971        |
|    learning_rate        | 0.0003       |
|    loss                 | 0.315        |
|    n_updates            | 1820         |
|    policy_gradient_loss | -0.00865     |
|    std                  | 0.6          |
|    value_loss           | 0.987        |
------------------------------------------
Eval num_timesteps=375000, episode_reward=-57.92 +/- 17.67
Episode length: 176.27 +/- 33.95
Success rate: 33.33%
-----------------------------------------
| eval/                   |             |
|    mean_ep_length       | 176         |
|    mean_reward          | -57.9       |
|    success_rate         | 0.333       |
| time/                   |             |
|    total_timesteps      | 375000      |
| train/                  |             |
|    approx_kl            | 0.020409754 |
|    clip_fraction        | 0.255       |
|    clip_range           | 0.2         |
|    entropy_loss         | -6.2        |
|    explained_variance   | 0.992       |
|    learning_rate        | 0.0003      |
|    loss                 | 0.0163      |
|    n_updates            | 1830        |
|    policy_gradient_loss | -0.0116     |
|    std                  | 0.597       |
|    value_loss           | 0.237       |
-----------------------------------------
---------------------------------
| rollout/           |          |
|    ep_len_mean     | 154      |
|    ep_rew_mean     | -47.7    |
|    success_rate    | 0.65     |
| time/              |          |
|    fps             | 605      |
|    iterations      | 184      |
|    time_elapsed    | 622      |
|    total_timesteps | 376832   |
---------------------------------
-----------------------------------------
| rollout/                |             |
|    ep_len_mean          | 160         |
|    ep_rew_mean          | -49.7       |
|    success_rate         | 0.57        |
| time/                   |             |
|    fps                  | 607         |
|    iterations           | 185         |
|    time_elapsed         | 623         |
|    total_timesteps      | 378880      |
| train/                  |             |
|    approx_kl            | 0.022978906 |
|    clip_fraction        | 0.249       |
|    clip_range           | 0.2         |
|    entropy_loss         | -6.17       |
|    explained_variance   | 0.993       |
|    learning_rate        | 0.0003      |
|    loss                 | 0.0733      |
|    n_updates            | 1840        |
|    policy_gradient_loss | -0.0102     |
|    std                  | 0.594       |
|    value_loss           | 0.197       |
-----------------------------------------
Eval num_timesteps=380000, episode_reward=-61.64 +/- 14.28
Episode length: 187.80 +/- 27.34
Success rate: 16.67%
---------------------------------------
| eval/                   |           |
|    mean_ep_length       | 188       |
|    mean_reward          | -61.6     |
|    success_rate         | 0.167     |
| time/                   |           |
|    total_timesteps      | 380000    |
| train/                  |           |
|    approx_kl            | 0.0186731 |
|    clip_fraction        | 0.209     |
|    clip_range           | 0.2       |
|    entropy_loss         | -6.15     |
|    explained_variance   | 0.98      |
|    learning_rate        | 0.0003    |
|    loss                 | 0.141     |
|    n_updates            | 1850      |
|    policy_gradient_loss | -0.0101   |
|    std                  | 0.594     |
|    value_loss           | 0.329     |
---------------------------------------
---------------------------------
| rollout/           |          |
|    ep_len_mean     | 163      |
|    ep_rew_mean     | -51.5    |
|    success_rate    | 0.53     |
| time/              |          |
|    fps             | 605      |
|    iterations      | 186      |
|    time_elapsed    | 628      |
|    total_timesteps | 380928   |
---------------------------------
-----------------------------------------
| rollout/                |             |
|    ep_len_mean          | 165         |
|    ep_rew_mean          | -52.3       |
|    success_rate         | 0.51        |
| time/                   |             |
|    fps                  | 607         |
|    iterations           | 187         |
|    time_elapsed         | 630         |
|    total_timesteps      | 382976      |
| train/                  |             |
|    approx_kl            | 0.016108714 |
|    clip_fraction        | 0.206       |
|    clip_range           | 0.2         |
|    entropy_loss         | -6.15       |
|    explained_variance   | 0.99        |
|    learning_rate        | 0.0003      |
|    loss                 | 0.0512      |
|    n_updates            | 1860        |
|    policy_gradient_loss | -0.0108     |
|    std                  | 0.593       |
|    value_loss           | 0.432       |
-----------------------------------------
Eval num_timesteps=385000, episode_reward=-63.65 +/- 10.13
Episode length: 195.70 +/- 16.36
Success rate: 6.67%
-----------------------------------------
| eval/                   |             |
|    mean_ep_length       | 196         |
|    mean_reward          | -63.7       |
|    success_rate         | 0.0667      |
| time/                   |             |
|    total_timesteps      | 385000      |
| train/                  |             |
|    approx_kl            | 0.016882677 |
|    clip_fraction        | 0.212       |
|    clip_range           | 0.2         |
|    entropy_loss         | -6.15       |
|    explained_variance   | 0.988       |
|    learning_rate        | 0.0003      |
|    loss                 | 0.0892      |
|    n_updates            | 1870        |
|    policy_gradient_loss | -0.00625    |
|    std                  | 0.595       |
|    value_loss           | 0.374       |
-----------------------------------------
---------------------------------
| rollout/           |          |
|    ep_len_mean     | 170      |
|    ep_rew_mean     | -54.2    |
|    success_rate    | 0.44     |
| time/              |          |
|    fps             | 605      |
|    iterations      | 188      |
|    time_elapsed    | 635      |
|    total_timesteps | 385024   |
---------------------------------
-----------------------------------------
| rollout/                |             |
|    ep_len_mean          | 173         |
|    ep_rew_mean          | -55.7       |
|    success_rate         | 0.4         |
| time/                   |             |
|    fps                  | 607         |
|    iterations           | 189         |
|    time_elapsed         | 637         |
|    total_timesteps      | 387072      |
| train/                  |             |
|    approx_kl            | 0.019433156 |
|    clip_fraction        | 0.231       |
|    clip_range           | 0.2         |
|    entropy_loss         | -6.17       |
|    explained_variance   | 0.995       |
|    learning_rate        | 0.0003      |
|    loss                 | -0.00349    |
|    n_updates            | 1880        |
|    policy_gradient_loss | -0.0102     |
|    std                  | 0.595       |
|    value_loss           | 0.157       |
-----------------------------------------
-----------------------------------------
| rollout/                |             |
|    ep_len_mean          | 176         |
|    ep_rew_mean          | -56.8       |
|    success_rate         | 0.36        |
| time/                   |             |
|    fps                  | 608         |
|    iterations           | 190         |
|    time_elapsed         | 639         |
|    total_timesteps      | 389120      |
| train/                  |             |
|    approx_kl            | 0.020935852 |
|    clip_fraction        | 0.24        |
|    clip_range           | 0.2         |
|    entropy_loss         | -6.17       |
|    explained_variance   | 0.992       |
|    learning_rate        | 0.0003      |
|    loss                 | 0.0527      |
|    n_updates            | 1890        |
|    policy_gradient_loss | -0.0137     |
|    std                  | 0.595       |
|    value_loss           | 0.201       |
-----------------------------------------
Eval num_timesteps=390000, episode_reward=-63.01 +/- 9.16
Episode length: 196.00 +/- 14.99
Success rate: 6.67%
-----------------------------------------
| eval/                   |             |
|    mean_ep_length       | 196         |
|    mean_reward          | -63         |
|    success_rate         | 0.0667      |
| time/                   |             |
|    total_timesteps      | 390000      |
| train/                  |             |
|    approx_kl            | 0.013982351 |
|    clip_fraction        | 0.175       |
|    clip_range           | 0.2         |
|    entropy_loss         | -6.15       |
|    explained_variance   | 0.974       |
|    learning_rate        | 0.0003      |
|    loss                 | 0.124       |
|    n_updates            | 1900        |
|    policy_gradient_loss | -0.00836    |
|    std                  | 0.591       |
|    value_loss           | 0.878       |
-----------------------------------------
---------------------------------
| rollout/           |          |
|    ep_len_mean     | 176      |
|    ep_rew_mean     | -56.3    |
|    success_rate    | 0.35     |
| time/              |          |
|    fps             | 606      |
|    iterations      | 191      |
|    time_elapsed    | 644      |
|    total_timesteps | 391168   |
---------------------------------
-----------------------------------------
| rollout/                |             |
|    ep_len_mean          | 176         |
|    ep_rew_mean          | -55.6       |
|    success_rate         | 0.32        |
| time/                   |             |
|    fps                  | 608         |
|    iterations           | 192         |
|    time_elapsed         | 646         |
|    total_timesteps      | 393216      |
| train/                  |             |
|    approx_kl            | 0.015855003 |
|    clip_fraction        | 0.196       |
|    clip_range           | 0.2         |
|    entropy_loss         | -6.11       |
|    explained_variance   | 0.967       |
|    learning_rate        | 0.0003      |
|    loss                 | 0.142       |
|    n_updates            | 1910        |
|    policy_gradient_loss | -0.00875    |
|    std                  | 0.589       |
|    value_loss           | 0.813       |
-----------------------------------------
Eval num_timesteps=395000, episode_reward=-65.36 +/- 8.66
Episode length: 200.00 +/- 0.00
Success rate: 0.00%
-----------------------------------------
| eval/                   |             |
|    mean_ep_length       | 200         |
|    mean_reward          | -65.4       |
|    success_rate         | 0           |
| time/                   |             |
|    total_timesteps      | 395000      |
| train/                  |             |
|    approx_kl            | 0.016642839 |
|    clip_fraction        | 0.215       |
|    clip_range           | 0.2         |
|    entropy_loss         | -6.08       |
|    explained_variance   | 0.971       |
|    learning_rate        | 0.0003      |
|    loss                 | 0.0187      |
|    n_updates            | 1920        |
|    policy_gradient_loss | -0.00941    |
|    std                  | 0.586       |
|    value_loss           | 0.396       |
-----------------------------------------
---------------------------------
| rollout/           |          |
|    ep_len_mean     | 172      |
|    ep_rew_mean     | -53.7    |
|    success_rate    | 0.37     |
| time/              |          |
|    fps             | 606      |
|    iterations      | 193      |
|    time_elapsed    | 651      |
|    total_timesteps | 395264   |
---------------------------------
-----------------------------------------
| rollout/                |             |
|    ep_len_mean          | 168         |
|    ep_rew_mean          | -51.6       |
|    success_rate         | 0.44        |
| time/                   |             |
|    fps                  | 608         |
|    iterations           | 194         |
|    time_elapsed         | 653         |
|    total_timesteps      | 397312      |
| train/                  |             |
|    approx_kl            | 0.017383032 |
|    clip_fraction        | 0.187       |
|    clip_range           | 0.2         |
|    entropy_loss         | -6.07       |
|    explained_variance   | 0.969       |
|    learning_rate        | 0.0003      |
|    loss                 | 0.711       |
|    n_updates            | 1930        |
|    policy_gradient_loss | -0.00961    |
|    std                  | 0.585       |
|    value_loss           | 1.51        |
-----------------------------------------
-----------------------------------------
| rollout/                |             |
|    ep_len_mean          | 168         |
|    ep_rew_mean          | -51.8       |
|    success_rate         | 0.44        |
| time/                   |             |
|    fps                  | 609         |
|    iterations           | 195         |
|    time_elapsed         | 655         |
|    total_timesteps      | 399360      |
| train/                  |             |
|    approx_kl            | 0.020568497 |
|    clip_fraction        | 0.209       |
|    clip_range           | 0.2         |
|    entropy_loss         | -6.06       |
|    explained_variance   | 0.987       |
|    learning_rate        | 0.0003      |
|    loss                 | 0.0218      |
|    n_updates            | 1940        |
|    policy_gradient_loss | -0.00971    |
|    std                  | 0.585       |
|    value_loss           | 0.724       |
-----------------------------------------
Eval num_timesteps=400000, episode_reward=-55.20 +/- 18.87
Episode length: 176.57 +/- 36.35
Success rate: 30.00%
-----------------------------------------
| eval/                   |             |
|    mean_ep_length       | 177         |
|    mean_reward          | -55.2       |
|    success_rate         | 0.3         |
| time/                   |             |
|    total_timesteps      | 400000      |
| train/                  |             |
|    approx_kl            | 0.014753327 |
|    clip_fraction        | 0.167       |
|    clip_range           | 0.2         |
|    entropy_loss         | -6.06       |
|    explained_variance   | 0.97        |
|    learning_rate        | 0.0003      |
|    loss                 | 0.204       |
|    n_updates            | 1950        |
|    policy_gradient_loss | -0.00647    |
|    std                  | 0.586       |
|    value_loss           | 0.877       |
-----------------------------------------
---------------------------------
| rollout/           |          |
|    ep_len_mean     | 165      |
|    ep_rew_mean     | -50.4    |
|    success_rate    | 0.48     |
| time/              |          |
|    fps             | 608      |
|    iterations      | 196      |
|    time_elapsed    | 660      |
|    total_timesteps | 401408   |
---------------------------------
-----------------------------------------
| rollout/                |             |
|    ep_len_mean          | 161         |
|    ep_rew_mean          | -48.5       |
|    success_rate         | 0.53        |
| time/                   |             |
|    fps                  | 609         |
|    iterations           | 197         |
|    time_elapsed         | 661         |
|    total_timesteps      | 403456      |
| train/                  |             |
|    approx_kl            | 0.019013368 |
|    clip_fraction        | 0.238       |
|    clip_range           | 0.2         |
|    entropy_loss         | -6.07       |
|    explained_variance   | 0.986       |
|    learning_rate        | 0.0003      |
|    loss                 | 0.159       |
|    n_updates            | 1960        |
|    policy_gradient_loss | -0.0124     |
|    std                  | 0.587       |
|    value_loss           | 0.543       |
-----------------------------------------
Eval num_timesteps=405000, episode_reward=-63.97 +/- 11.37
Episode length: 193.17 +/- 20.76
Success rate: 10.00%
-----------------------------------------
| eval/                   |             |
|    mean_ep_length       | 193         |
|    mean_reward          | -64         |
|    success_rate         | 0.1         |
| time/                   |             |
|    total_timesteps      | 405000      |
| train/                  |             |
|    approx_kl            | 0.012444584 |
|    clip_fraction        | 0.174       |
|    clip_range           | 0.2         |
|    entropy_loss         | -6.08       |
|    explained_variance   | 0.971       |
|    learning_rate        | 0.0003      |
|    loss                 | 0.203       |
|    n_updates            | 1970        |
|    policy_gradient_loss | -0.0118     |
|    std                  | 0.588       |
|    value_loss           | 0.877       |
-----------------------------------------
---------------------------------
| rollout/           |          |
|    ep_len_mean     | 160      |
|    ep_rew_mean     | -48.4    |
|    success_rate    | 0.54     |
| time/              |          |
|    fps             | 607      |
|    iterations      | 198      |
|    time_elapsed    | 666      |
|    total_timesteps | 405504   |
---------------------------------
----------------------------------------
| rollout/                |            |
|    ep_len_mean          | 161        |
|    ep_rew_mean          | -49.1      |
|    success_rate         | 0.54       |
| time/                   |            |
|    fps                  | 609        |
|    iterations           | 199        |
|    time_elapsed         | 668        |
|    total_timesteps      | 407552     |
| train/                  |            |
|    approx_kl            | 0.01585455 |
|    clip_fraction        | 0.169      |
|    clip_range           | 0.2        |
|    entropy_loss         | -6.07      |
|    explained_variance   | 0.972      |
|    learning_rate        | 0.0003     |
|    loss                 | 0.369      |
|    n_updates            | 1980       |
|    policy_gradient_loss | -0.0101    |
|    std                  | 0.586      |
|    value_loss           | 1.18       |
----------------------------------------
-----------------------------------------
| rollout/                |             |
|    ep_len_mean          | 162         |
|    ep_rew_mean          | -49.7       |
|    success_rate         | 0.53        |
| time/                   |             |
|    fps                  | 610         |
|    iterations           | 200         |
|    time_elapsed         | 670         |
|    total_timesteps      | 409600      |
| train/                  |             |
|    approx_kl            | 0.023494424 |
|    clip_fraction        | 0.242       |
|    clip_range           | 0.2         |
|    entropy_loss         | -6.07       |
|    explained_variance   | 0.979       |
|    learning_rate        | 0.0003      |
|    loss                 | 0.0136      |
|    n_updates            | 1990        |
|    policy_gradient_loss | -0.0114     |
|    std                  | 0.586       |
|    value_loss           | 0.503       |
-----------------------------------------
Eval num_timesteps=410000, episode_reward=-56.89 +/- 17.63
Episode length: 177.47 +/- 35.28
Success rate: 30.00%
-----------------------------------------
| eval/                   |             |
|    mean_ep_length       | 177         |
|    mean_reward          | -56.9       |
|    success_rate         | 0.3         |
| time/                   |             |
|    total_timesteps      | 410000      |
| train/                  |             |
|    approx_kl            | 0.018460287 |
|    clip_fraction        | 0.202       |
|    clip_range           | 0.2         |
|    entropy_loss         | -6.06       |
|    explained_variance   | 0.982       |
|    learning_rate        | 0.0003      |
|    loss                 | 0.34        |
|    n_updates            | 2000        |
|    policy_gradient_loss | -0.00608    |
|    std                  | 0.586       |
|    value_loss           | 0.607       |
-----------------------------------------
---------------------------------
| rollout/           |          |
|    ep_len_mean     | 161      |
|    ep_rew_mean     | -49.2    |
|    success_rate    | 0.54     |
| time/              |          |
|    fps             | 609      |
|    iterations      | 201      |
|    time_elapsed    | 675      |
|    total_timesteps | 411648   |
---------------------------------
-----------------------------------------
| rollout/                |             |
|    ep_len_mean          | 163         |
|    ep_rew_mean          | -49.9       |
|    success_rate         | 0.5         |
| time/                   |             |
|    fps                  | 610         |
|    iterations           | 202         |
|    time_elapsed         | 677         |
|    total_timesteps      | 413696      |
| train/                  |             |
|    approx_kl            | 0.019328784 |
|    clip_fraction        | 0.232       |
|    clip_range           | 0.2         |
|    entropy_loss         | -6.02       |
|    explained_variance   | 0.983       |
|    learning_rate        | 0.0003      |
|    loss                 | 0.109       |
|    n_updates            | 2010        |
|    policy_gradient_loss | -0.0133     |
|    std                  | 0.58        |
|    value_loss           | 0.495       |
-----------------------------------------
Eval num_timesteps=415000, episode_reward=-55.82 +/- 14.83
Episode length: 177.53 +/- 32.56
Success rate: 33.33%
-----------------------------------------
| eval/                   |             |
|    mean_ep_length       | 178         |
|    mean_reward          | -55.8       |
|    success_rate         | 0.333       |
| time/                   |             |
|    total_timesteps      | 415000      |
| train/                  |             |
|    approx_kl            | 0.021418137 |
|    clip_fraction        | 0.213       |
|    clip_range           | 0.2         |
|    entropy_loss         | -5.98       |
|    explained_variance   | 0.984       |
|    learning_rate        | 0.0003      |
|    loss                 | 0.0827      |
|    n_updates            | 2020        |
|    policy_gradient_loss | -0.00778    |
|    std                  | 0.58        |
|    value_loss           | 0.384       |
-----------------------------------------
---------------------------------
| rollout/           |          |
|    ep_len_mean     | 162      |
|    ep_rew_mean     | -49.8    |
|    success_rate    | 0.52     |
| time/              |          |
|    fps             | 609      |
|    iterations      | 203      |
|    time_elapsed    | 682      |
|    total_timesteps | 415744   |
---------------------------------
-----------------------------------------
| rollout/                |             |
|    ep_len_mean          | 158         |
|    ep_rew_mean          | -49         |
|    success_rate         | 0.57        |
| time/                   |             |
|    fps                  | 610         |
|    iterations           | 204         |
|    time_elapsed         | 684         |
|    total_timesteps      | 417792      |
| train/                  |             |
|    approx_kl            | 0.011740499 |
|    clip_fraction        | 0.191       |
|    clip_range           | 0.2         |
|    entropy_loss         | -6          |
|    explained_variance   | 0.978       |
|    learning_rate        | 0.0003      |
|    loss                 | 0.333       |
|    n_updates            | 2030        |
|    policy_gradient_loss | -0.00348    |
|    std                  | 0.583       |
|    value_loss           | 1.03        |
-----------------------------------------
----------------------------------------
| rollout/                |            |
|    ep_len_mean          | 157        |
|    ep_rew_mean          | -49.3      |
|    success_rate         | 0.59       |
| time/                   |            |
|    fps                  | 611        |
|    iterations           | 205        |
|    time_elapsed         | 686        |
|    total_timesteps      | 419840     |
| train/                  |            |
|    approx_kl            | 0.01890812 |
|    clip_fraction        | 0.228      |
|    clip_range           | 0.2        |
|    entropy_loss         | -6.01      |
|    explained_variance   | 0.97       |
|    learning_rate        | 0.0003     |
|    loss                 | 0.179      |
|    n_updates            | 2040       |
|    policy_gradient_loss | -0.007     |
|    std                  | 0.582      |
|    value_loss           | 0.377      |
----------------------------------------
Eval num_timesteps=420000, episode_reward=-55.63 +/- 16.27
Episode length: 179.60 +/- 34.09
Success rate: 26.67%
-----------------------------------------
| eval/                   |             |
|    mean_ep_length       | 180         |
|    mean_reward          | -55.6       |
|    success_rate         | 0.267       |
| time/                   |             |
|    total_timesteps      | 420000      |
| train/                  |             |
|    approx_kl            | 0.017770201 |
|    clip_fraction        | 0.2         |
|    clip_range           | 0.2         |
|    entropy_loss         | -6          |
|    explained_variance   | 0.991       |
|    learning_rate        | 0.0003      |
|    loss                 | 0.0989      |
|    n_updates            | 2050        |
|    policy_gradient_loss | -0.0081     |
|    std                  | 0.582       |
|    value_loss           | 0.393       |
-----------------------------------------
---------------------------------
| rollout/           |          |
|    ep_len_mean     | 154      |
|    ep_rew_mean     | -48.4    |
|    success_rate    | 0.63     |
| time/              |          |
|    fps             | 610      |
|    iterations      | 206      |
|    time_elapsed    | 691      |
|    total_timesteps | 421888   |
---------------------------------
-----------------------------------------
| rollout/                |             |
|    ep_len_mean          | 156         |
|    ep_rew_mean          | -49.3       |
|    success_rate         | 0.61        |
| time/                   |             |
|    fps                  | 611         |
|    iterations           | 207         |
|    time_elapsed         | 693         |
|    total_timesteps      | 423936      |
| train/                  |             |
|    approx_kl            | 0.016626304 |
|    clip_fraction        | 0.218       |
|    clip_range           | 0.2         |
|    entropy_loss         | -6          |
|    explained_variance   | 0.984       |
|    learning_rate        | 0.0003      |
|    loss                 | 0.0437      |
|    n_updates            | 2060        |
|    policy_gradient_loss | -0.0128     |
|    std                  | 0.584       |
|    value_loss           | 0.263       |
-----------------------------------------
Eval num_timesteps=425000, episode_reward=-57.96 +/- 17.02
Episode length: 181.30 +/- 34.46
Success rate: 23.33%
-----------------------------------------
| eval/                   |             |
|    mean_ep_length       | 181         |
|    mean_reward          | -58         |
|    success_rate         | 0.233       |
| time/                   |             |
|    total_timesteps      | 425000      |
| train/                  |             |
|    approx_kl            | 0.020837735 |
|    clip_fraction        | 0.196       |
|    clip_range           | 0.2         |
|    entropy_loss         | -6.03       |
|    explained_variance   | 0.985       |
|    learning_rate        | 0.0003      |
|    loss                 | 0.0299      |
|    n_updates            | 2070        |
|    policy_gradient_loss | -0.0116     |
|    std                  | 0.587       |
|    value_loss           | 0.354       |
-----------------------------------------
---------------------------------
| rollout/           |          |
|    ep_len_mean     | 154      |
|    ep_rew_mean     | -48.3    |
|    success_rate    | 0.63     |
| time/              |          |
|    fps             | 610      |
|    iterations      | 208      |
|    time_elapsed    | 697      |
|    total_timesteps | 425984   |
---------------------------------
----------------------------------------
| rollout/                |            |
|    ep_len_mean          | 154        |
|    ep_rew_mean          | -48.2      |
|    success_rate         | 0.63       |
| time/                   |            |
|    fps                  | 611        |
|    iterations           | 209        |
|    time_elapsed         | 699        |
|    total_timesteps      | 428032     |
| train/                  |            |
|    approx_kl            | 0.01639596 |
|    clip_fraction        | 0.178      |
|    clip_range           | 0.2        |
|    entropy_loss         | -6.04      |
|    explained_variance   | 0.975      |
|    learning_rate        | 0.0003     |
|    loss                 | 0.81       |
|    n_updates            | 2080       |
|    policy_gradient_loss | -0.0149    |
|    std                  | 0.586      |
|    value_loss           | 1.16       |
----------------------------------------
Eval num_timesteps=430000, episode_reward=-55.50 +/- 16.13
Episode length: 176.67 +/- 33.47
Success rate: 33.33%
-----------------------------------------
| eval/                   |             |
|    mean_ep_length       | 177         |
|    mean_reward          | -55.5       |
|    success_rate         | 0.333       |
| time/                   |             |
|    total_timesteps      | 430000      |
| train/                  |             |
|    approx_kl            | 0.020083485 |
|    clip_fraction        | 0.212       |
|    clip_range           | 0.2         |
|    entropy_loss         | -6.03       |
|    explained_variance   | 0.984       |
|    learning_rate        | 0.0003      |
|    loss                 | 0.0678      |
|    n_updates            | 2090        |
|    policy_gradient_loss | -0.014      |
|    std                  | 0.586       |
|    value_loss           | 0.547       |
-----------------------------------------
---------------------------------
| rollout/           |          |
|    ep_len_mean     | 150      |
|    ep_rew_mean     | -46.2    |
|    success_rate    | 0.67     |
| time/              |          |
|    fps             | 610      |
|    iterations      | 210      |
|    time_elapsed    | 704      |
|    total_timesteps | 430080   |
---------------------------------
-----------------------------------------
| rollout/                |             |
|    ep_len_mean          | 151         |
|    ep_rew_mean          | -46.9       |
|    success_rate         | 0.65        |
| time/                   |             |
|    fps                  | 611         |
|    iterations           | 211         |
|    time_elapsed         | 706         |
|    total_timesteps      | 432128      |
| train/                  |             |
|    approx_kl            | 0.017365387 |
|    clip_fraction        | 0.223       |
|    clip_range           | 0.2         |
|    entropy_loss         | -6.04       |
|    explained_variance   | 0.982       |
|    learning_rate        | 0.0003      |
|    loss                 | 0.361       |
|    n_updates            | 2100        |
|    policy_gradient_loss | -0.0151     |
|    std                  | 0.586       |
|    value_loss           | 0.898       |
-----------------------------------------
-----------------------------------------
| rollout/                |             |
|    ep_len_mean          | 153         |
|    ep_rew_mean          | -47.6       |
|    success_rate         | 0.63        |
| time/                   |             |
|    fps                  | 612         |
|    iterations           | 212         |
|    time_elapsed         | 708         |
|    total_timesteps      | 434176      |
| train/                  |             |
|    approx_kl            | 0.022306722 |
|    clip_fraction        | 0.203       |
|    clip_range           | 0.2         |
|    entropy_loss         | -6.02       |
|    explained_variance   | 0.978       |
|    learning_rate        | 0.0003      |
|    loss                 | 0.0629      |
|    n_updates            | 2110        |
|    policy_gradient_loss | -0.0108     |
|    std                  | 0.585       |
|    value_loss           | 0.767       |
-----------------------------------------
Eval num_timesteps=435000, episode_reward=-53.99 +/- 16.19
Episode length: 166.60 +/- 34.19
Success rate: 50.00%
-----------------------------------------
| eval/                   |             |
|    mean_ep_length       | 167         |
|    mean_reward          | -54         |
|    success_rate         | 0.5         |
| time/                   |             |
|    total_timesteps      | 435000      |
| train/                  |             |
|    approx_kl            | 0.020273294 |
|    clip_fraction        | 0.184       |
|    clip_range           | 0.2         |
|    entropy_loss         | -6          |
|    explained_variance   | 0.978       |
|    learning_rate        | 0.0003      |
|    loss                 | 0.862       |
|    n_updates            | 2120        |
|    policy_gradient_loss | -0.0111     |
|    std                  | 0.584       |
|    value_loss           | 1.12        |
-----------------------------------------
---------------------------------
| rollout/           |          |
|    ep_len_mean     | 154      |
|    ep_rew_mean     | -47.2    |
|    success_rate    | 0.62     |
| time/              |          |
|    fps             | 611      |
|    iterations      | 213      |
|    time_elapsed    | 713      |
|    total_timesteps | 436224   |
---------------------------------
-----------------------------------------
| rollout/                |             |
|    ep_len_mean          | 154         |
|    ep_rew_mean          | -47.9       |
|    success_rate         | 0.63        |
| time/                   |             |
|    fps                  | 612         |
|    iterations           | 214         |
|    time_elapsed         | 715         |
|    total_timesteps      | 438272      |
| train/                  |             |
|    approx_kl            | 0.021667073 |
|    clip_fraction        | 0.243       |
|    clip_range           | 0.2         |
|    entropy_loss         | -6          |
|    explained_variance   | 0.984       |
|    learning_rate        | 0.0003      |
|    loss                 | 0.0101      |
|    n_updates            | 2130        |
|    policy_gradient_loss | -0.0117     |
|    std                  | 0.583       |
|    value_loss           | 0.422       |
-----------------------------------------
Eval num_timesteps=440000, episode_reward=-50.14 +/- 18.07
Episode length: 157.20 +/- 36.55
Success rate: 60.00%
----------------------------------------
| eval/                   |            |
|    mean_ep_length       | 157        |
|    mean_reward          | -50.1      |
|    success_rate         | 0.6        |
| time/                   |            |
|    total_timesteps      | 440000     |
| train/                  |            |
|    approx_kl            | 0.02107065 |
|    clip_fraction        | 0.241      |
|    clip_range           | 0.2        |
|    entropy_loss         | -5.99      |
|    explained_variance   | 0.99       |
|    learning_rate        | 0.0003     |
|    loss                 | 0.00684    |
|    n_updates            | 2140       |
|    policy_gradient_loss | -0.0127    |
|    std                  | 0.58       |
|    value_loss           | 0.381      |
----------------------------------------
---------------------------------
| rollout/           |          |
|    ep_len_mean     | 151      |
|    ep_rew_mean     | -46.6    |
|    success_rate    | 0.66     |
| time/              |          |
|    fps             | 611      |
|    iterations      | 215      |
|    time_elapsed    | 719      |
|    total_timesteps | 440320   |
---------------------------------
-----------------------------------------
| rollout/                |             |
|    ep_len_mean          | 150         |
|    ep_rew_mean          | -46.6       |
|    success_rate         | 0.67        |
| time/                   |             |
|    fps                  | 612         |
|    iterations           | 216         |
|    time_elapsed         | 721         |
|    total_timesteps      | 442368      |
| train/                  |             |
|    approx_kl            | 0.011905948 |
|    clip_fraction        | 0.154       |
|    clip_range           | 0.2         |
|    entropy_loss         | -5.97       |
|    explained_variance   | 0.97        |
|    learning_rate        | 0.0003      |
|    loss                 | 0.311       |
|    n_updates            | 2150        |
|    policy_gradient_loss | -0.00962    |
|    std                  | 0.58        |
|    value_loss           | 1.41        |
-----------------------------------------
-----------------------------------------
| rollout/                |             |
|    ep_len_mean          | 151         |
|    ep_rew_mean          | -46.7       |
|    success_rate         | 0.68        |
| time/                   |             |
|    fps                  | 613         |
|    iterations           | 217         |
|    time_elapsed         | 723         |
|    total_timesteps      | 444416      |
| train/                  |             |
|    approx_kl            | 0.024496151 |
|    clip_fraction        | 0.23        |
|    clip_range           | 0.2         |
|    entropy_loss         | -5.98       |
|    explained_variance   | 0.989       |
|    learning_rate        | 0.0003      |
|    loss                 | 0.0717      |
|    n_updates            | 2160        |
|    policy_gradient_loss | -0.016      |
|    std                  | 0.582       |
|    value_loss           | 0.336       |
-----------------------------------------
Eval num_timesteps=445000, episode_reward=-52.55 +/- 12.64
Episode length: 167.17 +/- 33.46
Success rate: 50.00%
----------------------------------------
| eval/                   |            |
|    mean_ep_length       | 167        |
|    mean_reward          | -52.6      |
|    success_rate         | 0.5        |
| time/                   |            |
|    total_timesteps      | 445000     |
| train/                  |            |
|    approx_kl            | 0.01826873 |
|    clip_fraction        | 0.237      |
|    clip_range           | 0.2        |
|    entropy_loss         | -5.97      |
|    explained_variance   | 0.993      |
|    learning_rate        | 0.0003     |
|    loss                 | 0.0818     |
|    n_updates            | 2170       |
|    policy_gradient_loss | -0.00797   |
|    std                  | 0.581      |
|    value_loss           | 0.299      |
----------------------------------------
---------------------------------
| rollout/           |          |
|    ep_len_mean     | 149      |
|    ep_rew_mean     | -45.9    |
|    success_rate    | 0.7      |
| time/              |          |
|    fps             | 612      |
|    iterations      | 218      |
|    time_elapsed    | 728      |
|    total_timesteps | 446464   |
---------------------------------
-----------------------------------------
| rollout/                |             |
|    ep_len_mean          | 148         |
|    ep_rew_mean          | -46.2       |
|    success_rate         | 0.71        |
| time/                   |             |
|    fps                  | 613         |
|    iterations           | 219         |
|    time_elapsed         | 730         |
|    total_timesteps      | 448512      |
| train/                  |             |
|    approx_kl            | 0.020212468 |
|    clip_fraction        | 0.192       |
|    clip_range           | 0.2         |
|    entropy_loss         | -5.93       |
|    explained_variance   | 0.982       |
|    learning_rate        | 0.0003      |
|    loss                 | 0.125       |
|    n_updates            | 2180        |
|    policy_gradient_loss | -0.00927    |
|    std                  | 0.577       |
|    value_loss           | 0.497       |
-----------------------------------------
Eval num_timesteps=450000, episode_reward=-50.05 +/- 13.62
Episode length: 162.17 +/- 36.26
Success rate: 53.33%
-----------------------------------------
| eval/                   |             |
|    mean_ep_length       | 162         |
|    mean_reward          | -50.1       |
|    success_rate         | 0.533       |
| time/                   |             |
|    total_timesteps      | 450000      |
| train/                  |             |
|    approx_kl            | 0.021178722 |
|    clip_fraction        | 0.231       |
|    clip_range           | 0.2         |
|    entropy_loss         | -5.92       |
|    explained_variance   | 0.983       |
|    learning_rate        | 0.0003      |
|    loss                 | 0.0464      |
|    n_updates            | 2190        |
|    policy_gradient_loss | -0.0134     |
|    std                  | 0.578       |
|    value_loss           | 0.492       |
-----------------------------------------
---------------------------------
| rollout/           |          |
|    ep_len_mean     | 148      |
|    ep_rew_mean     | -46.3    |
|    success_rate    | 0.72     |
| time/              |          |
|    fps             | 612      |
|    iterations      | 220      |
|    time_elapsed    | 735      |
|    total_timesteps | 450560   |
---------------------------------
-----------------------------------------
| rollout/                |             |
|    ep_len_mean          | 146         |
|    ep_rew_mean          | -45.9       |
|    success_rate         | 0.73        |
| time/                   |             |
|    fps                  | 613         |
|    iterations           | 221         |
|    time_elapsed         | 737         |
|    total_timesteps      | 452608      |
| train/                  |             |
|    approx_kl            | 0.022231005 |
|    clip_fraction        | 0.237       |
|    clip_range           | 0.2         |
|    entropy_loss         | -5.93       |
|    explained_variance   | 0.993       |
|    learning_rate        | 0.0003      |
|    loss                 | 0.225       |
|    n_updates            | 2200        |
|    policy_gradient_loss | -0.0108     |
|    std                  | 0.579       |
|    value_loss           | 0.322       |
-----------------------------------------
-----------------------------------------
| rollout/                |             |
|    ep_len_mean          | 150         |
|    ep_rew_mean          | -47.2       |
|    success_rate         | 0.68        |
| time/                   |             |
|    fps                  | 615         |
|    iterations           | 222         |
|    time_elapsed         | 739         |
|    total_timesteps      | 454656      |
| train/                  |             |
|    approx_kl            | 0.015227243 |
|    clip_fraction        | 0.17        |
|    clip_range           | 0.2         |
|    entropy_loss         | -5.94       |
|    explained_variance   | 0.986       |
|    learning_rate        | 0.0003      |
|    loss                 | 0.307       |
|    n_updates            | 2210        |
|    policy_gradient_loss | -0.00985    |
|    std                  | 0.58        |
|    value_loss           | 0.771       |
-----------------------------------------
Eval num_timesteps=455000, episode_reward=-47.85 +/- 18.17
Episode length: 153.37 +/- 39.53
Success rate: 60.00%
----------------------------------------
| eval/                   |            |
|    mean_ep_length       | 153        |
|    mean_reward          | -47.9      |
|    success_rate         | 0.6        |
| time/                   |            |
|    total_timesteps      | 455000     |
| train/                  |            |
|    approx_kl            | 0.01984251 |
|    clip_fraction        | 0.246      |
|    clip_range           | 0.2        |
|    entropy_loss         | -5.97      |
|    explained_variance   | 0.991      |
|    learning_rate        | 0.0003     |
|    loss                 | 0.0933     |
|    n_updates            | 2220       |
|    policy_gradient_loss | -0.0111    |
|    std                  | 0.584      |
|    value_loss           | 0.424      |
----------------------------------------
---------------------------------
| rollout/           |          |
|    ep_len_mean     | 148      |
|    ep_rew_mean     | -46.7    |
|    success_rate    | 0.71     |
| time/              |          |
|    fps             | 613      |
|    iterations      | 223      |
|    time_elapsed    | 743      |
|    total_timesteps | 456704   |
---------------------------------
-----------------------------------------
| rollout/                |             |
|    ep_len_mean          | 149         |
|    ep_rew_mean          | -47.4       |
|    success_rate         | 0.7         |
| time/                   |             |
|    fps                  | 615         |
|    iterations           | 224         |
|    time_elapsed         | 745         |
|    total_timesteps      | 458752      |
| train/                  |             |
|    approx_kl            | 0.021648498 |
|    clip_fraction        | 0.252       |
|    clip_range           | 0.2         |
|    entropy_loss         | -5.97       |
|    explained_variance   | 0.985       |
|    learning_rate        | 0.0003      |
|    loss                 | 0.0522      |
|    n_updates            | 2230        |
|    policy_gradient_loss | -0.00961    |
|    std                  | 0.581       |
|    value_loss           | 0.377       |
-----------------------------------------
Eval num_timesteps=460000, episode_reward=-50.61 +/- 18.44
Episode length: 158.13 +/- 40.37
Success rate: 53.33%
-----------------------------------------
| eval/                   |             |
|    mean_ep_length       | 158         |
|    mean_reward          | -50.6       |
|    success_rate         | 0.533       |
| time/                   |             |
|    total_timesteps      | 460000      |
| train/                  |             |
|    approx_kl            | 0.022459019 |
|    clip_fraction        | 0.21        |
|    clip_range           | 0.2         |
|    entropy_loss         | -5.93       |
|    explained_variance   | 0.984       |
|    learning_rate        | 0.0003      |
|    loss                 | 0.0626      |
|    n_updates            | 2240        |
|    policy_gradient_loss | -0.0151     |
|    std                  | 0.576       |
|    value_loss           | 0.507       |
-----------------------------------------
---------------------------------
| rollout/           |          |
|    ep_len_mean     | 148      |
|    ep_rew_mean     | -47.1    |
|    success_rate    | 0.7      |
| time/              |          |
|    fps             | 614      |
|    iterations      | 225      |
|    time_elapsed    | 750      |
|    total_timesteps | 460800   |
---------------------------------
----------------------------------------
| rollout/                |            |
|    ep_len_mean          | 147        |
|    ep_rew_mean          | -46.6      |
|    success_rate         | 0.69       |
| time/                   |            |
|    fps                  | 615        |
|    iterations           | 226        |
|    time_elapsed         | 752        |
|    total_timesteps      | 462848     |
| train/                  |            |
|    approx_kl            | 0.01846303 |
|    clip_fraction        | 0.215      |
|    clip_range           | 0.2        |
|    entropy_loss         | -5.89      |
|    explained_variance   | 0.992      |
|    learning_rate        | 0.0003     |
|    loss                 | 0.123      |
|    n_updates            | 2250       |
|    policy_gradient_loss | -0.0114    |
|    std                  | 0.574      |
|    value_loss           | 0.294      |
----------------------------------------
-----------------------------------------
| rollout/                |             |
|    ep_len_mean          | 144         |
|    ep_rew_mean          | -45         |
|    success_rate         | 0.72        |
| time/                   |             |
|    fps                  | 616         |
|    iterations           | 227         |
|    time_elapsed         | 754         |
|    total_timesteps      | 464896      |
| train/                  |             |
|    approx_kl            | 0.026609298 |
|    clip_fraction        | 0.24        |
|    clip_range           | 0.2         |
|    entropy_loss         | -5.89       |
|    explained_variance   | 0.989       |
|    learning_rate        | 0.0003      |
|    loss                 | 0.105       |
|    n_updates            | 2260        |
|    policy_gradient_loss | -0.0123     |
|    std                  | 0.574       |
|    value_loss           | 0.395       |
-----------------------------------------
Eval num_timesteps=465000, episode_reward=-41.03 +/- 14.70
Episode length: 134.97 +/- 31.11
Success rate: 83.33%
-----------------------------------------
| eval/                   |             |
|    mean_ep_length       | 135         |
|    mean_reward          | -41         |
|    success_rate         | 0.833       |
| time/                   |             |
|    total_timesteps      | 465000      |
| train/                  |             |
|    approx_kl            | 0.020857368 |
|    clip_fraction        | 0.24        |
|    clip_range           | 0.2         |
|    entropy_loss         | -5.89       |
|    explained_variance   | 0.996       |
|    learning_rate        | 0.0003      |
|    loss                 | 0.00927     |
|    n_updates            | 2270        |
|    policy_gradient_loss | -0.0074     |
|    std                  | 0.575       |
|    value_loss           | 0.123       |
-----------------------------------------
New best mean reward!
---------------------------------
| rollout/           |          |
|    ep_len_mean     | 141      |
|    ep_rew_mean     | -43.9    |
|    success_rate    | 0.75     |
| time/              |          |
|    fps             | 615      |
|    iterations      | 228      |
|    time_elapsed    | 758      |
|    total_timesteps | 466944   |
---------------------------------
-----------------------------------------
| rollout/                |             |
|    ep_len_mean          | 141         |
|    ep_rew_mean          | -44         |
|    success_rate         | 0.75        |
| time/                   |             |
|    fps                  | 616         |
|    iterations           | 229         |
|    time_elapsed         | 761         |
|    total_timesteps      | 468992      |
| train/                  |             |
|    approx_kl            | 0.018256482 |
|    clip_fraction        | 0.236       |
|    clip_range           | 0.2         |
|    entropy_loss         | -5.91       |
|    explained_variance   | 0.986       |
|    learning_rate        | 0.0003      |
|    loss                 | 0.00813     |
|    n_updates            | 2280        |
|    policy_gradient_loss | -0.0111     |
|    std                  | 0.576       |
|    value_loss           | 0.26        |
-----------------------------------------
Eval num_timesteps=470000, episode_reward=-61.02 +/- 16.16
Episode length: 183.90 +/- 33.09
Success rate: 20.00%
-----------------------------------------
| eval/                   |             |
|    mean_ep_length       | 184         |
|    mean_reward          | -61         |
|    success_rate         | 0.2         |
| time/                   |             |
|    total_timesteps      | 470000      |
| train/                  |             |
|    approx_kl            | 0.016559869 |
|    clip_fraction        | 0.197       |
|    clip_range           | 0.2         |
|    entropy_loss         | -5.91       |
|    explained_variance   | 0.979       |
|    learning_rate        | 0.0003      |
|    loss                 | 0.0693      |
|    n_updates            | 2290        |
|    policy_gradient_loss | -0.0102     |
|    std                  | 0.576       |
|    value_loss           | 0.41        |
-----------------------------------------
---------------------------------
| rollout/           |          |
|    ep_len_mean     | 146      |
|    ep_rew_mean     | -45.9    |
|    success_rate    | 0.68     |
| time/              |          |
|    fps             | 614      |
|    iterations      | 230      |
|    time_elapsed    | 766      |
|    total_timesteps | 471040   |
---------------------------------
---------------------------------------
| rollout/                |           |
|    ep_len_mean          | 147       |
|    ep_rew_mean          | -46.1     |
|    success_rate         | 0.66      |
| time/                   |           |
|    fps                  | 615       |
|    iterations           | 231       |
|    time_elapsed         | 768       |
|    total_timesteps      | 473088    |
| train/                  |           |
|    approx_kl            | 0.0162833 |
|    clip_fraction        | 0.195     |
|    clip_range           | 0.2       |
|    entropy_loss         | -5.92     |
|    explained_variance   | 0.981     |
|    learning_rate        | 0.0003    |
|    loss                 | 0.0574    |
|    n_updates            | 2300      |
|    policy_gradient_loss | -0.0148   |
|    std                  | 0.579     |
|    value_loss           | 0.485     |
---------------------------------------
Eval num_timesteps=475000, episode_reward=-53.32 +/- 17.19
Episode length: 168.97 +/- 39.10
Success rate: 40.00%
-----------------------------------------
| eval/                   |             |
|    mean_ep_length       | 169         |
|    mean_reward          | -53.3       |
|    success_rate         | 0.4         |
| time/                   |             |
|    total_timesteps      | 475000      |
| train/                  |             |
|    approx_kl            | 0.022445444 |
|    clip_fraction        | 0.22        |
|    clip_range           | 0.2         |
|    entropy_loss         | -5.94       |
|    explained_variance   | 0.975       |
|    learning_rate        | 0.0003      |
|    loss                 | 0.0481      |
|    n_updates            | 2310        |
|    policy_gradient_loss | -0.0115     |
|    std                  | 0.578       |
|    value_loss           | 0.494       |
-----------------------------------------
---------------------------------
| rollout/           |          |
|    ep_len_mean     | 152      |
|    ep_rew_mean     | -47.9    |
|    success_rate    | 0.6      |
| time/              |          |
|    fps             | 614      |
|    iterations      | 232      |
|    time_elapsed    | 773      |
|    total_timesteps | 475136   |
---------------------------------
-----------------------------------------
| rollout/                |             |
|    ep_len_mean          | 155         |
|    ep_rew_mean          | -48.6       |
|    success_rate         | 0.58        |
| time/                   |             |
|    fps                  | 615         |
|    iterations           | 233         |
|    time_elapsed         | 774         |
|    total_timesteps      | 477184      |
| train/                  |             |
|    approx_kl            | 0.018783268 |
|    clip_fraction        | 0.193       |
|    clip_range           | 0.2         |
|    entropy_loss         | -5.92       |
|    explained_variance   | 0.977       |
|    learning_rate        | 0.0003      |
|    loss                 | 0.0981      |
|    n_updates            | 2320        |
|    policy_gradient_loss | -0.0127     |
|    std                  | 0.577       |
|    value_loss           | 0.783       |
-----------------------------------------
----------------------------------------
| rollout/                |            |
|    ep_len_mean          | 157        |
|    ep_rew_mean          | -49.3      |
|    success_rate         | 0.55       |
| time/                   |            |
|    fps                  | 616        |
|    iterations           | 234        |
|    time_elapsed         | 776        |
|    total_timesteps      | 479232     |
| train/                  |            |
|    approx_kl            | 0.01563237 |
|    clip_fraction        | 0.153      |
|    clip_range           | 0.2        |
|    entropy_loss         | -5.89      |
|    explained_variance   | 0.962      |
|    learning_rate        | 0.0003     |
|    loss                 | 0.187      |
|    n_updates            | 2330       |
|    policy_gradient_loss | -0.0114    |
|    std                  | 0.574      |
|    value_loss           | 1.42       |
----------------------------------------
Eval num_timesteps=480000, episode_reward=-46.73 +/- 16.72
Episode length: 153.97 +/- 42.08
Success rate: 56.67%
-----------------------------------------
| eval/                   |             |
|    mean_ep_length       | 154         |
|    mean_reward          | -46.7       |
|    success_rate         | 0.567       |
| time/                   |             |
|    total_timesteps      | 480000      |
| train/                  |             |
|    approx_kl            | 0.020586425 |
|    clip_fraction        | 0.199       |
|    clip_range           | 0.2         |
|    entropy_loss         | -5.86       |
|    explained_variance   | 0.976       |
|    learning_rate        | 0.0003      |
|    loss                 | 0.0772      |
|    n_updates            | 2340        |
|    policy_gradient_loss | -0.00614    |
|    std                  | 0.571       |
|    value_loss           | 0.562       |
-----------------------------------------
---------------------------------
| rollout/           |          |
|    ep_len_mean     | 162      |
|    ep_rew_mean     | -51.1    |
|    success_rate    | 0.47     |
| time/              |          |
|    fps             | 615      |
|    iterations      | 235      |
|    time_elapsed    | 781      |
|    total_timesteps | 481280   |
---------------------------------
-----------------------------------------
| rollout/                |             |
|    ep_len_mean          | 164         |
|    ep_rew_mean          | -51.5       |
|    success_rate         | 0.45        |
| time/                   |             |
|    fps                  | 616         |
|    iterations           | 236         |
|    time_elapsed         | 783         |
|    total_timesteps      | 483328      |
| train/                  |             |
|    approx_kl            | 0.021373197 |
|    clip_fraction        | 0.21        |
|    clip_range           | 0.2         |
|    entropy_loss         | -5.86       |
|    explained_variance   | 0.975       |
|    learning_rate        | 0.0003      |
|    loss                 | 0.729       |
|    n_updates            | 2350        |
|    policy_gradient_loss | -0.0156     |
|    std                  | 0.572       |
|    value_loss           | 0.773       |
-----------------------------------------
Eval num_timesteps=485000, episode_reward=-41.13 +/- 16.12
Episode length: 138.50 +/- 39.28
Success rate: 73.33%
-----------------------------------------
| eval/                   |             |
|    mean_ep_length       | 138         |
|    mean_reward          | -41.1       |
|    success_rate         | 0.733       |
| time/                   |             |
|    total_timesteps      | 485000      |
| train/                  |             |
|    approx_kl            | 0.015125029 |
|    clip_fraction        | 0.206       |
|    clip_range           | 0.2         |
|    entropy_loss         | -5.85       |
|    explained_variance   | 0.983       |
|    learning_rate        | 0.0003      |
|    loss                 | 0.296       |
|    n_updates            | 2360        |
|    policy_gradient_loss | -0.0168     |
|    std                  | 0.571       |
|    value_loss           | 0.996       |
-----------------------------------------
---------------------------------
| rollout/           |          |
|    ep_len_mean     | 161      |
|    ep_rew_mean     | -50.5    |
|    success_rate    | 0.49     |
| time/              |          |
|    fps             | 615      |
|    iterations      | 237      |
|    time_elapsed    | 788      |
|    total_timesteps | 485376   |
---------------------------------
-----------------------------------------
| rollout/                |             |
|    ep_len_mean          | 155         |
|    ep_rew_mean          | -48.3       |
|    success_rate         | 0.55        |
| time/                   |             |
|    fps                  | 617         |
|    iterations           | 238         |
|    time_elapsed         | 789         |
|    total_timesteps      | 487424      |
| train/                  |             |
|    approx_kl            | 0.019071694 |
|    clip_fraction        | 0.219       |
|    clip_range           | 0.2         |
|    entropy_loss         | -5.84       |
|    explained_variance   | 0.987       |
|    learning_rate        | 0.0003      |
|    loss                 | 0.0632      |
|    n_updates            | 2370        |
|    policy_gradient_loss | -0.00956    |
|    std                  | 0.571       |
|    value_loss           | 0.568       |
-----------------------------------------
-----------------------------------------
| rollout/                |             |
|    ep_len_mean          | 157         |
|    ep_rew_mean          | -48.8       |
|    success_rate         | 0.54        |
| time/                   |             |
|    fps                  | 618         |
|    iterations           | 239         |
|    time_elapsed         | 791         |
|    total_timesteps      | 489472      |
| train/                  |             |
|    approx_kl            | 0.021296034 |
|    clip_fraction        | 0.211       |
|    clip_range           | 0.2         |
|    entropy_loss         | -5.83       |
|    explained_variance   | 0.978       |
|    learning_rate        | 0.0003      |
|    loss                 | 0.0329      |
|    n_updates            | 2380        |
|    policy_gradient_loss | -0.0112     |
|    std                  | 0.568       |
|    value_loss           | 0.548       |
-----------------------------------------
Eval num_timesteps=490000, episode_reward=-51.02 +/- 12.19
Episode length: 164.80 +/- 38.32
Success rate: 46.67%
-----------------------------------------
| eval/                   |             |
|    mean_ep_length       | 165         |
|    mean_reward          | -51         |
|    success_rate         | 0.467       |
| time/                   |             |
|    total_timesteps      | 490000      |
| train/                  |             |
|    approx_kl            | 0.023515442 |
|    clip_fraction        | 0.226       |
|    clip_range           | 0.2         |
|    entropy_loss         | -5.78       |
|    explained_variance   | 0.977       |
|    learning_rate        | 0.0003      |
|    loss                 | 0.144       |
|    n_updates            | 2390        |
|    policy_gradient_loss | -0.0119     |
|    std                  | 0.566       |
|    value_loss           | 0.497       |
-----------------------------------------
---------------------------------
| rollout/           |          |
|    ep_len_mean     | 156      |
|    ep_rew_mean     | -48.8    |
|    success_rate    | 0.56     |
| time/              |          |
|    fps             | 617      |
|    iterations      | 240      |
|    time_elapsed    | 795      |
|    total_timesteps | 491520   |
---------------------------------
----------------------------------------
| rollout/                |            |
|    ep_len_mean          | 156        |
|    ep_rew_mean          | -48.6      |
|    success_rate         | 0.56       |
| time/                   |            |
|    fps                  | 618        |
|    iterations           | 241        |
|    time_elapsed         | 797        |
|    total_timesteps      | 493568     |
| train/                  |            |
|    approx_kl            | 0.01880837 |
|    clip_fraction        | 0.224      |
|    clip_range           | 0.2        |
|    entropy_loss         | -5.77      |
|    explained_variance   | 0.987      |
|    learning_rate        | 0.0003     |
|    loss                 | 0.0632     |
|    n_updates            | 2400       |
|    policy_gradient_loss | -0.0124    |
|    std                  | 0.565      |
|    value_loss           | 0.519      |
----------------------------------------
Eval num_timesteps=495000, episode_reward=-58.61 +/- 13.79
Episode length: 181.63 +/- 32.30
Success rate: 26.67%
---------------------------------------
| eval/                   |           |
|    mean_ep_length       | 182       |
|    mean_reward          | -58.6     |
|    success_rate         | 0.267     |
| time/                   |           |
|    total_timesteps      | 495000    |
| train/                  |           |
|    approx_kl            | 0.0187637 |
|    clip_fraction        | 0.22      |
|    clip_range           | 0.2       |
|    entropy_loss         | -5.74     |
|    explained_variance   | 0.981     |
|    learning_rate        | 0.0003    |
|    loss                 | 0.0347    |
|    n_updates            | 2410      |
|    policy_gradient_loss | -0.0106   |
|    std                  | 0.563     |
|    value_loss           | 0.456     |
---------------------------------------
---------------------------------
| rollout/           |          |
|    ep_len_mean     | 154      |
|    ep_rew_mean     | -47.6    |
|    success_rate    | 0.59     |
| time/              |          |
|    fps             | 618      |
|    iterations      | 242      |
|    time_elapsed    | 801      |
|    total_timesteps | 495616   |
---------------------------------
-----------------------------------------
| rollout/                |             |
|    ep_len_mean          | 156         |
|    ep_rew_mean          | -47.7       |
|    success_rate         | 0.57        |
| time/                   |             |
|    fps                  | 619         |
|    iterations           | 243         |
|    time_elapsed         | 803         |
|    total_timesteps      | 497664      |
| train/                  |             |
|    approx_kl            | 0.015798694 |
|    clip_fraction        | 0.213       |
|    clip_range           | 0.2         |
|    entropy_loss         | -5.72       |
|    explained_variance   | 0.987       |
|    learning_rate        | 0.0003      |
|    loss                 | 0.0206      |
|    n_updates            | 2420        |
|    policy_gradient_loss | -0.00824    |
|    std                  | 0.562       |
|    value_loss           | 0.446       |
-----------------------------------------
-----------------------------------------
| rollout/                |             |
|    ep_len_mean          | 159         |
|    ep_rew_mean          | -49         |
|    success_rate         | 0.54        |
| time/                   |             |
|    fps                  | 620         |
|    iterations           | 244         |
|    time_elapsed         | 805         |
|    total_timesteps      | 499712      |
| train/                  |             |
|    approx_kl            | 0.019421317 |
|    clip_fraction        | 0.182       |
|    clip_range           | 0.2         |
|    entropy_loss         | -5.72       |
|    explained_variance   | 0.953       |
|    learning_rate        | 0.0003      |
|    loss                 | 0.195       |
|    n_updates            | 2430        |
|    policy_gradient_loss | -0.00982    |
|    std                  | 0.563       |
|    value_loss           | 0.892       |
-----------------------------------------
Eval num_timesteps=500000, episode_reward=-55.67 +/- 15.08
Episode length: 173.17 +/- 35.98
Success rate: 36.67%
-----------------------------------------
| eval/                   |             |
|    mean_ep_length       | 173         |
|    mean_reward          | -55.7       |
|    success_rate         | 0.367       |
| time/                   |             |
|    total_timesteps      | 500000      |
| train/                  |             |
|    approx_kl            | 0.016752232 |
|    clip_fraction        | 0.2         |
|    clip_range           | 0.2         |
|    entropy_loss         | -5.71       |
|    explained_variance   | 0.98        |
|    learning_rate        | 0.0003      |
|    loss                 | 0.501       |
|    n_updates            | 2440        |
|    policy_gradient_loss | -0.0101     |
|    std                  | 0.561       |
|    value_loss           | 0.842       |
-----------------------------------------
---------------------------------
| rollout/           |          |
|    ep_len_mean     | 159      |
|    ep_rew_mean     | -49      |
|    success_rate    | 0.54     |
| time/              |          |
|    fps             | 619      |
|    iterations      | 245      |
|    time_elapsed    | 809      |
|    total_timesteps | 501760   |
---------------------------------
Training complete. Best model: models\runs\ppo_relvec_s1/best_model.zip
