Using cpu device
Run pickplace_s0: 1000000 steps
---------------------------------
| rollout/           |          |
|    ep_len_mean     | 300      |
|    ep_rew_mean     | -277     |
|    success_rate    | 0        |
| time/              |          |
|    fps             | 1143     |
|    iterations      | 1        |
|    time_elapsed    | 1        |
|    total_timesteps | 2048     |
---------------------------------
-----------------------------------------
| rollout/                |             |
|    ep_len_mean          | 300         |
|    ep_rew_mean          | -267        |
|    success_rate         | 0           |
| time/                   |             |
|    fps                  | 1071        |
|    iterations           | 2           |
|    time_elapsed         | 3           |
|    total_timesteps      | 4096        |
| train/                  |             |
|    approx_kl            | 0.013527628 |
|    clip_fraction        | 0.14        |
|    clip_range           | 0.2         |
|    entropy_loss         | -11.3       |
|    explained_variance   | -0.0303     |
|    learning_rate        | 0.0003      |
|    loss                 | 4.94        |
|    n_updates            | 10          |
|    policy_gradient_loss | -0.0173     |
|    std                  | 0.997       |
|    value_loss           | 79.5        |
-----------------------------------------
-----------------------------------------
| rollout/                |             |
|    ep_len_mean          | 300         |
|    ep_rew_mean          | -262        |
|    success_rate         | 0           |
| time/                   |             |
|    fps                  | 1025        |
|    iterations           | 3           |
|    time_elapsed         | 5           |
|    total_timesteps      | 6144        |
| train/                  |             |
|    approx_kl            | 0.009716098 |
|    clip_fraction        | 0.0686      |
|    clip_range           | 0.2         |
|    entropy_loss         | -11.3       |
|    explained_variance   | -0.00122    |
|    learning_rate        | 0.0003      |
|    loss                 | 14          |
|    n_updates            | 20          |
|    policy_gradient_loss | -0.0126     |
|    std                  | 0.999       |
|    value_loss           | 73.6        |
-----------------------------------------
--------------------------------------
| rollout/                |          |
|    ep_len_mean          | 300      |
|    ep_rew_mean          | -257     |
|    success_rate         | 0        |
| time/                   |          |
|    fps                  | 995      |
|    iterations           | 4        |
|    time_elapsed         | 8        |
|    total_timesteps      | 8192     |
| train/                  |          |
|    approx_kl            | 0.011537 |
|    clip_fraction        | 0.0889   |
|    clip_range           | 0.2      |
|    entropy_loss         | -11.4    |
|    explained_variance   | 0.00689  |
|    learning_rate        | 0.0003   |
|    loss                 | 8.22     |
|    n_updates            | 30       |
|    policy_gradient_loss | -0.016   |
|    std                  | 1        |
|    value_loss           | 55.6     |
--------------------------------------
Eval num_timesteps=10000, episode_reward=-218.54 +/- 5.58
Episode length: 300.00 +/- 0.00
Success rate: 0.00%
-----------------------------------------
| eval/                   |             |
|    mean_ep_length       | 300         |
|    mean_reward          | -219        |
|    success_rate         | 0           |
| time/                   |             |
|    total_timesteps      | 10000       |
| train/                  |             |
|    approx_kl            | 0.011789724 |
|    clip_fraction        | 0.0995      |
|    clip_range           | 0.2         |
|    entropy_loss         | -11.4       |
|    explained_variance   | 0.00194     |
|    learning_rate        | 0.0003      |
|    loss                 | 4.67        |
|    n_updates            | 40          |
|    policy_gradient_loss | -0.0135     |
|    std                  | 1.01        |
|    value_loss           | 37.8        |
-----------------------------------------
New best mean reward!
---------------------------------
| rollout/           |          |
|    ep_len_mean     | 300      |
|    ep_rew_mean     | -253     |
|    success_rate    | 0        |
| time/              |          |
|    fps             | 688      |
|    iterations      | 5        |
|    time_elapsed    | 14       |
|    total_timesteps | 10240    |
---------------------------------
-----------------------------------------
| rollout/                |             |
|    ep_len_mean          | 300         |
|    ep_rew_mean          | -247        |
|    success_rate         | 0           |
| time/                   |             |
|    fps                  | 722         |
|    iterations           | 6           |
|    time_elapsed         | 17          |
|    total_timesteps      | 12288       |
| train/                  |             |
|    approx_kl            | 0.013010258 |
|    clip_fraction        | 0.119       |
|    clip_range           | 0.2         |
|    entropy_loss         | -11.4       |
|    explained_variance   | -0.000854   |
|    learning_rate        | 0.0003      |
|    loss                 | 2.98        |
|    n_updates            | 50          |
|    policy_gradient_loss | -0.0166     |
|    std                  | 1.01        |
|    value_loss           | 24.5        |
-----------------------------------------
-----------------------------------------
| rollout/                |             |
|    ep_len_mean          | 300         |
|    ep_rew_mean          | -242        |
|    success_rate         | 0           |
| time/                   |             |
|    fps                  | 744         |
|    iterations           | 7           |
|    time_elapsed         | 19          |
|    total_timesteps      | 14336       |
| train/                  |             |
|    approx_kl            | 0.016191095 |
|    clip_fraction        | 0.158       |
|    clip_range           | 0.2         |
|    entropy_loss         | -11.5       |
|    explained_variance   | -0.000536   |
|    learning_rate        | 0.0003      |
|    loss                 | 1.94        |
|    n_updates            | 60          |
|    policy_gradient_loss | -0.0138     |
|    std                  | 1.02        |
|    value_loss           | 11.4        |
-----------------------------------------
-----------------------------------------
| rollout/                |             |
|    ep_len_mean          | 300         |
|    ep_rew_mean          | -236        |
|    success_rate         | 0           |
| time/                   |             |
|    fps                  | 764         |
|    iterations           | 8           |
|    time_elapsed         | 21          |
|    total_timesteps      | 16384       |
| train/                  |             |
|    approx_kl            | 0.018481351 |
|    clip_fraction        | 0.13        |
|    clip_range           | 0.2         |
|    entropy_loss         | -11.5       |
|    explained_variance   | -0.000282   |
|    learning_rate        | 0.0003      |
|    loss                 | 3.34        |
|    n_updates            | 70          |
|    policy_gradient_loss | -0.0125     |
|    std                  | 1.02        |
|    value_loss           | 10.5        |
-----------------------------------------
-----------------------------------------
| rollout/                |             |
|    ep_len_mean          | 300         |
|    ep_rew_mean          | -234        |
|    success_rate         | 0           |
| time/                   |             |
|    fps                  | 779         |
|    iterations           | 9           |
|    time_elapsed         | 23          |
|    total_timesteps      | 18432       |
| train/                  |             |
|    approx_kl            | 0.014774976 |
|    clip_fraction        | 0.091       |
|    clip_range           | 0.2         |
|    entropy_loss         | -11.5       |
|    explained_variance   | 0.0822      |
|    learning_rate        | 0.0003      |
|    loss                 | 0.0579      |
|    n_updates            | 80          |
|    policy_gradient_loss | -0.0135     |
|    std                  | 1.03        |
|    value_loss           | 4.47        |
-----------------------------------------
Eval num_timesteps=20000, episode_reward=-143.40 +/- 3.72
Episode length: 300.00 +/- 0.00
Success rate: 0.00%
------------------------------------------
| eval/                   |              |
|    mean_ep_length       | 300          |
|    mean_reward          | -143         |
|    success_rate         | 0            |
| time/                   |              |
|    total_timesteps      | 20000        |
| train/                  |              |
|    approx_kl            | 0.0126983095 |
|    clip_fraction        | 0.108        |
|    clip_range           | 0.2          |
|    entropy_loss         | -11.6        |
|    explained_variance   | 0.741        |
|    learning_rate        | 0.0003       |
|    loss                 | 0.0438       |
|    n_updates            | 90           |
|    policy_gradient_loss | -0.0129      |
|    std                  | 1.04         |
|    value_loss           | 3.15         |
------------------------------------------
New best mean reward!
---------------------------------
| rollout/           |          |
|    ep_len_mean     | 300      |
|    ep_rew_mean     | -228     |
|    success_rate    | 0        |
| time/              |          |
|    fps             | 663      |
|    iterations      | 10       |
|    time_elapsed    | 30       |
|    total_timesteps | 20480    |
---------------------------------
-----------------------------------------
| rollout/                |             |
|    ep_len_mean          | 300         |
|    ep_rew_mean          | -222        |
|    success_rate         | 0           |
| time/                   |             |
|    fps                  | 679         |
|    iterations           | 11          |
|    time_elapsed         | 33          |
|    total_timesteps      | 22528       |
| train/                  |             |
|    approx_kl            | 0.014034132 |
|    clip_fraction        | 0.151       |
|    clip_range           | 0.2         |
|    entropy_loss         | -11.7       |
|    explained_variance   | 0.908       |
|    learning_rate        | 0.0003      |
|    loss                 | 0.172       |
|    n_updates            | 100         |
|    policy_gradient_loss | -0.0181     |
|    std                  | 1.04        |
|    value_loss           | 1.24        |
-----------------------------------------
-----------------------------------------
| rollout/                |             |
|    ep_len_mean          | 300         |
|    ep_rew_mean          | -216        |
|    success_rate         | 0           |
| time/                   |             |
|    fps                  | 694         |
|    iterations           | 12          |
|    time_elapsed         | 35          |
|    total_timesteps      | 24576       |
| train/                  |             |
|    approx_kl            | 0.014014151 |
|    clip_fraction        | 0.177       |
|    clip_range           | 0.2         |
|    entropy_loss         | -11.7       |
|    explained_variance   | 0.959       |
|    learning_rate        | 0.0003      |
|    loss                 | 0.172       |
|    n_updates            | 110         |
|    policy_gradient_loss | -0.0223     |
|    std                  | 1.05        |
|    value_loss           | 0.924       |
-----------------------------------------
-----------------------------------------
| rollout/                |             |
|    ep_len_mean          | 300         |
|    ep_rew_mean          | -209        |
|    success_rate         | 0           |
| time/                   |             |
|    fps                  | 706         |
|    iterations           | 13          |
|    time_elapsed         | 37          |
|    total_timesteps      | 26624       |
| train/                  |             |
|    approx_kl            | 0.015269182 |
|    clip_fraction        | 0.19        |
|    clip_range           | 0.2         |
|    entropy_loss         | -11.7       |
|    explained_variance   | 0.977       |
|    learning_rate        | 0.0003      |
|    loss                 | 0.345       |
|    n_updates            | 120         |
|    policy_gradient_loss | -0.0227     |
|    std                  | 1.05        |
|    value_loss           | 1.24        |
-----------------------------------------
-----------------------------------------
| rollout/                |             |
|    ep_len_mean          | 300         |
|    ep_rew_mean          | -202        |
|    success_rate         | 0           |
| time/                   |             |
|    fps                  | 718         |
|    iterations           | 14          |
|    time_elapsed         | 39          |
|    total_timesteps      | 28672       |
| train/                  |             |
|    approx_kl            | 0.017156735 |
|    clip_fraction        | 0.211       |
|    clip_range           | 0.2         |
|    entropy_loss         | -11.7       |
|    explained_variance   | 0.986       |
|    learning_rate        | 0.0003      |
|    loss                 | 0.485       |
|    n_updates            | 130         |
|    policy_gradient_loss | -0.0305     |
|    std                  | 1.05        |
|    value_loss           | 1.62        |
-----------------------------------------
Eval num_timesteps=30000, episode_reward=-65.05 +/- 6.64
Episode length: 300.00 +/- 0.00
Success rate: 0.00%
-----------------------------------------
| eval/                   |             |
|    mean_ep_length       | 300         |
|    mean_reward          | -65         |
|    success_rate         | 0           |
| time/                   |             |
|    total_timesteps      | 30000       |
| train/                  |             |
|    approx_kl            | 0.017232373 |
|    clip_fraction        | 0.21        |
|    clip_range           | 0.2         |
|    entropy_loss         | -11.8       |
|    explained_variance   | 0.99        |
|    learning_rate        | 0.0003      |
|    loss                 | 0.296       |
|    n_updates            | 140         |
|    policy_gradient_loss | -0.0272     |
|    std                  | 1.05        |
|    value_loss           | 1.16        |
-----------------------------------------
New best mean reward!
---------------------------------
| rollout/           |          |
|    ep_len_mean     | 300      |
|    ep_rew_mean     | -194     |
|    success_rate    | 0        |
| time/              |          |
|    fps             | 642      |
|    iterations      | 15       |
|    time_elapsed    | 47       |
|    total_timesteps | 30720    |
---------------------------------
-----------------------------------------
| rollout/                |             |
|    ep_len_mean          | 300         |
|    ep_rew_mean          | -181        |
|    success_rate         | 0           |
| time/                   |             |
|    fps                  | 652         |
|    iterations           | 16          |
|    time_elapsed         | 50          |
|    total_timesteps      | 32768       |
| train/                  |             |
|    approx_kl            | 0.018517233 |
|    clip_fraction        | 0.216       |
|    clip_range           | 0.2         |
|    entropy_loss         | -11.8       |
|    explained_variance   | 0.992       |
|    learning_rate        | 0.0003      |
|    loss                 | 0.193       |
|    n_updates            | 150         |
|    policy_gradient_loss | -0.0266     |
|    std                  | 1.06        |
|    value_loss           | 0.865       |
-----------------------------------------
-----------------------------------------
| rollout/                |             |
|    ep_len_mean          | 300         |
|    ep_rew_mean          | -170        |
|    success_rate         | 0           |
| time/                   |             |
|    fps                  | 661         |
|    iterations           | 17          |
|    time_elapsed         | 52          |
|    total_timesteps      | 34816       |
| train/                  |             |
|    approx_kl            | 0.012284895 |
|    clip_fraction        | 0.128       |
|    clip_range           | 0.2         |
|    entropy_loss         | -11.8       |
|    explained_variance   | 0.97        |
|    learning_rate        | 0.0003      |
|    loss                 | 0.14        |
|    n_updates            | 160         |
|    policy_gradient_loss | -0.0149     |
|    std                  | 1.06        |
|    value_loss           | 0.863       |
-----------------------------------------
-----------------------------------------
| rollout/                |             |
|    ep_len_mean          | 300         |
|    ep_rew_mean          | -161        |
|    success_rate         | 0           |
| time/                   |             |
|    fps                  | 670         |
|    iterations           | 18          |
|    time_elapsed         | 54          |
|    total_timesteps      | 36864       |
| train/                  |             |
|    approx_kl            | 0.014895251 |
|    clip_fraction        | 0.15        |
|    clip_range           | 0.2         |
|    entropy_loss         | -11.8       |
|    explained_variance   | 0.981       |
|    learning_rate        | 0.0003      |
|    loss                 | -0.00856    |
|    n_updates            | 170         |
|    policy_gradient_loss | -0.017      |
|    std                  | 1.05        |
|    value_loss           | 0.683       |
-----------------------------------------
-----------------------------------------
| rollout/                |             |
|    ep_len_mean          | 300         |
|    ep_rew_mean          | -150        |
|    success_rate         | 0           |
| time/                   |             |
|    fps                  | 678         |
|    iterations           | 19          |
|    time_elapsed         | 57          |
|    total_timesteps      | 38912       |
| train/                  |             |
|    approx_kl            | 0.011378373 |
|    clip_fraction        | 0.121       |
|    clip_range           | 0.2         |
|    entropy_loss         | -11.8       |
|    explained_variance   | 0.964       |
|    learning_rate        | 0.0003      |
|    loss                 | 0.164       |
|    n_updates            | 180         |
|    policy_gradient_loss | -0.0157     |
|    std                  | 1.05        |
|    value_loss           | 0.808       |
-----------------------------------------
Eval num_timesteps=40000, episode_reward=-77.02 +/- 17.51
Episode length: 300.00 +/- 0.00
Success rate: 0.00%
-----------------------------------------
| eval/                   |             |
|    mean_ep_length       | 300         |
|    mean_reward          | -77         |
|    success_rate         | 0           |
| time/                   |             |
|    total_timesteps      | 40000       |
| train/                  |             |
|    approx_kl            | 0.016043032 |
|    clip_fraction        | 0.173       |
|    clip_range           | 0.2         |
|    entropy_loss         | -11.8       |
|    explained_variance   | 0.979       |
|    learning_rate        | 0.0003      |
|    loss                 | 0.0698      |
|    n_updates            | 190         |
|    policy_gradient_loss | -0.0214     |
|    std                  | 1.05        |
|    value_loss           | 0.496       |
-----------------------------------------
---------------------------------
| rollout/           |          |
|    ep_len_mean     | 300      |
|    ep_rew_mean     | -140     |
|    success_rate    | 0        |
| time/              |          |
|    fps             | 626      |
|    iterations      | 20       |
|    time_elapsed    | 65       |
|    total_timesteps | 40960    |
---------------------------------
-----------------------------------------
| rollout/                |             |
|    ep_len_mean          | 300         |
|    ep_rew_mean          | -130        |
|    success_rate         | 0           |
| time/                   |             |
|    fps                  | 636         |
|    iterations           | 21          |
|    time_elapsed         | 67          |
|    total_timesteps      | 43008       |
| train/                  |             |
|    approx_kl            | 0.014486289 |
|    clip_fraction        | 0.162       |
|    clip_range           | 0.2         |
|    entropy_loss         | -11.8       |
|    explained_variance   | 0.981       |
|    learning_rate        | 0.0003      |
|    loss                 | 0.181       |
|    n_updates            | 200         |
|    policy_gradient_loss | -0.0198     |
|    std                  | 1.06        |
|    value_loss           | 0.612       |
-----------------------------------------
----------------------------------------
| rollout/                |            |
|    ep_len_mean          | 300        |
|    ep_rew_mean          | -121       |
|    success_rate         | 0          |
| time/                   |            |
|    fps                  | 644        |
|    iterations           | 22         |
|    time_elapsed         | 69         |
|    total_timesteps      | 45056      |
| train/                  |            |
|    approx_kl            | 0.01410912 |
|    clip_fraction        | 0.149      |
|    clip_range           | 0.2        |
|    entropy_loss         | -11.8      |
|    explained_variance   | 0.96       |
|    learning_rate        | 0.0003     |
|    loss                 | 0.0489     |
|    n_updates            | 210        |
|    policy_gradient_loss | -0.0192    |
|    std                  | 1.06       |
|    value_loss           | 0.573      |
----------------------------------------
-----------------------------------------
| rollout/                |             |
|    ep_len_mean          | 300         |
|    ep_rew_mean          | -112        |
|    success_rate         | 0           |
| time/                   |             |
|    fps                  | 653         |
|    iterations           | 23          |
|    time_elapsed         | 72          |
|    total_timesteps      | 47104       |
| train/                  |             |
|    approx_kl            | 0.014751926 |
|    clip_fraction        | 0.165       |
|    clip_range           | 0.2         |
|    entropy_loss         | -11.8       |
|    explained_variance   | 0.981       |
|    learning_rate        | 0.0003      |
|    loss                 | 0.0544      |
|    n_updates            | 220         |
|    policy_gradient_loss | -0.0166     |
|    std                  | 1.06        |
|    value_loss           | 0.405       |
-----------------------------------------
-----------------------------------------
| rollout/                |             |
|    ep_len_mean          | 300         |
|    ep_rew_mean          | -105        |
|    success_rate         | 0           |
| time/                   |             |
|    fps                  | 661         |
|    iterations           | 24          |
|    time_elapsed         | 74          |
|    total_timesteps      | 49152       |
| train/                  |             |
|    approx_kl            | 0.014464939 |
|    clip_fraction        | 0.15        |
|    clip_range           | 0.2         |
|    entropy_loss         | -11.8       |
|    explained_variance   | 0.97        |
|    learning_rate        | 0.0003      |
|    loss                 | -0.0727     |
|    n_updates            | 230         |
|    policy_gradient_loss | -0.0163     |
|    std                  | 1.06        |
|    value_loss           | 0.425       |
-----------------------------------------
Eval num_timesteps=50000, episode_reward=-59.89 +/- 5.67
Episode length: 300.00 +/- 0.00
Success rate: 0.00%
-----------------------------------------
| eval/                   |             |
|    mean_ep_length       | 300         |
|    mean_reward          | -59.9       |
|    success_rate         | 0           |
| time/                   |             |
|    total_timesteps      | 50000       |
| train/                  |             |
|    approx_kl            | 0.013644887 |
|    clip_fraction        | 0.171       |
|    clip_range           | 0.2         |
|    entropy_loss         | -11.8       |
|    explained_variance   | 0.983       |
|    learning_rate        | 0.0003      |
|    loss                 | -0.0148     |
|    n_updates            | 240         |
|    policy_gradient_loss | -0.0175     |
|    std                  | 1.06        |
|    value_loss           | 0.28        |
-----------------------------------------
New best mean reward!
---------------------------------
| rollout/           |          |
|    ep_len_mean     | 300      |
|    ep_rew_mean     | -97.2    |
|    success_rate    | 0        |
| time/              |          |
|    fps             | 625      |
|    iterations      | 25       |
|    time_elapsed    | 81       |
|    total_timesteps | 51200    |
---------------------------------
-----------------------------------------
| rollout/                |             |
|    ep_len_mean          | 300         |
|    ep_rew_mean          | -90.5       |
|    success_rate         | 0           |
| time/                   |             |
|    fps                  | 632         |
|    iterations           | 26          |
|    time_elapsed         | 84          |
|    total_timesteps      | 53248       |
| train/                  |             |
|    approx_kl            | 0.014174204 |
|    clip_fraction        | 0.182       |
|    clip_range           | 0.2         |
|    entropy_loss         | -11.8       |
|    explained_variance   | 0.991       |
|    learning_rate        | 0.0003      |
|    loss                 | -0.0898     |
|    n_updates            | 250         |
|    policy_gradient_loss | -0.0225     |
|    std                  | 1.07        |
|    value_loss           | 0.168       |
-----------------------------------------
----------------------------------------
| rollout/                |            |
|    ep_len_mean          | 300        |
|    ep_rew_mean          | -85.7      |
|    success_rate         | 0          |
| time/                   |            |
|    fps                  | 639        |
|    iterations           | 27         |
|    time_elapsed         | 86         |
|    total_timesteps      | 55296      |
| train/                  |            |
|    approx_kl            | 0.01461073 |
|    clip_fraction        | 0.174      |
|    clip_range           | 0.2        |
|    entropy_loss         | -11.8      |
|    explained_variance   | 0.988      |
|    learning_rate        | 0.0003     |
|    loss                 | -0.0508    |
|    n_updates            | 260        |
|    policy_gradient_loss | -0.0207    |
|    std                  | 1.07       |
|    value_loss           | 0.209      |
----------------------------------------
-----------------------------------------
| rollout/                |             |
|    ep_len_mean          | 300         |
|    ep_rew_mean          | -81.4       |
|    success_rate         | 0           |
| time/                   |             |
|    fps                  | 645         |
|    iterations           | 28          |
|    time_elapsed         | 88          |
|    total_timesteps      | 57344       |
| train/                  |             |
|    approx_kl            | 0.016991057 |
|    clip_fraction        | 0.188       |
|    clip_range           | 0.2         |
|    entropy_loss         | -11.9       |
|    explained_variance   | 0.989       |
|    learning_rate        | 0.0003      |
|    loss                 | -0.0647     |
|    n_updates            | 270         |
|    policy_gradient_loss | -0.0213     |
|    std                  | 1.07        |
|    value_loss           | 0.177       |
-----------------------------------------
-----------------------------------------
| rollout/                |             |
|    ep_len_mean          | 300         |
|    ep_rew_mean          | -78.7       |
|    success_rate         | 0           |
| time/                   |             |
|    fps                  | 650         |
|    iterations           | 29          |
|    time_elapsed         | 91          |
|    total_timesteps      | 59392       |
| train/                  |             |
|    approx_kl            | 0.015243314 |
|    clip_fraction        | 0.205       |
|    clip_range           | 0.2         |
|    entropy_loss         | -11.8       |
|    explained_variance   | 0.995       |
|    learning_rate        | 0.0003      |
|    loss                 | -0.0991     |
|    n_updates            | 280         |
|    policy_gradient_loss | -0.0254     |
|    std                  | 1.07        |
|    value_loss           | 0.133       |
-----------------------------------------
Eval num_timesteps=60000, episode_reward=-45.49 +/- 4.51
Episode length: 300.00 +/- 0.00
Success rate: 0.00%
-----------------------------------------
| eval/                   |             |
|    mean_ep_length       | 300         |
|    mean_reward          | -45.5       |
|    success_rate         | 0           |
| time/                   |             |
|    total_timesteps      | 60000       |
| train/                  |             |
|    approx_kl            | 0.013146721 |
|    clip_fraction        | 0.164       |
|    clip_range           | 0.2         |
|    entropy_loss         | -11.8       |
|    explained_variance   | 0.987       |
|    learning_rate        | 0.0003      |
|    loss                 | -0.0879     |
|    n_updates            | 290         |
|    policy_gradient_loss | -0.0174     |
|    std                  | 1.07        |
|    value_loss           | 0.165       |
-----------------------------------------
New best mean reward!
---------------------------------
| rollout/           |          |
|    ep_len_mean     | 300      |
|    ep_rew_mean     | -75.7    |
|    success_rate    | 0        |
| time/              |          |
|    fps             | 619      |
|    iterations      | 30       |
|    time_elapsed    | 99       |
|    total_timesteps | 61440    |
---------------------------------
-----------------------------------------
| rollout/                |             |
|    ep_len_mean          | 300         |
|    ep_rew_mean          | -73.3       |
|    success_rate         | 0           |
| time/                   |             |
|    fps                  | 624         |
|    iterations           | 31          |
|    time_elapsed         | 101         |
|    total_timesteps      | 63488       |
| train/                  |             |
|    approx_kl            | 0.012907397 |
|    clip_fraction        | 0.144       |
|    clip_range           | 0.2         |
|    entropy_loss         | -11.8       |
|    explained_variance   | 0.994       |
|    learning_rate        | 0.0003      |
|    loss                 | -0.114      |
|    n_updates            | 300         |
|    policy_gradient_loss | -0.0187     |
|    std                  | 1.07        |
|    value_loss           | 0.14        |
-----------------------------------------
-----------------------------------------
| rollout/                |             |
|    ep_len_mean          | 299         |
|    ep_rew_mean          | -70.4       |
|    success_rate         | 0           |
| time/                   |             |
|    fps                  | 630         |
|    iterations           | 32          |
|    time_elapsed         | 103         |
|    total_timesteps      | 65536       |
| train/                  |             |
|    approx_kl            | 0.013460569 |
|    clip_fraction        | 0.166       |
|    clip_range           | 0.2         |
|    entropy_loss         | -11.8       |
|    explained_variance   | 0.988       |
|    learning_rate        | 0.0003      |
|    loss                 | -0.0838     |
|    n_updates            | 310         |
|    policy_gradient_loss | -0.0184     |
|    std                  | 1.06        |
|    value_loss           | 0.19        |
-----------------------------------------
-----------------------------------------
| rollout/                |             |
|    ep_len_mean          | 299         |
|    ep_rew_mean          | -67.8       |
|    success_rate         | 0           |
| time/                   |             |
|    fps                  | 635         |
|    iterations           | 33          |
|    time_elapsed         | 106         |
|    total_timesteps      | 67584       |
| train/                  |             |
|    approx_kl            | 0.012456456 |
|    clip_fraction        | 0.138       |
|    clip_range           | 0.2         |
|    entropy_loss         | -11.8       |
|    explained_variance   | 0.981       |
|    learning_rate        | 0.0003      |
|    loss                 | 0.338       |
|    n_updates            | 320         |
|    policy_gradient_loss | -0.0132     |
|    std                  | 1.07        |
|    value_loss           | 0.444       |
-----------------------------------------
-----------------------------------------
| rollout/                |             |
|    ep_len_mean          | 299         |
|    ep_rew_mean          | -65.4       |
|    success_rate         | 0           |
| time/                   |             |
|    fps                  | 640         |
|    iterations           | 34          |
|    time_elapsed         | 108         |
|    total_timesteps      | 69632       |
| train/                  |             |
|    approx_kl            | 0.013845293 |
|    clip_fraction        | 0.151       |
|    clip_range           | 0.2         |
|    entropy_loss         | -11.8       |
|    explained_variance   | 0.98        |
|    learning_rate        | 0.0003      |
|    loss                 | -0.0878     |
|    n_updates            | 330         |
|    policy_gradient_loss | -0.0188     |
|    std                  | 1.07        |
|    value_loss           | 0.261       |
-----------------------------------------
Eval num_timesteps=70000, episode_reward=-46.61 +/- 5.00
Episode length: 300.00 +/- 0.00
Success rate: 0.00%
----------------------------------------
| eval/                   |            |
|    mean_ep_length       | 300        |
|    mean_reward          | -46.6      |
|    success_rate         | 0          |
| time/                   |            |
|    total_timesteps      | 70000      |
| train/                  |            |
|    approx_kl            | 0.01494686 |
|    clip_fraction        | 0.168      |
|    clip_range           | 0.2        |
|    entropy_loss         | -11.8      |
|    explained_variance   | 0.995      |
|    learning_rate        | 0.0003     |
|    loss                 | -0.118     |
|    n_updates            | 340        |
|    policy_gradient_loss | -0.0204    |
|    std                  | 1.07       |
|    value_loss           | 0.0744     |
----------------------------------------
---------------------------------
| rollout/           |          |
|    ep_len_mean     | 299      |
|    ep_rew_mean     | -64.1    |
|    success_rate    | 0        |
| time/              |          |
|    fps             | 615      |
|    iterations      | 35       |
|    time_elapsed    | 116      |
|    total_timesteps | 71680    |
---------------------------------
-----------------------------------------
| rollout/                |             |
|    ep_len_mean          | 299         |
|    ep_rew_mean          | -62.7       |
|    success_rate         | 0           |
| time/                   |             |
|    fps                  | 620         |
|    iterations           | 36          |
|    time_elapsed         | 118         |
|    total_timesteps      | 73728       |
| train/                  |             |
|    approx_kl            | 0.012999281 |
|    clip_fraction        | 0.143       |
|    clip_range           | 0.2         |
|    entropy_loss         | -11.8       |
|    explained_variance   | 0.979       |
|    learning_rate        | 0.0003      |
|    loss                 | 0.0015      |
|    n_updates            | 350         |
|    policy_gradient_loss | -0.0162     |
|    std                  | 1.07        |
|    value_loss           | 0.279       |
-----------------------------------------
-----------------------------------------
| rollout/                |             |
|    ep_len_mean          | 297         |
|    ep_rew_mean          | -61.2       |
|    success_rate         | 0           |
| time/                   |             |
|    fps                  | 625         |
|    iterations           | 37          |
|    time_elapsed         | 121         |
|    total_timesteps      | 75776       |
| train/                  |             |
|    approx_kl            | 0.013883458 |
|    clip_fraction        | 0.15        |
|    clip_range           | 0.2         |
|    entropy_loss         | -11.8       |
|    explained_variance   | 0.98        |
|    learning_rate        | 0.0003      |
|    loss                 | -0.0602     |
|    n_updates            | 360         |
|    policy_gradient_loss | -0.0158     |
|    std                  | 1.07        |
|    value_loss           | 0.235       |
-----------------------------------------
------------------------------------------
| rollout/                |              |
|    ep_len_mean          | 297          |
|    ep_rew_mean          | -59.6        |
|    success_rate         | 0            |
| time/                   |              |
|    fps                  | 629          |
|    iterations           | 38           |
|    time_elapsed         | 123          |
|    total_timesteps      | 77824        |
| train/                  |              |
|    approx_kl            | 0.0153594455 |
|    clip_fraction        | 0.175        |
|    clip_range           | 0.2          |
|    entropy_loss         | -11.8        |
|    explained_variance   | 0.969        |
|    learning_rate        | 0.0003       |
|    loss                 | -0.0296      |
|    n_updates            | 370          |
|    policy_gradient_loss | -0.0185      |
|    std                  | 1.07         |
|    value_loss           | 0.395        |
------------------------------------------
-----------------------------------------
| rollout/                |             |
|    ep_len_mean          | 297         |
|    ep_rew_mean          | -58.8       |
|    success_rate         | 0           |
| time/                   |             |
|    fps                  | 633         |
|    iterations           | 39          |
|    time_elapsed         | 125         |
|    total_timesteps      | 79872       |
| train/                  |             |
|    approx_kl            | 0.014505448 |
|    clip_fraction        | 0.174       |
|    clip_range           | 0.2         |
|    entropy_loss         | -11.8       |
|    explained_variance   | 0.991       |
|    learning_rate        | 0.0003      |
|    loss                 | -0.105      |
|    n_updates            | 380         |
|    policy_gradient_loss | -0.02       |
|    std                  | 1.07        |
|    value_loss           | 0.142       |
-----------------------------------------
Eval num_timesteps=80000, episode_reward=-42.37 +/- 5.31
Episode length: 300.00 +/- 0.00
Success rate: 0.00%
-----------------------------------------
| eval/                   |             |
|    mean_ep_length       | 300         |
|    mean_reward          | -42.4       |
|    success_rate         | 0           |
| time/                   |             |
|    total_timesteps      | 80000       |
| train/                  |             |
|    approx_kl            | 0.014768008 |
|    clip_fraction        | 0.162       |
|    clip_range           | 0.2         |
|    entropy_loss         | -11.8       |
|    explained_variance   | 0.976       |
|    learning_rate        | 0.0003      |
|    loss                 | -0.0591     |
|    n_updates            | 390         |
|    policy_gradient_loss | -0.0225     |
|    std                  | 1.07        |
|    value_loss           | 0.216       |
-----------------------------------------
New best mean reward!
---------------------------------
| rollout/           |          |
|    ep_len_mean     | 297      |
|    ep_rew_mean     | -57.7    |
|    success_rate    | 0        |
| time/              |          |
|    fps             | 610      |
|    iterations      | 40       |
|    time_elapsed    | 134      |
|    total_timesteps | 81920    |
---------------------------------
-----------------------------------------
| rollout/                |             |
|    ep_len_mean          | 297         |
|    ep_rew_mean          | -56.7       |
|    success_rate         | 0           |
| time/                   |             |
|    fps                  | 615         |
|    iterations           | 41          |
|    time_elapsed         | 136         |
|    total_timesteps      | 83968       |
| train/                  |             |
|    approx_kl            | 0.015284287 |
|    clip_fraction        | 0.174       |
|    clip_range           | 0.2         |
|    entropy_loss         | -11.8       |
|    explained_variance   | 0.989       |
|    learning_rate        | 0.0003      |
|    loss                 | -0.0968     |
|    n_updates            | 400         |
|    policy_gradient_loss | -0.0211     |
|    std                  | 1.07        |
|    value_loss           | 0.112       |
-----------------------------------------
-----------------------------------------
| rollout/                |             |
|    ep_len_mean          | 297         |
|    ep_rew_mean          | -56.3       |
|    success_rate         | 0           |
| time/                   |             |
|    fps                  | 619         |
|    iterations           | 42          |
|    time_elapsed         | 138         |
|    total_timesteps      | 86016       |
| train/                  |             |
|    approx_kl            | 0.017499445 |
|    clip_fraction        | 0.182       |
|    clip_range           | 0.2         |
|    entropy_loss         | -11.8       |
|    explained_variance   | 0.991       |
|    learning_rate        | 0.0003      |
|    loss                 | -0.0763     |
|    n_updates            | 410         |
|    policy_gradient_loss | -0.0225     |
|    std                  | 1.07        |
|    value_loss           | 0.129       |
-----------------------------------------
-----------------------------------------
| rollout/                |             |
|    ep_len_mean          | 297         |
|    ep_rew_mean          | -56.7       |
|    success_rate         | 0           |
| time/                   |             |
|    fps                  | 623         |
|    iterations           | 43          |
|    time_elapsed         | 141         |
|    total_timesteps      | 88064       |
| train/                  |             |
|    approx_kl            | 0.012525811 |
|    clip_fraction        | 0.132       |
|    clip_range           | 0.2         |
|    entropy_loss         | -11.8       |
|    explained_variance   | 0.959       |
|    learning_rate        | 0.0003      |
|    loss                 | -0.0696     |
|    n_updates            | 420         |
|    policy_gradient_loss | -0.0156     |
|    std                  | 1.07        |
|    value_loss           | 0.409       |
-----------------------------------------
Eval num_timesteps=90000, episode_reward=-42.44 +/- 5.04
Episode length: 300.00 +/- 0.00
Success rate: 0.00%
----------------------------------------
| eval/                   |            |
|    mean_ep_length       | 300        |
|    mean_reward          | -42.4      |
|    success_rate         | 0          |
| time/                   |            |
|    total_timesteps      | 90000      |
| train/                  |            |
|    approx_kl            | 0.01001048 |
|    clip_fraction        | 0.0902     |
|    clip_range           | 0.2        |
|    entropy_loss         | -11.9      |
|    explained_variance   | 0.766      |
|    learning_rate        | 0.0003     |
|    loss                 | 0.238      |
|    n_updates            | 430        |
|    policy_gradient_loss | -0.013     |
|    std                  | 1.08       |
|    value_loss           | 1.67       |
----------------------------------------
---------------------------------
| rollout/           |          |
|    ep_len_mean     | 297      |
|    ep_rew_mean     | -57.8    |
|    success_rate    | 0        |
| time/              |          |
|    fps             | 604      |
|    iterations      | 44       |
|    time_elapsed    | 149      |
|    total_timesteps | 90112    |
---------------------------------
-----------------------------------------
| rollout/                |             |
|    ep_len_mean          | 297         |
|    ep_rew_mean          | -57.5       |
|    success_rate         | 0           |
| time/                   |             |
|    fps                  | 608         |
|    iterations           | 45          |
|    time_elapsed         | 151         |
|    total_timesteps      | 92160       |
| train/                  |             |
|    approx_kl            | 0.011860169 |
|    clip_fraction        | 0.0893      |
|    clip_range           | 0.2         |
|    entropy_loss         | -11.9       |
|    explained_variance   | 0.857       |
|    learning_rate        | 0.0003      |
|    loss                 | 0.0353      |
|    n_updates            | 440         |
|    policy_gradient_loss | -0.011      |
|    std                  | 1.08        |
|    value_loss           | 0.975       |
-----------------------------------------
-----------------------------------------
| rollout/                |             |
|    ep_len_mean          | 297         |
|    ep_rew_mean          | -57.6       |
|    success_rate         | 0           |
| time/                   |             |
|    fps                  | 613         |
|    iterations           | 46          |
|    time_elapsed         | 153         |
|    total_timesteps      | 94208       |
| train/                  |             |
|    approx_kl            | 0.016296338 |
|    clip_fraction        | 0.202       |
|    clip_range           | 0.2         |
|    entropy_loss         | -11.9       |
|    explained_variance   | 0.987       |
|    learning_rate        | 0.0003      |
|    loss                 | -0.0947     |
|    n_updates            | 450         |
|    policy_gradient_loss | -0.0203     |
|    std                  | 1.09        |
|    value_loss           | 0.108       |
-----------------------------------------
-----------------------------------------
| rollout/                |             |
|    ep_len_mean          | 298         |
|    ep_rew_mean          | -57.7       |
|    success_rate         | 0           |
| time/                   |             |
|    fps                  | 617         |
|    iterations           | 47          |
|    time_elapsed         | 155         |
|    total_timesteps      | 96256       |
| train/                  |             |
|    approx_kl            | 0.014626903 |
|    clip_fraction        | 0.157       |
|    clip_range           | 0.2         |
|    entropy_loss         | -12         |
|    explained_variance   | 0.984       |
|    learning_rate        | 0.0003      |
|    loss                 | -0.107      |
|    n_updates            | 460         |
|    policy_gradient_loss | -0.016      |
|    std                  | 1.09        |
|    value_loss           | 0.183       |
-----------------------------------------
-----------------------------------------
| rollout/                |             |
|    ep_len_mean          | 298         |
|    ep_rew_mean          | -57.9       |
|    success_rate         | 0           |
| time/                   |             |
|    fps                  | 620         |
|    iterations           | 48          |
|    time_elapsed         | 158         |
|    total_timesteps      | 98304       |
| train/                  |             |
|    approx_kl            | 0.015815653 |
|    clip_fraction        | 0.192       |
|    clip_range           | 0.2         |
|    entropy_loss         | -12         |
|    explained_variance   | 0.971       |
|    learning_rate        | 0.0003      |
|    loss                 | -0.0356     |
|    n_updates            | 470         |
|    policy_gradient_loss | -0.02       |
|    std                  | 1.1         |
|    value_loss           | 0.235       |
-----------------------------------------
Eval num_timesteps=100000, episode_reward=-46.53 +/- 15.73
Episode length: 300.00 +/- 0.00
Success rate: 0.00%
-----------------------------------------
| eval/                   |             |
|    mean_ep_length       | 300         |
|    mean_reward          | -46.5       |
|    success_rate         | 0           |
| time/                   |             |
|    total_timesteps      | 100000      |
| train/                  |             |
|    approx_kl            | 0.012921087 |
|    clip_fraction        | 0.148       |
|    clip_range           | 0.2         |
|    entropy_loss         | -12         |
|    explained_variance   | 0.944       |
|    learning_rate        | 0.0003      |
|    loss                 | 0.0476      |
|    n_updates            | 480         |
|    policy_gradient_loss | -0.015      |
|    std                  | 1.1         |
|    value_loss           | 0.62        |
-----------------------------------------
---------------------------------
| rollout/           |          |
|    ep_len_mean     | 298      |
|    ep_rew_mean     | -58      |
|    success_rate    | 0        |
| time/              |          |
|    fps             | 603      |
|    iterations      | 49       |
|    time_elapsed    | 166      |
|    total_timesteps | 100352   |
---------------------------------
-----------------------------------------
| rollout/                |             |
|    ep_len_mean          | 296         |
|    ep_rew_mean          | -57.4       |
|    success_rate         | 0           |
| time/                   |             |
|    fps                  | 606         |
|    iterations           | 50          |
|    time_elapsed         | 168         |
|    total_timesteps      | 102400      |
| train/                  |             |
|    approx_kl            | 0.015899193 |
|    clip_fraction        | 0.154       |
|    clip_range           | 0.2         |
|    entropy_loss         | -12         |
|    explained_variance   | 0.941       |
|    learning_rate        | 0.0003      |
|    loss                 | 0.0443      |
|    n_updates            | 490         |
|    policy_gradient_loss | -0.0161     |
|    std                  | 1.11        |
|    value_loss           | 0.885       |
-----------------------------------------
-----------------------------------------
| rollout/                |             |
|    ep_len_mean          | 297         |
|    ep_rew_mean          | -57.5       |
|    success_rate         | 0           |
| time/                   |             |
|    fps                  | 610         |
|    iterations           | 51          |
|    time_elapsed         | 171         |
|    total_timesteps      | 104448      |
| train/                  |             |
|    approx_kl            | 0.013048324 |
|    clip_fraction        | 0.148       |
|    clip_range           | 0.2         |
|    entropy_loss         | -12.1       |
|    explained_variance   | 0.912       |
|    learning_rate        | 0.0003      |
|    loss                 | 0.00554     |
|    n_updates            | 500         |
|    policy_gradient_loss | -0.0163     |
|    std                  | 1.11        |
|    value_loss           | 0.893       |
-----------------------------------------
-----------------------------------------
| rollout/                |             |
|    ep_len_mean          | 296         |
|    ep_rew_mean          | -57.2       |
|    success_rate         | 0           |
| time/                   |             |
|    fps                  | 613         |
|    iterations           | 52          |
|    time_elapsed         | 173         |
|    total_timesteps      | 106496      |
| train/                  |             |
|    approx_kl            | 0.016745742 |
|    clip_fraction        | 0.215       |
|    clip_range           | 0.2         |
|    entropy_loss         | -12.1       |
|    explained_variance   | 0.972       |
|    learning_rate        | 0.0003      |
|    loss                 | -0.108      |
|    n_updates            | 510         |
|    policy_gradient_loss | -0.0195     |
|    std                  | 1.11        |
|    value_loss           | 0.38        |
-----------------------------------------
-----------------------------------------
| rollout/                |             |
|    ep_len_mean          | 296         |
|    ep_rew_mean          | -57         |
|    success_rate         | 0           |
| time/                   |             |
|    fps                  | 617         |
|    iterations           | 53          |
|    time_elapsed         | 175         |
|    total_timesteps      | 108544      |
| train/                  |             |
|    approx_kl            | 0.013533506 |
|    clip_fraction        | 0.162       |
|    clip_range           | 0.2         |
|    entropy_loss         | -12.1       |
|    explained_variance   | 0.972       |
|    learning_rate        | 0.0003      |
|    loss                 | -0.0315     |
|    n_updates            | 520         |
|    policy_gradient_loss | -0.0182     |
|    std                  | 1.11        |
|    value_loss           | 0.399       |
-----------------------------------------
Eval num_timesteps=110000, episode_reward=-42.36 +/- 3.09
Episode length: 300.00 +/- 0.00
Success rate: 0.00%
-----------------------------------------
| eval/                   |             |
|    mean_ep_length       | 300         |
|    mean_reward          | -42.4       |
|    success_rate         | 0           |
| time/                   |             |
|    total_timesteps      | 110000      |
| train/                  |             |
|    approx_kl            | 0.019045895 |
|    clip_fraction        | 0.195       |
|    clip_range           | 0.2         |
|    entropy_loss         | -12.1       |
|    explained_variance   | 0.971       |
|    learning_rate        | 0.0003      |
|    loss                 | -0.065      |
|    n_updates            | 530         |
|    policy_gradient_loss | -0.0192     |
|    std                  | 1.12        |
|    value_loss           | 0.266       |
-----------------------------------------
New best mean reward!
---------------------------------
| rollout/           |          |
|    ep_len_mean     | 296      |
|    ep_rew_mean     | -57.3    |
|    success_rate    | 0        |
| time/              |          |
|    fps             | 602      |
|    iterations      | 54       |
|    time_elapsed    | 183      |
|    total_timesteps | 110592   |
---------------------------------
-----------------------------------------
| rollout/                |             |
|    ep_len_mean          | 296         |
|    ep_rew_mean          | -57.4       |
|    success_rate         | 0           |
| time/                   |             |
|    fps                  | 605         |
|    iterations           | 55          |
|    time_elapsed         | 185         |
|    total_timesteps      | 112640      |
| train/                  |             |
|    approx_kl            | 0.015738823 |
|    clip_fraction        | 0.156       |
|    clip_range           | 0.2         |
|    entropy_loss         | -12.2       |
|    explained_variance   | 0.934       |
|    learning_rate        | 0.0003      |
|    loss                 | -0.0409     |
|    n_updates            | 540         |
|    policy_gradient_loss | -0.013      |
|    std                  | 1.13        |
|    value_loss           | 0.551       |
-----------------------------------------
-----------------------------------------
| rollout/                |             |
|    ep_len_mean          | 297         |
|    ep_rew_mean          | -57.5       |
|    success_rate         | 0           |
| time/                   |             |
|    fps                  | 609         |
|    iterations           | 56          |
|    time_elapsed         | 188         |
|    total_timesteps      | 114688      |
| train/                  |             |
|    approx_kl            | 0.016934564 |
|    clip_fraction        | 0.204       |
|    clip_range           | 0.2         |
|    entropy_loss         | -12.3       |
|    explained_variance   | 0.992       |
|    learning_rate        | 0.0003      |
|    loss                 | -0.0993     |
|    n_updates            | 550         |
|    policy_gradient_loss | -0.022      |
|    std                  | 1.14        |
|    value_loss           | 0.107       |
-----------------------------------------
-----------------------------------------
| rollout/                |             |
|    ep_len_mean          | 295         |
|    ep_rew_mean          | -55.8       |
|    success_rate         | 0           |
| time/                   |             |
|    fps                  | 612         |
|    iterations           | 57          |
|    time_elapsed         | 190         |
|    total_timesteps      | 116736      |
| train/                  |             |
|    approx_kl            | 0.013992459 |
|    clip_fraction        | 0.163       |
|    clip_range           | 0.2         |
|    entropy_loss         | -12.3       |
|    explained_variance   | 0.986       |
|    learning_rate        | 0.0003      |
|    loss                 | -0.0822     |
|    n_updates            | 560         |
|    policy_gradient_loss | -0.0172     |
|    std                  | 1.14        |
|    value_loss           | 0.146       |
-----------------------------------------
-----------------------------------------
| rollout/                |             |
|    ep_len_mean          | 295         |
|    ep_rew_mean          | -55.6       |
|    success_rate         | 0           |
| time/                   |             |
|    fps                  | 615         |
|    iterations           | 58          |
|    time_elapsed         | 192         |
|    total_timesteps      | 118784      |
| train/                  |             |
|    approx_kl            | 0.012826672 |
|    clip_fraction        | 0.142       |
|    clip_range           | 0.2         |
|    entropy_loss         | -12.3       |
|    explained_variance   | 0.921       |
|    learning_rate        | 0.0003      |
|    loss                 | 0.112       |
|    n_updates            | 570         |
|    policy_gradient_loss | -0.014      |
|    std                  | 1.14        |
|    value_loss           | 0.865       |
-----------------------------------------
Eval num_timesteps=120000, episode_reward=-41.44 +/- 4.65
Episode length: 300.00 +/- 0.00
Success rate: 0.00%
----------------------------------------
| eval/                   |            |
|    mean_ep_length       | 300        |
|    mean_reward          | -41.4      |
|    success_rate         | 0          |
| time/                   |            |
|    total_timesteps      | 120000     |
| train/                  |            |
|    approx_kl            | 0.01158571 |
|    clip_fraction        | 0.114      |
|    clip_range           | 0.2        |
|    entropy_loss         | -12.3      |
|    explained_variance   | 0.946      |
|    learning_rate        | 0.0003     |
|    loss                 | 0.761      |
|    n_updates            | 580        |
|    policy_gradient_loss | -0.0137    |
|    std                  | 1.15       |
|    value_loss           | 1.77       |
----------------------------------------
New best mean reward!
---------------------------------
| rollout/           |          |
|    ep_len_mean     | 295      |
|    ep_rew_mean     | -55.6    |
|    success_rate    | 0        |
| time/              |          |
|    fps             | 601      |
|    iterations      | 59       |
|    time_elapsed    | 200      |
|    total_timesteps | 120832   |
---------------------------------
-----------------------------------------
| rollout/                |             |
|    ep_len_mean          | 295         |
|    ep_rew_mean          | -55.6       |
|    success_rate         | 0           |
| time/                   |             |
|    fps                  | 604         |
|    iterations           | 60          |
|    time_elapsed         | 203         |
|    total_timesteps      | 122880      |
| train/                  |             |
|    approx_kl            | 0.011858903 |
|    clip_fraction        | 0.129       |
|    clip_range           | 0.2         |
|    entropy_loss         | -12.3       |
|    explained_variance   | 0.958       |
|    learning_rate        | 0.0003      |
|    loss                 | 0.14        |
|    n_updates            | 590         |
|    policy_gradient_loss | -0.0153     |
|    std                  | 1.15        |
|    value_loss           | 1.18        |
-----------------------------------------
-----------------------------------------
| rollout/                |             |
|    ep_len_mean          | 295         |
|    ep_rew_mean          | -55.2       |
|    success_rate         | 0           |
| time/                   |             |
|    fps                  | 607         |
|    iterations           | 61          |
|    time_elapsed         | 205         |
|    total_timesteps      | 124928      |
| train/                  |             |
|    approx_kl            | 0.015130391 |
|    clip_fraction        | 0.201       |
|    clip_range           | 0.2         |
|    entropy_loss         | -12.3       |
|    explained_variance   | 0.986       |
|    learning_rate        | 0.0003      |
|    loss                 | -0.105      |
|    n_updates            | 600         |
|    policy_gradient_loss | -0.0158     |
|    std                  | 1.15        |
|    value_loss           | 0.121       |
-----------------------------------------
----------------------------------------
| rollout/                |            |
|    ep_len_mean          | 295        |
|    ep_rew_mean          | -54.9      |
|    success_rate         | 0          |
| time/                   |            |
|    fps                  | 610        |
|    iterations           | 62         |
|    time_elapsed         | 207        |
|    total_timesteps      | 126976     |
| train/                  |            |
|    approx_kl            | 0.01719845 |
|    clip_fraction        | 0.178      |
|    clip_range           | 0.2        |
|    entropy_loss         | -12.3      |
|    explained_variance   | 0.962      |
|    learning_rate        | 0.0003     |
|    loss                 | 0.188      |
|    n_updates            | 610        |
|    policy_gradient_loss | -0.0176    |
|    std                  | 1.15       |
|    value_loss           | 0.559      |
----------------------------------------
----------------------------------------
| rollout/                |            |
|    ep_len_mean          | 295        |
|    ep_rew_mean          | -54.3      |
|    success_rate         | 0          |
| time/                   |            |
|    fps                  | 613        |
|    iterations           | 63         |
|    time_elapsed         | 210        |
|    total_timesteps      | 129024     |
| train/                  |            |
|    approx_kl            | 0.01551703 |
|    clip_fraction        | 0.192      |
|    clip_range           | 0.2        |
|    entropy_loss         | -12.3      |
|    explained_variance   | 0.992      |
|    learning_rate        | 0.0003     |
|    loss                 | -0.095     |
|    n_updates            | 620        |
|    policy_gradient_loss | -0.0156    |
|    std                  | 1.15       |
|    value_loss           | 0.0558     |
----------------------------------------
Eval num_timesteps=130000, episode_reward=-44.49 +/- 2.54
Episode length: 299.45 +/- 2.40
Success rate: 0.00%
-----------------------------------------
| eval/                   |             |
|    mean_ep_length       | 299         |
|    mean_reward          | -44.5       |
|    success_rate         | 0           |
| time/                   |             |
|    total_timesteps      | 130000      |
| train/                  |             |
|    approx_kl            | 0.016452707 |
|    clip_fraction        | 0.211       |
|    clip_range           | 0.2         |
|    entropy_loss         | -12.3       |
|    explained_variance   | 0.988       |
|    learning_rate        | 0.0003      |
|    loss                 | -0.0913     |
|    n_updates            | 630         |
|    policy_gradient_loss | -0.0217     |
|    std                  | 1.15        |
|    value_loss           | 0.181       |
-----------------------------------------
---------------------------------
| rollout/           |          |
|    ep_len_mean     | 297      |
|    ep_rew_mean     | -54.1    |
|    success_rate    | 0        |
| time/              |          |
|    fps             | 600      |
|    iterations      | 64       |
|    time_elapsed    | 218      |
|    total_timesteps | 131072   |
---------------------------------
-----------------------------------------
| rollout/                |             |
|    ep_len_mean          | 297         |
|    ep_rew_mean          | -54.3       |
|    success_rate         | 0           |
| time/                   |             |
|    fps                  | 603         |
|    iterations           | 65          |
|    time_elapsed         | 220         |
|    total_timesteps      | 133120      |
| train/                  |             |
|    approx_kl            | 0.016505875 |
|    clip_fraction        | 0.212       |
|    clip_range           | 0.2         |
|    entropy_loss         | -12.4       |
|    explained_variance   | 0.99        |
|    learning_rate        | 0.0003      |
|    loss                 | -0.128      |
|    n_updates            | 640         |
|    policy_gradient_loss | -0.0193     |
|    std                  | 1.16        |
|    value_loss           | 0.0932      |
-----------------------------------------
-----------------------------------------
| rollout/                |             |
|    ep_len_mean          | 297         |
|    ep_rew_mean          | -54         |
|    success_rate         | 0           |
| time/                   |             |
|    fps                  | 606         |
|    iterations           | 66          |
|    time_elapsed         | 223         |
|    total_timesteps      | 135168      |
| train/                  |             |
|    approx_kl            | 0.014387801 |
|    clip_fraction        | 0.161       |
|    clip_range           | 0.2         |
|    entropy_loss         | -12.4       |
|    explained_variance   | 0.983       |
|    learning_rate        | 0.0003      |
|    loss                 | -0.0543     |
|    n_updates            | 650         |
|    policy_gradient_loss | -0.0176     |
|    std                  | 1.16        |
|    value_loss           | 0.229       |
-----------------------------------------
-----------------------------------------
| rollout/                |             |
|    ep_len_mean          | 297         |
|    ep_rew_mean          | -53.9       |
|    success_rate         | 0           |
| time/                   |             |
|    fps                  | 608         |
|    iterations           | 67          |
|    time_elapsed         | 225         |
|    total_timesteps      | 137216      |
| train/                  |             |
|    approx_kl            | 0.012807327 |
|    clip_fraction        | 0.132       |
|    clip_range           | 0.2         |
|    entropy_loss         | -12.4       |
|    explained_variance   | 0.976       |
|    learning_rate        | 0.0003      |
|    loss                 | 0.247       |
|    n_updates            | 660         |
|    policy_gradient_loss | -0.0154     |
|    std                  | 1.16        |
|    value_loss           | 0.555       |
-----------------------------------------
-----------------------------------------
| rollout/                |             |
|    ep_len_mean          | 297         |
|    ep_rew_mean          | -53.9       |
|    success_rate         | 0           |
| time/                   |             |
|    fps                  | 611         |
|    iterations           | 68          |
|    time_elapsed         | 227         |
|    total_timesteps      | 139264      |
| train/                  |             |
|    approx_kl            | 0.013154758 |
|    clip_fraction        | 0.153       |
|    clip_range           | 0.2         |
|    entropy_loss         | -12.4       |
|    explained_variance   | 0.977       |
|    learning_rate        | 0.0003      |
|    loss                 | -0.0189     |
|    n_updates            | 670         |
|    policy_gradient_loss | -0.0147     |
|    std                  | 1.16        |
|    value_loss           | 0.316       |
-----------------------------------------
Eval num_timesteps=140000, episode_reward=-42.14 +/- 3.82
Episode length: 300.00 +/- 0.00
Success rate: 0.00%
-----------------------------------------
| eval/                   |             |
|    mean_ep_length       | 300         |
|    mean_reward          | -42.1       |
|    success_rate         | 0           |
| time/                   |             |
|    total_timesteps      | 140000      |
| train/                  |             |
|    approx_kl            | 0.017066492 |
|    clip_fraction        | 0.203       |
|    clip_range           | 0.2         |
|    entropy_loss         | -12.3       |
|    explained_variance   | 0.991       |
|    learning_rate        | 0.0003      |
|    loss                 | -0.106      |
|    n_updates            | 680         |
|    policy_gradient_loss | -0.0173     |
|    std                  | 1.15        |
|    value_loss           | 0.108       |
-----------------------------------------
---------------------------------
| rollout/           |          |
|    ep_len_mean     | 297      |
|    ep_rew_mean     | -53.8    |
|    success_rate    | 0        |
| time/              |          |
|    fps             | 599      |
|    iterations      | 69       |
|    time_elapsed    | 235      |
|    total_timesteps | 141312   |
---------------------------------
------------------------------------------
| rollout/                |              |
|    ep_len_mean          | 297          |
|    ep_rew_mean          | -53.4        |
|    success_rate         | 0            |
| time/                   |              |
|    fps                  | 601          |
|    iterations           | 70           |
|    time_elapsed         | 238          |
|    total_timesteps      | 143360       |
| train/                  |              |
|    approx_kl            | 0.0132063925 |
|    clip_fraction        | 0.126        |
|    clip_range           | 0.2          |
|    entropy_loss         | -12.3        |
|    explained_variance   | 0.957        |
|    learning_rate        | 0.0003       |
|    loss                 | 0.0539       |
|    n_updates            | 690          |
|    policy_gradient_loss | -0.012       |
|    std                  | 1.16         |
|    value_loss           | 0.648        |
------------------------------------------
----------------------------------------
| rollout/                |            |
|    ep_len_mean          | 297        |
|    ep_rew_mean          | -53.2      |
|    success_rate         | 0          |
| time/                   |            |
|    fps                  | 604        |
|    iterations           | 71         |
|    time_elapsed         | 240        |
|    total_timesteps      | 145408     |
| train/                  |            |
|    approx_kl            | 0.01387375 |
|    clip_fraction        | 0.177      |
|    clip_range           | 0.2        |
|    entropy_loss         | -12.4      |
|    explained_variance   | 0.991      |
|    learning_rate        | 0.0003     |
|    loss                 | -0.129     |
|    n_updates            | 700        |
|    policy_gradient_loss | -0.0173    |
|    std                  | 1.16       |
|    value_loss           | 0.0671     |
----------------------------------------
-----------------------------------------
| rollout/                |             |
|    ep_len_mean          | 298         |
|    ep_rew_mean          | -53.4       |
|    success_rate         | 0           |
| time/                   |             |
|    fps                  | 607         |
|    iterations           | 72          |
|    time_elapsed         | 242         |
|    total_timesteps      | 147456      |
| train/                  |             |
|    approx_kl            | 0.014255679 |
|    clip_fraction        | 0.146       |
|    clip_range           | 0.2         |
|    entropy_loss         | -12.4       |
|    explained_variance   | 0.973       |
|    learning_rate        | 0.0003      |
|    loss                 | 0.462       |
|    n_updates            | 710         |
|    policy_gradient_loss | -0.0149     |
|    std                  | 1.16        |
|    value_loss           | 0.886       |
-----------------------------------------
-----------------------------------------
| rollout/                |             |
|    ep_len_mean          | 298         |
|    ep_rew_mean          | -52.3       |
|    success_rate         | 0           |
| time/                   |             |
|    fps                  | 609         |
|    iterations           | 73          |
|    time_elapsed         | 245         |
|    total_timesteps      | 149504      |
| train/                  |             |
|    approx_kl            | 0.014983313 |
|    clip_fraction        | 0.158       |
|    clip_range           | 0.2         |
|    entropy_loss         | -12.4       |
|    explained_variance   | 0.967       |
|    learning_rate        | 0.0003      |
|    loss                 | -0.0587     |
|    n_updates            | 720         |
|    policy_gradient_loss | -0.0173     |
|    std                  | 1.16        |
|    value_loss           | 0.841       |
-----------------------------------------
Eval num_timesteps=150000, episode_reward=-40.00 +/- 4.27
Episode length: 300.00 +/- 0.00
Success rate: 0.00%
-----------------------------------------
| eval/                   |             |
|    mean_ep_length       | 300         |
|    mean_reward          | -40         |
|    success_rate         | 0           |
| time/                   |             |
|    total_timesteps      | 150000      |
| train/                  |             |
|    approx_kl            | 0.015489781 |
|    clip_fraction        | 0.184       |
|    clip_range           | 0.2         |
|    entropy_loss         | -12.4       |
|    explained_variance   | 0.987       |
|    learning_rate        | 0.0003      |
|    loss                 | -0.0958     |
|    n_updates            | 730         |
|    policy_gradient_loss | -0.0143     |
|    std                  | 1.16        |
|    value_loss           | 0.096       |
-----------------------------------------
New best mean reward!
---------------------------------
| rollout/           |          |
|    ep_len_mean     | 298      |
|    ep_rew_mean     | -52.2    |
|    success_rate    | 0        |
| time/              |          |
|    fps             | 597      |
|    iterations      | 74       |
|    time_elapsed    | 253      |
|    total_timesteps | 151552   |
---------------------------------
------------------------------------------
| rollout/                |              |
|    ep_len_mean          | 297          |
|    ep_rew_mean          | -52.2        |
|    success_rate         | 0            |
| time/                   |              |
|    fps                  | 599          |
|    iterations           | 75           |
|    time_elapsed         | 256          |
|    total_timesteps      | 153600       |
| train/                  |              |
|    approx_kl            | 0.0135874795 |
|    clip_fraction        | 0.167        |
|    clip_range           | 0.2          |
|    entropy_loss         | -12.4        |
|    explained_variance   | 0.976        |
|    learning_rate        | 0.0003       |
|    loss                 | -0.0663      |
|    n_updates            | 740          |
|    policy_gradient_loss | -0.0182      |
|    std                  | 1.16         |
|    value_loss           | 0.19         |
------------------------------------------
-----------------------------------------
| rollout/                |             |
|    ep_len_mean          | 295         |
|    ep_rew_mean          | -52.2       |
|    success_rate         | 0           |
| time/                   |             |
|    fps                  | 601         |
|    iterations           | 76          |
|    time_elapsed         | 258         |
|    total_timesteps      | 155648      |
| train/                  |             |
|    approx_kl            | 0.009622276 |
|    clip_fraction        | 0.0937      |
|    clip_range           | 0.2         |
|    entropy_loss         | -12.4       |
|    explained_variance   | 0.959       |
|    learning_rate        | 0.0003      |
|    loss                 | 0.353       |
|    n_updates            | 750         |
|    policy_gradient_loss | -0.0123     |
|    std                  | 1.16        |
|    value_loss           | 1.69        |
-----------------------------------------
-----------------------------------------
| rollout/                |             |
|    ep_len_mean          | 295         |
|    ep_rew_mean          | -52.1       |
|    success_rate         | 0           |
| time/                   |             |
|    fps                  | 603         |
|    iterations           | 77          |
|    time_elapsed         | 261         |
|    total_timesteps      | 157696      |
| train/                  |             |
|    approx_kl            | 0.012241485 |
|    clip_fraction        | 0.154       |
|    clip_range           | 0.2         |
|    entropy_loss         | -12.4       |
|    explained_variance   | 0.97        |
|    learning_rate        | 0.0003      |
|    loss                 | 0.0146      |
|    n_updates            | 760         |
|    policy_gradient_loss | -0.0134     |
|    std                  | 1.16        |
|    value_loss           | 0.501       |
-----------------------------------------
-----------------------------------------
| rollout/                |             |
|    ep_len_mean          | 295         |
|    ep_rew_mean          | -51.6       |
|    success_rate         | 0           |
| time/                   |             |
|    fps                  | 605         |
|    iterations           | 78          |
|    time_elapsed         | 263         |
|    total_timesteps      | 159744      |
| train/                  |             |
|    approx_kl            | 0.016867958 |
|    clip_fraction        | 0.203       |
|    clip_range           | 0.2         |
|    entropy_loss         | -12.4       |
|    explained_variance   | 0.99        |
|    learning_rate        | 0.0003      |
|    loss                 | -0.0897     |
|    n_updates            | 770         |
|    policy_gradient_loss | -0.0167     |
|    std                  | 1.16        |
|    value_loss           | 0.116       |
-----------------------------------------
Eval num_timesteps=160000, episode_reward=-43.67 +/- 5.69
Episode length: 300.00 +/- 0.00
Success rate: 0.00%
----------------------------------------
| eval/                   |            |
|    mean_ep_length       | 300        |
|    mean_reward          | -43.7      |
|    success_rate         | 0          |
| time/                   |            |
|    total_timesteps      | 160000     |
| train/                  |            |
|    approx_kl            | 0.01412406 |
|    clip_fraction        | 0.178      |
|    clip_range           | 0.2        |
|    entropy_loss         | -12.4      |
|    explained_variance   | 0.988      |
|    learning_rate        | 0.0003     |
|    loss                 | -0.111     |
|    n_updates            | 780        |
|    policy_gradient_loss | -0.017     |
|    std                  | 1.17       |
|    value_loss           | 0.11       |
----------------------------------------
---------------------------------
| rollout/           |          |
|    ep_len_mean     | 292      |
|    ep_rew_mean     | -50.8    |
|    success_rate    | 0        |
| time/              |          |
|    fps             | 594      |
|    iterations      | 79       |
|    time_elapsed    | 272      |
|    total_timesteps | 161792   |
---------------------------------
-----------------------------------------
| rollout/                |             |
|    ep_len_mean          | 294         |
|    ep_rew_mean          | -50.5       |
|    success_rate         | 0           |
| time/                   |             |
|    fps                  | 596         |
|    iterations           | 80          |
|    time_elapsed         | 274         |
|    total_timesteps      | 163840      |
| train/                  |             |
|    approx_kl            | 0.016188812 |
|    clip_fraction        | 0.187       |
|    clip_range           | 0.2         |
|    entropy_loss         | -12.4       |
|    explained_variance   | 0.976       |
|    learning_rate        | 0.0003      |
|    loss                 | -0.0458     |
|    n_updates            | 790         |
|    policy_gradient_loss | -0.0219     |
|    std                  | 1.17        |
|    value_loss           | 0.37        |
-----------------------------------------
-----------------------------------------
| rollout/                |             |
|    ep_len_mean          | 292         |
|    ep_rew_mean          | -50.1       |
|    success_rate         | 0           |
| time/                   |             |
|    fps                  | 598         |
|    iterations           | 81          |
|    time_elapsed         | 277         |
|    total_timesteps      | 165888      |
| train/                  |             |
|    approx_kl            | 0.016852193 |
|    clip_fraction        | 0.185       |
|    clip_range           | 0.2         |
|    entropy_loss         | -12.4       |
|    explained_variance   | 0.988       |
|    learning_rate        | 0.0003      |
|    loss                 | -0.106      |
|    n_updates            | 800         |
|    policy_gradient_loss | -0.0181     |
|    std                  | 1.17        |
|    value_loss           | 0.137       |
-----------------------------------------
-----------------------------------------
| rollout/                |             |
|    ep_len_mean          | 287         |
|    ep_rew_mean          | -49.5       |
|    success_rate         | 0           |
| time/                   |             |
|    fps                  | 599         |
|    iterations           | 82          |
|    time_elapsed         | 279         |
|    total_timesteps      | 167936      |
| train/                  |             |
|    approx_kl            | 0.016676158 |
|    clip_fraction        | 0.201       |
|    clip_range           | 0.2         |
|    entropy_loss         | -12.4       |
|    explained_variance   | 0.983       |
|    learning_rate        | 0.0003      |
|    loss                 | -0.0622     |
|    n_updates            | 810         |
|    policy_gradient_loss | -0.0203     |
|    std                  | 1.17        |
|    value_loss           | 0.222       |
-----------------------------------------
-----------------------------------------
| rollout/                |             |
|    ep_len_mean          | 285         |
|    ep_rew_mean          | -49         |
|    success_rate         | 0           |
| time/                   |             |
|    fps                  | 601         |
|    iterations           | 83          |
|    time_elapsed         | 282         |
|    total_timesteps      | 169984      |
| train/                  |             |
|    approx_kl            | 0.017645499 |
|    clip_fraction        | 0.208       |
|    clip_range           | 0.2         |
|    entropy_loss         | -12.4       |
|    explained_variance   | 0.978       |
|    learning_rate        | 0.0003      |
|    loss                 | -0.0484     |
|    n_updates            | 820         |
|    policy_gradient_loss | -0.0207     |
|    std                  | 1.18        |
|    value_loss           | 0.369       |
-----------------------------------------
Eval num_timesteps=170000, episode_reward=-47.46 +/- 8.02
Episode length: 300.00 +/- 0.00
Success rate: 0.00%
------------------------------------------
| eval/                   |              |
|    mean_ep_length       | 300          |
|    mean_reward          | -47.5        |
|    success_rate         | 0            |
| time/                   |              |
|    total_timesteps      | 170000       |
| train/                  |              |
|    approx_kl            | 0.0139509905 |
|    clip_fraction        | 0.122        |
|    clip_range           | 0.2          |
|    entropy_loss         | -12.5        |
|    explained_variance   | 0.926        |
|    learning_rate        | 0.0003       |
|    loss                 | 0.14         |
|    n_updates            | 830          |
|    policy_gradient_loss | -0.0119      |
|    std                  | 1.18         |
|    value_loss           | 1.18         |
------------------------------------------
---------------------------------
| rollout/           |          |
|    ep_len_mean     | 285      |
|    ep_rew_mean     | -49      |
|    success_rate    | 0        |
| time/              |          |
|    fps             | 592      |
|    iterations      | 84       |
|    time_elapsed    | 290      |
|    total_timesteps | 172032   |
---------------------------------
-----------------------------------------
| rollout/                |             |
|    ep_len_mean          | 283         |
|    ep_rew_mean          | -48.6       |
|    success_rate         | 0           |
| time/                   |             |
|    fps                  | 594         |
|    iterations           | 85          |
|    time_elapsed         | 292         |
|    total_timesteps      | 174080      |
| train/                  |             |
|    approx_kl            | 0.018159032 |
|    clip_fraction        | 0.222       |
|    clip_range           | 0.2         |
|    entropy_loss         | -12.5       |
|    explained_variance   | 0.983       |
|    learning_rate        | 0.0003      |
|    loss                 | -0.091      |
|    n_updates            | 840         |
|    policy_gradient_loss | -0.0215     |
|    std                  | 1.18        |
|    value_loss           | 0.131       |
-----------------------------------------
-----------------------------------------
| rollout/                |             |
|    ep_len_mean          | 283         |
|    ep_rew_mean          | -47.9       |
|    success_rate         | 0           |
| time/                   |             |
|    fps                  | 597         |
|    iterations           | 86          |
|    time_elapsed         | 294         |
|    total_timesteps      | 176128      |
| train/                  |             |
|    approx_kl            | 0.014843944 |
|    clip_fraction        | 0.181       |
|    clip_range           | 0.2         |
|    entropy_loss         | -12.5       |
|    explained_variance   | 0.978       |
|    learning_rate        | 0.0003      |
|    loss                 | 0.106       |
|    n_updates            | 850         |
|    policy_gradient_loss | -0.0202     |
|    std                  | 1.18        |
|    value_loss           | 0.314       |
-----------------------------------------
-----------------------------------------
| rollout/                |             |
|    ep_len_mean          | 280         |
|    ep_rew_mean          | -47.5       |
|    success_rate         | 0           |
| time/                   |             |
|    fps                  | 599         |
|    iterations           | 87          |
|    time_elapsed         | 297         |
|    total_timesteps      | 178176      |
| train/                  |             |
|    approx_kl            | 0.013305996 |
|    clip_fraction        | 0.141       |
|    clip_range           | 0.2         |
|    entropy_loss         | -12.5       |
|    explained_variance   | 0.923       |
|    learning_rate        | 0.0003      |
|    loss                 | 0.0946      |
|    n_updates            | 860         |
|    policy_gradient_loss | -0.0121     |
|    std                  | 1.19        |
|    value_loss           | 0.636       |
-----------------------------------------
Eval num_timesteps=180000, episode_reward=-42.96 +/- 4.02
Episode length: 300.00 +/- 0.00
Success rate: 0.00%
-----------------------------------------
| eval/                   |             |
|    mean_ep_length       | 300         |
|    mean_reward          | -43         |
|    success_rate         | 0           |
| time/                   |             |
|    total_timesteps      | 180000      |
| train/                  |             |
|    approx_kl            | 0.014311673 |
|    clip_fraction        | 0.198       |
|    clip_range           | 0.2         |
|    entropy_loss         | -12.5       |
|    explained_variance   | 0.974       |
|    learning_rate        | 0.0003      |
|    loss                 | -0.11       |
|    n_updates            | 870         |
|    policy_gradient_loss | -0.0154     |
|    std                  | 1.18        |
|    value_loss           | 0.34        |
-----------------------------------------
---------------------------------
| rollout/           |          |
|    ep_len_mean     | 280      |
|    ep_rew_mean     | -46.9    |
|    success_rate    | 0        |
| time/              |          |
|    fps             | 591      |
|    iterations      | 88       |
|    time_elapsed    | 304      |
|    total_timesteps | 180224   |
---------------------------------
----------------------------------------
| rollout/                |            |
|    ep_len_mean          | 281        |
|    ep_rew_mean          | -46.4      |
|    success_rate         | 0          |
| time/                   |            |
|    fps                  | 593        |
|    iterations           | 89         |
|    time_elapsed         | 307        |
|    total_timesteps      | 182272     |
| train/                  |            |
|    approx_kl            | 0.01341451 |
|    clip_fraction        | 0.139      |
|    clip_range           | 0.2        |
|    entropy_loss         | -12.5      |
|    explained_variance   | 0.904      |
|    learning_rate        | 0.0003     |
|    loss                 | -0.0152    |
|    n_updates            | 880        |
|    policy_gradient_loss | -0.0102    |
|    std                  | 1.19       |
|    value_loss           | 0.592      |
----------------------------------------
----------------------------------------
| rollout/                |            |
|    ep_len_mean          | 283        |
|    ep_rew_mean          | -46.7      |
|    success_rate         | 0          |
| time/                   |            |
|    fps                  | 595        |
|    iterations           | 90         |
|    time_elapsed         | 309        |
|    total_timesteps      | 184320     |
| train/                  |            |
|    approx_kl            | 0.01521115 |
|    clip_fraction        | 0.19       |
|    clip_range           | 0.2        |
|    entropy_loss         | -12.6      |
|    explained_variance   | 0.977      |
|    learning_rate        | 0.0003     |
|    loss                 | -0.091     |
|    n_updates            | 890        |
|    policy_gradient_loss | -0.0149    |
|    std                  | 1.19       |
|    value_loss           | 0.269      |
----------------------------------------
-----------------------------------------
| rollout/                |             |
|    ep_len_mean          | 283         |
|    ep_rew_mean          | -46.5       |
|    success_rate         | 0           |
| time/                   |             |
|    fps                  | 597         |
|    iterations           | 91          |
|    time_elapsed         | 311         |
|    total_timesteps      | 186368      |
| train/                  |             |
|    approx_kl            | 0.010960162 |
|    clip_fraction        | 0.126       |
|    clip_range           | 0.2         |
|    entropy_loss         | -12.6       |
|    explained_variance   | 0.957       |
|    learning_rate        | 0.0003      |
|    loss                 | 0.2         |
|    n_updates            | 900         |
|    policy_gradient_loss | -0.0122     |
|    std                  | 1.2         |
|    value_loss           | 0.595       |
-----------------------------------------
-----------------------------------------
| rollout/                |             |
|    ep_len_mean          | 283         |
|    ep_rew_mean          | -46.9       |
|    success_rate         | 0           |
| time/                   |             |
|    fps                  | 599         |
|    iterations           | 92          |
|    time_elapsed         | 314         |
|    total_timesteps      | 188416      |
| train/                  |             |
|    approx_kl            | 0.016313788 |
|    clip_fraction        | 0.205       |
|    clip_range           | 0.2         |
|    entropy_loss         | -12.6       |
|    explained_variance   | 0.99        |
|    learning_rate        | 0.0003      |
|    loss                 | -0.139      |
|    n_updates            | 910         |
|    policy_gradient_loss | -0.0169     |
|    std                  | 1.2         |
|    value_loss           | 0.102       |
-----------------------------------------
Eval num_timesteps=190000, episode_reward=-42.41 +/- 5.36
Episode length: 300.00 +/- 0.00
Success rate: 0.00%
------------------------------------------
| eval/                   |              |
|    mean_ep_length       | 300          |
|    mean_reward          | -42.4        |
|    success_rate         | 0            |
| time/                   |              |
|    total_timesteps      | 190000       |
| train/                  |              |
|    approx_kl            | 0.0139177255 |
|    clip_fraction        | 0.167        |
|    clip_range           | 0.2          |
|    entropy_loss         | -12.6        |
|    explained_variance   | 0.933        |
|    learning_rate        | 0.0003       |
|    loss                 | 0.0508       |
|    n_updates            | 920          |
|    policy_gradient_loss | -0.0158      |
|    std                  | 1.2          |
|    value_loss           | 0.541        |
------------------------------------------
---------------------------------
| rollout/           |          |
|    ep_len_mean     | 284      |
|    ep_rew_mean     | -47      |
|    success_rate    | 0        |
| time/              |          |
|    fps             | 591      |
|    iterations      | 93       |
|    time_elapsed    | 322      |
|    total_timesteps | 190464   |
---------------------------------
-----------------------------------------
| rollout/                |             |
|    ep_len_mean          | 283         |
|    ep_rew_mean          | -46.8       |
|    success_rate         | 0           |
| time/                   |             |
|    fps                  | 593         |
|    iterations           | 94          |
|    time_elapsed         | 324         |
|    total_timesteps      | 192512      |
| train/                  |             |
|    approx_kl            | 0.016565239 |
|    clip_fraction        | 0.206       |
|    clip_range           | 0.2         |
|    entropy_loss         | -12.6       |
|    explained_variance   | 0.977       |
|    learning_rate        | 0.0003      |
|    loss                 | -0.0934     |
|    n_updates            | 930         |
|    policy_gradient_loss | -0.0212     |
|    std                  | 1.2         |
|    value_loss           | 0.216       |
-----------------------------------------
-----------------------------------------
| rollout/                |             |
|    ep_len_mean          | 285         |
|    ep_rew_mean          | -46.9       |
|    success_rate         | 0           |
| time/                   |             |
|    fps                  | 595         |
|    iterations           | 95          |
|    time_elapsed         | 326         |
|    total_timesteps      | 194560      |
| train/                  |             |
|    approx_kl            | 0.017303633 |
|    clip_fraction        | 0.196       |
|    clip_range           | 0.2         |
|    entropy_loss         | -12.6       |
|    explained_variance   | 0.967       |
|    learning_rate        | 0.0003      |
|    loss                 | -0.0384     |
|    n_updates            | 940         |
|    policy_gradient_loss | -0.0168     |
|    std                  | 1.19        |
|    value_loss           | 0.317       |
-----------------------------------------
----------------------------------------
| rollout/                |            |
|    ep_len_mean          | 290        |
|    ep_rew_mean          | -47.1      |
|    success_rate         | 0          |
| time/                   |            |
|    fps                  | 597        |
|    iterations           | 96         |
|    time_elapsed         | 329        |
|    total_timesteps      | 196608     |
| train/                  |            |
|    approx_kl            | 0.01613479 |
|    clip_fraction        | 0.191      |
|    clip_range           | 0.2        |
|    entropy_loss         | -12.6      |
|    explained_variance   | 0.989      |
|    learning_rate        | 0.0003     |
|    loss                 | -0.0997    |
|    n_updates            | 950        |
|    policy_gradient_loss | -0.0212    |
|    std                  | 1.19       |
|    value_loss           | 0.135      |
----------------------------------------
----------------------------------------
| rollout/                |            |
|    ep_len_mean          | 289        |
|    ep_rew_mean          | -46.7      |
|    success_rate         | 0          |
| time/                   |            |
|    fps                  | 599        |
|    iterations           | 97         |
|    time_elapsed         | 331        |
|    total_timesteps      | 198656     |
| train/                  |            |
|    approx_kl            | 0.01929917 |
|    clip_fraction        | 0.213      |
|    clip_range           | 0.2        |
|    entropy_loss         | -12.6      |
|    explained_variance   | 0.988      |
|    learning_rate        | 0.0003     |
|    loss                 | -0.068     |
|    n_updates            | 960        |
|    policy_gradient_loss | -0.0207    |
|    std                  | 1.19       |
|    value_loss           | 0.129      |
----------------------------------------
Eval num_timesteps=200000, episode_reward=-47.47 +/- 14.42
Episode length: 300.00 +/- 0.00
Success rate: 0.00%
-----------------------------------------
| eval/                   |             |
|    mean_ep_length       | 300         |
|    mean_reward          | -47.5       |
|    success_rate         | 0           |
| time/                   |             |
|    total_timesteps      | 200000      |
| train/                  |             |
|    approx_kl            | 0.016057458 |
|    clip_fraction        | 0.16        |
|    clip_range           | 0.2         |
|    entropy_loss         | -12.6       |
|    explained_variance   | 0.975       |
|    learning_rate        | 0.0003      |
|    loss                 | 0.0447      |
|    n_updates            | 970         |
|    policy_gradient_loss | -0.0181     |
|    std                  | 1.2         |
|    value_loss           | 0.367       |
-----------------------------------------
---------------------------------
| rollout/           |          |
|    ep_len_mean     | 289      |
|    ep_rew_mean     | -46.7    |
|    success_rate    | 0        |
| time/              |          |
|    fps             | 592      |
|    iterations      | 98       |
|    time_elapsed    | 338      |
|    total_timesteps | 200704   |
---------------------------------
-----------------------------------------
| rollout/                |             |
|    ep_len_mean          | 291         |
|    ep_rew_mean          | -47         |
|    success_rate         | 0           |
| time/                   |             |
|    fps                  | 594         |
|    iterations           | 99          |
|    time_elapsed         | 341         |
|    total_timesteps      | 202752      |
| train/                  |             |
|    approx_kl            | 0.014289983 |
|    clip_fraction        | 0.139       |
|    clip_range           | 0.2         |
|    entropy_loss         | -12.6       |
|    explained_variance   | 0.951       |
|    learning_rate        | 0.0003      |
|    loss                 | 0.293       |
|    n_updates            | 980         |
|    policy_gradient_loss | -0.0165     |
|    std                  | 1.2         |
|    value_loss           | 1.02        |
-----------------------------------------
-----------------------------------------
| rollout/                |             |
|    ep_len_mean          | 291         |
|    ep_rew_mean          | -46.8       |
|    success_rate         | 0           |
| time/                   |             |
|    fps                  | 596         |
|    iterations           | 100         |
|    time_elapsed         | 343         |
|    total_timesteps      | 204800      |
| train/                  |             |
|    approx_kl            | 0.016435567 |
|    clip_fraction        | 0.194       |
|    clip_range           | 0.2         |
|    entropy_loss         | -12.6       |
|    explained_variance   | 0.99        |
|    learning_rate        | 0.0003      |
|    loss                 | -0.125      |
|    n_updates            | 990         |
|    policy_gradient_loss | -0.0232     |
|    std                  | 1.2         |
|    value_loss           | 0.116       |
-----------------------------------------
--------------------------------------
| rollout/                |          |
|    ep_len_mean          | 293      |
|    ep_rew_mean          | -47.9    |
|    success_rate         | 0        |
| time/                   |          |
|    fps                  | 598      |
|    iterations           | 101      |
|    time_elapsed         | 345      |
|    total_timesteps      | 206848   |
| train/                  |          |
|    approx_kl            | 0.016096 |
|    clip_fraction        | 0.188    |
|    clip_range           | 0.2      |
|    entropy_loss         | -12.6    |
|    explained_variance   | 0.994    |
|    learning_rate        | 0.0003   |
|    loss                 | -0.121   |
|    n_updates            | 1000     |
|    policy_gradient_loss | -0.0225  |
|    std                  | 1.2      |
|    value_loss           | 0.0532   |
--------------------------------------
-----------------------------------------
| rollout/                |             |
|    ep_len_mean          | 292         |
|    ep_rew_mean          | -47.3       |
|    success_rate         | 0           |
| time/                   |             |
|    fps                  | 600         |
|    iterations           | 102         |
|    time_elapsed         | 347         |
|    total_timesteps      | 208896      |
| train/                  |             |
|    approx_kl            | 0.014131296 |
|    clip_fraction        | 0.141       |
|    clip_range           | 0.2         |
|    entropy_loss         | -12.6       |
|    explained_variance   | 0.955       |
|    learning_rate        | 0.0003      |
|    loss                 | -0.123      |
|    n_updates            | 1010        |
|    policy_gradient_loss | -0.0155     |
|    std                  | 1.21        |
|    value_loss           | 0.598       |
-----------------------------------------
Eval num_timesteps=210000, episode_reward=-43.59 +/- 7.44
Episode length: 300.00 +/- 0.00
Success rate: 0.00%
-----------------------------------------
| eval/                   |             |
|    mean_ep_length       | 300         |
|    mean_reward          | -43.6       |
|    success_rate         | 0           |
| time/                   |             |
|    total_timesteps      | 210000      |
| train/                  |             |
|    approx_kl            | 0.014699439 |
|    clip_fraction        | 0.144       |
|    clip_range           | 0.2         |
|    entropy_loss         | -12.7       |
|    explained_variance   | 0.968       |
|    learning_rate        | 0.0003      |
|    loss                 | -0.102      |
|    n_updates            | 1020        |
|    policy_gradient_loss | -0.0122     |
|    std                  | 1.21        |
|    value_loss           | 0.31        |
-----------------------------------------
---------------------------------
| rollout/           |          |
|    ep_len_mean     | 292      |
|    ep_rew_mean     | -47.2    |
|    success_rate    | 0        |
| time/              |          |
|    fps             | 594      |
|    iterations      | 103      |
|    time_elapsed    | 355      |
|    total_timesteps | 210944   |
---------------------------------
-----------------------------------------
| rollout/                |             |
|    ep_len_mean          | 293         |
|    ep_rew_mean          | -48.3       |
|    success_rate         | 0           |
| time/                   |             |
|    fps                  | 595         |
|    iterations           | 104         |
|    time_elapsed         | 357         |
|    total_timesteps      | 212992      |
| train/                  |             |
|    approx_kl            | 0.017525908 |
|    clip_fraction        | 0.221       |
|    clip_range           | 0.2         |
|    entropy_loss         | -12.7       |
|    explained_variance   | 0.995       |
|    learning_rate        | 0.0003      |
|    loss                 | -0.167      |
|    n_updates            | 1030        |
|    policy_gradient_loss | -0.0227     |
|    std                  | 1.21        |
|    value_loss           | 0.0472      |
-----------------------------------------
----------------------------------------
| rollout/                |            |
|    ep_len_mean          | 293        |
|    ep_rew_mean          | -48.4      |
|    success_rate         | 0          |
| time/                   |            |
|    fps                  | 597        |
|    iterations           | 105        |
|    time_elapsed         | 359        |
|    total_timesteps      | 215040     |
| train/                  |            |
|    approx_kl            | 0.01078837 |
|    clip_fraction        | 0.1        |
|    clip_range           | 0.2        |
|    entropy_loss         | -12.7      |
|    explained_variance   | 0.962      |
|    learning_rate        | 0.0003     |
|    loss                 | 0.145      |
|    n_updates            | 1040       |
|    policy_gradient_loss | -0.0137    |
|    std                  | 1.21       |
|    value_loss           | 1.27       |
----------------------------------------
-----------------------------------------
| rollout/                |             |
|    ep_len_mean          | 293         |
|    ep_rew_mean          | -48         |
|    success_rate         | 0           |
| time/                   |             |
|    fps                  | 600         |
|    iterations           | 106         |
|    time_elapsed         | 361         |
|    total_timesteps      | 217088      |
| train/                  |             |
|    approx_kl            | 0.021905126 |
|    clip_fraction        | 0.186       |
|    clip_range           | 0.2         |
|    entropy_loss         | -12.7       |
|    explained_variance   | 0.98        |
|    learning_rate        | 0.0003      |
|    loss                 | -0.0986     |
|    n_updates            | 1050        |
|    policy_gradient_loss | -0.0141     |
|    std                  | 1.22        |
|    value_loss           | 0.216       |
-----------------------------------------
-----------------------------------------
| rollout/                |             |
|    ep_len_mean          | 293         |
|    ep_rew_mean          | -48.9       |
|    success_rate         | 0           |
| time/                   |             |
|    fps                  | 601         |
|    iterations           | 107         |
|    time_elapsed         | 364         |
|    total_timesteps      | 219136      |
| train/                  |             |
|    approx_kl            | 0.019494776 |
|    clip_fraction        | 0.255       |
|    clip_range           | 0.2         |
|    entropy_loss         | -12.7       |
|    explained_variance   | 0.993       |
|    learning_rate        | 0.0003      |
|    loss                 | -0.162      |
|    n_updates            | 1060        |
|    policy_gradient_loss | -0.0265     |
|    std                  | 1.22        |
|    value_loss           | 0.0629      |
-----------------------------------------
Eval num_timesteps=220000, episode_reward=-40.16 +/- 3.82
Episode length: 300.00 +/- 0.00
Success rate: 0.00%
-----------------------------------------
| eval/                   |             |
|    mean_ep_length       | 300         |
|    mean_reward          | -40.2       |
|    success_rate         | 0           |
| time/                   |             |
|    total_timesteps      | 220000      |
| train/                  |             |
|    approx_kl            | 0.012624349 |
|    clip_fraction        | 0.113       |
|    clip_range           | 0.2         |
|    entropy_loss         | -12.8       |
|    explained_variance   | 0.884       |
|    learning_rate        | 0.0003      |
|    loss                 | 0.133       |
|    n_updates            | 1070        |
|    policy_gradient_loss | -0.0141     |
|    std                  | 1.23        |
|    value_loss           | 1.25        |
-----------------------------------------
---------------------------------
| rollout/           |          |
|    ep_len_mean     | 293      |
|    ep_rew_mean     | -49.6    |
|    success_rate    | 0        |
| time/              |          |
|    fps             | 595      |
|    iterations      | 108      |
|    time_elapsed    | 371      |
|    total_timesteps | 221184   |
---------------------------------
-----------------------------------------
| rollout/                |             |
|    ep_len_mean          | 293         |
|    ep_rew_mean          | -50.2       |
|    success_rate         | 0           |
| time/                   |             |
|    fps                  | 597         |
|    iterations           | 109         |
|    time_elapsed         | 373         |
|    total_timesteps      | 223232      |
| train/                  |             |
|    approx_kl            | 0.014316965 |
|    clip_fraction        | 0.146       |
|    clip_range           | 0.2         |
|    entropy_loss         | -12.8       |
|    explained_variance   | 0.973       |
|    learning_rate        | 0.0003      |
|    loss                 | 0.368       |
|    n_updates            | 1080        |
|    policy_gradient_loss | -0.0166     |
|    std                  | 1.24        |
|    value_loss           | 1.08        |
-----------------------------------------
-----------------------------------------
| rollout/                |             |
|    ep_len_mean          | 293         |
|    ep_rew_mean          | -50.1       |
|    success_rate         | 0           |
| time/                   |             |
|    fps                  | 599         |
|    iterations           | 110         |
|    time_elapsed         | 375         |
|    total_timesteps      | 225280      |
| train/                  |             |
|    approx_kl            | 0.010734127 |
|    clip_fraction        | 0.105       |
|    clip_range           | 0.2         |
|    entropy_loss         | -12.8       |
|    explained_variance   | 0.981       |
|    learning_rate        | 0.0003      |
|    loss                 | 0.195       |
|    n_updates            | 1090        |
|    policy_gradient_loss | -0.013      |
|    std                  | 1.23        |
|    value_loss           | 1.42        |
-----------------------------------------
-----------------------------------------
| rollout/                |             |
|    ep_len_mean          | 293         |
|    ep_rew_mean          | -50.2       |
|    success_rate         | 0           |
| time/                   |             |
|    fps                  | 601         |
|    iterations           | 111         |
|    time_elapsed         | 377         |
|    total_timesteps      | 227328      |
| train/                  |             |
|    approx_kl            | 0.016451629 |
|    clip_fraction        | 0.212       |
|    clip_range           | 0.2         |
|    entropy_loss         | -12.8       |
|    explained_variance   | 0.97        |
|    learning_rate        | 0.0003      |
|    loss                 | -0.0934     |
|    n_updates            | 1100        |
|    policy_gradient_loss | -0.0193     |
|    std                  | 1.24        |
|    value_loss           | 0.232       |
-----------------------------------------
-----------------------------------------
| rollout/                |             |
|    ep_len_mean          | 295         |
|    ep_rew_mean          | -50.4       |
|    success_rate         | 0           |
| time/                   |             |
|    fps                  | 603         |
|    iterations           | 112         |
|    time_elapsed         | 380         |
|    total_timesteps      | 229376      |
| train/                  |             |
|    approx_kl            | 0.011583135 |
|    clip_fraction        | 0.111       |
|    clip_range           | 0.2         |
|    entropy_loss         | -12.9       |
|    explained_variance   | 0.9         |
|    learning_rate        | 0.0003      |
|    loss                 | 0.196       |
|    n_updates            | 1110        |
|    policy_gradient_loss | -0.0135     |
|    std                  | 1.24        |
|    value_loss           | 2.38        |
-----------------------------------------
Eval num_timesteps=230000, episode_reward=-48.69 +/- 18.38
Episode length: 300.00 +/- 0.00
Success rate: 0.00%
----------------------------------------
| eval/                   |            |
|    mean_ep_length       | 300        |
|    mean_reward          | -48.7      |
|    success_rate         | 0          |
| time/                   |            |
|    total_timesteps      | 230000     |
| train/                  |            |
|    approx_kl            | 0.01729175 |
|    clip_fraction        | 0.191      |
|    clip_range           | 0.2        |
|    entropy_loss         | -12.9      |
|    explained_variance   | 0.98       |
|    learning_rate        | 0.0003     |
|    loss                 | 0.115      |
|    n_updates            | 1120       |
|    policy_gradient_loss | -0.0156    |
|    std                  | 1.25       |
|    value_loss           | 0.582      |
----------------------------------------
---------------------------------
| rollout/           |          |
|    ep_len_mean     | 295      |
|    ep_rew_mean     | -50.7    |
|    success_rate    | 0        |
| time/              |          |
|    fps             | 597      |
|    iterations      | 113      |
|    time_elapsed    | 387      |
|    total_timesteps | 231424   |
---------------------------------
----------------------------------------
| rollout/                |            |
|    ep_len_mean          | 295        |
|    ep_rew_mean          | -50.4      |
|    success_rate         | 0          |
| time/                   |            |
|    fps                  | 599        |
|    iterations           | 114        |
|    time_elapsed         | 389        |
|    total_timesteps      | 233472     |
| train/                  |            |
|    approx_kl            | 0.01945272 |
|    clip_fraction        | 0.205      |
|    clip_range           | 0.2        |
|    entropy_loss         | -12.9      |
|    explained_variance   | 0.994      |
|    learning_rate        | 0.0003     |
|    loss                 | -0.0667    |
|    n_updates            | 1130       |
|    policy_gradient_loss | -0.0214    |
|    std                  | 1.25       |
|    value_loss           | 0.355      |
----------------------------------------
----------------------------------------
| rollout/                |            |
|    ep_len_mean          | 291        |
|    ep_rew_mean          | -49.2      |
|    success_rate         | 0          |
| time/                   |            |
|    fps                  | 600        |
|    iterations           | 115        |
|    time_elapsed         | 392        |
|    total_timesteps      | 235520     |
| train/                  |            |
|    approx_kl            | 0.01712367 |
|    clip_fraction        | 0.193      |
|    clip_range           | 0.2        |
|    entropy_loss         | -12.9      |
|    explained_variance   | 0.953      |
|    learning_rate        | 0.0003     |
|    loss                 | -0.0482    |
|    n_updates            | 1140       |
|    policy_gradient_loss | -0.0157    |
|    std                  | 1.25       |
|    value_loss           | 0.361      |
----------------------------------------
-----------------------------------------
| rollout/                |             |
|    ep_len_mean          | 292         |
|    ep_rew_mean          | -49.2       |
|    success_rate         | 0           |
| time/                   |             |
|    fps                  | 602         |
|    iterations           | 116         |
|    time_elapsed         | 394         |
|    total_timesteps      | 237568      |
| train/                  |             |
|    approx_kl            | 0.013751893 |
|    clip_fraction        | 0.174       |
|    clip_range           | 0.2         |
|    entropy_loss         | -12.9       |
|    explained_variance   | 0.969       |
|    learning_rate        | 0.0003      |
|    loss                 | 0.0876      |
|    n_updates            | 1150        |
|    policy_gradient_loss | -0.0177     |
|    std                  | 1.26        |
|    value_loss           | 0.553       |
-----------------------------------------
----------------------------------------
| rollout/                |            |
|    ep_len_mean          | 285        |
|    ep_rew_mean          | -48.7      |
|    success_rate         | 0          |
| time/                   |            |
|    fps                  | 603        |
|    iterations           | 117        |
|    time_elapsed         | 396        |
|    total_timesteps      | 239616     |
| train/                  |            |
|    approx_kl            | 0.01666652 |
|    clip_fraction        | 0.176      |
|    clip_range           | 0.2        |
|    entropy_loss         | -13        |
|    explained_variance   | 0.98       |
|    learning_rate        | 0.0003     |
|    loss                 | -0.0796    |
|    n_updates            | 1160       |
|    policy_gradient_loss | -0.019     |
|    std                  | 1.26       |
|    value_loss           | 0.28       |
----------------------------------------
Eval num_timesteps=240000, episode_reward=-62.75 +/- 41.36
Episode length: 289.00 +/- 47.95
Success rate: 0.00%
-----------------------------------------
| eval/                   |             |
|    mean_ep_length       | 289         |
|    mean_reward          | -62.7       |
|    success_rate         | 0           |
| time/                   |             |
|    total_timesteps      | 240000      |
| train/                  |             |
|    approx_kl            | 0.020635031 |
|    clip_fraction        | 0.228       |
|    clip_range           | 0.2         |
|    entropy_loss         | -13         |
|    explained_variance   | 0.96        |
|    learning_rate        | 0.0003      |
|    loss                 | 0.0467      |
|    n_updates            | 1170        |
|    policy_gradient_loss | -0.0227     |
|    std                  | 1.26        |
|    value_loss           | 0.498       |
-----------------------------------------
---------------------------------
| rollout/           |          |
|    ep_len_mean     | 283      |
|    ep_rew_mean     | -47.1    |
|    success_rate    | 0        |
| time/              |          |
|    fps             | 597      |
|    iterations      | 118      |
|    time_elapsed    | 404      |
|    total_timesteps | 241664   |
---------------------------------
-----------------------------------------
| rollout/                |             |
|    ep_len_mean          | 283         |
|    ep_rew_mean          | -47         |
|    success_rate         | 0           |
| time/                   |             |
|    fps                  | 599         |
|    iterations           | 119         |
|    time_elapsed         | 406         |
|    total_timesteps      | 243712      |
| train/                  |             |
|    approx_kl            | 0.016662471 |
|    clip_fraction        | 0.212       |
|    clip_range           | 0.2         |
|    entropy_loss         | -13         |
|    explained_variance   | 0.98        |
|    learning_rate        | 0.0003      |
|    loss                 | -0.0878     |
|    n_updates            | 1180        |
|    policy_gradient_loss | -0.019      |
|    std                  | 1.26        |
|    value_loss           | 0.228       |
-----------------------------------------
-----------------------------------------
| rollout/                |             |
|    ep_len_mean          | 283         |
|    ep_rew_mean          | -47.8       |
|    success_rate         | 0           |
| time/                   |             |
|    fps                  | 601         |
|    iterations           | 120         |
|    time_elapsed         | 408         |
|    total_timesteps      | 245760      |
| train/                  |             |
|    approx_kl            | 0.017747123 |
|    clip_fraction        | 0.222       |
|    clip_range           | 0.2         |
|    entropy_loss         | -13         |
|    explained_variance   | 0.995       |
|    learning_rate        | 0.0003      |
|    loss                 | -0.115      |
|    n_updates            | 1190        |
|    policy_gradient_loss | -0.0207     |
|    std                  | 1.27        |
|    value_loss           | 0.0527      |
-----------------------------------------
-----------------------------------------
| rollout/                |             |
|    ep_len_mean          | 285         |
|    ep_rew_mean          | -47.4       |
|    success_rate         | 0           |
| time/                   |             |
|    fps                  | 603         |
|    iterations           | 121         |
|    time_elapsed         | 410         |
|    total_timesteps      | 247808      |
| train/                  |             |
|    approx_kl            | 0.018902939 |
|    clip_fraction        | 0.171       |
|    clip_range           | 0.2         |
|    entropy_loss         | -13         |
|    explained_variance   | 0.987       |
|    learning_rate        | 0.0003      |
|    loss                 | 0.14        |
|    n_updates            | 1200        |
|    policy_gradient_loss | -0.0161     |
|    std                  | 1.27        |
|    value_loss           | 0.566       |
-----------------------------------------
-----------------------------------------
| rollout/                |             |
|    ep_len_mean          | 285         |
|    ep_rew_mean          | -47.9       |
|    success_rate         | 0           |
| time/                   |             |
|    fps                  | 604         |
|    iterations           | 122         |
|    time_elapsed         | 413         |
|    total_timesteps      | 249856      |
| train/                  |             |
|    approx_kl            | 0.013533001 |
|    clip_fraction        | 0.122       |
|    clip_range           | 0.2         |
|    entropy_loss         | -13.1       |
|    explained_variance   | 0.987       |
|    learning_rate        | 0.0003      |
|    loss                 | 0.217       |
|    n_updates            | 1210        |
|    policy_gradient_loss | -0.0151     |
|    std                  | 1.27        |
|    value_loss           | 1.07        |
-----------------------------------------
Eval num_timesteps=250000, episode_reward=-53.67 +/- 32.49
Episode length: 300.00 +/- 0.00
Success rate: 0.00%
-----------------------------------------
| eval/                   |             |
|    mean_ep_length       | 300         |
|    mean_reward          | -53.7       |
|    success_rate         | 0           |
| time/                   |             |
|    total_timesteps      | 250000      |
| train/                  |             |
|    approx_kl            | 0.016927857 |
|    clip_fraction        | 0.195       |
|    clip_range           | 0.2         |
|    entropy_loss         | -13.1       |
|    explained_variance   | 0.99        |
|    learning_rate        | 0.0003      |
|    loss                 | 0.0398      |
|    n_updates            | 1220        |
|    policy_gradient_loss | -0.0196     |
|    std                  | 1.28        |
|    value_loss           | 0.469       |
-----------------------------------------
---------------------------------
| rollout/           |          |
|    ep_len_mean     | 283      |
|    ep_rew_mean     | -47.1    |
|    success_rate    | 0        |
| time/              |          |
|    fps             | 598      |
|    iterations      | 123      |
|    time_elapsed    | 420      |
|    total_timesteps | 251904   |
---------------------------------
-----------------------------------------
| rollout/                |             |
|    ep_len_mean          | 283         |
|    ep_rew_mean          | -47.3       |
|    success_rate         | 0           |
| time/                   |             |
|    fps                  | 600         |
|    iterations           | 124         |
|    time_elapsed         | 422         |
|    total_timesteps      | 253952      |
| train/                  |             |
|    approx_kl            | 0.013806779 |
|    clip_fraction        | 0.163       |
|    clip_range           | 0.2         |
|    entropy_loss         | -13.1       |
|    explained_variance   | 0.975       |
|    learning_rate        | 0.0003      |
|    loss                 | 0.0819      |
|    n_updates            | 1230        |
|    policy_gradient_loss | -0.0147     |
|    std                  | 1.28        |
|    value_loss           | 0.354       |
-----------------------------------------
----------------------------------------
| rollout/                |            |
|    ep_len_mean          | 283        |
|    ep_rew_mean          | -46.9      |
|    success_rate         | 0          |
| time/                   |            |
|    fps                  | 601        |
|    iterations           | 125        |
|    time_elapsed         | 425        |
|    total_timesteps      | 256000     |
| train/                  |            |
|    approx_kl            | 0.01647522 |
|    clip_fraction        | 0.156      |
|    clip_range           | 0.2        |
|    entropy_loss         | -13.1      |
|    explained_variance   | 0.97       |
|    learning_rate        | 0.0003     |
|    loss                 | 0.215      |
|    n_updates            | 1240       |
|    policy_gradient_loss | -0.0167    |
|    std                  | 1.28       |
|    value_loss           | 0.937      |
----------------------------------------
-----------------------------------------
| rollout/                |             |
|    ep_len_mean          | 285         |
|    ep_rew_mean          | -46.8       |
|    success_rate         | 0           |
| time/                   |             |
|    fps                  | 603         |
|    iterations           | 126         |
|    time_elapsed         | 427         |
|    total_timesteps      | 258048      |
| train/                  |             |
|    approx_kl            | 0.019123927 |
|    clip_fraction        | 0.232       |
|    clip_range           | 0.2         |
|    entropy_loss         | -13.1       |
|    explained_variance   | 0.993       |
|    learning_rate        | 0.0003      |
|    loss                 | -0.128      |
|    n_updates            | 1250        |
|    policy_gradient_loss | -0.0185     |
|    std                  | 1.28        |
|    value_loss           | 0.11        |
-----------------------------------------
Eval num_timesteps=260000, episode_reward=-43.32 +/- 10.15
Episode length: 294.55 +/- 23.76
Success rate: 0.00%
---------------------------------------
| eval/                   |           |
|    mean_ep_length       | 295       |
|    mean_reward          | -43.3     |
|    success_rate         | 0         |
| time/                   |           |
|    total_timesteps      | 260000    |
| train/                  |           |
|    approx_kl            | 0.0219609 |
|    clip_fraction        | 0.242     |
|    clip_range           | 0.2       |
|    entropy_loss         | -13.1     |
|    explained_variance   | 0.985     |
|    learning_rate        | 0.0003    |
|    loss                 | -0.121    |
|    n_updates            | 1260      |
|    policy_gradient_loss | -0.024    |
|    std                  | 1.28      |
|    value_loss           | 0.182     |
---------------------------------------
---------------------------------
| rollout/           |          |
|    ep_len_mean     | 285      |
|    ep_rew_mean     | -46.2    |
|    success_rate    | 0        |
| time/              |          |
|    fps             | 598      |
|    iterations      | 127      |
|    time_elapsed    | 434      |
|    total_timesteps | 260096   |
---------------------------------
-----------------------------------------
| rollout/                |             |
|    ep_len_mean          | 285         |
|    ep_rew_mean          | -48         |
|    success_rate         | 0           |
| time/                   |             |
|    fps                  | 599         |
|    iterations           | 128         |
|    time_elapsed         | 437         |
|    total_timesteps      | 262144      |
| train/                  |             |
|    approx_kl            | 0.020670649 |
|    clip_fraction        | 0.236       |
|    clip_range           | 0.2         |
|    entropy_loss         | -13.2       |
|    explained_variance   | 0.984       |
|    learning_rate        | 0.0003      |
|    loss                 | -0.104      |
|    n_updates            | 1270        |
|    policy_gradient_loss | -0.022      |
|    std                  | 1.3         |
|    value_loss           | 0.212       |
-----------------------------------------
-----------------------------------------
| rollout/                |             |
|    ep_len_mean          | 286         |
|    ep_rew_mean          | -48         |
|    success_rate         | 0           |
| time/                   |             |
|    fps                  | 601         |
|    iterations           | 129         |
|    time_elapsed         | 439         |
|    total_timesteps      | 264192      |
| train/                  |             |
|    approx_kl            | 0.012789736 |
|    clip_fraction        | 0.121       |
|    clip_range           | 0.2         |
|    entropy_loss         | -13.2       |
|    explained_variance   | 0.945       |
|    learning_rate        | 0.0003      |
|    loss                 | 0.142       |
|    n_updates            | 1280        |
|    policy_gradient_loss | -0.0151     |
|    std                  | 1.3         |
|    value_loss           | 1.92        |
-----------------------------------------
-----------------------------------------
| rollout/                |             |
|    ep_len_mean          | 287         |
|    ep_rew_mean          | -47.9       |
|    success_rate         | 0           |
| time/                   |             |
|    fps                  | 602         |
|    iterations           | 130         |
|    time_elapsed         | 441         |
|    total_timesteps      | 266240      |
| train/                  |             |
|    approx_kl            | 0.013730619 |
|    clip_fraction        | 0.144       |
|    clip_range           | 0.2         |
|    entropy_loss         | -13.2       |
|    explained_variance   | 0.955       |
|    learning_rate        | 0.0003      |
|    loss                 | 0.123       |
|    n_updates            | 1290        |
|    policy_gradient_loss | -0.0168     |
|    std                  | 1.29        |
|    value_loss           | 0.71        |
-----------------------------------------
-----------------------------------------
| rollout/                |             |
|    ep_len_mean          | 289         |
|    ep_rew_mean          | -48.2       |
|    success_rate         | 0           |
| time/                   |             |
|    fps                  | 604         |
|    iterations           | 131         |
|    time_elapsed         | 443         |
|    total_timesteps      | 268288      |
| train/                  |             |
|    approx_kl            | 0.018604219 |
|    clip_fraction        | 0.23        |
|    clip_range           | 0.2         |
|    entropy_loss         | -13.2       |
|    explained_variance   | 0.983       |
|    learning_rate        | 0.0003      |
|    loss                 | -0.113      |
|    n_updates            | 1300        |
|    policy_gradient_loss | -0.0193     |
|    std                  | 1.29        |
|    value_loss           | 0.134       |
-----------------------------------------
Eval num_timesteps=270000, episode_reward=-47.74 +/- 14.98
Episode length: 300.00 +/- 0.00
Success rate: 0.00%
-----------------------------------------
| eval/                   |             |
|    mean_ep_length       | 300         |
|    mean_reward          | -47.7       |
|    success_rate         | 0           |
| time/                   |             |
|    total_timesteps      | 270000      |
| train/                  |             |
|    approx_kl            | 0.019225085 |
|    clip_fraction        | 0.243       |
|    clip_range           | 0.2         |
|    entropy_loss         | -13.2       |
|    explained_variance   | 0.986       |
|    learning_rate        | 0.0003      |
|    loss                 | -0.131      |
|    n_updates            | 1310        |
|    policy_gradient_loss | -0.0248     |
|    std                  | 1.3         |
|    value_loss           | 0.125       |
-----------------------------------------
---------------------------------
| rollout/           |          |
|    ep_len_mean     | 295      |
|    ep_rew_mean     | -49.5    |
|    success_rate    | 0        |
| time/              |          |
|    fps             | 598      |
|    iterations      | 132      |
|    time_elapsed    | 451      |
|    total_timesteps | 270336   |
---------------------------------
-----------------------------------------
| rollout/                |             |
|    ep_len_mean          | 293         |
|    ep_rew_mean          | -50         |
|    success_rate         | 0           |
| time/                   |             |
|    fps                  | 600         |
|    iterations           | 133         |
|    time_elapsed         | 453         |
|    total_timesteps      | 272384      |
| train/                  |             |
|    approx_kl            | 0.011497653 |
|    clip_fraction        | 0.11        |
|    clip_range           | 0.2         |
|    entropy_loss         | -13.3       |
|    explained_variance   | 0.911       |
|    learning_rate        | 0.0003      |
|    loss                 | 0.0384      |
|    n_updates            | 1320        |
|    policy_gradient_loss | -0.0126     |
|    std                  | 1.3         |
|    value_loss           | 1.86        |
-----------------------------------------
-----------------------------------------
| rollout/                |             |
|    ep_len_mean          | 293         |
|    ep_rew_mean          | -50.6       |
|    success_rate         | 0           |
| time/                   |             |
|    fps                  | 601         |
|    iterations           | 134         |
|    time_elapsed         | 456         |
|    total_timesteps      | 274432      |
| train/                  |             |
|    approx_kl            | 0.017386438 |
|    clip_fraction        | 0.206       |
|    clip_range           | 0.2         |
|    entropy_loss         | -13.2       |
|    explained_variance   | 0.964       |
|    learning_rate        | 0.0003      |
|    loss                 | -0.0241     |
|    n_updates            | 1330        |
|    policy_gradient_loss | -0.0215     |
|    std                  | 1.3         |
|    value_loss           | 0.362       |
-----------------------------------------
-----------------------------------------
| rollout/                |             |
|    ep_len_mean          | 293         |
|    ep_rew_mean          | -49.5       |
|    success_rate         | 0           |
| time/                   |             |
|    fps                  | 603         |
|    iterations           | 135         |
|    time_elapsed         | 458         |
|    total_timesteps      | 276480      |
| train/                  |             |
|    approx_kl            | 0.015567552 |
|    clip_fraction        | 0.213       |
|    clip_range           | 0.2         |
|    entropy_loss         | -13.3       |
|    explained_variance   | 0.977       |
|    learning_rate        | 0.0003      |
|    loss                 | -0.025      |
|    n_updates            | 1340        |
|    policy_gradient_loss | -0.0202     |
|    std                  | 1.3         |
|    value_loss           | 0.21        |
-----------------------------------------
-----------------------------------------
| rollout/                |             |
|    ep_len_mean          | 293         |
|    ep_rew_mean          | -48.8       |
|    success_rate         | 0           |
| time/                   |             |
|    fps                  | 604         |
|    iterations           | 136         |
|    time_elapsed         | 460         |
|    total_timesteps      | 278528      |
| train/                  |             |
|    approx_kl            | 0.017204493 |
|    clip_fraction        | 0.199       |
|    clip_range           | 0.2         |
|    entropy_loss         | -13.3       |
|    explained_variance   | 0.944       |
|    learning_rate        | 0.0003      |
|    loss                 | -0.0547     |
|    n_updates            | 1350        |
|    policy_gradient_loss | -0.0195     |
|    std                  | 1.3         |
|    value_loss           | 0.439       |
-----------------------------------------
Eval num_timesteps=280000, episode_reward=-41.50 +/- 18.26
Episode length: 300.00 +/- 0.00
Success rate: 0.00%
-----------------------------------------
| eval/                   |             |
|    mean_ep_length       | 300         |
|    mean_reward          | -41.5       |
|    success_rate         | 0           |
| time/                   |             |
|    total_timesteps      | 280000      |
| train/                  |             |
|    approx_kl            | 0.018433765 |
|    clip_fraction        | 0.245       |
|    clip_range           | 0.2         |
|    entropy_loss         | -13.3       |
|    explained_variance   | 0.988       |
|    learning_rate        | 0.0003      |
|    loss                 | -0.123      |
|    n_updates            | 1360        |
|    policy_gradient_loss | -0.0261     |
|    std                  | 1.32        |
|    value_loss           | 0.144       |
-----------------------------------------
---------------------------------
| rollout/           |          |
|    ep_len_mean     | 294      |
|    ep_rew_mean     | -49.7    |
|    success_rate    | 0        |
| time/              |          |
|    fps             | 599      |
|    iterations      | 137      |
|    time_elapsed    | 467      |
|    total_timesteps | 280576   |
---------------------------------
----------------------------------------
| rollout/                |            |
|    ep_len_mean          | 293        |
|    ep_rew_mean          | -49.6      |
|    success_rate         | 0          |
| time/                   |            |
|    fps                  | 601        |
|    iterations           | 138        |
|    time_elapsed         | 470        |
|    total_timesteps      | 282624     |
| train/                  |            |
|    approx_kl            | 0.01161167 |
|    clip_fraction        | 0.116      |
|    clip_range           | 0.2        |
|    entropy_loss         | -13.4      |
|    explained_variance   | 0.923      |
|    learning_rate        | 0.0003     |
|    loss                 | 0.137      |
|    n_updates            | 1370       |
|    policy_gradient_loss | -0.0142    |
|    std                  | 1.32       |
|    value_loss           | 1.51       |
----------------------------------------
-----------------------------------------
| rollout/                |             |
|    ep_len_mean          | 291         |
|    ep_rew_mean          | -49.5       |
|    success_rate         | 0           |
| time/                   |             |
|    fps                  | 602         |
|    iterations           | 139         |
|    time_elapsed         | 472         |
|    total_timesteps      | 284672      |
| train/                  |             |
|    approx_kl            | 0.017113121 |
|    clip_fraction        | 0.174       |
|    clip_range           | 0.2         |
|    entropy_loss         | -13.4       |
|    explained_variance   | 0.933       |
|    learning_rate        | 0.0003      |
|    loss                 | 0.576       |
|    n_updates            | 1380        |
|    policy_gradient_loss | -0.0181     |
|    std                  | 1.33        |
|    value_loss           | 0.984       |
-----------------------------------------
----------------------------------------
| rollout/                |            |
|    ep_len_mean          | 291        |
|    ep_rew_mean          | -49.5      |
|    success_rate         | 0          |
| time/                   |            |
|    fps                  | 604        |
|    iterations           | 140        |
|    time_elapsed         | 474        |
|    total_timesteps      | 286720     |
| train/                  |            |
|    approx_kl            | 0.01759277 |
|    clip_fraction        | 0.245      |
|    clip_range           | 0.2        |
|    entropy_loss         | -13.4      |
|    explained_variance   | 0.979      |
|    learning_rate        | 0.0003     |
|    loss                 | -0.112     |
|    n_updates            | 1390       |
|    policy_gradient_loss | -0.0247    |
|    std                  | 1.33       |
|    value_loss           | 0.235      |
----------------------------------------
-----------------------------------------
| rollout/                |             |
|    ep_len_mean          | 289         |
|    ep_rew_mean          | -50.2       |
|    success_rate         | 0           |
| time/                   |             |
|    fps                  | 605         |
|    iterations           | 141         |
|    time_elapsed         | 476         |
|    total_timesteps      | 288768      |
| train/                  |             |
|    approx_kl            | 0.018484043 |
|    clip_fraction        | 0.237       |
|    clip_range           | 0.2         |
|    entropy_loss         | -13.4       |
|    explained_variance   | 0.994       |
|    learning_rate        | 0.0003      |
|    loss                 | -0.122      |
|    n_updates            | 1400        |
|    policy_gradient_loss | -0.022      |
|    std                  | 1.33        |
|    value_loss           | 0.0568      |
-----------------------------------------
Eval num_timesteps=290000, episode_reward=-59.06 +/- 28.78
Episode length: 300.00 +/- 0.00
Success rate: 0.00%
----------------------------------------
| eval/                   |            |
|    mean_ep_length       | 300        |
|    mean_reward          | -59.1      |
|    success_rate         | 0          |
| time/                   |            |
|    total_timesteps      | 290000     |
| train/                  |            |
|    approx_kl            | 0.01539181 |
|    clip_fraction        | 0.16       |
|    clip_range           | 0.2        |
|    entropy_loss         | -13.4      |
|    explained_variance   | 0.938      |
|    learning_rate        | 0.0003     |
|    loss                 | -0.0764    |
|    n_updates            | 1410       |
|    policy_gradient_loss | -0.0159    |
|    std                  | 1.33       |
|    value_loss           | 0.775      |
----------------------------------------
---------------------------------
| rollout/           |          |
|    ep_len_mean     | 287      |
|    ep_rew_mean     | -48.8    |
|    success_rate    | 0        |
| time/              |          |
|    fps             | 600      |
|    iterations      | 142      |
|    time_elapsed    | 484      |
|    total_timesteps | 290816   |
---------------------------------
-----------------------------------------
| rollout/                |             |
|    ep_len_mean          | 288         |
|    ep_rew_mean          | -50.9       |
|    success_rate         | 0           |
| time/                   |             |
|    fps                  | 601         |
|    iterations           | 143         |
|    time_elapsed         | 486         |
|    total_timesteps      | 292864      |
| train/                  |             |
|    approx_kl            | 0.017393332 |
|    clip_fraction        | 0.177       |
|    clip_range           | 0.2         |
|    entropy_loss         | -13.5       |
|    explained_variance   | 0.962       |
|    learning_rate        | 0.0003      |
|    loss                 | 0.0084      |
|    n_updates            | 1420        |
|    policy_gradient_loss | -0.0201     |
|    std                  | 1.34        |
|    value_loss           | 0.797       |
-----------------------------------------
-----------------------------------------
| rollout/                |             |
|    ep_len_mean          | 287         |
|    ep_rew_mean          | -50.8       |
|    success_rate         | 0           |
| time/                   |             |
|    fps                  | 603         |
|    iterations           | 144         |
|    time_elapsed         | 488         |
|    total_timesteps      | 294912      |
| train/                  |             |
|    approx_kl            | 0.010165811 |
|    clip_fraction        | 0.0886      |
|    clip_range           | 0.2         |
|    entropy_loss         | -13.5       |
|    explained_variance   | 0.964       |
|    learning_rate        | 0.0003      |
|    loss                 | 1.36        |
|    n_updates            | 1430        |
|    policy_gradient_loss | -0.016      |
|    std                  | 1.34        |
|    value_loss           | 4.11        |
-----------------------------------------
-----------------------------------------
| rollout/                |             |
|    ep_len_mean          | 287         |
|    ep_rew_mean          | -51.4       |
|    success_rate         | 0           |
| time/                   |             |
|    fps                  | 604         |
|    iterations           | 145         |
|    time_elapsed         | 490         |
|    total_timesteps      | 296960      |
| train/                  |             |
|    approx_kl            | 0.017043397 |
|    clip_fraction        | 0.194       |
|    clip_range           | 0.2         |
|    entropy_loss         | -13.5       |
|    explained_variance   | 0.969       |
|    learning_rate        | 0.0003      |
|    loss                 | 0.0613      |
|    n_updates            | 1440        |
|    policy_gradient_loss | -0.0183     |
|    std                  | 1.34        |
|    value_loss           | 0.376       |
-----------------------------------------
-----------------------------------------
| rollout/                |             |
|    ep_len_mean          | 286         |
|    ep_rew_mean          | -50.6       |
|    success_rate         | 0           |
| time/                   |             |
|    fps                  | 606         |
|    iterations           | 146         |
|    time_elapsed         | 493         |
|    total_timesteps      | 299008      |
| train/                  |             |
|    approx_kl            | 0.013247353 |
|    clip_fraction        | 0.145       |
|    clip_range           | 0.2         |
|    entropy_loss         | -13.5       |
|    explained_variance   | 0.979       |
|    learning_rate        | 0.0003      |
|    loss                 | 0.102       |
|    n_updates            | 1450        |
|    policy_gradient_loss | -0.0154     |
|    std                  | 1.34        |
|    value_loss           | 1.01        |
-----------------------------------------
Eval num_timesteps=300000, episode_reward=-39.15 +/- 4.29
Episode length: 289.60 +/- 45.33
Success rate: 0.00%
-----------------------------------------
| eval/                   |             |
|    mean_ep_length       | 290         |
|    mean_reward          | -39.1       |
|    success_rate         | 0           |
| time/                   |             |
|    total_timesteps      | 300000      |
| train/                  |             |
|    approx_kl            | 0.013908723 |
|    clip_fraction        | 0.144       |
|    clip_range           | 0.2         |
|    entropy_loss         | -13.5       |
|    explained_variance   | 0.946       |
|    learning_rate        | 0.0003      |
|    loss                 | 0.18        |
|    n_updates            | 1460        |
|    policy_gradient_loss | -0.0138     |
|    std                  | 1.35        |
|    value_loss           | 1.43        |
-----------------------------------------
New best mean reward!
---------------------------------
| rollout/           |          |
|    ep_len_mean     | 288      |
|    ep_rew_mean     | -50.2    |
|    success_rate    | 0        |
| time/              |          |
|    fps             | 601      |
|    iterations      | 147      |
|    time_elapsed    | 500      |
|    total_timesteps | 301056   |
---------------------------------
----------------------------------------
| rollout/                |            |
|    ep_len_mean          | 288        |
|    ep_rew_mean          | -49.6      |
|    success_rate         | 0          |
| time/                   |            |
|    fps                  | 602        |
|    iterations           | 148        |
|    time_elapsed         | 502        |
|    total_timesteps      | 303104     |
| train/                  |            |
|    approx_kl            | 0.02028876 |
|    clip_fraction        | 0.229      |
|    clip_range           | 0.2        |
|    entropy_loss         | -13.6      |
|    explained_variance   | 0.939      |
|    learning_rate        | 0.0003     |
|    loss                 | -0.039     |
|    n_updates            | 1470       |
|    policy_gradient_loss | -0.0188    |
|    std                  | 1.35       |
|    value_loss           | 0.411      |
----------------------------------------
-----------------------------------------
| rollout/                |             |
|    ep_len_mean          | 288         |
|    ep_rew_mean          | -49.2       |
|    success_rate         | 0           |
| time/                   |             |
|    fps                  | 604         |
|    iterations           | 149         |
|    time_elapsed         | 504         |
|    total_timesteps      | 305152      |
| train/                  |             |
|    approx_kl            | 0.018028263 |
|    clip_fraction        | 0.2         |
|    clip_range           | 0.2         |
|    entropy_loss         | -13.6       |
|    explained_variance   | 0.941       |
|    learning_rate        | 0.0003      |
|    loss                 | 0.0647      |
|    n_updates            | 1480        |
|    policy_gradient_loss | -0.019      |
|    std                  | 1.35        |
|    value_loss           | 0.852       |
-----------------------------------------
-----------------------------------------
| rollout/                |             |
|    ep_len_mean          | 286         |
|    ep_rew_mean          | -49.2       |
|    success_rate         | 0           |
| time/                   |             |
|    fps                  | 605         |
|    iterations           | 150         |
|    time_elapsed         | 507         |
|    total_timesteps      | 307200      |
| train/                  |             |
|    approx_kl            | 0.014357176 |
|    clip_fraction        | 0.159       |
|    clip_range           | 0.2         |
|    entropy_loss         | -13.6       |
|    explained_variance   | 0.966       |
|    learning_rate        | 0.0003      |
|    loss                 | 0.104       |
|    n_updates            | 1490        |
|    policy_gradient_loss | -0.0149     |
|    std                  | 1.35        |
|    value_loss           | 0.645       |
-----------------------------------------
-----------------------------------------
| rollout/                |             |
|    ep_len_mean          | 287         |
|    ep_rew_mean          | -48.4       |
|    success_rate         | 0           |
| time/                   |             |
|    fps                  | 606         |
|    iterations           | 151         |
|    time_elapsed         | 509         |
|    total_timesteps      | 309248      |
| train/                  |             |
|    approx_kl            | 0.020418532 |
|    clip_fraction        | 0.225       |
|    clip_range           | 0.2         |
|    entropy_loss         | -13.6       |
|    explained_variance   | 0.983       |
|    learning_rate        | 0.0003      |
|    loss                 | -0.0215     |
|    n_updates            | 1500        |
|    policy_gradient_loss | -0.0148     |
|    std                  | 1.36        |
|    value_loss           | 0.543       |
-----------------------------------------
Eval num_timesteps=310000, episode_reward=-36.86 +/- 3.65
Episode length: 267.70 +/- 76.89
Success rate: 0.00%
-----------------------------------------
| eval/                   |             |
|    mean_ep_length       | 268         |
|    mean_reward          | -36.9       |
|    success_rate         | 0           |
| time/                   |             |
|    total_timesteps      | 310000      |
| train/                  |             |
|    approx_kl            | 0.014472969 |
|    clip_fraction        | 0.155       |
|    clip_range           | 0.2         |
|    entropy_loss         | -13.6       |
|    explained_variance   | 0.955       |
|    learning_rate        | 0.0003      |
|    loss                 | 0.36        |
|    n_updates            | 1510        |
|    policy_gradient_loss | -0.0204     |
|    std                  | 1.36        |
|    value_loss           | 2.08        |
-----------------------------------------
New best mean reward!
---------------------------------
| rollout/           |          |
|    ep_len_mean     | 285      |
|    ep_rew_mean     | -49.3    |
|    success_rate    | 0        |
| time/              |          |
|    fps             | 602      |
|    iterations      | 152      |
|    time_elapsed    | 516      |
|    total_timesteps | 311296   |
---------------------------------
-----------------------------------------
| rollout/                |             |
|    ep_len_mean          | 286         |
|    ep_rew_mean          | -49.8       |
|    success_rate         | 0           |
| time/                   |             |
|    fps                  | 603         |
|    iterations           | 153         |
|    time_elapsed         | 519         |
|    total_timesteps      | 313344      |
| train/                  |             |
|    approx_kl            | 0.012932826 |
|    clip_fraction        | 0.145       |
|    clip_range           | 0.2         |
|    entropy_loss         | -13.6       |
|    explained_variance   | 0.964       |
|    learning_rate        | 0.0003      |
|    loss                 | 0.34        |
|    n_updates            | 1520        |
|    policy_gradient_loss | -0.0191     |
|    std                  | 1.37        |
|    value_loss           | 2.01        |
-----------------------------------------
-----------------------------------------
| rollout/                |             |
|    ep_len_mean          | 286         |
|    ep_rew_mean          | -50         |
|    success_rate         | 0           |
| time/                   |             |
|    fps                  | 605         |
|    iterations           | 154         |
|    time_elapsed         | 521         |
|    total_timesteps      | 315392      |
| train/                  |             |
|    approx_kl            | 0.019808313 |
|    clip_fraction        | 0.217       |
|    clip_range           | 0.2         |
|    entropy_loss         | -13.7       |
|    explained_variance   | 0.985       |
|    learning_rate        | 0.0003      |
|    loss                 | 0.127       |
|    n_updates            | 1530        |
|    policy_gradient_loss | -0.023      |
|    std                  | 1.37        |
|    value_loss           | 0.585       |
-----------------------------------------
----------------------------------------
| rollout/                |            |
|    ep_len_mean          | 287        |
|    ep_rew_mean          | -49.1      |
|    success_rate         | 0          |
| time/                   |            |
|    fps                  | 606        |
|    iterations           | 155        |
|    time_elapsed         | 523        |
|    total_timesteps      | 317440     |
| train/                  |            |
|    approx_kl            | 0.02340215 |
|    clip_fraction        | 0.272      |
|    clip_range           | 0.2        |
|    entropy_loss         | -13.7      |
|    explained_variance   | 0.974      |
|    learning_rate        | 0.0003     |
|    loss                 | -0.0551    |
|    n_updates            | 1540       |
|    policy_gradient_loss | -0.0233    |
|    std                  | 1.37       |
|    value_loss           | 0.265      |
----------------------------------------
-----------------------------------------
| rollout/                |             |
|    ep_len_mean          | 287         |
|    ep_rew_mean          | -48.8       |
|    success_rate         | 0           |
| time/                   |             |
|    fps                  | 607         |
|    iterations           | 156         |
|    time_elapsed         | 525         |
|    total_timesteps      | 319488      |
| train/                  |             |
|    approx_kl            | 0.020336207 |
|    clip_fraction        | 0.257       |
|    clip_range           | 0.2         |
|    entropy_loss         | -13.6       |
|    explained_variance   | 0.972       |
|    learning_rate        | 0.0003      |
|    loss                 | -0.0439     |
|    n_updates            | 1550        |
|    policy_gradient_loss | -0.0225     |
|    std                  | 1.36        |
|    value_loss           | 0.308       |
-----------------------------------------
Eval num_timesteps=320000, episode_reward=-42.73 +/- 9.36
Episode length: 239.35 +/- 94.09
Success rate: 0.00%
-----------------------------------------
| eval/                   |             |
|    mean_ep_length       | 239         |
|    mean_reward          | -42.7       |
|    success_rate         | 0           |
| time/                   |             |
|    total_timesteps      | 320000      |
| train/                  |             |
|    approx_kl            | 0.021493306 |
|    clip_fraction        | 0.26        |
|    clip_range           | 0.2         |
|    entropy_loss         | -13.6       |
|    explained_variance   | 0.99        |
|    learning_rate        | 0.0003      |
|    loss                 | -0.155      |
|    n_updates            | 1560        |
|    policy_gradient_loss | -0.0274     |
|    std                  | 1.36        |
|    value_loss           | 0.0658      |
-----------------------------------------
---------------------------------
| rollout/           |          |
|    ep_len_mean     | 287      |
|    ep_rew_mean     | -46.9    |
|    success_rate    | 0        |
| time/              |          |
|    fps             | 603      |
|    iterations      | 157      |
|    time_elapsed    | 532      |
|    total_timesteps | 321536   |
---------------------------------
-----------------------------------------
| rollout/                |             |
|    ep_len_mean          | 283         |
|    ep_rew_mean          | -46.6       |
|    success_rate         | 0           |
| time/                   |             |
|    fps                  | 604         |
|    iterations           | 158         |
|    time_elapsed         | 535         |
|    total_timesteps      | 323584      |
| train/                  |             |
|    approx_kl            | 0.015870608 |
|    clip_fraction        | 0.181       |
|    clip_range           | 0.2         |
|    entropy_loss         | -13.6       |
|    explained_variance   | 0.956       |
|    learning_rate        | 0.0003      |
|    loss                 | 0.244       |
|    n_updates            | 1570        |
|    policy_gradient_loss | -0.0179     |
|    std                  | 1.36        |
|    value_loss           | 0.875       |
-----------------------------------------
-----------------------------------------
| rollout/                |             |
|    ep_len_mean          | 281         |
|    ep_rew_mean          | -45.9       |
|    success_rate         | 0           |
| time/                   |             |
|    fps                  | 605         |
|    iterations           | 159         |
|    time_elapsed         | 537         |
|    total_timesteps      | 325632      |
| train/                  |             |
|    approx_kl            | 0.017210761 |
|    clip_fraction        | 0.204       |
|    clip_range           | 0.2         |
|    entropy_loss         | -13.6       |
|    explained_variance   | 0.974       |
|    learning_rate        | 0.0003      |
|    loss                 | -0.0397     |
|    n_updates            | 1580        |
|    policy_gradient_loss | -0.022      |
|    std                  | 1.36        |
|    value_loss           | 0.382       |
-----------------------------------------
----------------------------------------
| rollout/                |            |
|    ep_len_mean          | 282        |
|    ep_rew_mean          | -46.5      |
|    success_rate         | 0          |
| time/                   |            |
|    fps                  | 606        |
|    iterations           | 160        |
|    time_elapsed         | 539        |
|    total_timesteps      | 327680     |
| train/                  |            |
|    approx_kl            | 0.01755893 |
|    clip_fraction        | 0.242      |
|    clip_range           | 0.2        |
|    entropy_loss         | -13.7      |
|    explained_variance   | 0.98       |
|    learning_rate        | 0.0003     |
|    loss                 | -0.147     |
|    n_updates            | 1590       |
|    policy_gradient_loss | -0.0229    |
|    std                  | 1.37       |
|    value_loss           | 0.152      |
----------------------------------------
-----------------------------------------
| rollout/                |             |
|    ep_len_mean          | 281         |
|    ep_rew_mean          | -46.6       |
|    success_rate         | 0           |
| time/                   |             |
|    fps                  | 608         |
|    iterations           | 161         |
|    time_elapsed         | 542         |
|    total_timesteps      | 329728      |
| train/                  |             |
|    approx_kl            | 0.015757076 |
|    clip_fraction        | 0.158       |
|    clip_range           | 0.2         |
|    entropy_loss         | -13.7       |
|    explained_variance   | 0.969       |
|    learning_rate        | 0.0003      |
|    loss                 | 0.0867      |
|    n_updates            | 1600        |
|    policy_gradient_loss | -0.0178     |
|    std                  | 1.38        |
|    value_loss           | 0.686       |
-----------------------------------------
Eval num_timesteps=330000, episode_reward=-42.59 +/- 7.04
Episode length: 276.05 +/- 59.80
Success rate: 0.00%
-----------------------------------------
| eval/                   |             |
|    mean_ep_length       | 276         |
|    mean_reward          | -42.6       |
|    success_rate         | 0           |
| time/                   |             |
|    total_timesteps      | 330000      |
| train/                  |             |
|    approx_kl            | 0.015184062 |
|    clip_fraction        | 0.175       |
|    clip_range           | 0.2         |
|    entropy_loss         | -13.7       |
|    explained_variance   | 0.95        |
|    learning_rate        | 0.0003      |
|    loss                 | 0.182       |
|    n_updates            | 1610        |
|    policy_gradient_loss | -0.0172     |
|    std                  | 1.38        |
|    value_loss           | 0.593       |
-----------------------------------------
---------------------------------
| rollout/           |          |
|    ep_len_mean     | 279      |
|    ep_rew_mean     | -46.2    |
|    success_rate    | 0        |
| time/              |          |
|    fps             | 603      |
|    iterations      | 162      |
|    time_elapsed    | 549      |
|    total_timesteps | 331776   |
---------------------------------
-----------------------------------------
| rollout/                |             |
|    ep_len_mean          | 277         |
|    ep_rew_mean          | -45.7       |
|    success_rate         | 0           |
| time/                   |             |
|    fps                  | 604         |
|    iterations           | 163         |
|    time_elapsed         | 551         |
|    total_timesteps      | 333824      |
| train/                  |             |
|    approx_kl            | 0.016433463 |
|    clip_fraction        | 0.207       |
|    clip_range           | 0.2         |
|    entropy_loss         | -13.8       |
|    explained_variance   | 0.988       |
|    learning_rate        | 0.0003      |
|    loss                 | -0.0945     |
|    n_updates            | 1620        |
|    policy_gradient_loss | -0.0228     |
|    std                  | 1.39        |
|    value_loss           | 0.164       |
-----------------------------------------
---------------------------------------
| rollout/                |           |
|    ep_len_mean          | 275       |
|    ep_rew_mean          | -46.4     |
|    success_rate         | 0         |
| time/                   |           |
|    fps                  | 606       |
|    iterations           | 164       |
|    time_elapsed         | 554       |
|    total_timesteps      | 335872    |
| train/                  |           |
|    approx_kl            | 0.0168114 |
|    clip_fraction        | 0.196     |
|    clip_range           | 0.2       |
|    entropy_loss         | -13.8     |
|    explained_variance   | 0.964     |
|    learning_rate        | 0.0003    |
|    loss                 | 0.0104    |
|    n_updates            | 1630      |
|    policy_gradient_loss | -0.0237   |
|    std                  | 1.39      |
|    value_loss           | 0.548     |
---------------------------------------
----------------------------------------
| rollout/                |            |
|    ep_len_mean          | 279        |
|    ep_rew_mean          | -47        |
|    success_rate         | 0          |
| time/                   |            |
|    fps                  | 607        |
|    iterations           | 165        |
|    time_elapsed         | 556        |
|    total_timesteps      | 337920     |
| train/                  |            |
|    approx_kl            | 0.01059768 |
|    clip_fraction        | 0.101      |
|    clip_range           | 0.2        |
|    entropy_loss         | -13.8      |
|    explained_variance   | 0.965      |
|    learning_rate        | 0.0003     |
|    loss                 | 0.806      |
|    n_updates            | 1640       |
|    policy_gradient_loss | -0.0121    |
|    std                  | 1.39       |
|    value_loss           | 1.87       |
----------------------------------------
----------------------------------------
| rollout/                |            |
|    ep_len_mean          | 279        |
|    ep_rew_mean          | -46.8      |
|    success_rate         | 0          |
| time/                   |            |
|    fps                  | 608        |
|    iterations           | 166        |
|    time_elapsed         | 558        |
|    total_timesteps      | 339968     |
| train/                  |            |
|    approx_kl            | 0.01699422 |
|    clip_fraction        | 0.171      |
|    clip_range           | 0.2        |
|    entropy_loss         | -13.8      |
|    explained_variance   | 0.967      |
|    learning_rate        | 0.0003     |
|    loss                 | 0.0633     |
|    n_updates            | 1650       |
|    policy_gradient_loss | -0.0175    |
|    std                  | 1.4        |
|    value_loss           | 0.501      |
----------------------------------------
Eval num_timesteps=340000, episode_reward=-37.98 +/- 5.59
Episode length: 260.50 +/- 80.79
Success rate: 0.00%
-----------------------------------------
| eval/                   |             |
|    mean_ep_length       | 260         |
|    mean_reward          | -38         |
|    success_rate         | 0           |
| time/                   |             |
|    total_timesteps      | 340000      |
| train/                  |             |
|    approx_kl            | 0.014185293 |
|    clip_fraction        | 0.149       |
|    clip_range           | 0.2         |
|    entropy_loss         | -13.8       |
|    explained_variance   | 0.977       |
|    learning_rate        | 0.0003      |
|    loss                 | 0.0627      |
|    n_updates            | 1660        |
|    policy_gradient_loss | -0.017      |
|    std                  | 1.4         |
|    value_loss           | 0.988       |
-----------------------------------------
---------------------------------
| rollout/           |          |
|    ep_len_mean     | 279      |
|    ep_rew_mean     | -46.9    |
|    success_rate    | 0        |
| time/              |          |
|    fps             | 604      |
|    iterations      | 167      |
|    time_elapsed    | 565      |
|    total_timesteps | 342016   |
---------------------------------
-----------------------------------------
| rollout/                |             |
|    ep_len_mean          | 279         |
|    ep_rew_mean          | -46.8       |
|    success_rate         | 0           |
| time/                   |             |
|    fps                  | 605         |
|    iterations           | 168         |
|    time_elapsed         | 568         |
|    total_timesteps      | 344064      |
| train/                  |             |
|    approx_kl            | 0.018567264 |
|    clip_fraction        | 0.251       |
|    clip_range           | 0.2         |
|    entropy_loss         | -13.8       |
|    explained_variance   | 0.971       |
|    learning_rate        | 0.0003      |
|    loss                 | -0.104      |
|    n_updates            | 1670        |
|    policy_gradient_loss | -0.0232     |
|    std                  | 1.4         |
|    value_loss           | 0.236       |
-----------------------------------------
----------------------------------------
| rollout/                |            |
|    ep_len_mean          | 280        |
|    ep_rew_mean          | -47.2      |
|    success_rate         | 0          |
| time/                   |            |
|    fps                  | 606        |
|    iterations           | 169        |
|    time_elapsed         | 570        |
|    total_timesteps      | 346112     |
| train/                  |            |
|    approx_kl            | 0.01863274 |
|    clip_fraction        | 0.221      |
|    clip_range           | 0.2        |
|    entropy_loss         | -13.8      |
|    explained_variance   | 0.968      |
|    learning_rate        | 0.0003     |
|    loss                 | -0.0355    |
|    n_updates            | 1680       |
|    policy_gradient_loss | -0.0242    |
|    std                  | 1.4        |
|    value_loss           | 0.277      |
----------------------------------------
-----------------------------------------
| rollout/                |             |
|    ep_len_mean          | 277         |
|    ep_rew_mean          | -47.2       |
|    success_rate         | 0           |
| time/                   |             |
|    fps                  | 608         |
|    iterations           | 170         |
|    time_elapsed         | 572         |
|    total_timesteps      | 348160      |
| train/                  |             |
|    approx_kl            | 0.016369428 |
|    clip_fraction        | 0.191       |
|    clip_range           | 0.2         |
|    entropy_loss         | -13.8       |
|    explained_variance   | 0.983       |
|    learning_rate        | 0.0003      |
|    loss                 | -0.14       |
|    n_updates            | 1690        |
|    policy_gradient_loss | -0.0176     |
|    std                  | 1.4         |
|    value_loss           | 0.178       |
-----------------------------------------
Eval num_timesteps=350000, episode_reward=-38.28 +/- 5.42
Episode length: 291.80 +/- 35.74
Success rate: 0.00%
-----------------------------------------
| eval/                   |             |
|    mean_ep_length       | 292         |
|    mean_reward          | -38.3       |
|    success_rate         | 0           |
| time/                   |             |
|    total_timesteps      | 350000      |
| train/                  |             |
|    approx_kl            | 0.014363682 |
|    clip_fraction        | 0.171       |
|    clip_range           | 0.2         |
|    entropy_loss         | -13.9       |
|    explained_variance   | 0.962       |
|    learning_rate        | 0.0003      |
|    loss                 | 0.0815      |
|    n_updates            | 1700        |
|    policy_gradient_loss | -0.0207     |
|    std                  | 1.41        |
|    value_loss           | 0.766       |
-----------------------------------------
---------------------------------
| rollout/           |          |
|    ep_len_mean     | 283      |
|    ep_rew_mean     | -47.5    |
|    success_rate    | 0        |
| time/              |          |
|    fps             | 603      |
|    iterations      | 171      |
|    time_elapsed    | 580      |
|    total_timesteps | 350208   |
---------------------------------
-----------------------------------------
| rollout/                |             |
|    ep_len_mean          | 285         |
|    ep_rew_mean          | -47.8       |
|    success_rate         | 0           |
| time/                   |             |
|    fps                  | 604         |
|    iterations           | 172         |
|    time_elapsed         | 582         |
|    total_timesteps      | 352256      |
| train/                  |             |
|    approx_kl            | 0.018908408 |
|    clip_fraction        | 0.238       |
|    clip_range           | 0.2         |
|    entropy_loss         | -13.9       |
|    explained_variance   | 0.987       |
|    learning_rate        | 0.0003      |
|    loss                 | -0.111      |
|    n_updates            | 1710        |
|    policy_gradient_loss | -0.027      |
|    std                  | 1.41        |
|    value_loss           | 0.173       |
-----------------------------------------
----------------------------------------
| rollout/                |            |
|    ep_len_mean          | 285        |
|    ep_rew_mean          | -47.7      |
|    success_rate         | 0          |
| time/                   |            |
|    fps                  | 605        |
|    iterations           | 173        |
|    time_elapsed         | 584        |
|    total_timesteps      | 354304     |
| train/                  |            |
|    approx_kl            | 0.01742842 |
|    clip_fraction        | 0.227      |
|    clip_range           | 0.2        |
|    entropy_loss         | -13.9      |
|    explained_variance   | 0.981      |
|    learning_rate        | 0.0003     |
|    loss                 | -0.112     |
|    n_updates            | 1720       |
|    policy_gradient_loss | -0.0237    |
|    std                  | 1.41       |
|    value_loss           | 0.225      |
----------------------------------------
----------------------------------------
| rollout/                |            |
|    ep_len_mean          | 283        |
|    ep_rew_mean          | -47.1      |
|    success_rate         | 0          |
| time/                   |            |
|    fps                  | 606        |
|    iterations           | 174        |
|    time_elapsed         | 587        |
|    total_timesteps      | 356352     |
| train/                  |            |
|    approx_kl            | 0.01643787 |
|    clip_fraction        | 0.181      |
|    clip_range           | 0.2        |
|    entropy_loss         | -13.9      |
|    explained_variance   | 0.968      |
|    learning_rate        | 0.0003     |
|    loss                 | -0.0268    |
|    n_updates            | 1730       |
|    policy_gradient_loss | -0.0214    |
|    std                  | 1.42       |
|    value_loss           | 0.305      |
----------------------------------------
-----------------------------------------
| rollout/                |             |
|    ep_len_mean          | 281         |
|    ep_rew_mean          | -46.9       |
|    success_rate         | 0           |
| time/                   |             |
|    fps                  | 607         |
|    iterations           | 175         |
|    time_elapsed         | 589         |
|    total_timesteps      | 358400      |
| train/                  |             |
|    approx_kl            | 0.014773065 |
|    clip_fraction        | 0.152       |
|    clip_range           | 0.2         |
|    entropy_loss         | -13.9       |
|    explained_variance   | 0.934       |
|    learning_rate        | 0.0003      |
|    loss                 | 0.0954      |
|    n_updates            | 1740        |
|    policy_gradient_loss | -0.0135     |
|    std                  | 1.42        |
|    value_loss           | 0.729       |
-----------------------------------------
Eval num_timesteps=360000, episode_reward=-39.94 +/- 5.45
Episode length: 300.00 +/- 0.00
Success rate: 0.00%
-----------------------------------------
| eval/                   |             |
|    mean_ep_length       | 300         |
|    mean_reward          | -39.9       |
|    success_rate         | 0           |
| time/                   |             |
|    total_timesteps      | 360000      |
| train/                  |             |
|    approx_kl            | 0.018846527 |
|    clip_fraction        | 0.226       |
|    clip_range           | 0.2         |
|    entropy_loss         | -14         |
|    explained_variance   | 0.977       |
|    learning_rate        | 0.0003      |
|    loss                 | -0.0696     |
|    n_updates            | 1750        |
|    policy_gradient_loss | -0.0199     |
|    std                  | 1.43        |
|    value_loss           | 0.263       |
-----------------------------------------
---------------------------------
| rollout/           |          |
|    ep_len_mean     | 283      |
|    ep_rew_mean     | -46.8    |
|    success_rate    | 0        |
| time/              |          |
|    fps             | 603      |
|    iterations      | 176      |
|    time_elapsed    | 597      |
|    total_timesteps | 360448   |
---------------------------------
-----------------------------------------
| rollout/                |             |
|    ep_len_mean          | 287         |
|    ep_rew_mean          | -48.5       |
|    success_rate         | 0           |
| time/                   |             |
|    fps                  | 604         |
|    iterations           | 177         |
|    time_elapsed         | 599         |
|    total_timesteps      | 362496      |
| train/                  |             |
|    approx_kl            | 0.016671874 |
|    clip_fraction        | 0.208       |
|    clip_range           | 0.2         |
|    entropy_loss         | -14         |
|    explained_variance   | 0.988       |
|    learning_rate        | 0.0003      |
|    loss                 | -0.125      |
|    n_updates            | 1760        |
|    policy_gradient_loss | -0.0209     |
|    std                  | 1.44        |
|    value_loss           | 0.159       |
-----------------------------------------
-----------------------------------------
| rollout/                |             |
|    ep_len_mean          | 285         |
|    ep_rew_mean          | -48.5       |
|    success_rate         | 0           |
| time/                   |             |
|    fps                  | 605         |
|    iterations           | 178         |
|    time_elapsed         | 601         |
|    total_timesteps      | 364544      |
| train/                  |             |
|    approx_kl            | 0.013520084 |
|    clip_fraction        | 0.135       |
|    clip_range           | 0.2         |
|    entropy_loss         | -14         |
|    explained_variance   | 0.946       |
|    learning_rate        | 0.0003      |
|    loss                 | 0.122       |
|    n_updates            | 1770        |
|    policy_gradient_loss | -0.0176     |
|    std                  | 1.44        |
|    value_loss           | 1.98        |
-----------------------------------------
-----------------------------------------
| rollout/                |             |
|    ep_len_mean          | 282         |
|    ep_rew_mean          | -50.9       |
|    success_rate         | 0           |
| time/                   |             |
|    fps                  | 607         |
|    iterations           | 179         |
|    time_elapsed         | 603         |
|    total_timesteps      | 366592      |
| train/                  |             |
|    approx_kl            | 0.010644358 |
|    clip_fraction        | 0.0961      |
|    clip_range           | 0.2         |
|    entropy_loss         | -14         |
|    explained_variance   | 0.953       |
|    learning_rate        | 0.0003      |
|    loss                 | 0.288       |
|    n_updates            | 1780        |
|    policy_gradient_loss | -0.0176     |
|    std                  | 1.44        |
|    value_loss           | 1.69        |
-----------------------------------------
-----------------------------------------
| rollout/                |             |
|    ep_len_mean          | 282         |
|    ep_rew_mean          | -49.8       |
|    success_rate         | 0           |
| time/                   |             |
|    fps                  | 608         |
|    iterations           | 180         |
|    time_elapsed         | 606         |
|    total_timesteps      | 368640      |
| train/                  |             |
|    approx_kl            | 0.009798516 |
|    clip_fraction        | 0.0784      |
|    clip_range           | 0.2         |
|    entropy_loss         | -14.1       |
|    explained_variance   | 0.965       |
|    learning_rate        | 0.0003      |
|    loss                 | 0.941       |
|    n_updates            | 1790        |
|    policy_gradient_loss | -0.0152     |
|    std                  | 1.44        |
|    value_loss           | 5.11        |
-----------------------------------------
Eval num_timesteps=370000, episode_reward=-54.85 +/- 21.90
Episode length: 297.85 +/- 9.37
Success rate: 0.00%
-----------------------------------------
| eval/                   |             |
|    mean_ep_length       | 298         |
|    mean_reward          | -54.9       |
|    success_rate         | 0           |
| time/                   |             |
|    total_timesteps      | 370000      |
| train/                  |             |
|    approx_kl            | 0.014607639 |
|    clip_fraction        | 0.163       |
|    clip_range           | 0.2         |
|    entropy_loss         | -14.1       |
|    explained_variance   | 0.918       |
|    learning_rate        | 0.0003      |
|    loss                 | 0.159       |
|    n_updates            | 1800        |
|    policy_gradient_loss | -0.0204     |
|    std                  | 1.44        |
|    value_loss           | 1.46        |
-----------------------------------------
---------------------------------
| rollout/           |          |
|    ep_len_mean     | 283      |
|    ep_rew_mean     | -49.9    |
|    success_rate    | 0        |
| time/              |          |
|    fps             | 604      |
|    iterations      | 181      |
|    time_elapsed    | 613      |
|    total_timesteps | 370688   |
---------------------------------
-----------------------------------------
| rollout/                |             |
|    ep_len_mean          | 283         |
|    ep_rew_mean          | -49.8       |
|    success_rate         | 0           |
| time/                   |             |
|    fps                  | 605         |
|    iterations           | 182         |
|    time_elapsed         | 615         |
|    total_timesteps      | 372736      |
| train/                  |             |
|    approx_kl            | 0.017478893 |
|    clip_fraction        | 0.214       |
|    clip_range           | 0.2         |
|    entropy_loss         | -14.1       |
|    explained_variance   | 0.981       |
|    learning_rate        | 0.0003      |
|    loss                 | -0.0924     |
|    n_updates            | 1810        |
|    policy_gradient_loss | -0.0225     |
|    std                  | 1.45        |
|    value_loss           | 0.274       |
-----------------------------------------
-----------------------------------------
| rollout/                |             |
|    ep_len_mean          | 281         |
|    ep_rew_mean          | -50         |
|    success_rate         | 0           |
| time/                   |             |
|    fps                  | 606         |
|    iterations           | 183         |
|    time_elapsed         | 618         |
|    total_timesteps      | 374784      |
| train/                  |             |
|    approx_kl            | 0.014404378 |
|    clip_fraction        | 0.162       |
|    clip_range           | 0.2         |
|    entropy_loss         | -14.1       |
|    explained_variance   | 0.948       |
|    learning_rate        | 0.0003      |
|    loss                 | 0.183       |
|    n_updates            | 1820        |
|    policy_gradient_loss | -0.0172     |
|    std                  | 1.45        |
|    value_loss           | 0.745       |
-----------------------------------------
-----------------------------------------
| rollout/                |             |
|    ep_len_mean          | 281         |
|    ep_rew_mean          | -50.1       |
|    success_rate         | 0           |
| time/                   |             |
|    fps                  | 607         |
|    iterations           | 184         |
|    time_elapsed         | 620         |
|    total_timesteps      | 376832      |
| train/                  |             |
|    approx_kl            | 0.014872204 |
|    clip_fraction        | 0.184       |
|    clip_range           | 0.2         |
|    entropy_loss         | -14.1       |
|    explained_variance   | 0.995       |
|    learning_rate        | 0.0003      |
|    loss                 | 0.057       |
|    n_updates            | 1830        |
|    policy_gradient_loss | -0.0223     |
|    std                  | 1.46        |
|    value_loss           | 0.439       |
-----------------------------------------
-----------------------------------------
| rollout/                |             |
|    ep_len_mean          | 282         |
|    ep_rew_mean          | -51.2       |
|    success_rate         | 0           |
| time/                   |             |
|    fps                  | 608         |
|    iterations           | 185         |
|    time_elapsed         | 622         |
|    total_timesteps      | 378880      |
| train/                  |             |
|    approx_kl            | 0.014303455 |
|    clip_fraction        | 0.191       |
|    clip_range           | 0.2         |
|    entropy_loss         | -14.1       |
|    explained_variance   | 0.972       |
|    learning_rate        | 0.0003      |
|    loss                 | 0.0517      |
|    n_updates            | 1840        |
|    policy_gradient_loss | -0.0222     |
|    std                  | 1.46        |
|    value_loss           | 0.624       |
-----------------------------------------
Eval num_timesteps=380000, episode_reward=-46.33 +/- 5.38
Episode length: 300.00 +/- 0.00
Success rate: 0.00%
-----------------------------------------
| eval/                   |             |
|    mean_ep_length       | 300         |
|    mean_reward          | -46.3       |
|    success_rate         | 0           |
| time/                   |             |
|    total_timesteps      | 380000      |
| train/                  |             |
|    approx_kl            | 0.016307842 |
|    clip_fraction        | 0.168       |
|    clip_range           | 0.2         |
|    entropy_loss         | -14.1       |
|    explained_variance   | 0.98        |
|    learning_rate        | 0.0003      |
|    loss                 | 0.345       |
|    n_updates            | 1850        |
|    policy_gradient_loss | -0.0142     |
|    std                  | 1.46        |
|    value_loss           | 1.39        |
-----------------------------------------
---------------------------------
| rollout/           |          |
|    ep_len_mean     | 281      |
|    ep_rew_mean     | -52.1    |
|    success_rate    | 0        |
| time/              |          |
|    fps             | 604      |
|    iterations      | 186      |
|    time_elapsed    | 629      |
|    total_timesteps | 380928   |
---------------------------------
-----------------------------------------
| rollout/                |             |
|    ep_len_mean          | 283         |
|    ep_rew_mean          | -52.4       |
|    success_rate         | 0           |
| time/                   |             |
|    fps                  | 605         |
|    iterations           | 187         |
|    time_elapsed         | 632         |
|    total_timesteps      | 382976      |
| train/                  |             |
|    approx_kl            | 0.014268966 |
|    clip_fraction        | 0.145       |
|    clip_range           | 0.2         |
|    entropy_loss         | -14.1       |
|    explained_variance   | 0.987       |
|    learning_rate        | 0.0003      |
|    loss                 | 0.116       |
|    n_updates            | 1860        |
|    policy_gradient_loss | -0.0156     |
|    std                  | 1.46        |
|    value_loss           | 1.71        |
-----------------------------------------
-----------------------------------------
| rollout/                |             |
|    ep_len_mean          | 285         |
|    ep_rew_mean          | -52.4       |
|    success_rate         | 0           |
| time/                   |             |
|    fps                  | 606         |
|    iterations           | 188         |
|    time_elapsed         | 634         |
|    total_timesteps      | 385024      |
| train/                  |             |
|    approx_kl            | 0.014840255 |
|    clip_fraction        | 0.181       |
|    clip_range           | 0.2         |
|    entropy_loss         | -14.1       |
|    explained_variance   | 0.963       |
|    learning_rate        | 0.0003      |
|    loss                 | -0.0846     |
|    n_updates            | 1870        |
|    policy_gradient_loss | -0.019      |
|    std                  | 1.46        |
|    value_loss           | 0.266       |
-----------------------------------------
-----------------------------------------
| rollout/                |             |
|    ep_len_mean          | 288         |
|    ep_rew_mean          | -52.8       |
|    success_rate         | 0           |
| time/                   |             |
|    fps                  | 607         |
|    iterations           | 189         |
|    time_elapsed         | 636         |
|    total_timesteps      | 387072      |
| train/                  |             |
|    approx_kl            | 0.017396525 |
|    clip_fraction        | 0.214       |
|    clip_range           | 0.2         |
|    entropy_loss         | -14.2       |
|    explained_variance   | 0.987       |
|    learning_rate        | 0.0003      |
|    loss                 | -0.109      |
|    n_updates            | 1880        |
|    policy_gradient_loss | -0.0225     |
|    std                  | 1.46        |
|    value_loss           | 0.159       |
-----------------------------------------
-----------------------------------------
| rollout/                |             |
|    ep_len_mean          | 288         |
|    ep_rew_mean          | -52.8       |
|    success_rate         | 0           |
| time/                   |             |
|    fps                  | 608         |
|    iterations           | 190         |
|    time_elapsed         | 638         |
|    total_timesteps      | 389120      |
| train/                  |             |
|    approx_kl            | 0.016362045 |
|    clip_fraction        | 0.219       |
|    clip_range           | 0.2         |
|    entropy_loss         | -14.2       |
|    explained_variance   | 0.982       |
|    learning_rate        | 0.0003      |
|    loss                 | -0.109      |
|    n_updates            | 1890        |
|    policy_gradient_loss | -0.0196     |
|    std                  | 1.46        |
|    value_loss           | 0.159       |
-----------------------------------------
Eval num_timesteps=390000, episode_reward=-47.04 +/- 9.26
Episode length: 300.00 +/- 0.00
Success rate: 0.00%
-----------------------------------------
| eval/                   |             |
|    mean_ep_length       | 300         |
|    mean_reward          | -47         |
|    success_rate         | 0           |
| time/                   |             |
|    total_timesteps      | 390000      |
| train/                  |             |
|    approx_kl            | 0.017314803 |
|    clip_fraction        | 0.207       |
|    clip_range           | 0.2         |
|    entropy_loss         | -14.2       |
|    explained_variance   | 0.992       |
|    learning_rate        | 0.0003      |
|    loss                 | -0.128      |
|    n_updates            | 1900        |
|    policy_gradient_loss | -0.0232     |
|    std                  | 1.47        |
|    value_loss           | 0.0942      |
-----------------------------------------
---------------------------------
| rollout/           |          |
|    ep_len_mean     | 287      |
|    ep_rew_mean     | -51.3    |
|    success_rate    | 0        |
| time/              |          |
|    fps             | 605      |
|    iterations      | 191      |
|    time_elapsed    | 646      |
|    total_timesteps | 391168   |
---------------------------------
-----------------------------------------
| rollout/                |             |
|    ep_len_mean          | 290         |
|    ep_rew_mean          | -51         |
|    success_rate         | 0           |
| time/                   |             |
|    fps                  | 606         |
|    iterations           | 192         |
|    time_elapsed         | 648         |
|    total_timesteps      | 393216      |
| train/                  |             |
|    approx_kl            | 0.014460208 |
|    clip_fraction        | 0.146       |
|    clip_range           | 0.2         |
|    entropy_loss         | -14.3       |
|    explained_variance   | 0.936       |
|    learning_rate        | 0.0003      |
|    loss                 | 0.00754     |
|    n_updates            | 1910        |
|    policy_gradient_loss | -0.0159     |
|    std                  | 1.48        |
|    value_loss           | 0.513       |
-----------------------------------------
-----------------------------------------
| rollout/                |             |
|    ep_len_mean          | 290         |
|    ep_rew_mean          | -48         |
|    success_rate         | 0           |
| time/                   |             |
|    fps                  | 607         |
|    iterations           | 193         |
|    time_elapsed         | 651         |
|    total_timesteps      | 395264      |
| train/                  |             |
|    approx_kl            | 0.016495928 |
|    clip_fraction        | 0.163       |
|    clip_range           | 0.2         |
|    entropy_loss         | -14.3       |
|    explained_variance   | 0.947       |
|    learning_rate        | 0.0003      |
|    loss                 | 0.0187      |
|    n_updates            | 1920        |
|    policy_gradient_loss | -0.0174     |
|    std                  | 1.49        |
|    value_loss           | 0.351       |
-----------------------------------------
-----------------------------------------
| rollout/                |             |
|    ep_len_mean          | 286         |
|    ep_rew_mean          | -47.3       |
|    success_rate         | 0           |
| time/                   |             |
|    fps                  | 608         |
|    iterations           | 194         |
|    time_elapsed         | 653         |
|    total_timesteps      | 397312      |
| train/                  |             |
|    approx_kl            | 0.016898155 |
|    clip_fraction        | 0.162       |
|    clip_range           | 0.2         |
|    entropy_loss         | -14.4       |
|    explained_variance   | 0.957       |
|    learning_rate        | 0.0003      |
|    loss                 | 0.13        |
|    n_updates            | 1930        |
|    policy_gradient_loss | -0.0155     |
|    std                  | 1.5         |
|    value_loss           | 0.859       |
-----------------------------------------
-----------------------------------------
| rollout/                |             |
|    ep_len_mean          | 286         |
|    ep_rew_mean          | -49.5       |
|    success_rate         | 0           |
| time/                   |             |
|    fps                  | 609         |
|    iterations           | 195         |
|    time_elapsed         | 655         |
|    total_timesteps      | 399360      |
| train/                  |             |
|    approx_kl            | 0.013812663 |
|    clip_fraction        | 0.168       |
|    clip_range           | 0.2         |
|    entropy_loss         | -14.4       |
|    explained_variance   | 0.977       |
|    learning_rate        | 0.0003      |
|    loss                 | 0.00134     |
|    n_updates            | 1940        |
|    policy_gradient_loss | -0.019      |
|    std                  | 1.5         |
|    value_loss           | 0.381       |
-----------------------------------------
Eval num_timesteps=400000, episode_reward=-41.79 +/- 8.97
Episode length: 291.15 +/- 38.58
Success rate: 0.00%
-----------------------------------------
| eval/                   |             |
|    mean_ep_length       | 291         |
|    mean_reward          | -41.8       |
|    success_rate         | 0           |
| time/                   |             |
|    total_timesteps      | 400000      |
| train/                  |             |
|    approx_kl            | 0.011521425 |
|    clip_fraction        | 0.109       |
|    clip_range           | 0.2         |
|    entropy_loss         | -14.4       |
|    explained_variance   | 0.967       |
|    learning_rate        | 0.0003      |
|    loss                 | 0.287       |
|    n_updates            | 1950        |
|    policy_gradient_loss | -0.0162     |
|    std                  | 1.51        |
|    value_loss           | 5.49        |
-----------------------------------------
---------------------------------
| rollout/           |          |
|    ep_len_mean     | 286      |
|    ep_rew_mean     | -51.6    |
|    success_rate    | 0        |
| time/              |          |
|    fps             | 605      |
|    iterations      | 196      |
|    time_elapsed    | 662      |
|    total_timesteps | 401408   |
---------------------------------
-----------------------------------------
| rollout/                |             |
|    ep_len_mean          | 286         |
|    ep_rew_mean          | -51.6       |
|    success_rate         | 0           |
| time/                   |             |
|    fps                  | 606         |
|    iterations           | 197         |
|    time_elapsed         | 665         |
|    total_timesteps      | 403456      |
| train/                  |             |
|    approx_kl            | 0.010593135 |
|    clip_fraction        | 0.0806      |
|    clip_range           | 0.2         |
|    entropy_loss         | -14.4       |
|    explained_variance   | 0.981       |
|    learning_rate        | 0.0003      |
|    loss                 | 1.97        |
|    n_updates            | 1960        |
|    policy_gradient_loss | -0.0151     |
|    std                  | 1.51        |
|    value_loss           | 4.63        |
-----------------------------------------
-----------------------------------------
| rollout/                |             |
|    ep_len_mean          | 288         |
|    ep_rew_mean          | -51.4       |
|    success_rate         | 0           |
| time/                   |             |
|    fps                  | 607         |
|    iterations           | 198         |
|    time_elapsed         | 667         |
|    total_timesteps      | 405504      |
| train/                  |             |
|    approx_kl            | 0.014355652 |
|    clip_fraction        | 0.149       |
|    clip_range           | 0.2         |
|    entropy_loss         | -14.4       |
|    explained_variance   | 0.964       |
|    learning_rate        | 0.0003      |
|    loss                 | 0.347       |
|    n_updates            | 1970        |
|    policy_gradient_loss | -0.0192     |
|    std                  | 1.51        |
|    value_loss           | 1.2         |
-----------------------------------------
---------------------------------------
| rollout/                |           |
|    ep_len_mean          | 288       |
|    ep_rew_mean          | -50.3     |
|    success_rate         | 0         |
| time/                   |           |
|    fps                  | 608       |
|    iterations           | 199       |
|    time_elapsed         | 669       |
|    total_timesteps      | 407552    |
| train/                  |           |
|    approx_kl            | 0.0178884 |
|    clip_fraction        | 0.226     |
|    clip_range           | 0.2       |
|    entropy_loss         | -14.4     |
|    explained_variance   | 0.978     |
|    learning_rate        | 0.0003    |
|    loss                 | -0.1      |
|    n_updates            | 1980      |
|    policy_gradient_loss | -0.0226   |
|    std                  | 1.51      |
|    value_loss           | 0.239     |
---------------------------------------
-----------------------------------------
| rollout/                |             |
|    ep_len_mean          | 285         |
|    ep_rew_mean          | -49.3       |
|    success_rate         | 0           |
| time/                   |             |
|    fps                  | 609         |
|    iterations           | 200         |
|    time_elapsed         | 671         |
|    total_timesteps      | 409600      |
| train/                  |             |
|    approx_kl            | 0.018799346 |
|    clip_fraction        | 0.239       |
|    clip_range           | 0.2         |
|    entropy_loss         | -14.4       |
|    explained_variance   | 0.979       |
|    learning_rate        | 0.0003      |
|    loss                 | -0.11       |
|    n_updates            | 1990        |
|    policy_gradient_loss | -0.026      |
|    std                  | 1.51        |
|    value_loss           | 0.187       |
-----------------------------------------
Eval num_timesteps=410000, episode_reward=-37.26 +/- 5.56
Episode length: 300.00 +/- 0.00
Success rate: 0.00%
------------------------------------------
| eval/                   |              |
|    mean_ep_length       | 300          |
|    mean_reward          | -37.3        |
|    success_rate         | 0            |
| time/                   |              |
|    total_timesteps      | 410000       |
| train/                  |              |
|    approx_kl            | 0.0138508715 |
|    clip_fraction        | 0.137        |
|    clip_range           | 0.2          |
|    entropy_loss         | -14.5        |
|    explained_variance   | 0.952        |
|    learning_rate        | 0.0003       |
|    loss                 | 0.281        |
|    n_updates            | 2000         |
|    policy_gradient_loss | -0.0156      |
|    std                  | 1.51         |
|    value_loss           | 2.18         |
------------------------------------------
---------------------------------
| rollout/           |          |
|    ep_len_mean     | 278      |
|    ep_rew_mean     | -48.7    |
|    success_rate    | 0        |
| time/              |          |
|    fps             | 605      |
|    iterations      | 201      |
|    time_elapsed    | 679      |
|    total_timesteps | 411648   |
---------------------------------
-----------------------------------------
| rollout/                |             |
|    ep_len_mean          | 274         |
|    ep_rew_mean          | -48.4       |
|    success_rate         | 0           |
| time/                   |             |
|    fps                  | 606         |
|    iterations           | 202         |
|    time_elapsed         | 681         |
|    total_timesteps      | 413696      |
| train/                  |             |
|    approx_kl            | 0.017310921 |
|    clip_fraction        | 0.221       |
|    clip_range           | 0.2         |
|    entropy_loss         | -14.5       |
|    explained_variance   | 0.975       |
|    learning_rate        | 0.0003      |
|    loss                 | -0.0491     |
|    n_updates            | 2010        |
|    policy_gradient_loss | -0.022      |
|    std                  | 1.51        |
|    value_loss           | 0.414       |
-----------------------------------------
-----------------------------------------
| rollout/                |             |
|    ep_len_mean          | 269         |
|    ep_rew_mean          | -48         |
|    success_rate         | 0           |
| time/                   |             |
|    fps                  | 607         |
|    iterations           | 203         |
|    time_elapsed         | 684         |
|    total_timesteps      | 415744      |
| train/                  |             |
|    approx_kl            | 0.015864287 |
|    clip_fraction        | 0.182       |
|    clip_range           | 0.2         |
|    entropy_loss         | -14.5       |
|    explained_variance   | 0.951       |
|    learning_rate        | 0.0003      |
|    loss                 | -0.0762     |
|    n_updates            | 2020        |
|    policy_gradient_loss | -0.0191     |
|    std                  | 1.51        |
|    value_loss           | 0.603       |
-----------------------------------------
-----------------------------------------
| rollout/                |             |
|    ep_len_mean          | 269         |
|    ep_rew_mean          | -48.1       |
|    success_rate         | 0           |
| time/                   |             |
|    fps                  | 608         |
|    iterations           | 204         |
|    time_elapsed         | 686         |
|    total_timesteps      | 417792      |
| train/                  |             |
|    approx_kl            | 0.016540356 |
|    clip_fraction        | 0.219       |
|    clip_range           | 0.2         |
|    entropy_loss         | -14.5       |
|    explained_variance   | 0.984       |
|    learning_rate        | 0.0003      |
|    loss                 | -0.0939     |
|    n_updates            | 2030        |
|    policy_gradient_loss | -0.0235     |
|    std                  | 1.51        |
|    value_loss           | 0.271       |
-----------------------------------------
-----------------------------------------
| rollout/                |             |
|    ep_len_mean          | 270         |
|    ep_rew_mean          | -47.6       |
|    success_rate         | 0           |
| time/                   |             |
|    fps                  | 609         |
|    iterations           | 205         |
|    time_elapsed         | 688         |
|    total_timesteps      | 419840      |
| train/                  |             |
|    approx_kl            | 0.015046078 |
|    clip_fraction        | 0.15        |
|    clip_range           | 0.2         |
|    entropy_loss         | -14.5       |
|    explained_variance   | 0.897       |
|    learning_rate        | 0.0003      |
|    loss                 | -0.0453     |
|    n_updates            | 2040        |
|    policy_gradient_loss | -0.0139     |
|    std                  | 1.52        |
|    value_loss           | 1.36        |
-----------------------------------------
Eval num_timesteps=420000, episode_reward=-38.42 +/- 5.48
Episode length: 300.00 +/- 0.00
Success rate: 0.00%
-----------------------------------------
| eval/                   |             |
|    mean_ep_length       | 300         |
|    mean_reward          | -38.4       |
|    success_rate         | 0           |
| time/                   |             |
|    total_timesteps      | 420000      |
| train/                  |             |
|    approx_kl            | 0.017112412 |
|    clip_fraction        | 0.231       |
|    clip_range           | 0.2         |
|    entropy_loss         | -14.5       |
|    explained_variance   | 0.986       |
|    learning_rate        | 0.0003      |
|    loss                 | -0.0891     |
|    n_updates            | 2050        |
|    policy_gradient_loss | -0.0249     |
|    std                  | 1.52        |
|    value_loss           | 0.166       |
-----------------------------------------
---------------------------------
| rollout/           |          |
|    ep_len_mean     | 269      |
|    ep_rew_mean     | -47.4    |
|    success_rate    | 0        |
| time/              |          |
|    fps             | 605      |
|    iterations      | 206      |
|    time_elapsed    | 696      |
|    total_timesteps | 421888   |
---------------------------------
-----------------------------------------
| rollout/                |             |
|    ep_len_mean          | 265         |
|    ep_rew_mean          | -47.9       |
|    success_rate         | 0           |
| time/                   |             |
|    fps                  | 606         |
|    iterations           | 207         |
|    time_elapsed         | 699         |
|    total_timesteps      | 423936      |
| train/                  |             |
|    approx_kl            | 0.017902013 |
|    clip_fraction        | 0.195       |
|    clip_range           | 0.2         |
|    entropy_loss         | -14.5       |
|    explained_variance   | 0.973       |
|    learning_rate        | 0.0003      |
|    loss                 | -0.0642     |
|    n_updates            | 2060        |
|    policy_gradient_loss | -0.0218     |
|    std                  | 1.52        |
|    value_loss           | 0.25        |
-----------------------------------------
-----------------------------------------
| rollout/                |             |
|    ep_len_mean          | 265         |
|    ep_rew_mean          | -46.1       |
|    success_rate         | 0           |
| time/                   |             |
|    fps                  | 607         |
|    iterations           | 208         |
|    time_elapsed         | 701         |
|    total_timesteps      | 425984      |
| train/                  |             |
|    approx_kl            | 0.016015703 |
|    clip_fraction        | 0.14        |
|    clip_range           | 0.2         |
|    entropy_loss         | -14.5       |
|    explained_variance   | 0.981       |
|    learning_rate        | 0.0003      |
|    loss                 | 0.161       |
|    n_updates            | 2070        |
|    policy_gradient_loss | -0.0207     |
|    std                  | 1.52        |
|    value_loss           | 0.804       |
-----------------------------------------
-----------------------------------------
| rollout/                |             |
|    ep_len_mean          | 261         |
|    ep_rew_mean          | -43.7       |
|    success_rate         | 0           |
| time/                   |             |
|    fps                  | 607         |
|    iterations           | 209         |
|    time_elapsed         | 704         |
|    total_timesteps      | 428032      |
| train/                  |             |
|    approx_kl            | 0.010179857 |
|    clip_fraction        | 0.136       |
|    clip_range           | 0.2         |
|    entropy_loss         | -14.5       |
|    explained_variance   | 0.977       |
|    learning_rate        | 0.0003      |
|    loss                 | 0.143       |
|    n_updates            | 2080        |
|    policy_gradient_loss | -0.0176     |
|    std                  | 1.52        |
|    value_loss           | 1.13        |
-----------------------------------------
Eval num_timesteps=430000, episode_reward=-37.49 +/- 5.75
Episode length: 300.00 +/- 0.00
Success rate: 0.00%
-----------------------------------------
| eval/                   |             |
|    mean_ep_length       | 300         |
|    mean_reward          | -37.5       |
|    success_rate         | 0           |
| time/                   |             |
|    total_timesteps      | 430000      |
| train/                  |             |
|    approx_kl            | 0.021389812 |
|    clip_fraction        | 0.211       |
|    clip_range           | 0.2         |
|    entropy_loss         | -14.5       |
|    explained_variance   | 0.96        |
|    learning_rate        | 0.0003      |
|    loss                 | 0.179       |
|    n_updates            | 2090        |
|    policy_gradient_loss | -0.0189     |
|    std                  | 1.52        |
|    value_loss           | 0.644       |
-----------------------------------------
---------------------------------
| rollout/           |          |
|    ep_len_mean     | 255      |
|    ep_rew_mean     | -43.2    |
|    success_rate    | 0        |
| time/              |          |
|    fps             | 603      |
|    iterations      | 210      |
|    time_elapsed    | 712      |
|    total_timesteps | 430080   |
---------------------------------
-----------------------------------------
| rollout/                |             |
|    ep_len_mean          | 249         |
|    ep_rew_mean          | -42.7       |
|    success_rate         | 0           |
| time/                   |             |
|    fps                  | 604         |
|    iterations           | 211         |
|    time_elapsed         | 715         |
|    total_timesteps      | 432128      |
| train/                  |             |
|    approx_kl            | 0.015900107 |
|    clip_fraction        | 0.216       |
|    clip_range           | 0.2         |
|    entropy_loss         | -14.5       |
|    explained_variance   | 0.993       |
|    learning_rate        | 0.0003      |
|    loss                 | -0.032      |
|    n_updates            | 2100        |
|    policy_gradient_loss | -0.0246     |
|    std                  | 1.53        |
|    value_loss           | 0.371       |
-----------------------------------------
-----------------------------------------
| rollout/                |             |
|    ep_len_mean          | 246         |
|    ep_rew_mean          | -42.3       |
|    success_rate         | 0           |
| time/                   |             |
|    fps                  | 604         |
|    iterations           | 212         |
|    time_elapsed         | 717         |
|    total_timesteps      | 434176      |
| train/                  |             |
|    approx_kl            | 0.015256224 |
|    clip_fraction        | 0.202       |
|    clip_range           | 0.2         |
|    entropy_loss         | -14.5       |
|    explained_variance   | 0.975       |
|    learning_rate        | 0.0003      |
|    loss                 | -0.0998     |
|    n_updates            | 2110        |
|    policy_gradient_loss | -0.0198     |
|    std                  | 1.53        |
|    value_loss           | 0.309       |
-----------------------------------------
-----------------------------------------
| rollout/                |             |
|    ep_len_mean          | 249         |
|    ep_rew_mean          | -42.6       |
|    success_rate         | 0           |
| time/                   |             |
|    fps                  | 605         |
|    iterations           | 213         |
|    time_elapsed         | 720         |
|    total_timesteps      | 436224      |
| train/                  |             |
|    approx_kl            | 0.019271435 |
|    clip_fraction        | 0.231       |
|    clip_range           | 0.2         |
|    entropy_loss         | -14.5       |
|    explained_variance   | 0.981       |
|    learning_rate        | 0.0003      |
|    loss                 | -0.05       |
|    n_updates            | 2120        |
|    policy_gradient_loss | -0.0264     |
|    std                  | 1.52        |
|    value_loss           | 0.313       |
-----------------------------------------
-----------------------------------------
| rollout/                |             |
|    ep_len_mean          | 252         |
|    ep_rew_mean          | -42.6       |
|    success_rate         | 0           |
| time/                   |             |
|    fps                  | 606         |
|    iterations           | 214         |
|    time_elapsed         | 722         |
|    total_timesteps      | 438272      |
| train/                  |             |
|    approx_kl            | 0.020788893 |
|    clip_fraction        | 0.194       |
|    clip_range           | 0.2         |
|    entropy_loss         | -14.5       |
|    explained_variance   | 0.947       |
|    learning_rate        | 0.0003      |
|    loss                 | -0.0416     |
|    n_updates            | 2130        |
|    policy_gradient_loss | -0.0145     |
|    std                  | 1.52        |
|    value_loss           | 1           |
-----------------------------------------
Eval num_timesteps=440000, episode_reward=-37.28 +/- 4.87
Episode length: 300.00 +/- 0.00
Success rate: 0.00%
----------------------------------------
| eval/                   |            |
|    mean_ep_length       | 300        |
|    mean_reward          | -37.3      |
|    success_rate         | 0          |
| time/                   |            |
|    total_timesteps      | 440000     |
| train/                  |            |
|    approx_kl            | 0.02070643 |
|    clip_fraction        | 0.258      |
|    clip_range           | 0.2        |
|    entropy_loss         | -14.5      |
|    explained_variance   | 0.988      |
|    learning_rate        | 0.0003     |
|    loss                 | -0.136     |
|    n_updates            | 2140       |
|    policy_gradient_loss | -0.0269    |
|    std                  | 1.52       |
|    value_loss           | 0.156      |
----------------------------------------
---------------------------------
| rollout/           |          |
|    ep_len_mean     | 246      |
|    ep_rew_mean     | -42.2    |
|    success_rate    | 0        |
| time/              |          |
|    fps             | 602      |
|    iterations      | 215      |
|    time_elapsed    | 730      |
|    total_timesteps | 440320   |
---------------------------------
-----------------------------------------
| rollout/                |             |
|    ep_len_mean          | 242         |
|    ep_rew_mean          | -41.8       |
|    success_rate         | 0           |
| time/                   |             |
|    fps                  | 603         |
|    iterations           | 216         |
|    time_elapsed         | 733         |
|    total_timesteps      | 442368      |
| train/                  |             |
|    approx_kl            | 0.016872484 |
|    clip_fraction        | 0.212       |
|    clip_range           | 0.2         |
|    entropy_loss         | -14.5       |
|    explained_variance   | 0.975       |
|    learning_rate        | 0.0003      |
|    loss                 | 0.214       |
|    n_updates            | 2150        |
|    policy_gradient_loss | -0.0223     |
|    std                  | 1.52        |
|    value_loss           | 0.466       |
-----------------------------------------
-----------------------------------------
| rollout/                |             |
|    ep_len_mean          | 235         |
|    ep_rew_mean          | -41.5       |
|    success_rate         | 0           |
| time/                   |             |
|    fps                  | 604         |
|    iterations           | 217         |
|    time_elapsed         | 735         |
|    total_timesteps      | 444416      |
| train/                  |             |
|    approx_kl            | 0.013584064 |
|    clip_fraction        | 0.16        |
|    clip_range           | 0.2         |
|    entropy_loss         | -14.5       |
|    explained_variance   | 0.952       |
|    learning_rate        | 0.0003      |
|    loss                 | 0.069       |
|    n_updates            | 2160        |
|    policy_gradient_loss | -0.017      |
|    std                  | 1.52        |
|    value_loss           | 1.34        |
-----------------------------------------
-----------------------------------------
| rollout/                |             |
|    ep_len_mean          | 237         |
|    ep_rew_mean          | -41.4       |
|    success_rate         | 0           |
| time/                   |             |
|    fps                  | 604         |
|    iterations           | 218         |
|    time_elapsed         | 738         |
|    total_timesteps      | 446464      |
| train/                  |             |
|    approx_kl            | 0.016898822 |
|    clip_fraction        | 0.206       |
|    clip_range           | 0.2         |
|    entropy_loss         | -14.5       |
|    explained_variance   | 0.982       |
|    learning_rate        | 0.0003      |
|    loss                 | -0.0656     |
|    n_updates            | 2170        |
|    policy_gradient_loss | -0.0201     |
|    std                  | 1.53        |
|    value_loss           | 0.297       |
-----------------------------------------
-----------------------------------------
| rollout/                |             |
|    ep_len_mean          | 239         |
|    ep_rew_mean          | -40.8       |
|    success_rate         | 0           |
| time/                   |             |
|    fps                  | 605         |
|    iterations           | 219         |
|    time_elapsed         | 740         |
|    total_timesteps      | 448512      |
| train/                  |             |
|    approx_kl            | 0.018099975 |
|    clip_fraction        | 0.223       |
|    clip_range           | 0.2         |
|    entropy_loss         | -14.5       |
|    explained_variance   | 0.987       |
|    learning_rate        | 0.0003      |
|    loss                 | -0.00152    |
|    n_updates            | 2180        |
|    policy_gradient_loss | -0.0234     |
|    std                  | 1.53        |
|    value_loss           | 0.263       |
-----------------------------------------
Eval num_timesteps=450000, episode_reward=-44.06 +/- 14.77
Episode length: 296.40 +/- 15.69
Success rate: 0.00%
-----------------------------------------
| eval/                   |             |
|    mean_ep_length       | 296         |
|    mean_reward          | -44.1       |
|    success_rate         | 0           |
| time/                   |             |
|    total_timesteps      | 450000      |
| train/                  |             |
|    approx_kl            | 0.018232744 |
|    clip_fraction        | 0.216       |
|    clip_range           | 0.2         |
|    entropy_loss         | -14.5       |
|    explained_variance   | 0.987       |
|    learning_rate        | 0.0003      |
|    loss                 | -0.114      |
|    n_updates            | 2190        |
|    policy_gradient_loss | -0.024      |
|    std                  | 1.53        |
|    value_loss           | 0.136       |
-----------------------------------------
---------------------------------
| rollout/           |          |
|    ep_len_mean     | 236      |
|    ep_rew_mean     | -40.4    |
|    success_rate    | 0        |
| time/              |          |
|    fps             | 601      |
|    iterations      | 220      |
|    time_elapsed    | 748      |
|    total_timesteps | 450560   |
---------------------------------
-----------------------------------------
| rollout/                |             |
|    ep_len_mean          | 237         |
|    ep_rew_mean          | -39.9       |
|    success_rate         | 0           |
| time/                   |             |
|    fps                  | 602         |
|    iterations           | 221         |
|    time_elapsed         | 750         |
|    total_timesteps      | 452608      |
| train/                  |             |
|    approx_kl            | 0.018004064 |
|    clip_fraction        | 0.211       |
|    clip_range           | 0.2         |
|    entropy_loss         | -14.5       |
|    explained_variance   | 0.972       |
|    learning_rate        | 0.0003      |
|    loss                 | 0.0473      |
|    n_updates            | 2200        |
|    policy_gradient_loss | -0.0227     |
|    std                  | 1.54        |
|    value_loss           | 0.273       |
-----------------------------------------
-----------------------------------------
| rollout/                |             |
|    ep_len_mean          | 237         |
|    ep_rew_mean          | -39.9       |
|    success_rate         | 0           |
| time/                   |             |
|    fps                  | 603         |
|    iterations           | 222         |
|    time_elapsed         | 753         |
|    total_timesteps      | 454656      |
| train/                  |             |
|    approx_kl            | 0.017911278 |
|    clip_fraction        | 0.21        |
|    clip_range           | 0.2         |
|    entropy_loss         | -14.6       |
|    explained_variance   | 0.982       |
|    learning_rate        | 0.0003      |
|    loss                 | -0.0558     |
|    n_updates            | 2210        |
|    policy_gradient_loss | -0.025      |
|    std                  | 1.54        |
|    value_loss           | 0.215       |
-----------------------------------------
----------------------------------------
| rollout/                |            |
|    ep_len_mean          | 240        |
|    ep_rew_mean          | -40.2      |
|    success_rate         | 0          |
| time/                   |            |
|    fps                  | 604        |
|    iterations           | 223        |
|    time_elapsed         | 755        |
|    total_timesteps      | 456704     |
| train/                  |            |
|    approx_kl            | 0.01723263 |
|    clip_fraction        | 0.2        |
|    clip_range           | 0.2        |
|    entropy_loss         | -14.6      |
|    explained_variance   | 0.979      |
|    learning_rate        | 0.0003     |
|    loss                 | -0.0251    |
|    n_updates            | 2220       |
|    policy_gradient_loss | -0.0238    |
|    std                  | 1.54       |
|    value_loss           | 0.296      |
----------------------------------------
-----------------------------------------
| rollout/                |             |
|    ep_len_mean          | 246         |
|    ep_rew_mean          | -41         |
|    success_rate         | 0           |
| time/                   |             |
|    fps                  | 605         |
|    iterations           | 224         |
|    time_elapsed         | 758         |
|    total_timesteps      | 458752      |
| train/                  |             |
|    approx_kl            | 0.017201703 |
|    clip_fraction        | 0.2         |
|    clip_range           | 0.2         |
|    entropy_loss         | -14.6       |
|    explained_variance   | 0.983       |
|    learning_rate        | 0.0003      |
|    loss                 | -0.129      |
|    n_updates            | 2230        |
|    policy_gradient_loss | -0.0251     |
|    std                  | 1.54        |
|    value_loss           | 0.161       |
-----------------------------------------
Eval num_timesteps=460000, episode_reward=-40.60 +/- 16.90
Episode length: 300.00 +/- 0.00
Success rate: 0.00%
----------------------------------------
| eval/                   |            |
|    mean_ep_length       | 300        |
|    mean_reward          | -40.6      |
|    success_rate         | 0          |
| time/                   |            |
|    total_timesteps      | 460000     |
| train/                  |            |
|    approx_kl            | 0.01106223 |
|    clip_fraction        | 0.131      |
|    clip_range           | 0.2        |
|    entropy_loss         | -14.6      |
|    explained_variance   | 0.943      |
|    learning_rate        | 0.0003     |
|    loss                 | 0.0171     |
|    n_updates            | 2240       |
|    policy_gradient_loss | -0.0147    |
|    std                  | 1.54       |
|    value_loss           | 0.71       |
----------------------------------------
---------------------------------
| rollout/           |          |
|    ep_len_mean     | 239      |
|    ep_rew_mean     | -40.8    |
|    success_rate    | 0        |
| time/              |          |
|    fps             | 601      |
|    iterations      | 225      |
|    time_elapsed    | 766      |
|    total_timesteps | 460800   |
---------------------------------
-----------------------------------------
| rollout/                |             |
|    ep_len_mean          | 236         |
|    ep_rew_mean          | -40.6       |
|    success_rate         | 0           |
| time/                   |             |
|    fps                  | 602         |
|    iterations           | 226         |
|    time_elapsed         | 768         |
|    total_timesteps      | 462848      |
| train/                  |             |
|    approx_kl            | 0.009344326 |
|    clip_fraction        | 0.0664      |
|    clip_range           | 0.2         |
|    entropy_loss         | -14.6       |
|    explained_variance   | 0.883       |
|    learning_rate        | 0.0003      |
|    loss                 | 0.365       |
|    n_updates            | 2250        |
|    policy_gradient_loss | -0.0125     |
|    std                  | 1.54        |
|    value_loss           | 2.8         |
-----------------------------------------
-----------------------------------------
| rollout/                |             |
|    ep_len_mean          | 243         |
|    ep_rew_mean          | -41         |
|    success_rate         | 0           |
| time/                   |             |
|    fps                  | 602         |
|    iterations           | 227         |
|    time_elapsed         | 771         |
|    total_timesteps      | 464896      |
| train/                  |             |
|    approx_kl            | 0.019440021 |
|    clip_fraction        | 0.232       |
|    clip_range           | 0.2         |
|    entropy_loss         | -14.6       |
|    explained_variance   | 0.971       |
|    learning_rate        | 0.0003      |
|    loss                 | -0.0986     |
|    n_updates            | 2260        |
|    policy_gradient_loss | -0.0261     |
|    std                  | 1.55        |
|    value_loss           | 0.467       |
-----------------------------------------
-----------------------------------------
| rollout/                |             |
|    ep_len_mean          | 240         |
|    ep_rew_mean          | -41         |
|    success_rate         | 0           |
| time/                   |             |
|    fps                  | 603         |
|    iterations           | 228         |
|    time_elapsed         | 773         |
|    total_timesteps      | 466944      |
| train/                  |             |
|    approx_kl            | 0.016701153 |
|    clip_fraction        | 0.204       |
|    clip_range           | 0.2         |
|    entropy_loss         | -14.6       |
|    explained_variance   | 0.98        |
|    learning_rate        | 0.0003      |
|    loss                 | -0.0872     |
|    n_updates            | 2270        |
|    policy_gradient_loss | -0.0232     |
|    std                  | 1.55        |
|    value_loss           | 0.19        |
-----------------------------------------
------------------------------------------
| rollout/                |              |
|    ep_len_mean          | 239          |
|    ep_rew_mean          | -40.9        |
|    success_rate         | 0            |
| time/                   |              |
|    fps                  | 604          |
|    iterations           | 229          |
|    time_elapsed         | 776          |
|    total_timesteps      | 468992       |
| train/                  |              |
|    approx_kl            | 0.0135849975 |
|    clip_fraction        | 0.162        |
|    clip_range           | 0.2          |
|    entropy_loss         | -14.6        |
|    explained_variance   | 0.958        |
|    learning_rate        | 0.0003       |
|    loss                 | 0.0945       |
|    n_updates            | 2280         |
|    policy_gradient_loss | -0.0218      |
|    std                  | 1.55         |
|    value_loss           | 0.605        |
------------------------------------------
Eval num_timesteps=470000, episode_reward=-39.41 +/- 6.13
Episode length: 276.80 +/- 37.56
Success rate: 0.00%
-----------------------------------------
| eval/                   |             |
|    mean_ep_length       | 277         |
|    mean_reward          | -39.4       |
|    success_rate         | 0           |
| time/                   |             |
|    total_timesteps      | 470000      |
| train/                  |             |
|    approx_kl            | 0.016526641 |
|    clip_fraction        | 0.196       |
|    clip_range           | 0.2         |
|    entropy_loss         | -14.6       |
|    explained_variance   | 0.981       |
|    learning_rate        | 0.0003      |
|    loss                 | -0.131      |
|    n_updates            | 2290        |
|    policy_gradient_loss | -0.0249     |
|    std                  | 1.55        |
|    value_loss           | 0.308       |
-----------------------------------------
---------------------------------
| rollout/           |          |
|    ep_len_mean     | 232      |
|    ep_rew_mean     | -40.8    |
|    success_rate    | 0        |
| time/              |          |
|    fps             | 600      |
|    iterations      | 230      |
|    time_elapsed    | 784      |
|    total_timesteps | 471040   |
---------------------------------
-----------------------------------------
| rollout/                |             |
|    ep_len_mean          | 229         |
|    ep_rew_mean          | -40.6       |
|    success_rate         | 0           |
| time/                   |             |
|    fps                  | 601         |
|    iterations           | 231         |
|    time_elapsed         | 786         |
|    total_timesteps      | 473088      |
| train/                  |             |
|    approx_kl            | 0.015105859 |
|    clip_fraction        | 0.193       |
|    clip_range           | 0.2         |
|    entropy_loss         | -14.6       |
|    explained_variance   | 0.98        |
|    learning_rate        | 0.0003      |
|    loss                 | 0.0485      |
|    n_updates            | 2300        |
|    policy_gradient_loss | -0.0261     |
|    std                  | 1.55        |
|    value_loss           | 0.47        |
-----------------------------------------
-----------------------------------------
| rollout/                |             |
|    ep_len_mean          | 222         |
|    ep_rew_mean          | -40.3       |
|    success_rate         | 0           |
| time/                   |             |
|    fps                  | 601         |
|    iterations           | 232         |
|    time_elapsed         | 789         |
|    total_timesteps      | 475136      |
| train/                  |             |
|    approx_kl            | 0.016621128 |
|    clip_fraction        | 0.212       |
|    clip_range           | 0.2         |
|    entropy_loss         | -14.6       |
|    explained_variance   | 0.981       |
|    learning_rate        | 0.0003      |
|    loss                 | -0.13       |
|    n_updates            | 2310        |
|    policy_gradient_loss | -0.0252     |
|    std                  | 1.55        |
|    value_loss           | 0.302       |
-----------------------------------------
-----------------------------------------
| rollout/                |             |
|    ep_len_mean          | 215         |
|    ep_rew_mean          | -39.8       |
|    success_rate         | 0           |
| time/                   |             |
|    fps                  | 602         |
|    iterations           | 233         |
|    time_elapsed         | 792         |
|    total_timesteps      | 477184      |
| train/                  |             |
|    approx_kl            | 0.015522806 |
|    clip_fraction        | 0.192       |
|    clip_range           | 0.2         |
|    entropy_loss         | -14.6       |
|    explained_variance   | 0.973       |
|    learning_rate        | 0.0003      |
|    loss                 | -0.114      |
|    n_updates            | 2320        |
|    policy_gradient_loss | -0.0241     |
|    std                  | 1.55        |
|    value_loss           | 0.488       |
-----------------------------------------
-----------------------------------------
| rollout/                |             |
|    ep_len_mean          | 210         |
|    ep_rew_mean          | -39.2       |
|    success_rate         | 0           |
| time/                   |             |
|    fps                  | 603         |
|    iterations           | 234         |
|    time_elapsed         | 794         |
|    total_timesteps      | 479232      |
| train/                  |             |
|    approx_kl            | 0.018204818 |
|    clip_fraction        | 0.207       |
|    clip_range           | 0.2         |
|    entropy_loss         | -14.6       |
|    explained_variance   | 0.985       |
|    learning_rate        | 0.0003      |
|    loss                 | -0.0442     |
|    n_updates            | 2330        |
|    policy_gradient_loss | -0.0258     |
|    std                  | 1.55        |
|    value_loss           | 0.284       |
-----------------------------------------
Eval num_timesteps=480000, episode_reward=-43.47 +/- 15.06
Episode length: 287.35 +/- 42.50
Success rate: 0.00%
-----------------------------------------
| eval/                   |             |
|    mean_ep_length       | 287         |
|    mean_reward          | -43.5       |
|    success_rate         | 0           |
| time/                   |             |
|    total_timesteps      | 480000      |
| train/                  |             |
|    approx_kl            | 0.019912219 |
|    clip_fraction        | 0.204       |
|    clip_range           | 0.2         |
|    entropy_loss         | -14.6       |
|    explained_variance   | 0.977       |
|    learning_rate        | 0.0003      |
|    loss                 | -0.0404     |
|    n_updates            | 2340        |
|    policy_gradient_loss | -0.0282     |
|    std                  | 1.55        |
|    value_loss           | 0.329       |
-----------------------------------------
---------------------------------
| rollout/           |          |
|    ep_len_mean     | 213      |
|    ep_rew_mean     | -39.3    |
|    success_rate    | 0        |
| time/              |          |
|    fps             | 599      |
|    iterations      | 235      |
|    time_elapsed    | 802      |
|    total_timesteps | 481280   |
---------------------------------
-----------------------------------------
| rollout/                |             |
|    ep_len_mean          | 213         |
|    ep_rew_mean          | -39.3       |
|    success_rate         | 0           |
| time/                   |             |
|    fps                  | 600         |
|    iterations           | 236         |
|    time_elapsed         | 804         |
|    total_timesteps      | 483328      |
| train/                  |             |
|    approx_kl            | 0.018842617 |
|    clip_fraction        | 0.232       |
|    clip_range           | 0.2         |
|    entropy_loss         | -14.6       |
|    explained_variance   | 0.988       |
|    learning_rate        | 0.0003      |
|    loss                 | -0.13       |
|    n_updates            | 2350        |
|    policy_gradient_loss | -0.0282     |
|    std                  | 1.56        |
|    value_loss           | 0.168       |
-----------------------------------------
---------------------------------------
| rollout/                |           |
|    ep_len_mean          | 214       |
|    ep_rew_mean          | -39.3     |
|    success_rate         | 0         |
| time/                   |           |
|    fps                  | 601       |
|    iterations           | 237       |
|    time_elapsed         | 807       |
|    total_timesteps      | 485376    |
| train/                  |           |
|    approx_kl            | 0.0161294 |
|    clip_fraction        | 0.208     |
|    clip_range           | 0.2       |
|    entropy_loss         | -14.7     |
|    explained_variance   | 0.973     |
|    learning_rate        | 0.0003    |
|    loss                 | 0.00814   |
|    n_updates            | 2360      |
|    policy_gradient_loss | -0.0257   |
|    std                  | 1.57      |
|    value_loss           | 0.365     |
---------------------------------------
-----------------------------------------
| rollout/                |             |
|    ep_len_mean          | 211         |
|    ep_rew_mean          | -38.8       |
|    success_rate         | 0           |
| time/                   |             |
|    fps                  | 601         |
|    iterations           | 238         |
|    time_elapsed         | 809         |
|    total_timesteps      | 487424      |
| train/                  |             |
|    approx_kl            | 0.018020708 |
|    clip_fraction        | 0.179       |
|    clip_range           | 0.2         |
|    entropy_loss         | -14.7       |
|    explained_variance   | 0.981       |
|    learning_rate        | 0.0003      |
|    loss                 | -0.0584     |
|    n_updates            | 2370        |
|    policy_gradient_loss | -0.0225     |
|    std                  | 1.57        |
|    value_loss           | 0.251       |
-----------------------------------------
-----------------------------------------
| rollout/                |             |
|    ep_len_mean          | 218         |
|    ep_rew_mean          | -39.3       |
|    success_rate         | 0           |
| time/                   |             |
|    fps                  | 602         |
|    iterations           | 239         |
|    time_elapsed         | 812         |
|    total_timesteps      | 489472      |
| train/                  |             |
|    approx_kl            | 0.017854461 |
|    clip_fraction        | 0.215       |
|    clip_range           | 0.2         |
|    entropy_loss         | -14.7       |
|    explained_variance   | 0.986       |
|    learning_rate        | 0.0003      |
|    loss                 | -0.0737     |
|    n_updates            | 2380        |
|    policy_gradient_loss | -0.0293     |
|    std                  | 1.58        |
|    value_loss           | 0.188       |
-----------------------------------------
Eval num_timesteps=490000, episode_reward=-44.16 +/- 15.75
Episode length: 300.00 +/- 0.00
Success rate: 0.00%
-----------------------------------------
| eval/                   |             |
|    mean_ep_length       | 300         |
|    mean_reward          | -44.2       |
|    success_rate         | 0           |
| time/                   |             |
|    total_timesteps      | 490000      |
| train/                  |             |
|    approx_kl            | 0.015811207 |
|    clip_fraction        | 0.187       |
|    clip_range           | 0.2         |
|    entropy_loss         | -14.8       |
|    explained_variance   | 0.98        |
|    learning_rate        | 0.0003      |
|    loss                 | -0.0861     |
|    n_updates            | 2390        |
|    policy_gradient_loss | -0.0246     |
|    std                  | 1.58        |
|    value_loss           | 0.349       |
-----------------------------------------
---------------------------------
| rollout/           |          |
|    ep_len_mean     | 219      |
|    ep_rew_mean     | -39.4    |
|    success_rate    | 0        |
| time/              |          |
|    fps             | 599      |
|    iterations      | 240      |
|    time_elapsed    | 820      |
|    total_timesteps | 491520   |
---------------------------------
-----------------------------------------
| rollout/                |             |
|    ep_len_mean          | 218         |
|    ep_rew_mean          | -39.2       |
|    success_rate         | 0           |
| time/                   |             |
|    fps                  | 599         |
|    iterations           | 241         |
|    time_elapsed         | 822         |
|    total_timesteps      | 493568      |
| train/                  |             |
|    approx_kl            | 0.016689692 |
|    clip_fraction        | 0.21        |
|    clip_range           | 0.2         |
|    entropy_loss         | -14.8       |
|    explained_variance   | 0.987       |
|    learning_rate        | 0.0003      |
|    loss                 | -0.0949     |
|    n_updates            | 2400        |
|    policy_gradient_loss | -0.0262     |
|    std                  | 1.59        |
|    value_loss           | 0.229       |
-----------------------------------------
-----------------------------------------
| rollout/                |             |
|    ep_len_mean          | 217         |
|    ep_rew_mean          | -39         |
|    success_rate         | 0           |
| time/                   |             |
|    fps                  | 600         |
|    iterations           | 242         |
|    time_elapsed         | 825         |
|    total_timesteps      | 495616      |
| train/                  |             |
|    approx_kl            | 0.017322762 |
|    clip_fraction        | 0.186       |
|    clip_range           | 0.2         |
|    entropy_loss         | -14.8       |
|    explained_variance   | 0.982       |
|    learning_rate        | 0.0003      |
|    loss                 | -0.098      |
|    n_updates            | 2410        |
|    policy_gradient_loss | -0.0239     |
|    std                  | 1.59        |
|    value_loss           | 0.217       |
-----------------------------------------
-----------------------------------------
| rollout/                |             |
|    ep_len_mean          | 217         |
|    ep_rew_mean          | -38.8       |
|    success_rate         | 0           |
| time/                   |             |
|    fps                  | 600         |
|    iterations           | 243         |
|    time_elapsed         | 828         |
|    total_timesteps      | 497664      |
| train/                  |             |
|    approx_kl            | 0.013881055 |
|    clip_fraction        | 0.163       |
|    clip_range           | 0.2         |
|    entropy_loss         | -14.8       |
|    explained_variance   | 0.978       |
|    learning_rate        | 0.0003      |
|    loss                 | -0.0368     |
|    n_updates            | 2420        |
|    policy_gradient_loss | -0.0226     |
|    std                  | 1.58        |
|    value_loss           | 0.348       |
-----------------------------------------
-----------------------------------------
| rollout/                |             |
|    ep_len_mean          | 218         |
|    ep_rew_mean          | -38.9       |
|    success_rate         | 0           |
| time/                   |             |
|    fps                  | 601         |
|    iterations           | 244         |
|    time_elapsed         | 830         |
|    total_timesteps      | 499712      |
| train/                  |             |
|    approx_kl            | 0.014997068 |
|    clip_fraction        | 0.167       |
|    clip_range           | 0.2         |
|    entropy_loss         | -14.8       |
|    explained_variance   | 0.976       |
|    learning_rate        | 0.0003      |
|    loss                 | 0.0415      |
|    n_updates            | 2430        |
|    policy_gradient_loss | -0.0218     |
|    std                  | 1.59        |
|    value_loss           | 0.399       |
-----------------------------------------
Eval num_timesteps=500000, episode_reward=-51.10 +/- 26.67
Episode length: 300.00 +/- 0.00
Success rate: 0.00%
-----------------------------------------
| eval/                   |             |
|    mean_ep_length       | 300         |
|    mean_reward          | -51.1       |
|    success_rate         | 0           |
| time/                   |             |
|    total_timesteps      | 500000      |
| train/                  |             |
|    approx_kl            | 0.014087355 |
|    clip_fraction        | 0.178       |
|    clip_range           | 0.2         |
|    entropy_loss         | -14.8       |
|    explained_variance   | 0.981       |
|    learning_rate        | 0.0003      |
|    loss                 | 0.0356      |
|    n_updates            | 2440        |
|    policy_gradient_loss | -0.0271     |
|    std                  | 1.59        |
|    value_loss           | 0.43        |
-----------------------------------------
---------------------------------
| rollout/           |          |
|    ep_len_mean     | 211      |
|    ep_rew_mean     | -39.9    |
|    success_rate    | 0        |
| time/              |          |
|    fps             | 597      |
|    iterations      | 245      |
|    time_elapsed    | 839      |
|    total_timesteps | 501760   |
---------------------------------
-----------------------------------------
| rollout/                |             |
|    ep_len_mean          | 202         |
|    ep_rew_mean          | -39.6       |
|    success_rate         | 0           |
| time/                   |             |
|    fps                  | 598         |
|    iterations           | 246         |
|    time_elapsed         | 841         |
|    total_timesteps      | 503808      |
| train/                  |             |
|    approx_kl            | 0.013409084 |
|    clip_fraction        | 0.146       |
|    clip_range           | 0.2         |
|    entropy_loss         | -14.8       |
|    explained_variance   | 0.93        |
|    learning_rate        | 0.0003      |
|    loss                 | 0.0182      |
|    n_updates            | 2450        |
|    policy_gradient_loss | -0.0194     |
|    std                  | 1.59        |
|    value_loss           | 1.35        |
-----------------------------------------
-----------------------------------------
| rollout/                |             |
|    ep_len_mean          | 198         |
|    ep_rew_mean          | -39.4       |
|    success_rate         | 0           |
| time/                   |             |
|    fps                  | 599         |
|    iterations           | 247         |
|    time_elapsed         | 844         |
|    total_timesteps      | 505856      |
| train/                  |             |
|    approx_kl            | 0.016598176 |
|    clip_fraction        | 0.204       |
|    clip_range           | 0.2         |
|    entropy_loss         | -14.8       |
|    explained_variance   | 0.985       |
|    learning_rate        | 0.0003      |
|    loss                 | -0.00609    |
|    n_updates            | 2460        |
|    policy_gradient_loss | -0.0282     |
|    std                  | 1.6         |
|    value_loss           | 0.262       |
-----------------------------------------
-----------------------------------------
| rollout/                |             |
|    ep_len_mean          | 201         |
|    ep_rew_mean          | -39.7       |
|    success_rate         | 0           |
| time/                   |             |
|    fps                  | 599         |
|    iterations           | 248         |
|    time_elapsed         | 846         |
|    total_timesteps      | 507904      |
| train/                  |             |
|    approx_kl            | 0.016129589 |
|    clip_fraction        | 0.189       |
|    clip_range           | 0.2         |
|    entropy_loss         | -14.8       |
|    explained_variance   | 0.981       |
|    learning_rate        | 0.0003      |
|    loss                 | 0.0809      |
|    n_updates            | 2470        |
|    policy_gradient_loss | -0.0244     |
|    std                  | 1.6         |
|    value_loss           | 0.35        |
-----------------------------------------
-----------------------------------------
| rollout/                |             |
|    ep_len_mean          | 199         |
|    ep_rew_mean          | -39.5       |
|    success_rate         | 0           |
| time/                   |             |
|    fps                  | 600         |
|    iterations           | 249         |
|    time_elapsed         | 849         |
|    total_timesteps      | 509952      |
| train/                  |             |
|    approx_kl            | 0.017016646 |
|    clip_fraction        | 0.196       |
|    clip_range           | 0.2         |
|    entropy_loss         | -14.9       |
|    explained_variance   | 0.988       |
|    learning_rate        | 0.0003      |
|    loss                 | -0.134      |
|    n_updates            | 2480        |
|    policy_gradient_loss | -0.0264     |
|    std                  | 1.6         |
|    value_loss           | 0.153       |
-----------------------------------------
Eval num_timesteps=510000, episode_reward=-45.28 +/- 20.34
Episode length: 292.10 +/- 23.71
Success rate: 0.00%
-----------------------------------------
| eval/                   |             |
|    mean_ep_length       | 292         |
|    mean_reward          | -45.3       |
|    success_rate         | 0           |
| time/                   |             |
|    total_timesteps      | 510000      |
| train/                  |             |
|    approx_kl            | 0.017132431 |
|    clip_fraction        | 0.196       |
|    clip_range           | 0.2         |
|    entropy_loss         | -14.9       |
|    explained_variance   | 0.985       |
|    learning_rate        | 0.0003      |
|    loss                 | -0.148      |
|    n_updates            | 2490        |
|    policy_gradient_loss | -0.0229     |
|    std                  | 1.61        |
|    value_loss           | 0.234       |
-----------------------------------------
---------------------------------
| rollout/           |          |
|    ep_len_mean     | 202      |
|    ep_rew_mean     | -39.6    |
|    success_rate    | 0        |
| time/              |          |
|    fps             | 597      |
|    iterations      | 250      |
|    time_elapsed    | 857      |
|    total_timesteps | 512000   |
---------------------------------
-----------------------------------------
| rollout/                |             |
|    ep_len_mean          | 197         |
|    ep_rew_mean          | -39.2       |
|    success_rate         | 0           |
| time/                   |             |
|    fps                  | 597         |
|    iterations           | 251         |
|    time_elapsed         | 860         |
|    total_timesteps      | 514048      |
| train/                  |             |
|    approx_kl            | 0.014426669 |
|    clip_fraction        | 0.189       |
|    clip_range           | 0.2         |
|    entropy_loss         | -14.9       |
|    explained_variance   | 0.985       |
|    learning_rate        | 0.0003      |
|    loss                 | -0.0881     |
|    n_updates            | 2500        |
|    policy_gradient_loss | -0.0225     |
|    std                  | 1.61        |
|    value_loss           | 0.17        |
-----------------------------------------
-----------------------------------------
| rollout/                |             |
|    ep_len_mean          | 189         |
|    ep_rew_mean          | -38.5       |
|    success_rate         | 0           |
| time/                   |             |
|    fps                  | 598         |
|    iterations           | 252         |
|    time_elapsed         | 863         |
|    total_timesteps      | 516096      |
| train/                  |             |
|    approx_kl            | 0.013985395 |
|    clip_fraction        | 0.179       |
|    clip_range           | 0.2         |
|    entropy_loss         | -14.9       |
|    explained_variance   | 0.981       |
|    learning_rate        | 0.0003      |
|    loss                 | 0.0385      |
|    n_updates            | 2510        |
|    policy_gradient_loss | -0.0247     |
|    std                  | 1.62        |
|    value_loss           | 0.406       |
-----------------------------------------
-----------------------------------------
| rollout/                |             |
|    ep_len_mean          | 187         |
|    ep_rew_mean          | -38.1       |
|    success_rate         | 0           |
| time/                   |             |
|    fps                  | 598         |
|    iterations           | 253         |
|    time_elapsed         | 865         |
|    total_timesteps      | 518144      |
| train/                  |             |
|    approx_kl            | 0.014369262 |
|    clip_fraction        | 0.191       |
|    clip_range           | 0.2         |
|    entropy_loss         | -14.9       |
|    explained_variance   | 0.988       |
|    learning_rate        | 0.0003      |
|    loss                 | 0.0846      |
|    n_updates            | 2520        |
|    policy_gradient_loss | -0.0258     |
|    std                  | 1.62        |
|    value_loss           | 0.388       |
-----------------------------------------
Eval num_timesteps=520000, episode_reward=-53.09 +/- 57.78
Episode length: 290.85 +/- 39.88
Success rate: 0.00%
-----------------------------------------
| eval/                   |             |
|    mean_ep_length       | 291         |
|    mean_reward          | -53.1       |
|    success_rate         | 0           |
| time/                   |             |
|    total_timesteps      | 520000      |
| train/                  |             |
|    approx_kl            | 0.018682394 |
|    clip_fraction        | 0.215       |
|    clip_range           | 0.2         |
|    entropy_loss         | -15         |
|    explained_variance   | 0.987       |
|    learning_rate        | 0.0003      |
|    loss                 | -0.0419     |
|    n_updates            | 2530        |
|    policy_gradient_loss | -0.0271     |
|    std                  | 1.63        |
|    value_loss           | 0.314       |
-----------------------------------------
---------------------------------
| rollout/           |          |
|    ep_len_mean     | 186      |
|    ep_rew_mean     | -36.4    |
|    success_rate    | 0        |
| time/              |          |
|    fps             | 595      |
|    iterations      | 254      |
|    time_elapsed    | 873      |
|    total_timesteps | 520192   |
---------------------------------
----------------------------------------
| rollout/                |            |
|    ep_len_mean          | 189        |
|    ep_rew_mean          | -36.3      |
|    success_rate         | 0          |
| time/                   |            |
|    fps                  | 595        |
|    iterations           | 255        |
|    time_elapsed         | 876        |
|    total_timesteps      | 522240     |
| train/                  |            |
|    approx_kl            | 0.01454154 |
|    clip_fraction        | 0.17       |
|    clip_range           | 0.2        |
|    entropy_loss         | -15        |
|    explained_variance   | 0.982      |
|    learning_rate        | 0.0003     |
|    loss                 | -0.0355    |
|    n_updates            | 2540       |
|    policy_gradient_loss | -0.0252    |
|    std                  | 1.64       |
|    value_loss           | 0.248      |
----------------------------------------
-----------------------------------------
| rollout/                |             |
|    ep_len_mean          | 192         |
|    ep_rew_mean          | -36.4       |
|    success_rate         | 0           |
| time/                   |             |
|    fps                  | 596         |
|    iterations           | 256         |
|    time_elapsed         | 879         |
|    total_timesteps      | 524288      |
| train/                  |             |
|    approx_kl            | 0.016869985 |
|    clip_fraction        | 0.179       |
|    clip_range           | 0.2         |
|    entropy_loss         | -15         |
|    explained_variance   | 0.964       |
|    learning_rate        | 0.0003      |
|    loss                 | -0.0229     |
|    n_updates            | 2550        |
|    policy_gradient_loss | -0.0234     |
|    std                  | 1.64        |
|    value_loss           | 0.305       |
-----------------------------------------
-----------------------------------------
| rollout/                |             |
|    ep_len_mean          | 192         |
|    ep_rew_mean          | -36.5       |
|    success_rate         | 0           |
| time/                   |             |
|    fps                  | 597         |
|    iterations           | 257         |
|    time_elapsed         | 881         |
|    total_timesteps      | 526336      |
| train/                  |             |
|    approx_kl            | 0.019643318 |
|    clip_fraction        | 0.224       |
|    clip_range           | 0.2         |
|    entropy_loss         | -15         |
|    explained_variance   | 0.98        |
|    learning_rate        | 0.0003      |
|    loss                 | -0.103      |
|    n_updates            | 2560        |
|    policy_gradient_loss | -0.0258     |
|    std                  | 1.64        |
|    value_loss           | 0.235       |
-----------------------------------------
-----------------------------------------
| rollout/                |             |
|    ep_len_mean          | 193         |
|    ep_rew_mean          | -36.8       |
|    success_rate         | 0           |
| time/                   |             |
|    fps                  | 597         |
|    iterations           | 258         |
|    time_elapsed         | 884         |
|    total_timesteps      | 528384      |
| train/                  |             |
|    approx_kl            | 0.015543221 |
|    clip_fraction        | 0.169       |
|    clip_range           | 0.2         |
|    entropy_loss         | -15         |
|    explained_variance   | 0.973       |
|    learning_rate        | 0.0003      |
|    loss                 | -0.09       |
|    n_updates            | 2570        |
|    policy_gradient_loss | -0.0234     |
|    std                  | 1.64        |
|    value_loss           | 0.364       |
-----------------------------------------
Eval num_timesteps=530000, episode_reward=-37.94 +/- 5.34
Episode length: 293.65 +/- 20.94
Success rate: 0.00%
----------------------------------------
| eval/                   |            |
|    mean_ep_length       | 294        |
|    mean_reward          | -37.9      |
|    success_rate         | 0          |
| time/                   |            |
|    total_timesteps      | 530000     |
| train/                  |            |
|    approx_kl            | 0.01475167 |
|    clip_fraction        | 0.173      |
|    clip_range           | 0.2        |
|    entropy_loss         | -15        |
|    explained_variance   | 0.952      |
|    learning_rate        | 0.0003     |
|    loss                 | 0.0492     |
|    n_updates            | 2580       |
|    policy_gradient_loss | -0.0249    |
|    std                  | 1.65       |
|    value_loss           | 0.29       |
----------------------------------------
---------------------------------
| rollout/           |          |
|    ep_len_mean     | 192      |
|    ep_rew_mean     | -36.8    |
|    success_rate    | 0        |
| time/              |          |
|    fps             | 594      |
|    iterations      | 259      |
|    time_elapsed    | 892      |
|    total_timesteps | 530432   |
---------------------------------
-----------------------------------------
| rollout/                |             |
|    ep_len_mean          | 187         |
|    ep_rew_mean          | -36.7       |
|    success_rate         | 0           |
| time/                   |             |
|    fps                  | 594         |
|    iterations           | 260         |
|    time_elapsed         | 895         |
|    total_timesteps      | 532480      |
| train/                  |             |
|    approx_kl            | 0.020232936 |
|    clip_fraction        | 0.205       |
|    clip_range           | 0.2         |
|    entropy_loss         | -15         |
|    explained_variance   | 0.973       |
|    learning_rate        | 0.0003      |
|    loss                 | -0.114      |
|    n_updates            | 2590        |
|    policy_gradient_loss | -0.0276     |
|    std                  | 1.65        |
|    value_loss           | 0.294       |
-----------------------------------------
-----------------------------------------
| rollout/                |             |
|    ep_len_mean          | 193         |
|    ep_rew_mean          | -37.2       |
|    success_rate         | 0           |
| time/                   |             |
|    fps                  | 595         |
|    iterations           | 261         |
|    time_elapsed         | 897         |
|    total_timesteps      | 534528      |
| train/                  |             |
|    approx_kl            | 0.017300595 |
|    clip_fraction        | 0.19        |
|    clip_range           | 0.2         |
|    entropy_loss         | -15         |
|    explained_variance   | 0.986       |
|    learning_rate        | 0.0003      |
|    loss                 | 0.114       |
|    n_updates            | 2600        |
|    policy_gradient_loss | -0.0248     |
|    std                  | 1.64        |
|    value_loss           | 0.348       |
-----------------------------------------
-----------------------------------------
| rollout/                |             |
|    ep_len_mean          | 203         |
|    ep_rew_mean          | -38         |
|    success_rate         | 0           |
| time/                   |             |
|    fps                  | 596         |
|    iterations           | 262         |
|    time_elapsed         | 900         |
|    total_timesteps      | 536576      |
| train/                  |             |
|    approx_kl            | 0.015052618 |
|    clip_fraction        | 0.201       |
|    clip_range           | 0.2         |
|    entropy_loss         | -15         |
|    explained_variance   | 0.976       |
|    learning_rate        | 0.0003      |
|    loss                 | -0.0985     |
|    n_updates            | 2610        |
|    policy_gradient_loss | -0.0247     |
|    std                  | 1.65        |
|    value_loss           | 0.243       |
-----------------------------------------
-----------------------------------------
| rollout/                |             |
|    ep_len_mean          | 205         |
|    ep_rew_mean          | -38.2       |
|    success_rate         | 0           |
| time/                   |             |
|    fps                  | 596         |
|    iterations           | 263         |
|    time_elapsed         | 902         |
|    total_timesteps      | 538624      |
| train/                  |             |
|    approx_kl            | 0.017424623 |
|    clip_fraction        | 0.182       |
|    clip_range           | 0.2         |
|    entropy_loss         | -15         |
|    explained_variance   | 0.977       |
|    learning_rate        | 0.0003      |
|    loss                 | -0.0868     |
|    n_updates            | 2620        |
|    policy_gradient_loss | -0.0253     |
|    std                  | 1.65        |
|    value_loss           | 0.215       |
-----------------------------------------
Eval num_timesteps=540000, episode_reward=-36.74 +/- 2.77
Episode length: 300.00 +/- 0.00
Success rate: 0.00%
-----------------------------------------
| eval/                   |             |
|    mean_ep_length       | 300         |
|    mean_reward          | -36.7       |
|    success_rate         | 0           |
| time/                   |             |
|    total_timesteps      | 540000      |
| train/                  |             |
|    approx_kl            | 0.016362946 |
|    clip_fraction        | 0.192       |
|    clip_range           | 0.2         |
|    entropy_loss         | -15.1       |
|    explained_variance   | 0.984       |
|    learning_rate        | 0.0003      |
|    loss                 | -0.0827     |
|    n_updates            | 2630        |
|    policy_gradient_loss | -0.0255     |
|    std                  | 1.65        |
|    value_loss           | 0.261       |
-----------------------------------------
New best mean reward!
---------------------------------
| rollout/           |          |
|    ep_len_mean     | 204      |
|    ep_rew_mean     | -37.9    |
|    success_rate    | 0        |
| time/              |          |
|    fps             | 593      |
|    iterations      | 264      |
|    time_elapsed    | 910      |
|    total_timesteps | 540672   |
---------------------------------
-----------------------------------------
| rollout/                |             |
|    ep_len_mean          | 199         |
|    ep_rew_mean          | -37.6       |
|    success_rate         | 0           |
| time/                   |             |
|    fps                  | 594         |
|    iterations           | 265         |
|    time_elapsed         | 913         |
|    total_timesteps      | 542720      |
| train/                  |             |
|    approx_kl            | 0.014760748 |
|    clip_fraction        | 0.169       |
|    clip_range           | 0.2         |
|    entropy_loss         | -15.1       |
|    explained_variance   | 0.984       |
|    learning_rate        | 0.0003      |
|    loss                 | -0.0573     |
|    n_updates            | 2640        |
|    policy_gradient_loss | -0.0231     |
|    std                  | 1.65        |
|    value_loss           | 0.369       |
-----------------------------------------
-----------------------------------------
| rollout/                |             |
|    ep_len_mean          | 194         |
|    ep_rew_mean          | -37.1       |
|    success_rate         | 0           |
| time/                   |             |
|    fps                  | 594         |
|    iterations           | 266         |
|    time_elapsed         | 916         |
|    total_timesteps      | 544768      |
| train/                  |             |
|    approx_kl            | 0.015673729 |
|    clip_fraction        | 0.174       |
|    clip_range           | 0.2         |
|    entropy_loss         | -15.1       |
|    explained_variance   | 0.981       |
|    learning_rate        | 0.0003      |
|    loss                 | 0.00311     |
|    n_updates            | 2650        |
|    policy_gradient_loss | -0.027      |
|    std                  | 1.65        |
|    value_loss           | 0.448       |
-----------------------------------------
-----------------------------------------
| rollout/                |             |
|    ep_len_mean          | 190         |
|    ep_rew_mean          | -36.7       |
|    success_rate         | 0           |
| time/                   |             |
|    fps                  | 595         |
|    iterations           | 267         |
|    time_elapsed         | 918         |
|    total_timesteps      | 546816      |
| train/                  |             |
|    approx_kl            | 0.018833056 |
|    clip_fraction        | 0.19        |
|    clip_range           | 0.2         |
|    entropy_loss         | -15.1       |
|    explained_variance   | 0.984       |
|    learning_rate        | 0.0003      |
|    loss                 | -0.115      |
|    n_updates            | 2660        |
|    policy_gradient_loss | -0.0258     |
|    std                  | 1.66        |
|    value_loss           | 0.279       |
-----------------------------------------
-----------------------------------------
| rollout/                |             |
|    ep_len_mean          | 182         |
|    ep_rew_mean          | -35.9       |
|    success_rate         | 0           |
| time/                   |             |
|    fps                  | 595         |
|    iterations           | 268         |
|    time_elapsed         | 921         |
|    total_timesteps      | 548864      |
| train/                  |             |
|    approx_kl            | 0.015753254 |
|    clip_fraction        | 0.176       |
|    clip_range           | 0.2         |
|    entropy_loss         | -15.1       |
|    explained_variance   | 0.982       |
|    learning_rate        | 0.0003      |
|    loss                 | 0.00484     |
|    n_updates            | 2670        |
|    policy_gradient_loss | -0.0242     |
|    std                  | 1.66        |
|    value_loss           | 0.303       |
-----------------------------------------
Eval num_timesteps=550000, episode_reward=-44.16 +/- 17.04
Episode length: 288.45 +/- 24.36
Success rate: 0.00%
-----------------------------------------
| eval/                   |             |
|    mean_ep_length       | 288         |
|    mean_reward          | -44.2       |
|    success_rate         | 0           |
| time/                   |             |
|    total_timesteps      | 550000      |
| train/                  |             |
|    approx_kl            | 0.019411702 |
|    clip_fraction        | 0.223       |
|    clip_range           | 0.2         |
|    entropy_loss         | -15.1       |
|    explained_variance   | 0.99        |
|    learning_rate        | 0.0003      |
|    loss                 | -0.0406     |
|    n_updates            | 2680        |
|    policy_gradient_loss | -0.0281     |
|    std                  | 1.65        |
|    value_loss           | 0.285       |
-----------------------------------------
---------------------------------
| rollout/           |          |
|    ep_len_mean     | 186      |
|    ep_rew_mean     | -36.1    |
|    success_rate    | 0        |
| time/              |          |
|    fps             | 592      |
|    iterations      | 269      |
|    time_elapsed    | 929      |
|    total_timesteps | 550912   |
---------------------------------
-----------------------------------------
| rollout/                |             |
|    ep_len_mean          | 181         |
|    ep_rew_mean          | -35.8       |
|    success_rate         | 0           |
| time/                   |             |
|    fps                  | 593         |
|    iterations           | 270         |
|    time_elapsed         | 932         |
|    total_timesteps      | 552960      |
| train/                  |             |
|    approx_kl            | 0.017880894 |
|    clip_fraction        | 0.194       |
|    clip_range           | 0.2         |
|    entropy_loss         | -15.1       |
|    explained_variance   | 0.983       |
|    learning_rate        | 0.0003      |
|    loss                 | -0.109      |
|    n_updates            | 2690        |
|    policy_gradient_loss | -0.0256     |
|    std                  | 1.66        |
|    value_loss           | 0.215       |
-----------------------------------------
----------------------------------------
| rollout/                |            |
|    ep_len_mean          | 174        |
|    ep_rew_mean          | -36        |
|    success_rate         | 0          |
| time/                   |            |
|    fps                  | 593        |
|    iterations           | 271        |
|    time_elapsed         | 934        |
|    total_timesteps      | 555008     |
| train/                  |            |
|    approx_kl            | 0.01567445 |
|    clip_fraction        | 0.176      |
|    clip_range           | 0.2        |
|    entropy_loss         | -15.1      |
|    explained_variance   | 0.981      |
|    learning_rate        | 0.0003     |
|    loss                 | -0.0302    |
|    n_updates            | 2700       |
|    policy_gradient_loss | -0.0247    |
|    std                  | 1.66       |
|    value_loss           | 0.305      |
----------------------------------------
-----------------------------------------
| rollout/                |             |
|    ep_len_mean          | 181         |
|    ep_rew_mean          | -36.6       |
|    success_rate         | 0           |
| time/                   |             |
|    fps                  | 594         |
|    iterations           | 272         |
|    time_elapsed         | 937         |
|    total_timesteps      | 557056      |
| train/                  |             |
|    approx_kl            | 0.012592606 |
|    clip_fraction        | 0.128       |
|    clip_range           | 0.2         |
|    entropy_loss         | -15.1       |
|    explained_variance   | 0.955       |
|    learning_rate        | 0.0003      |
|    loss                 | -0.0385     |
|    n_updates            | 2710        |
|    policy_gradient_loss | -0.0177     |
|    std                  | 1.67        |
|    value_loss           | 0.726       |
-----------------------------------------
-----------------------------------------
| rollout/                |             |
|    ep_len_mean          | 187         |
|    ep_rew_mean          | -37.6       |
|    success_rate         | 0           |
| time/                   |             |
|    fps                  | 594         |
|    iterations           | 273         |
|    time_elapsed         | 940         |
|    total_timesteps      | 559104      |
| train/                  |             |
|    approx_kl            | 0.017955096 |
|    clip_fraction        | 0.183       |
|    clip_range           | 0.2         |
|    entropy_loss         | -15.1       |
|    explained_variance   | 0.938       |
|    learning_rate        | 0.0003      |
|    loss                 | -0.0855     |
|    n_updates            | 2720        |
|    policy_gradient_loss | -0.0227     |
|    std                  | 1.68        |
|    value_loss           | 0.382       |
-----------------------------------------
Eval num_timesteps=560000, episode_reward=-45.16 +/- 20.54
Episode length: 294.40 +/- 24.41
Success rate: 0.00%
-----------------------------------------
| eval/                   |             |
|    mean_ep_length       | 294         |
|    mean_reward          | -45.2       |
|    success_rate         | 0           |
| time/                   |             |
|    total_timesteps      | 560000      |
| train/                  |             |
|    approx_kl            | 0.012674534 |
|    clip_fraction        | 0.115       |
|    clip_range           | 0.2         |
|    entropy_loss         | -15.2       |
|    explained_variance   | 0.902       |
|    learning_rate        | 0.0003      |
|    loss                 | 0.107       |
|    n_updates            | 2730        |
|    policy_gradient_loss | -0.0171     |
|    std                  | 1.68        |
|    value_loss           | 1.9         |
-----------------------------------------
---------------------------------
| rollout/           |          |
|    ep_len_mean     | 192      |
|    ep_rew_mean     | -37.9    |
|    success_rate    | 0        |
| time/              |          |
|    fps             | 591      |
|    iterations      | 274      |
|    time_elapsed    | 948      |
|    total_timesteps | 561152   |
---------------------------------
-----------------------------------------
| rollout/                |             |
|    ep_len_mean          | 193         |
|    ep_rew_mean          | -37.9       |
|    success_rate         | 0           |
| time/                   |             |
|    fps                  | 591         |
|    iterations           | 275         |
|    time_elapsed         | 951         |
|    total_timesteps      | 563200      |
| train/                  |             |
|    approx_kl            | 0.017551191 |
|    clip_fraction        | 0.21        |
|    clip_range           | 0.2         |
|    entropy_loss         | -15.2       |
|    explained_variance   | 0.975       |
|    learning_rate        | 0.0003      |
|    loss                 | 0.033       |
|    n_updates            | 2740        |
|    policy_gradient_loss | -0.0259     |
|    std                  | 1.67        |
|    value_loss           | 0.402       |
-----------------------------------------
-----------------------------------------
| rollout/                |             |
|    ep_len_mean          | 184         |
|    ep_rew_mean          | -37.2       |
|    success_rate         | 0           |
| time/                   |             |
|    fps                  | 592         |
|    iterations           | 276         |
|    time_elapsed         | 954         |
|    total_timesteps      | 565248      |
| train/                  |             |
|    approx_kl            | 0.017050002 |
|    clip_fraction        | 0.208       |
|    clip_range           | 0.2         |
|    entropy_loss         | -15.2       |
|    explained_variance   | 0.987       |
|    learning_rate        | 0.0003      |
|    loss                 | -0.0897     |
|    n_updates            | 2750        |
|    policy_gradient_loss | -0.0251     |
|    std                  | 1.68        |
|    value_loss           | 0.302       |
-----------------------------------------
-----------------------------------------
| rollout/                |             |
|    ep_len_mean          | 188         |
|    ep_rew_mean          | -37.4       |
|    success_rate         | 0           |
| time/                   |             |
|    fps                  | 592         |
|    iterations           | 277         |
|    time_elapsed         | 957         |
|    total_timesteps      | 567296      |
| train/                  |             |
|    approx_kl            | 0.014750041 |
|    clip_fraction        | 0.157       |
|    clip_range           | 0.2         |
|    entropy_loss         | -15.2       |
|    explained_variance   | 0.976       |
|    learning_rate        | 0.0003      |
|    loss                 | 0.104       |
|    n_updates            | 2760        |
|    policy_gradient_loss | -0.0211     |
|    std                  | 1.67        |
|    value_loss           | 0.469       |
-----------------------------------------
-----------------------------------------
| rollout/                |             |
|    ep_len_mean          | 189         |
|    ep_rew_mean          | -39.3       |
|    success_rate         | 0           |
| time/                   |             |
|    fps                  | 592         |
|    iterations           | 278         |
|    time_elapsed         | 960         |
|    total_timesteps      | 569344      |
| train/                  |             |
|    approx_kl            | 0.017552089 |
|    clip_fraction        | 0.193       |
|    clip_range           | 0.2         |
|    entropy_loss         | -15.1       |
|    explained_variance   | 0.983       |
|    learning_rate        | 0.0003      |
|    loss                 | -0.0101     |
|    n_updates            | 2770        |
|    policy_gradient_loss | -0.0274     |
|    std                  | 1.67        |
|    value_loss           | 0.374       |
-----------------------------------------
Eval num_timesteps=570000, episode_reward=-35.26 +/- 2.70
Episode length: 292.40 +/- 33.13
Success rate: 0.00%
-----------------------------------------
| eval/                   |             |
|    mean_ep_length       | 292         |
|    mean_reward          | -35.3       |
|    success_rate         | 0           |
| time/                   |             |
|    total_timesteps      | 570000      |
| train/                  |             |
|    approx_kl            | 0.013015645 |
|    clip_fraction        | 0.13        |
|    clip_range           | 0.2         |
|    entropy_loss         | -15.1       |
|    explained_variance   | 0.952       |
|    learning_rate        | 0.0003      |
|    loss                 | 0.00352     |
|    n_updates            | 2780        |
|    policy_gradient_loss | -0.0162     |
|    std                  | 1.68        |
|    value_loss           | 1.75        |
-----------------------------------------
New best mean reward!
---------------------------------
| rollout/           |          |
|    ep_len_mean     | 186      |
|    ep_rew_mean     | -39.7    |
|    success_rate    | 0        |
| time/              |          |
|    fps             | 589      |
|    iterations      | 279      |
|    time_elapsed    | 969      |
|    total_timesteps | 571392   |
---------------------------------
----------------------------------------
| rollout/                |            |
|    ep_len_mean          | 186        |
|    ep_rew_mean          | -39.7      |
|    success_rate         | 0          |
| time/                   |            |
|    fps                  | 589        |
|    iterations           | 280        |
|    time_elapsed         | 972        |
|    total_timesteps      | 573440     |
| train/                  |            |
|    approx_kl            | 0.01664921 |
|    clip_fraction        | 0.158      |
|    clip_range           | 0.2        |
|    entropy_loss         | -15.2      |
|    explained_variance   | 0.947      |
|    learning_rate        | 0.0003     |
|    loss                 | 0.0175     |
|    n_updates            | 2790       |
|    policy_gradient_loss | -0.018     |
|    std                  | 1.68       |
|    value_loss           | 0.751      |
----------------------------------------
-----------------------------------------
| rollout/                |             |
|    ep_len_mean          | 184         |
|    ep_rew_mean          | -39.3       |
|    success_rate         | 0           |
| time/                   |             |
|    fps                  | 590         |
|    iterations           | 281         |
|    time_elapsed         | 975         |
|    total_timesteps      | 575488      |
| train/                  |             |
|    approx_kl            | 0.012779804 |
|    clip_fraction        | 0.156       |
|    clip_range           | 0.2         |
|    entropy_loss         | -15.2       |
|    explained_variance   | 0.967       |
|    learning_rate        | 0.0003      |
|    loss                 | -0.027      |
|    n_updates            | 2800        |
|    policy_gradient_loss | -0.0163     |
|    std                  | 1.69        |
|    value_loss           | 1.13        |
-----------------------------------------
-----------------------------------------
| rollout/                |             |
|    ep_len_mean          | 174         |
|    ep_rew_mean          | -38.1       |
|    success_rate         | 0           |
| time/                   |             |
|    fps                  | 590         |
|    iterations           | 282         |
|    time_elapsed         | 977         |
|    total_timesteps      | 577536      |
| train/                  |             |
|    approx_kl            | 0.019899294 |
|    clip_fraction        | 0.219       |
|    clip_range           | 0.2         |
|    entropy_loss         | -15.2       |
|    explained_variance   | 0.982       |
|    learning_rate        | 0.0003      |
|    loss                 | -0.141      |
|    n_updates            | 2810        |
|    policy_gradient_loss | -0.0262     |
|    std                  | 1.69        |
|    value_loss           | 0.227       |
-----------------------------------------
---------------------------------------
| rollout/                |           |
|    ep_len_mean          | 174       |
|    ep_rew_mean          | -37.9     |
|    success_rate         | 0         |
| time/                   |           |
|    fps                  | 591       |
|    iterations           | 283       |
|    time_elapsed         | 980       |
|    total_timesteps      | 579584    |
| train/                  |           |
|    approx_kl            | 0.0206637 |
|    clip_fraction        | 0.24      |
|    clip_range           | 0.2       |
|    entropy_loss         | -15.2     |
|    explained_variance   | 0.981     |
|    learning_rate        | 0.0003    |
|    loss                 | -0.0761   |
|    n_updates            | 2820      |
|    policy_gradient_loss | -0.0301   |
|    std                  | 1.7       |
|    value_loss           | 0.4       |
---------------------------------------
Eval num_timesteps=580000, episode_reward=-39.99 +/- 13.92
Episode length: 298.20 +/- 6.60
Success rate: 0.00%
-----------------------------------------
| eval/                   |             |
|    mean_ep_length       | 298         |
|    mean_reward          | -40         |
|    success_rate         | 0           |
| time/                   |             |
|    total_timesteps      | 580000      |
| train/                  |             |
|    approx_kl            | 0.019022945 |
|    clip_fraction        | 0.203       |
|    clip_range           | 0.2         |
|    entropy_loss         | -15.2       |
|    explained_variance   | 0.983       |
|    learning_rate        | 0.0003      |
|    loss                 | -0.009      |
|    n_updates            | 2830        |
|    policy_gradient_loss | -0.0254     |
|    std                  | 1.69        |
|    value_loss           | 0.305       |
-----------------------------------------
---------------------------------
| rollout/           |          |
|    ep_len_mean     | 176      |
|    ep_rew_mean     | -40.5    |
|    success_rate    | 0        |
| time/              |          |
|    fps             | 588      |
|    iterations      | 284      |
|    time_elapsed    | 988      |
|    total_timesteps | 581632   |
---------------------------------
-----------------------------------------
| rollout/                |             |
|    ep_len_mean          | 182         |
|    ep_rew_mean          | -41.3       |
|    success_rate         | 0           |
| time/                   |             |
|    fps                  | 588         |
|    iterations           | 285         |
|    time_elapsed         | 991         |
|    total_timesteps      | 583680      |
| train/                  |             |
|    approx_kl            | 0.011450518 |
|    clip_fraction        | 0.0992      |
|    clip_range           | 0.2         |
|    entropy_loss         | -15.2       |
|    explained_variance   | 0.96        |
|    learning_rate        | 0.0003      |
|    loss                 | 1.03        |
|    n_updates            | 2840        |
|    policy_gradient_loss | -0.0174     |
|    std                  | 1.69        |
|    value_loss           | 3.33        |
-----------------------------------------
-----------------------------------------
| rollout/                |             |
|    ep_len_mean          | 184         |
|    ep_rew_mean          | -41.7       |
|    success_rate         | 0           |
| time/                   |             |
|    fps                  | 589         |
|    iterations           | 286         |
|    time_elapsed         | 994         |
|    total_timesteps      | 585728      |
| train/                  |             |
|    approx_kl            | 0.015363048 |
|    clip_fraction        | 0.149       |
|    clip_range           | 0.2         |
|    entropy_loss         | -15.2       |
|    explained_variance   | 0.98        |
|    learning_rate        | 0.0003      |
|    loss                 | 0.0461      |
|    n_updates            | 2850        |
|    policy_gradient_loss | -0.0217     |
|    std                  | 1.7         |
|    value_loss           | 0.697       |
-----------------------------------------
-----------------------------------------
| rollout/                |             |
|    ep_len_mean          | 181         |
|    ep_rew_mean          | -39.7       |
|    success_rate         | 0           |
| time/                   |             |
|    fps                  | 589         |
|    iterations           | 287         |
|    time_elapsed         | 997         |
|    total_timesteps      | 587776      |
| train/                  |             |
|    approx_kl            | 0.017038923 |
|    clip_fraction        | 0.201       |
|    clip_range           | 0.2         |
|    entropy_loss         | -15.2       |
|    explained_variance   | 0.96        |
|    learning_rate        | 0.0003      |
|    loss                 | -0.0488     |
|    n_updates            | 2860        |
|    policy_gradient_loss | -0.0238     |
|    std                  | 1.7         |
|    value_loss           | 0.59        |
-----------------------------------------
-----------------------------------------
| rollout/                |             |
|    ep_len_mean          | 187         |
|    ep_rew_mean          | -39.3       |
|    success_rate         | 0           |
| time/                   |             |
|    fps                  | 589         |
|    iterations           | 288         |
|    time_elapsed         | 999         |
|    total_timesteps      | 589824      |
| train/                  |             |
|    approx_kl            | 0.018811006 |
|    clip_fraction        | 0.2         |
|    clip_range           | 0.2         |
|    entropy_loss         | -15.3       |
|    explained_variance   | 0.98        |
|    learning_rate        | 0.0003      |
|    loss                 | 0.00839     |
|    n_updates            | 2870        |
|    policy_gradient_loss | -0.0259     |
|    std                  | 1.71        |
|    value_loss           | 0.396       |
-----------------------------------------
Eval num_timesteps=590000, episode_reward=-38.02 +/- 6.35
Episode length: 276.95 +/- 57.49
Success rate: 0.00%
-----------------------------------------
| eval/                   |             |
|    mean_ep_length       | 277         |
|    mean_reward          | -38         |
|    success_rate         | 0           |
| time/                   |             |
|    total_timesteps      | 590000      |
| train/                  |             |
|    approx_kl            | 0.019478824 |
|    clip_fraction        | 0.208       |
|    clip_range           | 0.2         |
|    entropy_loss         | -15.3       |
|    explained_variance   | 0.985       |
|    learning_rate        | 0.0003      |
|    loss                 | -0.119      |
|    n_updates            | 2880        |
|    policy_gradient_loss | -0.0264     |
|    std                  | 1.72        |
|    value_loss           | 0.202       |
-----------------------------------------
---------------------------------
| rollout/           |          |
|    ep_len_mean     | 187      |
|    ep_rew_mean     | -38.3    |
|    success_rate    | 0        |
| time/              |          |
|    fps             | 587      |
|    iterations      | 289      |
|    time_elapsed    | 1007     |
|    total_timesteps | 591872   |
---------------------------------
-----------------------------------------
| rollout/                |             |
|    ep_len_mean          | 184         |
|    ep_rew_mean          | -38.3       |
|    success_rate         | 0           |
| time/                   |             |
|    fps                  | 587         |
|    iterations           | 290         |
|    time_elapsed         | 1010        |
|    total_timesteps      | 593920      |
| train/                  |             |
|    approx_kl            | 0.016642164 |
|    clip_fraction        | 0.212       |
|    clip_range           | 0.2         |
|    entropy_loss         | -15.3       |
|    explained_variance   | 0.984       |
|    learning_rate        | 0.0003      |
|    loss                 | 0.0154      |
|    n_updates            | 2890        |
|    policy_gradient_loss | -0.0288     |
|    std                  | 1.72        |
|    value_loss           | 0.296       |
-----------------------------------------
-----------------------------------------
| rollout/                |             |
|    ep_len_mean          | 185         |
|    ep_rew_mean          | -38.3       |
|    success_rate         | 0           |
| time/                   |             |
|    fps                  | 588         |
|    iterations           | 291         |
|    time_elapsed         | 1013        |
|    total_timesteps      | 595968      |
| train/                  |             |
|    approx_kl            | 0.016782073 |
|    clip_fraction        | 0.189       |
|    clip_range           | 0.2         |
|    entropy_loss         | -15.3       |
|    explained_variance   | 0.985       |
|    learning_rate        | 0.0003      |
|    loss                 | -0.00737    |
|    n_updates            | 2900        |
|    policy_gradient_loss | -0.0264     |
|    std                  | 1.71        |
|    value_loss           | 0.331       |
-----------------------------------------
-----------------------------------------
| rollout/                |             |
|    ep_len_mean          | 190         |
|    ep_rew_mean          | -38.7       |
|    success_rate         | 0           |
| time/                   |             |
|    fps                  | 588         |
|    iterations           | 292         |
|    time_elapsed         | 1016        |
|    total_timesteps      | 598016      |
| train/                  |             |
|    approx_kl            | 0.017943848 |
|    clip_fraction        | 0.197       |
|    clip_range           | 0.2         |
|    entropy_loss         | -15.3       |
|    explained_variance   | 0.988       |
|    learning_rate        | 0.0003      |
|    loss                 | -0.0383     |
|    n_updates            | 2910        |
|    policy_gradient_loss | -0.0237     |
|    std                  | 1.72        |
|    value_loss           | 0.281       |
-----------------------------------------
Eval num_timesteps=600000, episode_reward=-36.97 +/- 4.56
Episode length: 280.75 +/- 57.91
Success rate: 0.00%
-----------------------------------------
| eval/                   |             |
|    mean_ep_length       | 281         |
|    mean_reward          | -37         |
|    success_rate         | 0           |
| time/                   |             |
|    total_timesteps      | 600000      |
| train/                  |             |
|    approx_kl            | 0.017331447 |
|    clip_fraction        | 0.2         |
|    clip_range           | 0.2         |
|    entropy_loss         | -15.4       |
|    explained_variance   | 0.984       |
|    learning_rate        | 0.0003      |
|    loss                 | -0.146      |
|    n_updates            | 2920        |
|    policy_gradient_loss | -0.0271     |
|    std                  | 1.73        |
|    value_loss           | 0.299       |
-----------------------------------------
---------------------------------
| rollout/           |          |
|    ep_len_mean     | 189      |
|    ep_rew_mean     | -38.3    |
|    success_rate    | 0        |
| time/              |          |
|    fps             | 585      |
|    iterations      | 293      |
|    time_elapsed    | 1024     |
|    total_timesteps | 600064   |
---------------------------------
-----------------------------------------
| rollout/                |             |
|    ep_len_mean          | 187         |
|    ep_rew_mean          | -36.4       |
|    success_rate         | 0           |
| time/                   |             |
|    fps                  | 586         |
|    iterations           | 294         |
|    time_elapsed         | 1027        |
|    total_timesteps      | 602112      |
| train/                  |             |
|    approx_kl            | 0.014097272 |
|    clip_fraction        | 0.145       |
|    clip_range           | 0.2         |
|    entropy_loss         | -15.4       |
|    explained_variance   | 0.962       |
|    learning_rate        | 0.0003      |
|    loss                 | 0.19        |
|    n_updates            | 2930        |
|    policy_gradient_loss | -0.0222     |
|    std                  | 1.74        |
|    value_loss           | 1.15        |
-----------------------------------------
----------------------------------------
| rollout/                |            |
|    ep_len_mean          | 192        |
|    ep_rew_mean          | -36.8      |
|    success_rate         | 0          |
| time/                   |            |
|    fps                  | 586        |
|    iterations           | 295        |
|    time_elapsed         | 1030       |
|    total_timesteps      | 604160     |
| train/                  |            |
|    approx_kl            | 0.01604449 |
|    clip_fraction        | 0.172      |
|    clip_range           | 0.2        |
|    entropy_loss         | -15.4      |
|    explained_variance   | 0.974      |
|    learning_rate        | 0.0003     |
|    loss                 | -0.0399    |
|    n_updates            | 2940       |
|    policy_gradient_loss | -0.0245    |
|    std                  | 1.75       |
|    value_loss           | 0.517      |
----------------------------------------
-----------------------------------------
| rollout/                |             |
|    ep_len_mean          | 192         |
|    ep_rew_mean          | -36.5       |
|    success_rate         | 0           |
| time/                   |             |
|    fps                  | 586         |
|    iterations           | 296         |
|    time_elapsed         | 1033        |
|    total_timesteps      | 606208      |
| train/                  |             |
|    approx_kl            | 0.013302326 |
|    clip_fraction        | 0.141       |
|    clip_range           | 0.2         |
|    entropy_loss         | -15.5       |
|    explained_variance   | 0.878       |
|    learning_rate        | 0.0003      |
|    loss                 | 0.581       |
|    n_updates            | 2950        |
|    policy_gradient_loss | -0.0178     |
|    std                  | 1.75        |
|    value_loss           | 1.39        |
-----------------------------------------
----------------------------------------
| rollout/                |            |
|    ep_len_mean          | 182        |
|    ep_rew_mean          | -36        |
|    success_rate         | 0          |
| time/                   |            |
|    fps                  | 587        |
|    iterations           | 297        |
|    time_elapsed         | 1036       |
|    total_timesteps      | 608256     |
| train/                  |            |
|    approx_kl            | 0.01765702 |
|    clip_fraction        | 0.176      |
|    clip_range           | 0.2        |
|    entropy_loss         | -15.5      |
|    explained_variance   | 0.979      |
|    learning_rate        | 0.0003     |
|    loss                 | -0.0959    |
|    n_updates            | 2960       |
|    policy_gradient_loss | -0.0237    |
|    std                  | 1.76       |
|    value_loss           | 0.453      |
----------------------------------------
Eval num_timesteps=610000, episode_reward=-35.64 +/- 2.92
Episode length: 282.95 +/- 51.38
Success rate: 0.00%
-----------------------------------------
| eval/                   |             |
|    mean_ep_length       | 283         |
|    mean_reward          | -35.6       |
|    success_rate         | 0           |
| time/                   |             |
|    total_timesteps      | 610000      |
| train/                  |             |
|    approx_kl            | 0.019080807 |
|    clip_fraction        | 0.207       |
|    clip_range           | 0.2         |
|    entropy_loss         | -15.5       |
|    explained_variance   | 0.988       |
|    learning_rate        | 0.0003      |
|    loss                 | 0.0299      |
|    n_updates            | 2970        |
|    policy_gradient_loss | -0.0284     |
|    std                  | 1.75        |
|    value_loss           | 0.358       |
-----------------------------------------
---------------------------------
| rollout/           |          |
|    ep_len_mean     | 179      |
|    ep_rew_mean     | -35.8    |
|    success_rate    | 0        |
| time/              |          |
|    fps             | 584      |
|    iterations      | 298      |
|    time_elapsed    | 1044     |
|    total_timesteps | 610304   |
---------------------------------
-----------------------------------------
| rollout/                |             |
|    ep_len_mean          | 177         |
|    ep_rew_mean          | -35.6       |
|    success_rate         | 0           |
| time/                   |             |
|    fps                  | 584         |
|    iterations           | 299         |
|    time_elapsed         | 1047        |
|    total_timesteps      | 612352      |
| train/                  |             |
|    approx_kl            | 0.015735047 |
|    clip_fraction        | 0.199       |
|    clip_range           | 0.2         |
|    entropy_loss         | -15.5       |
|    explained_variance   | 0.985       |
|    learning_rate        | 0.0003      |
|    loss                 | 0.0782      |
|    n_updates            | 2980        |
|    policy_gradient_loss | -0.0256     |
|    std                  | 1.76        |
|    value_loss           | 0.378       |
-----------------------------------------
-----------------------------------------
| rollout/                |             |
|    ep_len_mean          | 177         |
|    ep_rew_mean          | -35.4       |
|    success_rate         | 0           |
| time/                   |             |
|    fps                  | 584         |
|    iterations           | 300         |
|    time_elapsed         | 1050        |
|    total_timesteps      | 614400      |
| train/                  |             |
|    approx_kl            | 0.017152868 |
|    clip_fraction        | 0.196       |
|    clip_range           | 0.2         |
|    entropy_loss         | -15.5       |
|    explained_variance   | 0.988       |
|    learning_rate        | 0.0003      |
|    loss                 | -0.0443     |
|    n_updates            | 2990        |
|    policy_gradient_loss | -0.0249     |
|    std                  | 1.76        |
|    value_loss           | 0.274       |
-----------------------------------------
----------------------------------------
| rollout/                |            |
|    ep_len_mean          | 170        |
|    ep_rew_mean          | -34.3      |
|    success_rate         | 0          |
| time/                   |            |
|    fps                  | 585        |
|    iterations           | 301        |
|    time_elapsed         | 1053       |
|    total_timesteps      | 616448     |
| train/                  |            |
|    approx_kl            | 0.01718875 |
|    clip_fraction        | 0.224      |
|    clip_range           | 0.2        |
|    entropy_loss         | -15.5      |
|    explained_variance   | 0.989      |
|    learning_rate        | 0.0003     |
|    loss                 | 0.0285     |
|    n_updates            | 3000       |
|    policy_gradient_loss | -0.0263    |
|    std                  | 1.76       |
|    value_loss           | 0.215      |
----------------------------------------
-----------------------------------------
| rollout/                |             |
|    ep_len_mean          | 170         |
|    ep_rew_mean          | -34.4       |
|    success_rate         | 0           |
| time/                   |             |
|    fps                  | 585         |
|    iterations           | 302         |
|    time_elapsed         | 1055        |
|    total_timesteps      | 618496      |
| train/                  |             |
|    approx_kl            | 0.016737089 |
|    clip_fraction        | 0.194       |
|    clip_range           | 0.2         |
|    entropy_loss         | -15.5       |
|    explained_variance   | 0.986       |
|    learning_rate        | 0.0003      |
|    loss                 | -0.0405     |
|    n_updates            | 3010        |
|    policy_gradient_loss | -0.0293     |
|    std                  | 1.76        |
|    value_loss           | 0.318       |
-----------------------------------------
Eval num_timesteps=620000, episode_reward=-36.51 +/- 13.27
Episode length: 206.55 +/- 99.74
Success rate: 0.00%
-----------------------------------------
| eval/                   |             |
|    mean_ep_length       | 207         |
|    mean_reward          | -36.5       |
|    success_rate         | 0           |
| time/                   |             |
|    total_timesteps      | 620000      |
| train/                  |             |
|    approx_kl            | 0.016584257 |
|    clip_fraction        | 0.204       |
|    clip_range           | 0.2         |
|    entropy_loss         | -15.5       |
|    explained_variance   | 0.982       |
|    learning_rate        | 0.0003      |
|    loss                 | -0.106      |
|    n_updates            | 3020        |
|    policy_gradient_loss | -0.03       |
|    std                  | 1.76        |
|    value_loss           | 0.254       |
-----------------------------------------
---------------------------------
| rollout/           |          |
|    ep_len_mean     | 160      |
|    ep_rew_mean     | -33.7    |
|    success_rate    | 0        |
| time/              |          |
|    fps             | 583      |
|    iterations      | 303      |
|    time_elapsed    | 1062     |
|    total_timesteps | 620544   |
---------------------------------
-----------------------------------------
| rollout/                |             |
|    ep_len_mean          | 164         |
|    ep_rew_mean          | -34.9       |
|    success_rate         | 0           |
| time/                   |             |
|    fps                  | 584         |
|    iterations           | 304         |
|    time_elapsed         | 1065        |
|    total_timesteps      | 622592      |
| train/                  |             |
|    approx_kl            | 0.017879775 |
|    clip_fraction        | 0.191       |
|    clip_range           | 0.2         |
|    entropy_loss         | -15.5       |
|    explained_variance   | 0.985       |
|    learning_rate        | 0.0003      |
|    loss                 | -0.0392     |
|    n_updates            | 3030        |
|    policy_gradient_loss | -0.0262     |
|    std                  | 1.76        |
|    value_loss           | 0.284       |
-----------------------------------------
-----------------------------------------
| rollout/                |             |
|    ep_len_mean          | 168         |
|    ep_rew_mean          | -35.1       |
|    success_rate         | 0           |
| time/                   |             |
|    fps                  | 584         |
|    iterations           | 305         |
|    time_elapsed         | 1068        |
|    total_timesteps      | 624640      |
| train/                  |             |
|    approx_kl            | 0.015922504 |
|    clip_fraction        | 0.16        |
|    clip_range           | 0.2         |
|    entropy_loss         | -15.5       |
|    explained_variance   | 0.908       |
|    learning_rate        | 0.0003      |
|    loss                 | 0.0605      |
|    n_updates            | 3040        |
|    policy_gradient_loss | -0.0216     |
|    std                  | 1.76        |
|    value_loss           | 0.596       |
-----------------------------------------
-----------------------------------------
| rollout/                |             |
|    ep_len_mean          | 166         |
|    ep_rew_mean          | -36.5       |
|    success_rate         | 0           |
| time/                   |             |
|    fps                  | 584         |
|    iterations           | 306         |
|    time_elapsed         | 1071        |
|    total_timesteps      | 626688      |
| train/                  |             |
|    approx_kl            | 0.017968794 |
|    clip_fraction        | 0.207       |
|    clip_range           | 0.2         |
|    entropy_loss         | -15.5       |
|    explained_variance   | 0.987       |
|    learning_rate        | 0.0003      |
|    loss                 | -0.0893     |
|    n_updates            | 3050        |
|    policy_gradient_loss | -0.0267     |
|    std                  | 1.77        |
|    value_loss           | 0.303       |
-----------------------------------------
-----------------------------------------
| rollout/                |             |
|    ep_len_mean          | 167         |
|    ep_rew_mean          | -36.7       |
|    success_rate         | 0           |
| time/                   |             |
|    fps                  | 585         |
|    iterations           | 307         |
|    time_elapsed         | 1074        |
|    total_timesteps      | 628736      |
| train/                  |             |
|    approx_kl            | 0.011704704 |
|    clip_fraction        | 0.123       |
|    clip_range           | 0.2         |
|    entropy_loss         | -15.5       |
|    explained_variance   | 0.947       |
|    learning_rate        | 0.0003      |
|    loss                 | -0.0639     |
|    n_updates            | 3060        |
|    policy_gradient_loss | -0.0174     |
|    std                  | 1.79        |
|    value_loss           | 1.49        |
-----------------------------------------
Eval num_timesteps=630000, episode_reward=-36.80 +/- 7.44
Episode length: 254.80 +/- 70.43
Success rate: 0.00%
-----------------------------------------
| eval/                   |             |
|    mean_ep_length       | 255         |
|    mean_reward          | -36.8       |
|    success_rate         | 0           |
| time/                   |             |
|    total_timesteps      | 630000      |
| train/                  |             |
|    approx_kl            | 0.012924992 |
|    clip_fraction        | 0.137       |
|    clip_range           | 0.2         |
|    entropy_loss         | -15.6       |
|    explained_variance   | 0.953       |
|    learning_rate        | 0.0003      |
|    loss                 | 0.248       |
|    n_updates            | 3070        |
|    policy_gradient_loss | -0.0233     |
|    std                  | 1.79        |
|    value_loss           | 0.869       |
-----------------------------------------
---------------------------------
| rollout/           |          |
|    ep_len_mean     | 164      |
|    ep_rew_mean     | -36.6    |
|    success_rate    | 0        |
| time/              |          |
|    fps             | 582      |
|    iterations      | 308      |
|    time_elapsed    | 1082     |
|    total_timesteps | 630784   |
---------------------------------
-----------------------------------------
| rollout/                |             |
|    ep_len_mean          | 165         |
|    ep_rew_mean          | -38         |
|    success_rate         | 0           |
| time/                   |             |
|    fps                  | 582         |
|    iterations           | 309         |
|    time_elapsed         | 1085        |
|    total_timesteps      | 632832      |
| train/                  |             |
|    approx_kl            | 0.018251821 |
|    clip_fraction        | 0.187       |
|    clip_range           | 0.2         |
|    entropy_loss         | -15.6       |
|    explained_variance   | 0.987       |
|    learning_rate        | 0.0003      |
|    loss                 | -0.145      |
|    n_updates            | 3080        |
|    policy_gradient_loss | -0.0285     |
|    std                  | 1.78        |
|    value_loss           | 0.296       |
-----------------------------------------
-----------------------------------------
| rollout/                |             |
|    ep_len_mean          | 163         |
|    ep_rew_mean          | -37.8       |
|    success_rate         | 0           |
| time/                   |             |
|    fps                  | 583         |
|    iterations           | 310         |
|    time_elapsed         | 1088        |
|    total_timesteps      | 634880      |
| train/                  |             |
|    approx_kl            | 0.012862211 |
|    clip_fraction        | 0.139       |
|    clip_range           | 0.2         |
|    entropy_loss         | -15.6       |
|    explained_variance   | 0.971       |
|    learning_rate        | 0.0003      |
|    loss                 | 0.17        |
|    n_updates            | 3090        |
|    policy_gradient_loss | -0.019      |
|    std                  | 1.78        |
|    value_loss           | 1.8         |
-----------------------------------------
----------------------------------------
| rollout/                |            |
|    ep_len_mean          | 168        |
|    ep_rew_mean          | -39.2      |
|    success_rate         | 0          |
| time/                   |            |
|    fps                  | 583        |
|    iterations           | 311        |
|    time_elapsed         | 1091       |
|    total_timesteps      | 636928     |
| train/                  |            |
|    approx_kl            | 0.01992236 |
|    clip_fraction        | 0.225      |
|    clip_range           | 0.2        |
|    entropy_loss         | -15.6      |
|    explained_variance   | 0.987      |
|    learning_rate        | 0.0003     |
|    loss                 | -0.123     |
|    n_updates            | 3100       |
|    policy_gradient_loss | -0.0259    |
|    std                  | 1.79       |
|    value_loss           | 0.279      |
----------------------------------------
------------------------------------------
| rollout/                |              |
|    ep_len_mean          | 165          |
|    ep_rew_mean          | -39          |
|    success_rate         | 0            |
| time/                   |              |
|    fps                  | 583          |
|    iterations           | 312          |
|    time_elapsed         | 1094         |
|    total_timesteps      | 638976       |
| train/                  |              |
|    approx_kl            | 0.0119358655 |
|    clip_fraction        | 0.138        |
|    clip_range           | 0.2          |
|    entropy_loss         | -15.6        |
|    explained_variance   | 0.979        |
|    learning_rate        | 0.0003       |
|    loss                 | 0.12         |
|    n_updates            | 3110         |
|    policy_gradient_loss | -0.0199      |
|    std                  | 1.79         |
|    value_loss           | 1.65         |
------------------------------------------
Eval num_timesteps=640000, episode_reward=-37.78 +/- 11.78
Episode length: 279.00 +/- 50.13
Success rate: 0.00%
-----------------------------------------
| eval/                   |             |
|    mean_ep_length       | 279         |
|    mean_reward          | -37.8       |
|    success_rate         | 0           |
| time/                   |             |
|    total_timesteps      | 640000      |
| train/                  |             |
|    approx_kl            | 0.019699976 |
|    clip_fraction        | 0.192       |
|    clip_range           | 0.2         |
|    entropy_loss         | -15.6       |
|    explained_variance   | 0.946       |
|    learning_rate        | 0.0003      |
|    loss                 | 0.219       |
|    n_updates            | 3120        |
|    policy_gradient_loss | -0.0196     |
|    std                  | 1.79        |
|    value_loss           | 1.02        |
-----------------------------------------
---------------------------------
| rollout/           |          |
|    ep_len_mean     | 161      |
|    ep_rew_mean     | -38.9    |
|    success_rate    | 0        |
| time/              |          |
|    fps             | 581      |
|    iterations      | 313      |
|    time_elapsed    | 1102     |
|    total_timesteps | 641024   |
---------------------------------
-----------------------------------------
| rollout/                |             |
|    ep_len_mean          | 161         |
|    ep_rew_mean          | -37.4       |
|    success_rate         | 0           |
| time/                   |             |
|    fps                  | 581         |
|    iterations           | 314         |
|    time_elapsed         | 1105        |
|    total_timesteps      | 643072      |
| train/                  |             |
|    approx_kl            | 0.018612463 |
|    clip_fraction        | 0.204       |
|    clip_range           | 0.2         |
|    entropy_loss         | -15.6       |
|    explained_variance   | 0.978       |
|    learning_rate        | 0.0003      |
|    loss                 | -0.00385    |
|    n_updates            | 3130        |
|    policy_gradient_loss | -0.0264     |
|    std                  | 1.79        |
|    value_loss           | 0.489       |
-----------------------------------------
-----------------------------------------
| rollout/                |             |
|    ep_len_mean          | 161         |
|    ep_rew_mean          | -37.5       |
|    success_rate         | 0           |
| time/                   |             |
|    fps                  | 581         |
|    iterations           | 315         |
|    time_elapsed         | 1108        |
|    total_timesteps      | 645120      |
| train/                  |             |
|    approx_kl            | 0.015150886 |
|    clip_fraction        | 0.161       |
|    clip_range           | 0.2         |
|    entropy_loss         | -15.6       |
|    explained_variance   | 0.975       |
|    learning_rate        | 0.0003      |
|    loss                 | -0.0246     |
|    n_updates            | 3140        |
|    policy_gradient_loss | -0.0238     |
|    std                  | 1.8         |
|    value_loss           | 0.687       |
-----------------------------------------
-----------------------------------------
| rollout/                |             |
|    ep_len_mean          | 166         |
|    ep_rew_mean          | -38         |
|    success_rate         | 0           |
| time/                   |             |
|    fps                  | 582         |
|    iterations           | 316         |
|    time_elapsed         | 1111        |
|    total_timesteps      | 647168      |
| train/                  |             |
|    approx_kl            | 0.019110132 |
|    clip_fraction        | 0.205       |
|    clip_range           | 0.2         |
|    entropy_loss         | -15.7       |
|    explained_variance   | 0.925       |
|    learning_rate        | 0.0003      |
|    loss                 | 0.208       |
|    n_updates            | 3150        |
|    policy_gradient_loss | -0.022      |
|    std                  | 1.81        |
|    value_loss           | 0.925       |
-----------------------------------------
-----------------------------------------
| rollout/                |             |
|    ep_len_mean          | 161         |
|    ep_rew_mean          | -37.6       |
|    success_rate         | 0           |
| time/                   |             |
|    fps                  | 582         |
|    iterations           | 317         |
|    time_elapsed         | 1113        |
|    total_timesteps      | 649216      |
| train/                  |             |
|    approx_kl            | 0.016633725 |
|    clip_fraction        | 0.194       |
|    clip_range           | 0.2         |
|    entropy_loss         | -15.7       |
|    explained_variance   | 0.977       |
|    learning_rate        | 0.0003      |
|    loss                 | -0.00998    |
|    n_updates            | 3160        |
|    policy_gradient_loss | -0.0266     |
|    std                  | 1.82        |
|    value_loss           | 0.373       |
-----------------------------------------
Eval num_timesteps=650000, episode_reward=-51.69 +/- 21.00
Episode length: 253.35 +/- 59.28
Success rate: 0.00%
-----------------------------------------
| eval/                   |             |
|    mean_ep_length       | 253         |
|    mean_reward          | -51.7       |
|    success_rate         | 0           |
| time/                   |             |
|    total_timesteps      | 650000      |
| train/                  |             |
|    approx_kl            | 0.014905738 |
|    clip_fraction        | 0.15        |
|    clip_range           | 0.2         |
|    entropy_loss         | -15.7       |
|    explained_variance   | 0.95        |
|    learning_rate        | 0.0003      |
|    loss                 | 0.261       |
|    n_updates            | 3170        |
|    policy_gradient_loss | -0.0241     |
|    std                  | 1.82        |
|    value_loss           | 1.33        |
-----------------------------------------
---------------------------------
| rollout/           |          |
|    ep_len_mean     | 163      |
|    ep_rew_mean     | -37.8    |
|    success_rate    | 0        |
| time/              |          |
|    fps             | 580      |
|    iterations      | 318      |
|    time_elapsed    | 1121     |
|    total_timesteps | 651264   |
---------------------------------
-----------------------------------------
| rollout/                |             |
|    ep_len_mean          | 156         |
|    ep_rew_mean          | -36.5       |
|    success_rate         | 0           |
| time/                   |             |
|    fps                  | 581         |
|    iterations           | 319         |
|    time_elapsed         | 1124        |
|    total_timesteps      | 653312      |
| train/                  |             |
|    approx_kl            | 0.013640821 |
|    clip_fraction        | 0.166       |
|    clip_range           | 0.2         |
|    entropy_loss         | -15.7       |
|    explained_variance   | 0.965       |
|    learning_rate        | 0.0003      |
|    loss                 | 0.0563      |
|    n_updates            | 3180        |
|    policy_gradient_loss | -0.0207     |
|    std                  | 1.83        |
|    value_loss           | 0.723       |
-----------------------------------------
-----------------------------------------
| rollout/                |             |
|    ep_len_mean          | 160         |
|    ep_rew_mean          | -35.9       |
|    success_rate         | 0           |
| time/                   |             |
|    fps                  | 581         |
|    iterations           | 320         |
|    time_elapsed         | 1126        |
|    total_timesteps      | 655360      |
| train/                  |             |
|    approx_kl            | 0.018917998 |
|    clip_fraction        | 0.212       |
|    clip_range           | 0.2         |
|    entropy_loss         | -15.7       |
|    explained_variance   | 0.97        |
|    learning_rate        | 0.0003      |
|    loss                 | -0.0454     |
|    n_updates            | 3190        |
|    policy_gradient_loss | -0.0303     |
|    std                  | 1.82        |
|    value_loss           | 0.606       |
-----------------------------------------
---------------------------------------
| rollout/                |           |
|    ep_len_mean          | 164       |
|    ep_rew_mean          | -37.1     |
|    success_rate         | 0         |
| time/                   |           |
|    fps                  | 582       |
|    iterations           | 321       |
|    time_elapsed         | 1129      |
|    total_timesteps      | 657408    |
| train/                  |           |
|    approx_kl            | 0.0194403 |
|    clip_fraction        | 0.211     |
|    clip_range           | 0.2       |
|    entropy_loss         | -15.7     |
|    explained_variance   | 0.962     |
|    learning_rate        | 0.0003    |
|    loss                 | -0.0321   |
|    n_updates            | 3200      |
|    policy_gradient_loss | -0.0263   |
|    std                  | 1.83      |
|    value_loss           | 0.418     |
---------------------------------------
-----------------------------------------
| rollout/                |             |
|    ep_len_mean          | 168         |
|    ep_rew_mean          | -37.4       |
|    success_rate         | 0           |
| time/                   |             |
|    fps                  | 582         |
|    iterations           | 322         |
|    time_elapsed         | 1131        |
|    total_timesteps      | 659456      |
| train/                  |             |
|    approx_kl            | 0.016608458 |
|    clip_fraction        | 0.161       |
|    clip_range           | 0.2         |
|    entropy_loss         | -15.7       |
|    explained_variance   | 0.954       |
|    learning_rate        | 0.0003      |
|    loss                 | 0.132       |
|    n_updates            | 3210        |
|    policy_gradient_loss | -0.022      |
|    std                  | 1.83        |
|    value_loss           | 0.971       |
-----------------------------------------
Eval num_timesteps=660000, episode_reward=-36.64 +/- 12.93
Episode length: 201.60 +/- 87.22
Success rate: 0.00%
-----------------------------------------
| eval/                   |             |
|    mean_ep_length       | 202         |
|    mean_reward          | -36.6       |
|    success_rate         | 0           |
| time/                   |             |
|    total_timesteps      | 660000      |
| train/                  |             |
|    approx_kl            | 0.019027492 |
|    clip_fraction        | 0.219       |
|    clip_range           | 0.2         |
|    entropy_loss         | -15.7       |
|    explained_variance   | 0.958       |
|    learning_rate        | 0.0003      |
|    loss                 | 0.0226      |
|    n_updates            | 3220        |
|    policy_gradient_loss | -0.0274     |
|    std                  | 1.83        |
|    value_loss           | 0.657       |
-----------------------------------------
---------------------------------
| rollout/           |          |
|    ep_len_mean     | 173      |
|    ep_rew_mean     | -38.6    |
|    success_rate    | 0        |
| time/              |          |
|    fps             | 581      |
|    iterations      | 323      |
|    time_elapsed    | 1138     |
|    total_timesteps | 661504   |
---------------------------------
-----------------------------------------
| rollout/                |             |
|    ep_len_mean          | 162         |
|    ep_rew_mean          | -37.8       |
|    success_rate         | 0           |
| time/                   |             |
|    fps                  | 581         |
|    iterations           | 324         |
|    time_elapsed         | 1141        |
|    total_timesteps      | 663552      |
| train/                  |             |
|    approx_kl            | 0.018383909 |
|    clip_fraction        | 0.17        |
|    clip_range           | 0.2         |
|    entropy_loss         | -15.8       |
|    explained_variance   | 0.973       |
|    learning_rate        | 0.0003      |
|    loss                 | 0.00154     |
|    n_updates            | 3230        |
|    policy_gradient_loss | -0.0138     |
|    std                  | 1.84        |
|    value_loss           | 0.773       |
-----------------------------------------
-----------------------------------------
| rollout/                |             |
|    ep_len_mean          | 160         |
|    ep_rew_mean          | -37.1       |
|    success_rate         | 0           |
| time/                   |             |
|    fps                  | 581         |
|    iterations           | 325         |
|    time_elapsed         | 1144        |
|    total_timesteps      | 665600      |
| train/                  |             |
|    approx_kl            | 0.014187388 |
|    clip_fraction        | 0.195       |
|    clip_range           | 0.2         |
|    entropy_loss         | -15.8       |
|    explained_variance   | 0.979       |
|    learning_rate        | 0.0003      |
|    loss                 | 0.107       |
|    n_updates            | 3240        |
|    policy_gradient_loss | -0.0254     |
|    std                  | 1.84        |
|    value_loss           | 0.532       |
-----------------------------------------
----------------------------------------
| rollout/                |            |
|    ep_len_mean          | 160        |
|    ep_rew_mean          | -37.8      |
|    success_rate         | 0          |
| time/                   |            |
|    fps                  | 582        |
|    iterations           | 326        |
|    time_elapsed         | 1146       |
|    total_timesteps      | 667648     |
| train/                  |            |
|    approx_kl            | 0.01609416 |
|    clip_fraction        | 0.153      |
|    clip_range           | 0.2        |
|    entropy_loss         | -15.8      |
|    explained_variance   | 0.956      |
|    learning_rate        | 0.0003     |
|    loss                 | 0.459      |
|    n_updates            | 3250       |
|    policy_gradient_loss | -0.0268    |
|    std                  | 1.85       |
|    value_loss           | 1.15       |
----------------------------------------
-----------------------------------------
| rollout/                |             |
|    ep_len_mean          | 155         |
|    ep_rew_mean          | -38.6       |
|    success_rate         | 0           |
| time/                   |             |
|    fps                  | 582         |
|    iterations           | 327         |
|    time_elapsed         | 1149        |
|    total_timesteps      | 669696      |
| train/                  |             |
|    approx_kl            | 0.015476184 |
|    clip_fraction        | 0.156       |
|    clip_range           | 0.2         |
|    entropy_loss         | -15.8       |
|    explained_variance   | 0.968       |
|    learning_rate        | 0.0003      |
|    loss                 | 0.757       |
|    n_updates            | 3260        |
|    policy_gradient_loss | -0.0233     |
|    std                  | 1.86        |
|    value_loss           | 1.13        |
-----------------------------------------
Eval num_timesteps=670000, episode_reward=-41.47 +/- 15.97
Episode length: 246.85 +/- 69.97
Success rate: 0.00%
------------------------------------------
| eval/                   |              |
|    mean_ep_length       | 247          |
|    mean_reward          | -41.5        |
|    success_rate         | 0            |
| time/                   |              |
|    total_timesteps      | 670000       |
| train/                  |              |
|    approx_kl            | 0.0119792335 |
|    clip_fraction        | 0.13         |
|    clip_range           | 0.2          |
|    entropy_loss         | -15.8        |
|    explained_variance   | 0.97         |
|    learning_rate        | 0.0003       |
|    loss                 | 0.0702       |
|    n_updates            | 3270         |
|    policy_gradient_loss | -0.0202      |
|    std                  | 1.87         |
|    value_loss           | 1.1          |
------------------------------------------
---------------------------------
| rollout/           |          |
|    ep_len_mean     | 152      |
|    ep_rew_mean     | -38.5    |
|    success_rate    | 0        |
| time/              |          |
|    fps             | 580      |
|    iterations      | 328      |
|    time_elapsed    | 1157     |
|    total_timesteps | 671744   |
---------------------------------
-----------------------------------------
| rollout/                |             |
|    ep_len_mean          | 153         |
|    ep_rew_mean          | -39.3       |
|    success_rate         | 0           |
| time/                   |             |
|    fps                  | 581         |
|    iterations           | 329         |
|    time_elapsed         | 1159        |
|    total_timesteps      | 673792      |
| train/                  |             |
|    approx_kl            | 0.017916143 |
|    clip_fraction        | 0.221       |
|    clip_range           | 0.2         |
|    entropy_loss         | -15.9       |
|    explained_variance   | 0.965       |
|    learning_rate        | 0.0003      |
|    loss                 | 0.0908      |
|    n_updates            | 3280        |
|    policy_gradient_loss | -0.0293     |
|    std                  | 1.87        |
|    value_loss           | 0.688       |
-----------------------------------------
-----------------------------------------
| rollout/                |             |
|    ep_len_mean          | 146         |
|    ep_rew_mean          | -39.7       |
|    success_rate         | 0           |
| time/                   |             |
|    fps                  | 581         |
|    iterations           | 330         |
|    time_elapsed         | 1162        |
|    total_timesteps      | 675840      |
| train/                  |             |
|    approx_kl            | 0.012491193 |
|    clip_fraction        | 0.121       |
|    clip_range           | 0.2         |
|    entropy_loss         | -15.9       |
|    explained_variance   | 0.966       |
|    learning_rate        | 0.0003      |
|    loss                 | 0.15        |
|    n_updates            | 3290        |
|    policy_gradient_loss | -0.017      |
|    std                  | 1.87        |
|    value_loss           | 1.77        |
-----------------------------------------
---------------------------------------
| rollout/                |           |
|    ep_len_mean          | 147       |
|    ep_rew_mean          | -40       |
|    success_rate         | 0         |
| time/                   |           |
|    fps                  | 581       |
|    iterations           | 331       |
|    time_elapsed         | 1165      |
|    total_timesteps      | 677888    |
| train/                  |           |
|    approx_kl            | 0.0125104 |
|    clip_fraction        | 0.123     |
|    clip_range           | 0.2       |
|    entropy_loss         | -15.9     |
|    explained_variance   | 0.957     |
|    learning_rate        | 0.0003    |
|    loss                 | 0.692     |
|    n_updates            | 3300      |
|    policy_gradient_loss | -0.0155   |
|    std                  | 1.87      |
|    value_loss           | 2.88      |
---------------------------------------
-----------------------------------------
| rollout/                |             |
|    ep_len_mean          | 154         |
|    ep_rew_mean          | -40.2       |
|    success_rate         | 0           |
| time/                   |             |
|    fps                  | 582         |
|    iterations           | 332         |
|    time_elapsed         | 1167        |
|    total_timesteps      | 679936      |
| train/                  |             |
|    approx_kl            | 0.018943544 |
|    clip_fraction        | 0.182       |
|    clip_range           | 0.2         |
|    entropy_loss         | -15.9       |
|    explained_variance   | 0.954       |
|    learning_rate        | 0.0003      |
|    loss                 | 0.267       |
|    n_updates            | 3310        |
|    policy_gradient_loss | -0.0248     |
|    std                  | 1.86        |
|    value_loss           | 0.946       |
-----------------------------------------
Eval num_timesteps=680000, episode_reward=-47.49 +/- 41.91
Episode length: 251.65 +/- 84.35
Success rate: 0.00%
-----------------------------------------
| eval/                   |             |
|    mean_ep_length       | 252         |
|    mean_reward          | -47.5       |
|    success_rate         | 0           |
| time/                   |             |
|    total_timesteps      | 680000      |
| train/                  |             |
|    approx_kl            | 0.019521464 |
|    clip_fraction        | 0.233       |
|    clip_range           | 0.2         |
|    entropy_loss         | -15.8       |
|    explained_variance   | 0.985       |
|    learning_rate        | 0.0003      |
|    loss                 | -0.0913     |
|    n_updates            | 3320        |
|    policy_gradient_loss | -0.028      |
|    std                  | 1.86        |
|    value_loss           | 0.276       |
-----------------------------------------
---------------------------------
| rollout/           |          |
|    ep_len_mean     | 158      |
|    ep_rew_mean     | -40.6    |
|    success_rate    | 0        |
| time/              |          |
|    fps             | 580      |
|    iterations      | 333      |
|    time_elapsed    | 1174     |
|    total_timesteps | 681984   |
---------------------------------
-----------------------------------------
| rollout/                |             |
|    ep_len_mean          | 162         |
|    ep_rew_mean          | -39.8       |
|    success_rate         | 0           |
| time/                   |             |
|    fps                  | 580         |
|    iterations           | 334         |
|    time_elapsed         | 1177        |
|    total_timesteps      | 684032      |
| train/                  |             |
|    approx_kl            | 0.010635136 |
|    clip_fraction        | 0.114       |
|    clip_range           | 0.2         |
|    entropy_loss         | -15.8       |
|    explained_variance   | 0.915       |
|    learning_rate        | 0.0003      |
|    loss                 | 0.424       |
|    n_updates            | 3330        |
|    policy_gradient_loss | -0.0126     |
|    std                  | 1.87        |
|    value_loss           | 6.34        |
-----------------------------------------
----------------------------------------
| rollout/                |            |
|    ep_len_mean          | 160        |
|    ep_rew_mean          | -38.8      |
|    success_rate         | 0          |
| time/                   |            |
|    fps                  | 581        |
|    iterations           | 335        |
|    time_elapsed         | 1180       |
|    total_timesteps      | 686080     |
| train/                  |            |
|    approx_kl            | 0.02031029 |
|    clip_fraction        | 0.219      |
|    clip_range           | 0.2        |
|    entropy_loss         | -15.8      |
|    explained_variance   | 0.98       |
|    learning_rate        | 0.0003     |
|    loss                 | 0.0473     |
|    n_updates            | 3340       |
|    policy_gradient_loss | -0.0279    |
|    std                  | 1.86       |
|    value_loss           | 0.398      |
----------------------------------------
---------------------------------------
| rollout/                |           |
|    ep_len_mean          | 158       |
|    ep_rew_mean          | -39.6     |
|    success_rate         | 0         |
| time/                   |           |
|    fps                  | 581       |
|    iterations           | 336       |
|    time_elapsed         | 1183      |
|    total_timesteps      | 688128    |
| train/                  |           |
|    approx_kl            | 0.0163723 |
|    clip_fraction        | 0.188     |
|    clip_range           | 0.2       |
|    entropy_loss         | -15.8     |
|    explained_variance   | 0.966     |
|    learning_rate        | 0.0003    |
|    loss                 | 0.0311    |
|    n_updates            | 3350      |
|    policy_gradient_loss | -0.0272   |
|    std                  | 1.85      |
|    value_loss           | 0.604     |
---------------------------------------
Eval num_timesteps=690000, episode_reward=-44.03 +/- 26.99
Episode length: 264.70 +/- 71.66
Success rate: 0.00%
-----------------------------------------
| eval/                   |             |
|    mean_ep_length       | 265         |
|    mean_reward          | -44         |
|    success_rate         | 0           |
| time/                   |             |
|    total_timesteps      | 690000      |
| train/                  |             |
|    approx_kl            | 0.016124804 |
|    clip_fraction        | 0.151       |
|    clip_range           | 0.2         |
|    entropy_loss         | -15.8       |
|    explained_variance   | 0.981       |
|    learning_rate        | 0.0003      |
|    loss                 | 0.129       |
|    n_updates            | 3360        |
|    policy_gradient_loss | -0.0191     |
|    std                  | 1.86        |
|    value_loss           | 1.74        |
-----------------------------------------
---------------------------------
| rollout/           |          |
|    ep_len_mean     | 156      |
|    ep_rew_mean     | -36.1    |
|    success_rate    | 0        |
| time/              |          |
|    fps             | 579      |
|    iterations      | 337      |
|    time_elapsed    | 1190     |
|    total_timesteps | 690176   |
---------------------------------
----------------------------------------
| rollout/                |            |
|    ep_len_mean          | 152        |
|    ep_rew_mean          | -35.8      |
|    success_rate         | 0          |
| time/                   |            |
|    fps                  | 579        |
|    iterations           | 338        |
|    time_elapsed         | 1193       |
|    total_timesteps      | 692224     |
| train/                  |            |
|    approx_kl            | 0.01646341 |
|    clip_fraction        | 0.207      |
|    clip_range           | 0.2        |
|    entropy_loss         | -15.9      |
|    explained_variance   | 0.967      |
|    learning_rate        | 0.0003     |
|    loss                 | -0.0576    |
|    n_updates            | 3370       |
|    policy_gradient_loss | -0.0246    |
|    std                  | 1.86       |
|    value_loss           | 0.459      |
----------------------------------------
-----------------------------------------
| rollout/                |             |
|    ep_len_mean          | 153         |
|    ep_rew_mean          | -37.4       |
|    success_rate         | 0           |
| time/                   |             |
|    fps                  | 580         |
|    iterations           | 339         |
|    time_elapsed         | 1196        |
|    total_timesteps      | 694272      |
| train/                  |             |
|    approx_kl            | 0.011931097 |
|    clip_fraction        | 0.119       |
|    clip_range           | 0.2         |
|    entropy_loss         | -15.9       |
|    explained_variance   | 0.916       |
|    learning_rate        | 0.0003      |
|    loss                 | 1.26        |
|    n_updates            | 3380        |
|    policy_gradient_loss | -0.0153     |
|    std                  | 1.87        |
|    value_loss           | 5.39        |
-----------------------------------------
----------------------------------------
| rollout/                |            |
|    ep_len_mean          | 144        |
|    ep_rew_mean          | -36.2      |
|    success_rate         | 0          |
| time/                   |            |
|    fps                  | 580        |
|    iterations           | 340        |
|    time_elapsed         | 1199       |
|    total_timesteps      | 696320     |
| train/                  |            |
|    approx_kl            | 0.01734564 |
|    clip_fraction        | 0.178      |
|    clip_range           | 0.2        |
|    entropy_loss         | -15.9      |
|    explained_variance   | 0.995      |
|    learning_rate        | 0.0003     |
|    loss                 | -0.0682    |
|    n_updates            | 3390       |
|    policy_gradient_loss | -0.025     |
|    std                  | 1.87       |
|    value_loss           | 0.473      |
----------------------------------------
-----------------------------------------
| rollout/                |             |
|    ep_len_mean          | 145         |
|    ep_rew_mean          | -36.5       |
|    success_rate         | 0           |
| time/                   |             |
|    fps                  | 581         |
|    iterations           | 341         |
|    time_elapsed         | 1201        |
|    total_timesteps      | 698368      |
| train/                  |             |
|    approx_kl            | 0.019457098 |
|    clip_fraction        | 0.195       |
|    clip_range           | 0.2         |
|    entropy_loss         | -15.9       |
|    explained_variance   | 0.985       |
|    learning_rate        | 0.0003      |
|    loss                 | 0.00949     |
|    n_updates            | 3400        |
|    policy_gradient_loss | -0.0274     |
|    std                  | 1.87        |
|    value_loss           | 0.389       |
-----------------------------------------
Eval num_timesteps=700000, episode_reward=-38.20 +/- 7.04
Episode length: 246.50 +/- 82.87
Success rate: 0.00%
-----------------------------------------
| eval/                   |             |
|    mean_ep_length       | 246         |
|    mean_reward          | -38.2       |
|    success_rate         | 0           |
| time/                   |             |
|    total_timesteps      | 700000      |
| train/                  |             |
|    approx_kl            | 0.013103361 |
|    clip_fraction        | 0.123       |
|    clip_range           | 0.2         |
|    entropy_loss         | -15.9       |
|    explained_variance   | 0.895       |
|    learning_rate        | 0.0003      |
|    loss                 | 0.0131      |
|    n_updates            | 3410        |
|    policy_gradient_loss | -0.0161     |
|    std                  | 1.87        |
|    value_loss           | 2.23        |
-----------------------------------------
---------------------------------
| rollout/           |          |
|    ep_len_mean     | 151      |
|    ep_rew_mean     | -37.4    |
|    success_rate    | 0        |
| time/              |          |
|    fps             | 579      |
|    iterations      | 342      |
|    time_elapsed    | 1209     |
|    total_timesteps | 700416   |
---------------------------------
-----------------------------------------
| rollout/                |             |
|    ep_len_mean          | 152         |
|    ep_rew_mean          | -38.8       |
|    success_rate         | 0           |
| time/                   |             |
|    fps                  | 579         |
|    iterations           | 343         |
|    time_elapsed         | 1211        |
|    total_timesteps      | 702464      |
| train/                  |             |
|    approx_kl            | 0.014755045 |
|    clip_fraction        | 0.132       |
|    clip_range           | 0.2         |
|    entropy_loss         | -15.9       |
|    explained_variance   | 0.961       |
|    learning_rate        | 0.0003      |
|    loss                 | 0.683       |
|    n_updates            | 3420        |
|    policy_gradient_loss | -0.0195     |
|    std                  | 1.88        |
|    value_loss           | 2.66        |
-----------------------------------------
-----------------------------------------
| rollout/                |             |
|    ep_len_mean          | 157         |
|    ep_rew_mean          | -39.5       |
|    success_rate         | 0           |
| time/                   |             |
|    fps                  | 579         |
|    iterations           | 344         |
|    time_elapsed         | 1214        |
|    total_timesteps      | 704512      |
| train/                  |             |
|    approx_kl            | 0.016145034 |
|    clip_fraction        | 0.156       |
|    clip_range           | 0.2         |
|    entropy_loss         | -16         |
|    explained_variance   | 0.872       |
|    learning_rate        | 0.0003      |
|    loss                 | 0.167       |
|    n_updates            | 3430        |
|    policy_gradient_loss | -0.0223     |
|    std                  | 1.89        |
|    value_loss           | 2.34        |
-----------------------------------------
-----------------------------------------
| rollout/                |             |
|    ep_len_mean          | 163         |
|    ep_rew_mean          | -39.9       |
|    success_rate         | 0           |
| time/                   |             |
|    fps                  | 580         |
|    iterations           | 345         |
|    time_elapsed         | 1217        |
|    total_timesteps      | 706560      |
| train/                  |             |
|    approx_kl            | 0.018297818 |
|    clip_fraction        | 0.193       |
|    clip_range           | 0.2         |
|    entropy_loss         | -16         |
|    explained_variance   | 0.933       |
|    learning_rate        | 0.0003      |
|    loss                 | -0.000753   |
|    n_updates            | 3440        |
|    policy_gradient_loss | -0.0235     |
|    std                  | 1.89        |
|    value_loss           | 0.975       |
-----------------------------------------
-----------------------------------------
| rollout/                |             |
|    ep_len_mean          | 164         |
|    ep_rew_mean          | -40         |
|    success_rate         | 0           |
| time/                   |             |
|    fps                  | 580         |
|    iterations           | 346         |
|    time_elapsed         | 1219        |
|    total_timesteps      | 708608      |
| train/                  |             |
|    approx_kl            | 0.018702505 |
|    clip_fraction        | 0.198       |
|    clip_range           | 0.2         |
|    entropy_loss         | -16         |
|    explained_variance   | 0.941       |
|    learning_rate        | 0.0003      |
|    loss                 | 0.0819      |
|    n_updates            | 3450        |
|    policy_gradient_loss | -0.0246     |
|    std                  | 1.88        |
|    value_loss           | 1.18        |
-----------------------------------------
Eval num_timesteps=710000, episode_reward=-40.03 +/- 5.40
Episode length: 281.15 +/- 45.67
Success rate: 0.00%
----------------------------------------
| eval/                   |            |
|    mean_ep_length       | 281        |
|    mean_reward          | -40        |
|    success_rate         | 0          |
| time/                   |            |
|    total_timesteps      | 710000     |
| train/                  |            |
|    approx_kl            | 0.02017208 |
|    clip_fraction        | 0.255      |
|    clip_range           | 0.2        |
|    entropy_loss         | -15.9      |
|    explained_variance   | 0.986      |
|    learning_rate        | 0.0003     |
|    loss                 | -0.0349    |
|    n_updates            | 3460       |
|    policy_gradient_loss | -0.029     |
|    std                  | 1.88       |
|    value_loss           | 0.375      |
----------------------------------------
---------------------------------
| rollout/           |          |
|    ep_len_mean     | 161      |
|    ep_rew_mean     | -38.6    |
|    success_rate    | 0        |
| time/              |          |
|    fps             | 578      |
|    iterations      | 347      |
|    time_elapsed    | 1227     |
|    total_timesteps | 710656   |
---------------------------------
-----------------------------------------
| rollout/                |             |
|    ep_len_mean          | 158         |
|    ep_rew_mean          | -38.4       |
|    success_rate         | 0           |
| time/                   |             |
|    fps                  | 579         |
|    iterations           | 348         |
|    time_elapsed         | 1230        |
|    total_timesteps      | 712704      |
| train/                  |             |
|    approx_kl            | 0.020141989 |
|    clip_fraction        | 0.202       |
|    clip_range           | 0.2         |
|    entropy_loss         | -16         |
|    explained_variance   | 0.961       |
|    learning_rate        | 0.0003      |
|    loss                 | -0.0874     |
|    n_updates            | 3470        |
|    policy_gradient_loss | -0.0242     |
|    std                  | 1.89        |
|    value_loss           | 0.605       |
-----------------------------------------
-----------------------------------------
| rollout/                |             |
|    ep_len_mean          | 158         |
|    ep_rew_mean          | -40.7       |
|    success_rate         | 0           |
| time/                   |             |
|    fps                  | 579         |
|    iterations           | 349         |
|    time_elapsed         | 1232        |
|    total_timesteps      | 714752      |
| train/                  |             |
|    approx_kl            | 0.017698705 |
|    clip_fraction        | 0.211       |
|    clip_range           | 0.2         |
|    entropy_loss         | -16         |
|    explained_variance   | 0.989       |
|    learning_rate        | 0.0003      |
|    loss                 | -0.15       |
|    n_updates            | 3480        |
|    policy_gradient_loss | -0.0254     |
|    std                  | 1.9         |
|    value_loss           | 0.306       |
-----------------------------------------
-----------------------------------------
| rollout/                |             |
|    ep_len_mean          | 158         |
|    ep_rew_mean          | -40.1       |
|    success_rate         | 0           |
| time/                   |             |
|    fps                  | 580         |
|    iterations           | 350         |
|    time_elapsed         | 1235        |
|    total_timesteps      | 716800      |
| train/                  |             |
|    approx_kl            | 0.012121787 |
|    clip_fraction        | 0.112       |
|    clip_range           | 0.2         |
|    entropy_loss         | -16         |
|    explained_variance   | 0.958       |
|    learning_rate        | 0.0003      |
|    loss                 | 0.141       |
|    n_updates            | 3490        |
|    policy_gradient_loss | -0.0169     |
|    std                  | 1.91        |
|    value_loss           | 3.14        |
-----------------------------------------
-----------------------------------------
| rollout/                |             |
|    ep_len_mean          | 147         |
|    ep_rew_mean          | -36.6       |
|    success_rate         | 0           |
| time/                   |             |
|    fps                  | 580         |
|    iterations           | 351         |
|    time_elapsed         | 1238        |
|    total_timesteps      | 718848      |
| train/                  |             |
|    approx_kl            | 0.018188443 |
|    clip_fraction        | 0.224       |
|    clip_range           | 0.2         |
|    entropy_loss         | -16.1       |
|    explained_variance   | 0.973       |
|    learning_rate        | 0.0003      |
|    loss                 | -0.0744     |
|    n_updates            | 3500        |
|    policy_gradient_loss | -0.0238     |
|    std                  | 1.91        |
|    value_loss           | 0.384       |
-----------------------------------------
Eval num_timesteps=720000, episode_reward=-43.04 +/- 7.04
Episode length: 271.55 +/- 69.93
Success rate: 0.00%
-----------------------------------------
| eval/                   |             |
|    mean_ep_length       | 272         |
|    mean_reward          | -43         |
|    success_rate         | 0           |
| time/                   |             |
|    total_timesteps      | 720000      |
| train/                  |             |
|    approx_kl            | 0.016425408 |
|    clip_fraction        | 0.193       |
|    clip_range           | 0.2         |
|    entropy_loss         | -16.1       |
|    explained_variance   | 0.991       |
|    learning_rate        | 0.0003      |
|    loss                 | -0.0922     |
|    n_updates            | 3510        |
|    policy_gradient_loss | -0.0252     |
|    std                  | 1.92        |
|    value_loss           | 0.264       |
-----------------------------------------
---------------------------------
| rollout/           |          |
|    ep_len_mean     | 138      |
|    ep_rew_mean     | -35.9    |
|    success_rate    | 0        |
| time/              |          |
|    fps             | 578      |
|    iterations      | 352      |
|    time_elapsed    | 1245     |
|    total_timesteps | 720896   |
---------------------------------
-----------------------------------------
| rollout/                |             |
|    ep_len_mean          | 141         |
|    ep_rew_mean          | -35.9       |
|    success_rate         | 0           |
| time/                   |             |
|    fps                  | 579         |
|    iterations           | 353         |
|    time_elapsed         | 1247        |
|    total_timesteps      | 722944      |
| train/                  |             |
|    approx_kl            | 0.018438984 |
|    clip_fraction        | 0.188       |
|    clip_range           | 0.2         |
|    entropy_loss         | -16.1       |
|    explained_variance   | 0.986       |
|    learning_rate        | 0.0003      |
|    loss                 | -0.0341     |
|    n_updates            | 3520        |
|    policy_gradient_loss | -0.0263     |
|    std                  | 1.93        |
|    value_loss           | 0.406       |
-----------------------------------------
-----------------------------------------
| rollout/                |             |
|    ep_len_mean          | 143         |
|    ep_rew_mean          | -35.5       |
|    success_rate         | 0           |
| time/                   |             |
|    fps                  | 579         |
|    iterations           | 354         |
|    time_elapsed         | 1250        |
|    total_timesteps      | 724992      |
| train/                  |             |
|    approx_kl            | 0.018394839 |
|    clip_fraction        | 0.196       |
|    clip_range           | 0.2         |
|    entropy_loss         | -16.1       |
|    explained_variance   | 0.983       |
|    learning_rate        | 0.0003      |
|    loss                 | -0.054      |
|    n_updates            | 3530        |
|    policy_gradient_loss | -0.0245     |
|    std                  | 1.93        |
|    value_loss           | 0.273       |
-----------------------------------------
-----------------------------------------
| rollout/                |             |
|    ep_len_mean          | 143         |
|    ep_rew_mean          | -35.6       |
|    success_rate         | 0           |
| time/                   |             |
|    fps                  | 580         |
|    iterations           | 355         |
|    time_elapsed         | 1253        |
|    total_timesteps      | 727040      |
| train/                  |             |
|    approx_kl            | 0.021098668 |
|    clip_fraction        | 0.24        |
|    clip_range           | 0.2         |
|    entropy_loss         | -16.1       |
|    explained_variance   | 0.991       |
|    learning_rate        | 0.0003      |
|    loss                 | -0.176      |
|    n_updates            | 3540        |
|    policy_gradient_loss | -0.0314     |
|    std                  | 1.93        |
|    value_loss           | 0.253       |
-----------------------------------------
-----------------------------------------
| rollout/                |             |
|    ep_len_mean          | 142         |
|    ep_rew_mean          | -33         |
|    success_rate         | 0           |
| time/                   |             |
|    fps                  | 580         |
|    iterations           | 356         |
|    time_elapsed         | 1256        |
|    total_timesteps      | 729088      |
| train/                  |             |
|    approx_kl            | 0.017404232 |
|    clip_fraction        | 0.194       |
|    clip_range           | 0.2         |
|    entropy_loss         | -16.1       |
|    explained_variance   | 0.99        |
|    learning_rate        | 0.0003      |
|    loss                 | -0.114      |
|    n_updates            | 3550        |
|    policy_gradient_loss | -0.0274     |
|    std                  | 1.94        |
|    value_loss           | 0.262       |
-----------------------------------------
Eval num_timesteps=730000, episode_reward=-44.13 +/- 10.42
Episode length: 248.80 +/- 78.36
Success rate: 0.00%
----------------------------------------
| eval/                   |            |
|    mean_ep_length       | 249        |
|    mean_reward          | -44.1      |
|    success_rate         | 0          |
| time/                   |            |
|    total_timesteps      | 730000     |
| train/                  |            |
|    approx_kl            | 0.01952369 |
|    clip_fraction        | 0.199      |
|    clip_range           | 0.2        |
|    entropy_loss         | -16.1      |
|    explained_variance   | 0.981      |
|    learning_rate        | 0.0003     |
|    loss                 | -0.151     |
|    n_updates            | 3560       |
|    policy_gradient_loss | -0.029     |
|    std                  | 1.94       |
|    value_loss           | 0.248      |
----------------------------------------
---------------------------------
| rollout/           |          |
|    ep_len_mean     | 144      |
|    ep_rew_mean     | -33.1    |
|    success_rate    | 0        |
| time/              |          |
|    fps             | 578      |
|    iterations      | 357      |
|    time_elapsed    | 1262     |
|    total_timesteps | 731136   |
---------------------------------
-----------------------------------------
| rollout/                |             |
|    ep_len_mean          | 145         |
|    ep_rew_mean          | -33.1       |
|    success_rate         | 0           |
| time/                   |             |
|    fps                  | 579         |
|    iterations           | 358         |
|    time_elapsed         | 1265        |
|    total_timesteps      | 733184      |
| train/                  |             |
|    approx_kl            | 0.018509392 |
|    clip_fraction        | 0.209       |
|    clip_range           | 0.2         |
|    entropy_loss         | -16.1       |
|    explained_variance   | 0.976       |
|    learning_rate        | 0.0003      |
|    loss                 | -0.0814     |
|    n_updates            | 3570        |
|    policy_gradient_loss | -0.0315     |
|    std                  | 1.94        |
|    value_loss           | 0.321       |
-----------------------------------------
-----------------------------------------
| rollout/                |             |
|    ep_len_mean          | 146         |
|    ep_rew_mean          | -33.4       |
|    success_rate         | 0           |
| time/                   |             |
|    fps                  | 579         |
|    iterations           | 359         |
|    time_elapsed         | 1268        |
|    total_timesteps      | 735232      |
| train/                  |             |
|    approx_kl            | 0.020639034 |
|    clip_fraction        | 0.21        |
|    clip_range           | 0.2         |
|    entropy_loss         | -16.1       |
|    explained_variance   | 0.992       |
|    learning_rate        | 0.0003      |
|    loss                 | -0.154      |
|    n_updates            | 3580        |
|    policy_gradient_loss | -0.0289     |
|    std                  | 1.94        |
|    value_loss           | 0.243       |
-----------------------------------------
-----------------------------------------
| rollout/                |             |
|    ep_len_mean          | 150         |
|    ep_rew_mean          | -33.8       |
|    success_rate         | 0           |
| time/                   |             |
|    fps                  | 580         |
|    iterations           | 360         |
|    time_elapsed         | 1270        |
|    total_timesteps      | 737280      |
| train/                  |             |
|    approx_kl            | 0.014749173 |
|    clip_fraction        | 0.169       |
|    clip_range           | 0.2         |
|    entropy_loss         | -16.1       |
|    explained_variance   | 0.971       |
|    learning_rate        | 0.0003      |
|    loss                 | -0.0242     |
|    n_updates            | 3590        |
|    policy_gradient_loss | -0.0283     |
|    std                  | 1.94        |
|    value_loss           | 0.536       |
-----------------------------------------
-----------------------------------------
| rollout/                |             |
|    ep_len_mean          | 153         |
|    ep_rew_mean          | -34.2       |
|    success_rate         | 0           |
| time/                   |             |
|    fps                  | 580         |
|    iterations           | 361         |
|    time_elapsed         | 1273        |
|    total_timesteps      | 739328      |
| train/                  |             |
|    approx_kl            | 0.021190938 |
|    clip_fraction        | 0.238       |
|    clip_range           | 0.2         |
|    entropy_loss         | -16.2       |
|    explained_variance   | 0.985       |
|    learning_rate        | 0.0003      |
|    loss                 | -0.156      |
|    n_updates            | 3600        |
|    policy_gradient_loss | -0.0336     |
|    std                  | 1.95        |
|    value_loss           | 0.19        |
-----------------------------------------
Eval num_timesteps=740000, episode_reward=-53.00 +/- 5.29
Episode length: 291.00 +/- 39.23
Success rate: 0.00%
-----------------------------------------
| eval/                   |             |
|    mean_ep_length       | 291         |
|    mean_reward          | -53         |
|    success_rate         | 0           |
| time/                   |             |
|    total_timesteps      | 740000      |
| train/                  |             |
|    approx_kl            | 0.013333689 |
|    clip_fraction        | 0.148       |
|    clip_range           | 0.2         |
|    entropy_loss         | -16.2       |
|    explained_variance   | 0.95        |
|    learning_rate        | 0.0003      |
|    loss                 | -0.0832     |
|    n_updates            | 3610        |
|    policy_gradient_loss | -0.0224     |
|    std                  | 1.96        |
|    value_loss           | 0.566       |
-----------------------------------------
---------------------------------
| rollout/           |          |
|    ep_len_mean     | 154      |
|    ep_rew_mean     | -34.5    |
|    success_rate    | 0        |
| time/              |          |
|    fps             | 578      |
|    iterations      | 362      |
|    time_elapsed    | 1281     |
|    total_timesteps | 741376   |
---------------------------------
-----------------------------------------
| rollout/                |             |
|    ep_len_mean          | 147         |
|    ep_rew_mean          | -34.2       |
|    success_rate         | 0           |
| time/                   |             |
|    fps                  | 579         |
|    iterations           | 363         |
|    time_elapsed         | 1283        |
|    total_timesteps      | 743424      |
| train/                  |             |
|    approx_kl            | 0.017544508 |
|    clip_fraction        | 0.183       |
|    clip_range           | 0.2         |
|    entropy_loss         | -16.3       |
|    explained_variance   | 0.984       |
|    learning_rate        | 0.0003      |
|    loss                 | -0.0128     |
|    n_updates            | 3620        |
|    policy_gradient_loss | -0.0288     |
|    std                  | 1.98        |
|    value_loss           | 0.331       |
-----------------------------------------
----------------------------------------
| rollout/                |            |
|    ep_len_mean          | 142        |
|    ep_rew_mean          | -35.1      |
|    success_rate         | 0          |
| time/                   |            |
|    fps                  | 579        |
|    iterations           | 364        |
|    time_elapsed         | 1286       |
|    total_timesteps      | 745472     |
| train/                  |            |
|    approx_kl            | 0.01457962 |
|    clip_fraction        | 0.148      |
|    clip_range           | 0.2        |
|    entropy_loss         | -16.3      |
|    explained_variance   | 0.931      |
|    learning_rate        | 0.0003     |
|    loss                 | -0.00581   |
|    n_updates            | 3630       |
|    policy_gradient_loss | -0.0247    |
|    std                  | 1.99       |
|    value_loss           | 0.796      |
----------------------------------------
-----------------------------------------
| rollout/                |             |
|    ep_len_mean          | 150         |
|    ep_rew_mean          | -35.6       |
|    success_rate         | 0           |
| time/                   |             |
|    fps                  | 580         |
|    iterations           | 365         |
|    time_elapsed         | 1288        |
|    total_timesteps      | 747520      |
| train/                  |             |
|    approx_kl            | 0.015018206 |
|    clip_fraction        | 0.192       |
|    clip_range           | 0.2         |
|    entropy_loss         | -16.3       |
|    explained_variance   | 0.969       |
|    learning_rate        | 0.0003      |
|    loss                 | -0.0354     |
|    n_updates            | 3640        |
|    policy_gradient_loss | -0.0269     |
|    std                  | 1.99        |
|    value_loss           | 0.561       |
-----------------------------------------
----------------------------------------
| rollout/                |            |
|    ep_len_mean          | 154        |
|    ep_rew_mean          | -35.8      |
|    success_rate         | 0          |
| time/                   |            |
|    fps                  | 580        |
|    iterations           | 366        |
|    time_elapsed         | 1291       |
|    total_timesteps      | 749568     |
| train/                  |            |
|    approx_kl            | 0.01810475 |
|    clip_fraction        | 0.21       |
|    clip_range           | 0.2        |
|    entropy_loss         | -16.3      |
|    explained_variance   | 0.974      |
|    learning_rate        | 0.0003     |
|    loss                 | -0.118     |
|    n_updates            | 3650       |
|    policy_gradient_loss | -0.029     |
|    std                  | 1.99       |
|    value_loss           | 0.341      |
----------------------------------------
Eval num_timesteps=750000, episode_reward=-44.88 +/- 9.52
Episode length: 267.05 +/- 78.45
Success rate: 0.00%
----------------------------------------
| eval/                   |            |
|    mean_ep_length       | 267        |
|    mean_reward          | -44.9      |
|    success_rate         | 0          |
| time/                   |            |
|    total_timesteps      | 750000     |
| train/                  |            |
|    approx_kl            | 0.01837474 |
|    clip_fraction        | 0.197      |
|    clip_range           | 0.2        |
|    entropy_loss         | -16.3      |
|    explained_variance   | 0.986      |
|    learning_rate        | 0.0003     |
|    loss                 | -0.00611   |
|    n_updates            | 3660       |
|    policy_gradient_loss | -0.0292    |
|    std                  | 1.99       |
|    value_loss           | 0.304      |
----------------------------------------
---------------------------------
| rollout/           |          |
|    ep_len_mean     | 150      |
|    ep_rew_mean     | -35.3    |
|    success_rate    | 0        |
| time/              |          |
|    fps             | 578      |
|    iterations      | 367      |
|    time_elapsed    | 1298     |
|    total_timesteps | 751616   |
---------------------------------
----------------------------------------
| rollout/                |            |
|    ep_len_mean          | 147        |
|    ep_rew_mean          | -34.8      |
|    success_rate         | 0          |
| time/                   |            |
|    fps                  | 579        |
|    iterations           | 368        |
|    time_elapsed         | 1301       |
|    total_timesteps      | 753664     |
| train/                  |            |
|    approx_kl            | 0.01600945 |
|    clip_fraction        | 0.19       |
|    clip_range           | 0.2        |
|    entropy_loss         | -16.3      |
|    explained_variance   | 0.985      |
|    learning_rate        | 0.0003     |
|    loss                 | -0.0988    |
|    n_updates            | 3670       |
|    policy_gradient_loss | -0.0283    |
|    std                  | 1.99       |
|    value_loss           | 0.295      |
----------------------------------------
-----------------------------------------
| rollout/                |             |
|    ep_len_mean          | 151         |
|    ep_rew_mean          | -35.2       |
|    success_rate         | 0           |
| time/                   |             |
|    fps                  | 579         |
|    iterations           | 369         |
|    time_elapsed         | 1304        |
|    total_timesteps      | 755712      |
| train/                  |             |
|    approx_kl            | 0.021624504 |
|    clip_fraction        | 0.227       |
|    clip_range           | 0.2         |
|    entropy_loss         | -16.3       |
|    explained_variance   | 0.991       |
|    learning_rate        | 0.0003      |
|    loss                 | -0.0576     |
|    n_updates            | 3680        |
|    policy_gradient_loss | -0.0331     |
|    std                  | 2           |
|    value_loss           | 0.248       |
-----------------------------------------
-----------------------------------------
| rollout/                |             |
|    ep_len_mean          | 156         |
|    ep_rew_mean          | -35.5       |
|    success_rate         | 0           |
| time/                   |             |
|    fps                  | 579         |
|    iterations           | 370         |
|    time_elapsed         | 1306        |
|    total_timesteps      | 757760      |
| train/                  |             |
|    approx_kl            | 0.014431258 |
|    clip_fraction        | 0.149       |
|    clip_range           | 0.2         |
|    entropy_loss         | -16.4       |
|    explained_variance   | 0.903       |
|    learning_rate        | 0.0003      |
|    loss                 | -0.0563     |
|    n_updates            | 3690        |
|    policy_gradient_loss | -0.0211     |
|    std                  | 2.01        |
|    value_loss           | 0.65        |
-----------------------------------------
-----------------------------------------
| rollout/                |             |
|    ep_len_mean          | 155         |
|    ep_rew_mean          | -34.1       |
|    success_rate         | 0           |
| time/                   |             |
|    fps                  | 580         |
|    iterations           | 371         |
|    time_elapsed         | 1309        |
|    total_timesteps      | 759808      |
| train/                  |             |
|    approx_kl            | 0.015688037 |
|    clip_fraction        | 0.198       |
|    clip_range           | 0.2         |
|    entropy_loss         | -16.4       |
|    explained_variance   | 0.981       |
|    learning_rate        | 0.0003      |
|    loss                 | 0.0682      |
|    n_updates            | 3700        |
|    policy_gradient_loss | -0.029      |
|    std                  | 2.01        |
|    value_loss           | 0.356       |
-----------------------------------------
Eval num_timesteps=760000, episode_reward=-34.22 +/- 3.35
Episode length: 204.30 +/- 82.18
Success rate: 0.00%
-----------------------------------------
| eval/                   |             |
|    mean_ep_length       | 204         |
|    mean_reward          | -34.2       |
|    success_rate         | 0           |
| time/                   |             |
|    total_timesteps      | 760000      |
| train/                  |             |
|    approx_kl            | 0.018250097 |
|    clip_fraction        | 0.194       |
|    clip_range           | 0.2         |
|    entropy_loss         | -16.4       |
|    explained_variance   | 0.988       |
|    learning_rate        | 0.0003      |
|    loss                 | -0.122      |
|    n_updates            | 3710        |
|    policy_gradient_loss | -0.0328     |
|    std                  | 2.02        |
|    value_loss           | 0.26        |
-----------------------------------------
New best mean reward!
---------------------------------
| rollout/           |          |
|    ep_len_mean     | 154      |
|    ep_rew_mean     | -34.2    |
|    success_rate    | 0        |
| time/              |          |
|    fps             | 578      |
|    iterations      | 372      |
|    time_elapsed    | 1316     |
|    total_timesteps | 761856   |
---------------------------------
-----------------------------------------
| rollout/                |             |
|    ep_len_mean          | 152         |
|    ep_rew_mean          | -34.1       |
|    success_rate         | 0           |
| time/                   |             |
|    fps                  | 579         |
|    iterations           | 373         |
|    time_elapsed         | 1318        |
|    total_timesteps      | 763904      |
| train/                  |             |
|    approx_kl            | 0.016969062 |
|    clip_fraction        | 0.18        |
|    clip_range           | 0.2         |
|    entropy_loss         | -16.4       |
|    explained_variance   | 0.977       |
|    learning_rate        | 0.0003      |
|    loss                 | -0.0195     |
|    n_updates            | 3720        |
|    policy_gradient_loss | -0.0293     |
|    std                  | 2.03        |
|    value_loss           | 0.507       |
-----------------------------------------
-----------------------------------------
| rollout/                |             |
|    ep_len_mean          | 152         |
|    ep_rew_mean          | -34.1       |
|    success_rate         | 0           |
| time/                   |             |
|    fps                  | 579         |
|    iterations           | 374         |
|    time_elapsed         | 1321        |
|    total_timesteps      | 765952      |
| train/                  |             |
|    approx_kl            | 0.018359903 |
|    clip_fraction        | 0.191       |
|    clip_range           | 0.2         |
|    entropy_loss         | -16.5       |
|    explained_variance   | 0.967       |
|    learning_rate        | 0.0003      |
|    loss                 | -0.075      |
|    n_updates            | 3730        |
|    policy_gradient_loss | -0.0296     |
|    std                  | 2.04        |
|    value_loss           | 0.305       |
-----------------------------------------
-----------------------------------------
| rollout/                |             |
|    ep_len_mean          | 143         |
|    ep_rew_mean          | -33.8       |
|    success_rate         | 0           |
| time/                   |             |
|    fps                  | 579         |
|    iterations           | 375         |
|    time_elapsed         | 1324        |
|    total_timesteps      | 768000      |
| train/                  |             |
|    approx_kl            | 0.017154504 |
|    clip_fraction        | 0.175       |
|    clip_range           | 0.2         |
|    entropy_loss         | -16.5       |
|    explained_variance   | 0.977       |
|    learning_rate        | 0.0003      |
|    loss                 | -0.145      |
|    n_updates            | 3740        |
|    policy_gradient_loss | -0.0288     |
|    std                  | 2.03        |
|    value_loss           | 0.374       |
-----------------------------------------
Eval num_timesteps=770000, episode_reward=-34.99 +/- 4.19
Episode length: 184.40 +/- 69.66
Success rate: 0.00%
-----------------------------------------
| eval/                   |             |
|    mean_ep_length       | 184         |
|    mean_reward          | -35         |
|    success_rate         | 0           |
| time/                   |             |
|    total_timesteps      | 770000      |
| train/                  |             |
|    approx_kl            | 0.015830249 |
|    clip_fraction        | 0.188       |
|    clip_range           | 0.2         |
|    entropy_loss         | -16.5       |
|    explained_variance   | 0.992       |
|    learning_rate        | 0.0003      |
|    loss                 | -0.0681     |
|    n_updates            | 3750        |
|    policy_gradient_loss | -0.0274     |
|    std                  | 2.05        |
|    value_loss           | 0.304       |
-----------------------------------------
---------------------------------
| rollout/           |          |
|    ep_len_mean     | 134      |
|    ep_rew_mean     | -33.6    |
|    success_rate    | 0        |
| time/              |          |
|    fps             | 578      |
|    iterations      | 376      |
|    time_elapsed    | 1331     |
|    total_timesteps | 770048   |
---------------------------------
-----------------------------------------
| rollout/                |             |
|    ep_len_mean          | 135         |
|    ep_rew_mean          | -33.6       |
|    success_rate         | 0           |
| time/                   |             |
|    fps                  | 578         |
|    iterations           | 377         |
|    time_elapsed         | 1333        |
|    total_timesteps      | 772096      |
| train/                  |             |
|    approx_kl            | 0.013868654 |
|    clip_fraction        | 0.143       |
|    clip_range           | 0.2         |
|    entropy_loss         | -16.6       |
|    explained_variance   | 0.948       |
|    learning_rate        | 0.0003      |
|    loss                 | 0.271       |
|    n_updates            | 3760        |
|    policy_gradient_loss | -0.0204     |
|    std                  | 2.06        |
|    value_loss           | 0.884       |
-----------------------------------------
-----------------------------------------
| rollout/                |             |
|    ep_len_mean          | 134         |
|    ep_rew_mean          | -33.9       |
|    success_rate         | 0           |
| time/                   |             |
|    fps                  | 579         |
|    iterations           | 378         |
|    time_elapsed         | 1336        |
|    total_timesteps      | 774144      |
| train/                  |             |
|    approx_kl            | 0.018428855 |
|    clip_fraction        | 0.178       |
|    clip_range           | 0.2         |
|    entropy_loss         | -16.6       |
|    explained_variance   | 0.958       |
|    learning_rate        | 0.0003      |
|    loss                 | 3.75e-05    |
|    n_updates            | 3770        |
|    policy_gradient_loss | -0.0261     |
|    std                  | 2.07        |
|    value_loss           | 0.573       |
-----------------------------------------
-----------------------------------------
| rollout/                |             |
|    ep_len_mean          | 123         |
|    ep_rew_mean          | -33.3       |
|    success_rate         | 0           |
| time/                   |             |
|    fps                  | 579         |
|    iterations           | 379         |
|    time_elapsed         | 1339        |
|    total_timesteps      | 776192      |
| train/                  |             |
|    approx_kl            | 0.019632434 |
|    clip_fraction        | 0.187       |
|    clip_range           | 0.2         |
|    entropy_loss         | -16.6       |
|    explained_variance   | 0.971       |
|    learning_rate        | 0.0003      |
|    loss                 | 0.0901      |
|    n_updates            | 3780        |
|    policy_gradient_loss | -0.029      |
|    std                  | 2.08        |
|    value_loss           | 0.728       |
-----------------------------------------
-----------------------------------------
| rollout/                |             |
|    ep_len_mean          | 123         |
|    ep_rew_mean          | -34.3       |
|    success_rate         | 0           |
| time/                   |             |
|    fps                  | 579         |
|    iterations           | 380         |
|    time_elapsed         | 1342        |
|    total_timesteps      | 778240      |
| train/                  |             |
|    approx_kl            | 0.016556188 |
|    clip_fraction        | 0.194       |
|    clip_range           | 0.2         |
|    entropy_loss         | -16.6       |
|    explained_variance   | 0.987       |
|    learning_rate        | 0.0003      |
|    loss                 | 0.0354      |
|    n_updates            | 3790        |
|    policy_gradient_loss | -0.0298     |
|    std                  | 2.08        |
|    value_loss           | 0.378       |
-----------------------------------------
Eval num_timesteps=780000, episode_reward=-37.07 +/- 4.17
Episode length: 219.75 +/- 87.04
Success rate: 0.00%
-----------------------------------------
| eval/                   |             |
|    mean_ep_length       | 220         |
|    mean_reward          | -37.1       |
|    success_rate         | 0           |
| time/                   |             |
|    total_timesteps      | 780000      |
| train/                  |             |
|    approx_kl            | 0.017481849 |
|    clip_fraction        | 0.153       |
|    clip_range           | 0.2         |
|    entropy_loss         | -16.7       |
|    explained_variance   | 0.953       |
|    learning_rate        | 0.0003      |
|    loss                 | -0.106      |
|    n_updates            | 3800        |
|    policy_gradient_loss | -0.026      |
|    std                  | 2.09        |
|    value_loss           | 0.539       |
-----------------------------------------
---------------------------------
| rollout/           |          |
|    ep_len_mean     | 131      |
|    ep_rew_mean     | -34.7    |
|    success_rate    | 0        |
| time/              |          |
|    fps             | 578      |
|    iterations      | 381      |
|    time_elapsed    | 1348     |
|    total_timesteps | 780288   |
---------------------------------
-----------------------------------------
| rollout/                |             |
|    ep_len_mean          | 138         |
|    ep_rew_mean          | -35.2       |
|    success_rate         | 0           |
| time/                   |             |
|    fps                  | 578         |
|    iterations           | 382         |
|    time_elapsed         | 1351        |
|    total_timesteps      | 782336      |
| train/                  |             |
|    approx_kl            | 0.017148826 |
|    clip_fraction        | 0.196       |
|    clip_range           | 0.2         |
|    entropy_loss         | -16.7       |
|    explained_variance   | 0.982       |
|    learning_rate        | 0.0003      |
|    loss                 | -0.0702     |
|    n_updates            | 3810        |
|    policy_gradient_loss | -0.0296     |
|    std                  | 2.1         |
|    value_loss           | 0.334       |
-----------------------------------------
-----------------------------------------
| rollout/                |             |
|    ep_len_mean          | 136         |
|    ep_rew_mean          | -36.6       |
|    success_rate         | 0           |
| time/                   |             |
|    fps                  | 579         |
|    iterations           | 383         |
|    time_elapsed         | 1354        |
|    total_timesteps      | 784384      |
| train/                  |             |
|    approx_kl            | 0.010846697 |
|    clip_fraction        | 0.0994      |
|    clip_range           | 0.2         |
|    entropy_loss         | -16.7       |
|    explained_variance   | 0.926       |
|    learning_rate        | 0.0003      |
|    loss                 | 0.286       |
|    n_updates            | 3820        |
|    policy_gradient_loss | -0.0133     |
|    std                  | 2.12        |
|    value_loss           | 2.07        |
-----------------------------------------
-----------------------------------------
| rollout/                |             |
|    ep_len_mean          | 138         |
|    ep_rew_mean          | -36.8       |
|    success_rate         | 0           |
| time/                   |             |
|    fps                  | 579         |
|    iterations           | 384         |
|    time_elapsed         | 1356        |
|    total_timesteps      | 786432      |
| train/                  |             |
|    approx_kl            | 0.013953904 |
|    clip_fraction        | 0.135       |
|    clip_range           | 0.2         |
|    entropy_loss         | -16.8       |
|    explained_variance   | 0.987       |
|    learning_rate        | 0.0003      |
|    loss                 | -0.0535     |
|    n_updates            | 3830        |
|    policy_gradient_loss | -0.0142     |
|    std                  | 2.14        |
|    value_loss           | 0.83        |
-----------------------------------------
-----------------------------------------
| rollout/                |             |
|    ep_len_mean          | 137         |
|    ep_rew_mean          | -36.4       |
|    success_rate         | 0           |
| time/                   |             |
|    fps                  | 579         |
|    iterations           | 385         |
|    time_elapsed         | 1359        |
|    total_timesteps      | 788480      |
| train/                  |             |
|    approx_kl            | 0.015722644 |
|    clip_fraction        | 0.191       |
|    clip_range           | 0.2         |
|    entropy_loss         | -16.9       |
|    explained_variance   | 0.977       |
|    learning_rate        | 0.0003      |
|    loss                 | 0.0501      |
|    n_updates            | 3840        |
|    policy_gradient_loss | -0.0287     |
|    std                  | 2.15        |
|    value_loss           | 0.392       |
-----------------------------------------
Eval num_timesteps=790000, episode_reward=-36.68 +/- 5.84
Episode length: 187.25 +/- 61.73
Success rate: 0.00%
-----------------------------------------
| eval/                   |             |
|    mean_ep_length       | 187         |
|    mean_reward          | -36.7       |
|    success_rate         | 0           |
| time/                   |             |
|    total_timesteps      | 790000      |
| train/                  |             |
|    approx_kl            | 0.015001554 |
|    clip_fraction        | 0.204       |
|    clip_range           | 0.2         |
|    entropy_loss         | -16.9       |
|    explained_variance   | 0.989       |
|    learning_rate        | 0.0003      |
|    loss                 | 0.0637      |
|    n_updates            | 3850        |
|    policy_gradient_loss | -0.0277     |
|    std                  | 2.15        |
|    value_loss           | 0.384       |
-----------------------------------------
---------------------------------
| rollout/           |          |
|    ep_len_mean     | 140      |
|    ep_rew_mean     | -36.4    |
|    success_rate    | 0        |
| time/              |          |
|    fps             | 578      |
|    iterations      | 386      |
|    time_elapsed    | 1366     |
|    total_timesteps | 790528   |
---------------------------------
----------------------------------------
| rollout/                |            |
|    ep_len_mean          | 139        |
|    ep_rew_mean          | -35.4      |
|    success_rate         | 0          |
| time/                   |            |
|    fps                  | 579        |
|    iterations           | 387        |
|    time_elapsed         | 1368       |
|    total_timesteps      | 792576     |
| train/                  |            |
|    approx_kl            | 0.01578207 |
|    clip_fraction        | 0.195      |
|    clip_range           | 0.2        |
|    entropy_loss         | -16.9      |
|    explained_variance   | 0.99       |
|    learning_rate        | 0.0003     |
|    loss                 | -0.01      |
|    n_updates            | 3860       |
|    policy_gradient_loss | -0.0256    |
|    std                  | 2.16       |
|    value_loss           | 0.293      |
----------------------------------------
-----------------------------------------
| rollout/                |             |
|    ep_len_mean          | 137         |
|    ep_rew_mean          | -35.3       |
|    success_rate         | 0           |
| time/                   |             |
|    fps                  | 579         |
|    iterations           | 388         |
|    time_elapsed         | 1371        |
|    total_timesteps      | 794624      |
| train/                  |             |
|    approx_kl            | 0.015013978 |
|    clip_fraction        | 0.186       |
|    clip_range           | 0.2         |
|    entropy_loss         | -16.9       |
|    explained_variance   | 0.988       |
|    learning_rate        | 0.0003      |
|    loss                 | -0.0822     |
|    n_updates            | 3870        |
|    policy_gradient_loss | -0.0291     |
|    std                  | 2.15        |
|    value_loss           | 0.298       |
-----------------------------------------
-----------------------------------------
| rollout/                |             |
|    ep_len_mean          | 133         |
|    ep_rew_mean          | -32.7       |
|    success_rate         | 0           |
| time/                   |             |
|    fps                  | 579         |
|    iterations           | 389         |
|    time_elapsed         | 1374        |
|    total_timesteps      | 796672      |
| train/                  |             |
|    approx_kl            | 0.016154785 |
|    clip_fraction        | 0.195       |
|    clip_range           | 0.2         |
|    entropy_loss         | -16.9       |
|    explained_variance   | 0.989       |
|    learning_rate        | 0.0003      |
|    loss                 | -0.0922     |
|    n_updates            | 3880        |
|    policy_gradient_loss | -0.0281     |
|    std                  | 2.16        |
|    value_loss           | 0.254       |
-----------------------------------------
-----------------------------------------
| rollout/                |             |
|    ep_len_mean          | 141         |
|    ep_rew_mean          | -33.3       |
|    success_rate         | 0           |
| time/                   |             |
|    fps                  | 580         |
|    iterations           | 390         |
|    time_elapsed         | 1377        |
|    total_timesteps      | 798720      |
| train/                  |             |
|    approx_kl            | 0.017680634 |
|    clip_fraction        | 0.175       |
|    clip_range           | 0.2         |
|    entropy_loss         | -16.9       |
|    explained_variance   | 0.991       |
|    learning_rate        | 0.0003      |
|    loss                 | -0.0919     |
|    n_updates            | 3890        |
|    policy_gradient_loss | -0.0289     |
|    std                  | 2.17        |
|    value_loss           | 0.249       |
-----------------------------------------
Eval num_timesteps=800000, episode_reward=-40.58 +/- 24.25
Episode length: 219.80 +/- 86.91
Success rate: 0.00%
-----------------------------------------
| eval/                   |             |
|    mean_ep_length       | 220         |
|    mean_reward          | -40.6       |
|    success_rate         | 0           |
| time/                   |             |
|    total_timesteps      | 800000      |
| train/                  |             |
|    approx_kl            | 0.019662675 |
|    clip_fraction        | 0.191       |
|    clip_range           | 0.2         |
|    entropy_loss         | -17         |
|    explained_variance   | 0.947       |
|    learning_rate        | 0.0003      |
|    loss                 | -0.121      |
|    n_updates            | 3900        |
|    policy_gradient_loss | -0.0225     |
|    std                  | 2.18        |
|    value_loss           | 0.284       |
-----------------------------------------
---------------------------------
| rollout/           |          |
|    ep_len_mean     | 139      |
|    ep_rew_mean     | -34      |
|    success_rate    | 0        |
| time/              |          |
|    fps             | 578      |
|    iterations      | 391      |
|    time_elapsed    | 1384     |
|    total_timesteps | 800768   |
---------------------------------
-----------------------------------------
| rollout/                |             |
|    ep_len_mean          | 139         |
|    ep_rew_mean          | -34         |
|    success_rate         | 0           |
| time/                   |             |
|    fps                  | 578         |
|    iterations           | 392         |
|    time_elapsed         | 1387        |
|    total_timesteps      | 802816      |
| train/                  |             |
|    approx_kl            | 0.012323653 |
|    clip_fraction        | 0.137       |
|    clip_range           | 0.2         |
|    entropy_loss         | -17         |
|    explained_variance   | 0.951       |
|    learning_rate        | 0.0003      |
|    loss                 | 0.19        |
|    n_updates            | 3910        |
|    policy_gradient_loss | -0.0212     |
|    std                  | 2.19        |
|    value_loss           | 0.571       |
-----------------------------------------
-----------------------------------------
| rollout/                |             |
|    ep_len_mean          | 139         |
|    ep_rew_mean          | -34.4       |
|    success_rate         | 0           |
| time/                   |             |
|    fps                  | 579         |
|    iterations           | 393         |
|    time_elapsed         | 1389        |
|    total_timesteps      | 804864      |
| train/                  |             |
|    approx_kl            | 0.014791352 |
|    clip_fraction        | 0.169       |
|    clip_range           | 0.2         |
|    entropy_loss         | -17         |
|    explained_variance   | 0.978       |
|    learning_rate        | 0.0003      |
|    loss                 | 0.0162      |
|    n_updates            | 3920        |
|    policy_gradient_loss | -0.0286     |
|    std                  | 2.19        |
|    value_loss           | 0.469       |
-----------------------------------------
-----------------------------------------
| rollout/                |             |
|    ep_len_mean          | 143         |
|    ep_rew_mean          | -34.6       |
|    success_rate         | 0           |
| time/                   |             |
|    fps                  | 579         |
|    iterations           | 394         |
|    time_elapsed         | 1392        |
|    total_timesteps      | 806912      |
| train/                  |             |
|    approx_kl            | 0.018558836 |
|    clip_fraction        | 0.195       |
|    clip_range           | 0.2         |
|    entropy_loss         | -17.1       |
|    explained_variance   | 0.975       |
|    learning_rate        | 0.0003      |
|    loss                 | -0.0651     |
|    n_updates            | 3930        |
|    policy_gradient_loss | -0.03       |
|    std                  | 2.19        |
|    value_loss           | 0.441       |
-----------------------------------------
-----------------------------------------
| rollout/                |             |
|    ep_len_mean          | 139         |
|    ep_rew_mean          | -34.4       |
|    success_rate         | 0           |
| time/                   |             |
|    fps                  | 579         |
|    iterations           | 395         |
|    time_elapsed         | 1395        |
|    total_timesteps      | 808960      |
| train/                  |             |
|    approx_kl            | 0.014625029 |
|    clip_fraction        | 0.174       |
|    clip_range           | 0.2         |
|    entropy_loss         | -17.1       |
|    explained_variance   | 0.984       |
|    learning_rate        | 0.0003      |
|    loss                 | -0.102      |
|    n_updates            | 3940        |
|    policy_gradient_loss | -0.0284     |
|    std                  | 2.21        |
|    value_loss           | 0.347       |
-----------------------------------------
Eval num_timesteps=810000, episode_reward=-34.09 +/- 2.30
Episode length: 225.95 +/- 80.09
Success rate: 0.00%
-----------------------------------------
| eval/                   |             |
|    mean_ep_length       | 226         |
|    mean_reward          | -34.1       |
|    success_rate         | 0           |
| time/                   |             |
|    total_timesteps      | 810000      |
| train/                  |             |
|    approx_kl            | 0.012728214 |
|    clip_fraction        | 0.15        |
|    clip_range           | 0.2         |
|    entropy_loss         | -17.1       |
|    explained_variance   | 0.99        |
|    learning_rate        | 0.0003      |
|    loss                 | -0.121      |
|    n_updates            | 3950        |
|    policy_gradient_loss | -0.0251     |
|    std                  | 2.23        |
|    value_loss           | 0.3         |
-----------------------------------------
New best mean reward!
---------------------------------
| rollout/           |          |
|    ep_len_mean     | 138      |
|    ep_rew_mean     | -34.5    |
|    success_rate    | 0        |
| time/              |          |
|    fps             | 578      |
|    iterations      | 396      |
|    time_elapsed    | 1402     |
|    total_timesteps | 811008   |
---------------------------------
-----------------------------------------
| rollout/                |             |
|    ep_len_mean          | 136         |
|    ep_rew_mean          | -34.2       |
|    success_rate         | 0           |
| time/                   |             |
|    fps                  | 578         |
|    iterations           | 397         |
|    time_elapsed         | 1405        |
|    total_timesteps      | 813056      |
| train/                  |             |
|    approx_kl            | 0.018133152 |
|    clip_fraction        | 0.198       |
|    clip_range           | 0.2         |
|    entropy_loss         | -17.2       |
|    explained_variance   | 0.988       |
|    learning_rate        | 0.0003      |
|    loss                 | -0.164      |
|    n_updates            | 3960        |
|    policy_gradient_loss | -0.0316     |
|    std                  | 2.24        |
|    value_loss           | 0.342       |
-----------------------------------------
-----------------------------------------
| rollout/                |             |
|    ep_len_mean          | 132         |
|    ep_rew_mean          | -33.1       |
|    success_rate         | 0           |
| time/                   |             |
|    fps                  | 578         |
|    iterations           | 398         |
|    time_elapsed         | 1408        |
|    total_timesteps      | 815104      |
| train/                  |             |
|    approx_kl            | 0.016090743 |
|    clip_fraction        | 0.181       |
|    clip_range           | 0.2         |
|    entropy_loss         | -17.2       |
|    explained_variance   | 0.987       |
|    learning_rate        | 0.0003      |
|    loss                 | -0.114      |
|    n_updates            | 3970        |
|    policy_gradient_loss | -0.0292     |
|    std                  | 2.25        |
|    value_loss           | 0.269       |
-----------------------------------------
----------------------------------------
| rollout/                |            |
|    ep_len_mean          | 136        |
|    ep_rew_mean          | -33.1      |
|    success_rate         | 0          |
| time/                   |            |
|    fps                  | 579        |
|    iterations           | 399        |
|    time_elapsed         | 1410       |
|    total_timesteps      | 817152     |
| train/                  |            |
|    approx_kl            | 0.01332441 |
|    clip_fraction        | 0.15       |
|    clip_range           | 0.2        |
|    entropy_loss         | -17.3      |
|    explained_variance   | 0.984      |
|    learning_rate        | 0.0003     |
|    loss                 | -0.022     |
|    n_updates            | 3980       |
|    policy_gradient_loss | -0.0223    |
|    std                  | 2.26       |
|    value_loss           | 0.371      |
----------------------------------------
-----------------------------------------
| rollout/                |             |
|    ep_len_mean          | 133         |
|    ep_rew_mean          | -32.8       |
|    success_rate         | 0           |
| time/                   |             |
|    fps                  | 579         |
|    iterations           | 400         |
|    time_elapsed         | 1413        |
|    total_timesteps      | 819200      |
| train/                  |             |
|    approx_kl            | 0.015038641 |
|    clip_fraction        | 0.187       |
|    clip_range           | 0.2         |
|    entropy_loss         | -17.3       |
|    explained_variance   | 0.985       |
|    learning_rate        | 0.0003      |
|    loss                 | -0.159      |
|    n_updates            | 3990        |
|    policy_gradient_loss | -0.0253     |
|    std                  | 2.26        |
|    value_loss           | 0.294       |
-----------------------------------------
Eval num_timesteps=820000, episode_reward=-36.55 +/- 5.05
Episode length: 260.40 +/- 70.66
Success rate: 0.00%
-----------------------------------------
| eval/                   |             |
|    mean_ep_length       | 260         |
|    mean_reward          | -36.5       |
|    success_rate         | 0           |
| time/                   |             |
|    total_timesteps      | 820000      |
| train/                  |             |
|    approx_kl            | 0.017464729 |
|    clip_fraction        | 0.187       |
|    clip_range           | 0.2         |
|    entropy_loss         | -17.3       |
|    explained_variance   | 0.99        |
|    learning_rate        | 0.0003      |
|    loss                 | -0.135      |
|    n_updates            | 4000        |
|    policy_gradient_loss | -0.0291     |
|    std                  | 2.25        |
|    value_loss           | 0.297       |
-----------------------------------------
---------------------------------
| rollout/           |          |
|    ep_len_mean     | 135      |
|    ep_rew_mean     | -33.1    |
|    success_rate    | 0        |
| time/              |          |
|    fps             | 577      |
|    iterations      | 401      |
|    time_elapsed    | 1420     |
|    total_timesteps | 821248   |
---------------------------------
-----------------------------------------
| rollout/                |             |
|    ep_len_mean          | 133         |
|    ep_rew_mean          | -33         |
|    success_rate         | 0           |
| time/                   |             |
|    fps                  | 578         |
|    iterations           | 402         |
|    time_elapsed         | 1423        |
|    total_timesteps      | 823296      |
| train/                  |             |
|    approx_kl            | 0.015948068 |
|    clip_fraction        | 0.184       |
|    clip_range           | 0.2         |
|    entropy_loss         | -17.3       |
|    explained_variance   | 0.985       |
|    learning_rate        | 0.0003      |
|    loss                 | -0.154      |
|    n_updates            | 4010        |
|    policy_gradient_loss | -0.0296     |
|    std                  | 2.26        |
|    value_loss           | 0.282       |
-----------------------------------------
-----------------------------------------
| rollout/                |             |
|    ep_len_mean          | 133         |
|    ep_rew_mean          | -33.1       |
|    success_rate         | 0           |
| time/                   |             |
|    fps                  | 578         |
|    iterations           | 403         |
|    time_elapsed         | 1426        |
|    total_timesteps      | 825344      |
| train/                  |             |
|    approx_kl            | 0.015627977 |
|    clip_fraction        | 0.172       |
|    clip_range           | 0.2         |
|    entropy_loss         | -17.3       |
|    explained_variance   | 0.985       |
|    learning_rate        | 0.0003      |
|    loss                 | -0.132      |
|    n_updates            | 4020        |
|    policy_gradient_loss | -0.031      |
|    std                  | 2.26        |
|    value_loss           | 0.255       |
-----------------------------------------
----------------------------------------
| rollout/                |            |
|    ep_len_mean          | 132        |
|    ep_rew_mean          | -34        |
|    success_rate         | 0          |
| time/                   |            |
|    fps                  | 578        |
|    iterations           | 404        |
|    time_elapsed         | 1429       |
|    total_timesteps      | 827392     |
| train/                  |            |
|    approx_kl            | 0.01796267 |
|    clip_fraction        | 0.164      |
|    clip_range           | 0.2        |
|    entropy_loss         | -17.3      |
|    explained_variance   | 0.974      |
|    learning_rate        | 0.0003     |
|    loss                 | -0.0618    |
|    n_updates            | 4030       |
|    policy_gradient_loss | -0.0252    |
|    std                  | 2.27       |
|    value_loss           | 0.48       |
----------------------------------------
-----------------------------------------
| rollout/                |             |
|    ep_len_mean          | 129         |
|    ep_rew_mean          | -33.8       |
|    success_rate         | 0           |
| time/                   |             |
|    fps                  | 579         |
|    iterations           | 405         |
|    time_elapsed         | 1432        |
|    total_timesteps      | 829440      |
| train/                  |             |
|    approx_kl            | 0.014398736 |
|    clip_fraction        | 0.145       |
|    clip_range           | 0.2         |
|    entropy_loss         | -17.4       |
|    explained_variance   | 0.93        |
|    learning_rate        | 0.0003      |
|    loss                 | -0.0693     |
|    n_updates            | 4040        |
|    policy_gradient_loss | -0.0231     |
|    std                  | 2.3         |
|    value_loss           | 0.836       |
-----------------------------------------
Eval num_timesteps=830000, episode_reward=-37.44 +/- 5.18
Episode length: 253.40 +/- 84.14
Success rate: 0.00%
-----------------------------------------
| eval/                   |             |
|    mean_ep_length       | 253         |
|    mean_reward          | -37.4       |
|    success_rate         | 0           |
| time/                   |             |
|    total_timesteps      | 830000      |
| train/                  |             |
|    approx_kl            | 0.014806007 |
|    clip_fraction        | 0.181       |
|    clip_range           | 0.2         |
|    entropy_loss         | -17.4       |
|    explained_variance   | 0.99        |
|    learning_rate        | 0.0003      |
|    loss                 | -0.134      |
|    n_updates            | 4050        |
|    policy_gradient_loss | -0.0294     |
|    std                  | 2.29        |
|    value_loss           | 0.283       |
-----------------------------------------
---------------------------------
| rollout/           |          |
|    ep_len_mean     | 132      |
|    ep_rew_mean     | -34.1    |
|    success_rate    | 0        |
| time/              |          |
|    fps             | 577      |
|    iterations      | 406      |
|    time_elapsed    | 1439     |
|    total_timesteps | 831488   |
---------------------------------
-----------------------------------------
| rollout/                |             |
|    ep_len_mean          | 138         |
|    ep_rew_mean          | -34.5       |
|    success_rate         | 0           |
| time/                   |             |
|    fps                  | 578         |
|    iterations           | 407         |
|    time_elapsed         | 1442        |
|    total_timesteps      | 833536      |
| train/                  |             |
|    approx_kl            | 0.013379574 |
|    clip_fraction        | 0.139       |
|    clip_range           | 0.2         |
|    entropy_loss         | -17.5       |
|    explained_variance   | 0.94        |
|    learning_rate        | 0.0003      |
|    loss                 | 0.0767      |
|    n_updates            | 4060        |
|    policy_gradient_loss | -0.0224     |
|    std                  | 2.32        |
|    value_loss           | 0.504       |
-----------------------------------------
-----------------------------------------
| rollout/                |             |
|    ep_len_mean          | 138         |
|    ep_rew_mean          | -34.2       |
|    success_rate         | 0           |
| time/                   |             |
|    fps                  | 578         |
|    iterations           | 408         |
|    time_elapsed         | 1445        |
|    total_timesteps      | 835584      |
| train/                  |             |
|    approx_kl            | 0.020213168 |
|    clip_fraction        | 0.201       |
|    clip_range           | 0.2         |
|    entropy_loss         | -17.5       |
|    explained_variance   | 0.975       |
|    learning_rate        | 0.0003      |
|    loss                 | -0.114      |
|    n_updates            | 4070        |
|    policy_gradient_loss | -0.0278     |
|    std                  | 2.31        |
|    value_loss           | 0.283       |
-----------------------------------------
-----------------------------------------
| rollout/                |             |
|    ep_len_mean          | 135         |
|    ep_rew_mean          | -35.1       |
|    success_rate         | 0           |
| time/                   |             |
|    fps                  | 578         |
|    iterations           | 409         |
|    time_elapsed         | 1447        |
|    total_timesteps      | 837632      |
| train/                  |             |
|    approx_kl            | 0.015950695 |
|    clip_fraction        | 0.18        |
|    clip_range           | 0.2         |
|    entropy_loss         | -17.5       |
|    explained_variance   | 0.987       |
|    learning_rate        | 0.0003      |
|    loss                 | 0.0328      |
|    n_updates            | 4080        |
|    policy_gradient_loss | -0.0281     |
|    std                  | 2.31        |
|    value_loss           | 0.298       |
-----------------------------------------
-----------------------------------------
| rollout/                |             |
|    ep_len_mean          | 134         |
|    ep_rew_mean          | -35         |
|    success_rate         | 0           |
| time/                   |             |
|    fps                  | 578         |
|    iterations           | 410         |
|    time_elapsed         | 1450        |
|    total_timesteps      | 839680      |
| train/                  |             |
|    approx_kl            | 0.015097453 |
|    clip_fraction        | 0.127       |
|    clip_range           | 0.2         |
|    entropy_loss         | -17.5       |
|    explained_variance   | 0.966       |
|    learning_rate        | 0.0003      |
|    loss                 | 0.0842      |
|    n_updates            | 4090        |
|    policy_gradient_loss | -0.0252     |
|    std                  | 2.33        |
|    value_loss           | 0.929       |
-----------------------------------------
Eval num_timesteps=840000, episode_reward=-35.95 +/- 5.39
Episode length: 179.05 +/- 83.05
Success rate: 0.00%
----------------------------------------
| eval/                   |            |
|    mean_ep_length       | 179        |
|    mean_reward          | -35.9      |
|    success_rate         | 0          |
| time/                   |            |
|    total_timesteps      | 840000     |
| train/                  |            |
|    approx_kl            | 0.01533971 |
|    clip_fraction        | 0.185      |
|    clip_range           | 0.2        |
|    entropy_loss         | -17.6      |
|    explained_variance   | 0.988      |
|    learning_rate        | 0.0003     |
|    loss                 | 0.0213     |
|    n_updates            | 4100       |
|    policy_gradient_loss | -0.0272    |
|    std                  | 2.34       |
|    value_loss           | 0.314      |
----------------------------------------
---------------------------------
| rollout/           |          |
|    ep_len_mean     | 134      |
|    ep_rew_mean     | -34.2    |
|    success_rate    | 0        |
| time/              |          |
|    fps             | 577      |
|    iterations      | 411      |
|    time_elapsed    | 1457     |
|    total_timesteps | 841728   |
---------------------------------
-----------------------------------------
| rollout/                |             |
|    ep_len_mean          | 137         |
|    ep_rew_mean          | -34.8       |
|    success_rate         | 0           |
| time/                   |             |
|    fps                  | 577         |
|    iterations           | 412         |
|    time_elapsed         | 1459        |
|    total_timesteps      | 843776      |
| train/                  |             |
|    approx_kl            | 0.014382807 |
|    clip_fraction        | 0.168       |
|    clip_range           | 0.2         |
|    entropy_loss         | -17.6       |
|    explained_variance   | 0.984       |
|    learning_rate        | 0.0003      |
|    loss                 | -0.0938     |
|    n_updates            | 4110        |
|    policy_gradient_loss | -0.0248     |
|    std                  | 2.34        |
|    value_loss           | 0.324       |
-----------------------------------------
-----------------------------------------
| rollout/                |             |
|    ep_len_mean          | 128         |
|    ep_rew_mean          | -34.6       |
|    success_rate         | 0           |
| time/                   |             |
|    fps                  | 578         |
|    iterations           | 413         |
|    time_elapsed         | 1462        |
|    total_timesteps      | 845824      |
| train/                  |             |
|    approx_kl            | 0.011968518 |
|    clip_fraction        | 0.118       |
|    clip_range           | 0.2         |
|    entropy_loss         | -17.6       |
|    explained_variance   | 0.97        |
|    learning_rate        | 0.0003      |
|    loss                 | 0.115       |
|    n_updates            | 4120        |
|    policy_gradient_loss | -0.0221     |
|    std                  | 2.33        |
|    value_loss           | 0.665       |
-----------------------------------------
-----------------------------------------
| rollout/                |             |
|    ep_len_mean          | 122         |
|    ep_rew_mean          | -34.4       |
|    success_rate         | 0           |
| time/                   |             |
|    fps                  | 578         |
|    iterations           | 414         |
|    time_elapsed         | 1465        |
|    total_timesteps      | 847872      |
| train/                  |             |
|    approx_kl            | 0.014976943 |
|    clip_fraction        | 0.159       |
|    clip_range           | 0.2         |
|    entropy_loss         | -17.6       |
|    explained_variance   | 0.981       |
|    learning_rate        | 0.0003      |
|    loss                 | -0.0339     |
|    n_updates            | 4130        |
|    policy_gradient_loss | -0.025      |
|    std                  | 2.33        |
|    value_loss           | 0.517       |
-----------------------------------------
-----------------------------------------
| rollout/                |             |
|    ep_len_mean          | 124         |
|    ep_rew_mean          | -33.5       |
|    success_rate         | 0           |
| time/                   |             |
|    fps                  | 578         |
|    iterations           | 415         |
|    time_elapsed         | 1468        |
|    total_timesteps      | 849920      |
| train/                  |             |
|    approx_kl            | 0.016932977 |
|    clip_fraction        | 0.18        |
|    clip_range           | 0.2         |
|    entropy_loss         | -17.6       |
|    explained_variance   | 0.978       |
|    learning_rate        | 0.0003      |
|    loss                 | -0.0656     |
|    n_updates            | 4140        |
|    policy_gradient_loss | -0.0255     |
|    std                  | 2.34        |
|    value_loss           | 0.426       |
-----------------------------------------
Eval num_timesteps=850000, episode_reward=-35.53 +/- 3.39
Episode length: 170.45 +/- 62.83
Success rate: 0.00%
-----------------------------------------
| eval/                   |             |
|    mean_ep_length       | 170         |
|    mean_reward          | -35.5       |
|    success_rate         | 0           |
| time/                   |             |
|    total_timesteps      | 850000      |
| train/                  |             |
|    approx_kl            | 0.014690667 |
|    clip_fraction        | 0.141       |
|    clip_range           | 0.2         |
|    entropy_loss         | -17.6       |
|    explained_variance   | 0.96        |
|    learning_rate        | 0.0003      |
|    loss                 | 0.0846      |
|    n_updates            | 4150        |
|    policy_gradient_loss | -0.0224     |
|    std                  | 2.34        |
|    value_loss           | 1.19        |
-----------------------------------------
---------------------------------
| rollout/           |          |
|    ep_len_mean     | 129      |
|    ep_rew_mean     | -34.7    |
|    success_rate    | 0        |
| time/              |          |
|    fps             | 577      |
|    iterations      | 416      |
|    time_elapsed    | 1474     |
|    total_timesteps | 851968   |
---------------------------------
-----------------------------------------
| rollout/                |             |
|    ep_len_mean          | 129         |
|    ep_rew_mean          | -34.8       |
|    success_rate         | 0           |
| time/                   |             |
|    fps                  | 578         |
|    iterations           | 417         |
|    time_elapsed         | 1477        |
|    total_timesteps      | 854016      |
| train/                  |             |
|    approx_kl            | 0.016733326 |
|    clip_fraction        | 0.161       |
|    clip_range           | 0.2         |
|    entropy_loss         | -17.6       |
|    explained_variance   | 0.971       |
|    learning_rate        | 0.0003      |
|    loss                 | 0.0252      |
|    n_updates            | 4160        |
|    policy_gradient_loss | -0.022      |
|    std                  | 2.34        |
|    value_loss           | 0.618       |
-----------------------------------------
-----------------------------------------
| rollout/                |             |
|    ep_len_mean          | 128         |
|    ep_rew_mean          | -34.3       |
|    success_rate         | 0           |
| time/                   |             |
|    fps                  | 578         |
|    iterations           | 418         |
|    time_elapsed         | 1479        |
|    total_timesteps      | 856064      |
| train/                  |             |
|    approx_kl            | 0.018453628 |
|    clip_fraction        | 0.195       |
|    clip_range           | 0.2         |
|    entropy_loss         | -17.6       |
|    explained_variance   | 0.969       |
|    learning_rate        | 0.0003      |
|    loss                 | 0.101       |
|    n_updates            | 4170        |
|    policy_gradient_loss | -0.0264     |
|    std                  | 2.35        |
|    value_loss           | 0.61        |
-----------------------------------------
---------------------------------------
| rollout/                |           |
|    ep_len_mean          | 126       |
|    ep_rew_mean          | -33.8     |
|    success_rate         | 0         |
| time/                   |           |
|    fps                  | 578       |
|    iterations           | 419       |
|    time_elapsed         | 1482      |
|    total_timesteps      | 858112    |
| train/                  |           |
|    approx_kl            | 0.0156031 |
|    clip_fraction        | 0.14      |
|    clip_range           | 0.2       |
|    entropy_loss         | -17.6     |
|    explained_variance   | 0.888     |
|    learning_rate        | 0.0003    |
|    loss                 | 0.227     |
|    n_updates            | 4180      |
|    policy_gradient_loss | -0.0221   |
|    std                  | 2.35      |
|    value_loss           | 1.87      |
---------------------------------------
Eval num_timesteps=860000, episode_reward=-38.35 +/- 5.43
Episode length: 175.25 +/- 71.51
Success rate: 0.00%
-----------------------------------------
| eval/                   |             |
|    mean_ep_length       | 175         |
|    mean_reward          | -38.4       |
|    success_rate         | 0           |
| time/                   |             |
|    total_timesteps      | 860000      |
| train/                  |             |
|    approx_kl            | 0.016479734 |
|    clip_fraction        | 0.201       |
|    clip_range           | 0.2         |
|    entropy_loss         | -17.6       |
|    explained_variance   | 0.987       |
|    learning_rate        | 0.0003      |
|    loss                 | -0.133      |
|    n_updates            | 4190        |
|    policy_gradient_loss | -0.0291     |
|    std                  | 2.35        |
|    value_loss           | 0.281       |
-----------------------------------------
---------------------------------
| rollout/           |          |
|    ep_len_mean     | 126      |
|    ep_rew_mean     | -33.8    |
|    success_rate    | 0        |
| time/              |          |
|    fps             | 577      |
|    iterations      | 420      |
|    time_elapsed    | 1489     |
|    total_timesteps | 860160   |
---------------------------------
-----------------------------------------
| rollout/                |             |
|    ep_len_mean          | 125         |
|    ep_rew_mean          | -33.6       |
|    success_rate         | 0           |
| time/                   |             |
|    fps                  | 577         |
|    iterations           | 421         |
|    time_elapsed         | 1491        |
|    total_timesteps      | 862208      |
| train/                  |             |
|    approx_kl            | 0.014628254 |
|    clip_fraction        | 0.174       |
|    clip_range           | 0.2         |
|    entropy_loss         | -17.7       |
|    explained_variance   | 0.975       |
|    learning_rate        | 0.0003      |
|    loss                 | -0.0715     |
|    n_updates            | 4200        |
|    policy_gradient_loss | -0.0254     |
|    std                  | 2.36        |
|    value_loss           | 0.482       |
-----------------------------------------
-----------------------------------------
| rollout/                |             |
|    ep_len_mean          | 127         |
|    ep_rew_mean          | -32.9       |
|    success_rate         | 0           |
| time/                   |             |
|    fps                  | 578         |
|    iterations           | 422         |
|    time_elapsed         | 1494        |
|    total_timesteps      | 864256      |
| train/                  |             |
|    approx_kl            | 0.015074596 |
|    clip_fraction        | 0.169       |
|    clip_range           | 0.2         |
|    entropy_loss         | -17.7       |
|    explained_variance   | 0.97        |
|    learning_rate        | 0.0003      |
|    loss                 | 0.173       |
|    n_updates            | 4210        |
|    policy_gradient_loss | -0.0262     |
|    std                  | 2.37        |
|    value_loss           | 0.612       |
-----------------------------------------
-----------------------------------------
| rollout/                |             |
|    ep_len_mean          | 132         |
|    ep_rew_mean          | -33.2       |
|    success_rate         | 0           |
| time/                   |             |
|    fps                  | 578         |
|    iterations           | 423         |
|    time_elapsed         | 1497        |
|    total_timesteps      | 866304      |
| train/                  |             |
|    approx_kl            | 0.017721362 |
|    clip_fraction        | 0.218       |
|    clip_range           | 0.2         |
|    entropy_loss         | -17.7       |
|    explained_variance   | 0.978       |
|    learning_rate        | 0.0003      |
|    loss                 | -0.116      |
|    n_updates            | 4220        |
|    policy_gradient_loss | -0.0312     |
|    std                  | 2.38        |
|    value_loss           | 0.361       |
-----------------------------------------
-----------------------------------------
| rollout/                |             |
|    ep_len_mean          | 129         |
|    ep_rew_mean          | -33.2       |
|    success_rate         | 0           |
| time/                   |             |
|    fps                  | 578         |
|    iterations           | 424         |
|    time_elapsed         | 1500        |
|    total_timesteps      | 868352      |
| train/                  |             |
|    approx_kl            | 0.017070446 |
|    clip_fraction        | 0.174       |
|    clip_range           | 0.2         |
|    entropy_loss         | -17.7       |
|    explained_variance   | 0.984       |
|    learning_rate        | 0.0003      |
|    loss                 | -0.00983    |
|    n_updates            | 4230        |
|    policy_gradient_loss | -0.028      |
|    std                  | 2.38        |
|    value_loss           | 0.378       |
-----------------------------------------
Eval num_timesteps=870000, episode_reward=-34.63 +/- 3.06
Episode length: 160.80 +/- 74.68
Success rate: 0.00%
----------------------------------------
| eval/                   |            |
|    mean_ep_length       | 161        |
|    mean_reward          | -34.6      |
|    success_rate         | 0          |
| time/                   |            |
|    total_timesteps      | 870000     |
| train/                  |            |
|    approx_kl            | 0.01664824 |
|    clip_fraction        | 0.176      |
|    clip_range           | 0.2        |
|    entropy_loss         | -17.7      |
|    explained_variance   | 0.981      |
|    learning_rate        | 0.0003     |
|    loss                 | -0.0805    |
|    n_updates            | 4240       |
|    policy_gradient_loss | -0.0293    |
|    std                  | 2.38       |
|    value_loss           | 0.388      |
----------------------------------------
---------------------------------
| rollout/           |          |
|    ep_len_mean     | 125      |
|    ep_rew_mean     | -32.8    |
|    success_rate    | 0        |
| time/              |          |
|    fps             | 577      |
|    iterations      | 425      |
|    time_elapsed    | 1506     |
|    total_timesteps | 870400   |
---------------------------------
-----------------------------------------
| rollout/                |             |
|    ep_len_mean          | 122         |
|    ep_rew_mean          | -32.6       |
|    success_rate         | 0           |
| time/                   |             |
|    fps                  | 577         |
|    iterations           | 426         |
|    time_elapsed         | 1509        |
|    total_timesteps      | 872448      |
| train/                  |             |
|    approx_kl            | 0.013287385 |
|    clip_fraction        | 0.177       |
|    clip_range           | 0.2         |
|    entropy_loss         | -17.7       |
|    explained_variance   | 0.992       |
|    learning_rate        | 0.0003      |
|    loss                 | -0.124      |
|    n_updates            | 4250        |
|    policy_gradient_loss | -0.0256     |
|    std                  | 2.38        |
|    value_loss           | 0.304       |
-----------------------------------------
-----------------------------------------
| rollout/                |             |
|    ep_len_mean          | 123         |
|    ep_rew_mean          | -32.9       |
|    success_rate         | 0           |
| time/                   |             |
|    fps                  | 578         |
|    iterations           | 427         |
|    time_elapsed         | 1512        |
|    total_timesteps      | 874496      |
| train/                  |             |
|    approx_kl            | 0.017018702 |
|    clip_fraction        | 0.165       |
|    clip_range           | 0.2         |
|    entropy_loss         | -17.8       |
|    explained_variance   | 0.973       |
|    learning_rate        | 0.0003      |
|    loss                 | -0.0899     |
|    n_updates            | 4260        |
|    policy_gradient_loss | -0.0293     |
|    std                  | 2.41        |
|    value_loss           | 0.516       |
-----------------------------------------
----------------------------------------
| rollout/                |            |
|    ep_len_mean          | 119        |
|    ep_rew_mean          | -32.5      |
|    success_rate         | 0          |
| time/                   |            |
|    fps                  | 578        |
|    iterations           | 428        |
|    time_elapsed         | 1515       |
|    total_timesteps      | 876544     |
| train/                  |            |
|    approx_kl            | 0.01523367 |
|    clip_fraction        | 0.166      |
|    clip_range           | 0.2        |
|    entropy_loss         | -17.8      |
|    explained_variance   | 0.989      |
|    learning_rate        | 0.0003     |
|    loss                 | 0.0346     |
|    n_updates            | 4270       |
|    policy_gradient_loss | -0.0291    |
|    std                  | 2.41       |
|    value_loss           | 0.324      |
----------------------------------------
----------------------------------------
| rollout/                |            |
|    ep_len_mean          | 115        |
|    ep_rew_mean          | -32.3      |
|    success_rate         | 0          |
| time/                   |            |
|    fps                  | 578        |
|    iterations           | 429        |
|    time_elapsed         | 1518       |
|    total_timesteps      | 878592     |
| train/                  |            |
|    approx_kl            | 0.01433834 |
|    clip_fraction        | 0.16       |
|    clip_range           | 0.2        |
|    entropy_loss         | -17.8      |
|    explained_variance   | 0.989      |
|    learning_rate        | 0.0003     |
|    loss                 | -0.157     |
|    n_updates            | 4280       |
|    policy_gradient_loss | -0.0287    |
|    std                  | 2.42       |
|    value_loss           | 0.306      |
----------------------------------------
Eval num_timesteps=880000, episode_reward=-36.87 +/- 4.88
Episode length: 135.85 +/- 63.53
Success rate: 0.00%
-----------------------------------------
| eval/                   |             |
|    mean_ep_length       | 136         |
|    mean_reward          | -36.9       |
|    success_rate         | 0           |
| time/                   |             |
|    total_timesteps      | 880000      |
| train/                  |             |
|    approx_kl            | 0.014099831 |
|    clip_fraction        | 0.164       |
|    clip_range           | 0.2         |
|    entropy_loss         | -17.9       |
|    explained_variance   | 0.989       |
|    learning_rate        | 0.0003      |
|    loss                 | -0.146      |
|    n_updates            | 4290        |
|    policy_gradient_loss | -0.0296     |
|    std                  | 2.43        |
|    value_loss           | 0.315       |
-----------------------------------------
---------------------------------
| rollout/           |          |
|    ep_len_mean     | 118      |
|    ep_rew_mean     | -32.5    |
|    success_rate    | 0        |
| time/              |          |
|    fps             | 577      |
|    iterations      | 430      |
|    time_elapsed    | 1524     |
|    total_timesteps | 880640   |
---------------------------------
-----------------------------------------
| rollout/                |             |
|    ep_len_mean          | 122         |
|    ep_rew_mean          | -32.9       |
|    success_rate         | 0           |
| time/                   |             |
|    fps                  | 578         |
|    iterations           | 431         |
|    time_elapsed         | 1526        |
|    total_timesteps      | 882688      |
| train/                  |             |
|    approx_kl            | 0.014749846 |
|    clip_fraction        | 0.16        |
|    clip_range           | 0.2         |
|    entropy_loss         | -17.9       |
|    explained_variance   | 0.982       |
|    learning_rate        | 0.0003      |
|    loss                 | -0.0861     |
|    n_updates            | 4300        |
|    policy_gradient_loss | -0.0283     |
|    std                  | 2.44        |
|    value_loss           | 0.349       |
-----------------------------------------
-----------------------------------------
| rollout/                |             |
|    ep_len_mean          | 127         |
|    ep_rew_mean          | -33.1       |
|    success_rate         | 0           |
| time/                   |             |
|    fps                  | 578         |
|    iterations           | 432         |
|    time_elapsed         | 1529        |
|    total_timesteps      | 884736      |
| train/                  |             |
|    approx_kl            | 0.016019646 |
|    clip_fraction        | 0.17        |
|    clip_range           | 0.2         |
|    entropy_loss         | -17.9       |
|    explained_variance   | 0.986       |
|    learning_rate        | 0.0003      |
|    loss                 | -0.0406     |
|    n_updates            | 4310        |
|    policy_gradient_loss | -0.0274     |
|    std                  | 2.44        |
|    value_loss           | 0.371       |
-----------------------------------------
-----------------------------------------
| rollout/                |             |
|    ep_len_mean          | 127         |
|    ep_rew_mean          | -33         |
|    success_rate         | 0           |
| time/                   |             |
|    fps                  | 578         |
|    iterations           | 433         |
|    time_elapsed         | 1532        |
|    total_timesteps      | 886784      |
| train/                  |             |
|    approx_kl            | 0.015992288 |
|    clip_fraction        | 0.181       |
|    clip_range           | 0.2         |
|    entropy_loss         | -17.9       |
|    explained_variance   | 0.988       |
|    learning_rate        | 0.0003      |
|    loss                 | -0.139      |
|    n_updates            | 4320        |
|    policy_gradient_loss | -0.031      |
|    std                  | 2.43        |
|    value_loss           | 0.322       |
-----------------------------------------
-----------------------------------------
| rollout/                |             |
|    ep_len_mean          | 125         |
|    ep_rew_mean          | -33         |
|    success_rate         | 0           |
| time/                   |             |
|    fps                  | 579         |
|    iterations           | 434         |
|    time_elapsed         | 1535        |
|    total_timesteps      | 888832      |
| train/                  |             |
|    approx_kl            | 0.019560117 |
|    clip_fraction        | 0.21        |
|    clip_range           | 0.2         |
|    entropy_loss         | -17.8       |
|    explained_variance   | 0.989       |
|    learning_rate        | 0.0003      |
|    loss                 | -0.136      |
|    n_updates            | 4330        |
|    policy_gradient_loss | -0.0323     |
|    std                  | 2.42        |
|    value_loss           | 0.323       |
-----------------------------------------
Eval num_timesteps=890000, episode_reward=-35.85 +/- 3.93
Episode length: 226.40 +/- 88.75
Success rate: 0.00%
-----------------------------------------
| eval/                   |             |
|    mean_ep_length       | 226         |
|    mean_reward          | -35.9       |
|    success_rate         | 0           |
| time/                   |             |
|    total_timesteps      | 890000      |
| train/                  |             |
|    approx_kl            | 0.012886067 |
|    clip_fraction        | 0.159       |
|    clip_range           | 0.2         |
|    entropy_loss         | -17.8       |
|    explained_variance   | 0.985       |
|    learning_rate        | 0.0003      |
|    loss                 | -0.0494     |
|    n_updates            | 4340        |
|    policy_gradient_loss | -0.0272     |
|    std                  | 2.41        |
|    value_loss           | 0.387       |
-----------------------------------------
---------------------------------
| rollout/           |          |
|    ep_len_mean     | 127      |
|    ep_rew_mean     | -33.3    |
|    success_rate    | 0        |
| time/              |          |
|    fps             | 577      |
|    iterations      | 435      |
|    time_elapsed    | 1541     |
|    total_timesteps | 890880   |
---------------------------------
-----------------------------------------
| rollout/                |             |
|    ep_len_mean          | 124         |
|    ep_rew_mean          | -33         |
|    success_rate         | 0           |
| time/                   |             |
|    fps                  | 577         |
|    iterations           | 436         |
|    time_elapsed         | 1544        |
|    total_timesteps      | 892928      |
| train/                  |             |
|    approx_kl            | 0.018811405 |
|    clip_fraction        | 0.198       |
|    clip_range           | 0.2         |
|    entropy_loss         | -17.8       |
|    explained_variance   | 0.976       |
|    learning_rate        | 0.0003      |
|    loss                 | -0.0188     |
|    n_updates            | 4350        |
|    policy_gradient_loss | -0.0307     |
|    std                  | 2.42        |
|    value_loss           | 0.414       |
-----------------------------------------
-----------------------------------------
| rollout/                |             |
|    ep_len_mean          | 125         |
|    ep_rew_mean          | -32.9       |
|    success_rate         | 0           |
| time/                   |             |
|    fps                  | 578         |
|    iterations           | 437         |
|    time_elapsed         | 1547        |
|    total_timesteps      | 894976      |
| train/                  |             |
|    approx_kl            | 0.015449933 |
|    clip_fraction        | 0.181       |
|    clip_range           | 0.2         |
|    entropy_loss         | -17.9       |
|    explained_variance   | 0.992       |
|    learning_rate        | 0.0003      |
|    loss                 | -0.0912     |
|    n_updates            | 4360        |
|    policy_gradient_loss | -0.0286     |
|    std                  | 2.43        |
|    value_loss           | 0.287       |
-----------------------------------------
-----------------------------------------
| rollout/                |             |
|    ep_len_mean          | 125         |
|    ep_rew_mean          | -33         |
|    success_rate         | 0           |
| time/                   |             |
|    fps                  | 578         |
|    iterations           | 438         |
|    time_elapsed         | 1550        |
|    total_timesteps      | 897024      |
| train/                  |             |
|    approx_kl            | 0.014177486 |
|    clip_fraction        | 0.175       |
|    clip_range           | 0.2         |
|    entropy_loss         | -17.9       |
|    explained_variance   | 0.989       |
|    learning_rate        | 0.0003      |
|    loss                 | -0.0513     |
|    n_updates            | 4370        |
|    policy_gradient_loss | -0.0262     |
|    std                  | 2.43        |
|    value_loss           | 0.339       |
-----------------------------------------
-----------------------------------------
| rollout/                |             |
|    ep_len_mean          | 119         |
|    ep_rew_mean          | -32.6       |
|    success_rate         | 0           |
| time/                   |             |
|    fps                  | 578         |
|    iterations           | 439         |
|    time_elapsed         | 1553        |
|    total_timesteps      | 899072      |
| train/                  |             |
|    approx_kl            | 0.018242285 |
|    clip_fraction        | 0.19        |
|    clip_range           | 0.2         |
|    entropy_loss         | -17.9       |
|    explained_variance   | 0.986       |
|    learning_rate        | 0.0003      |
|    loss                 | -0.0365     |
|    n_updates            | 4380        |
|    policy_gradient_loss | -0.0304     |
|    std                  | 2.43        |
|    value_loss           | 0.266       |
-----------------------------------------
Eval num_timesteps=900000, episode_reward=-34.61 +/- 4.03
Episode length: 168.75 +/- 82.29
Success rate: 0.00%
-----------------------------------------
| eval/                   |             |
|    mean_ep_length       | 169         |
|    mean_reward          | -34.6       |
|    success_rate         | 0           |
| time/                   |             |
|    total_timesteps      | 900000      |
| train/                  |             |
|    approx_kl            | 0.016348444 |
|    clip_fraction        | 0.183       |
|    clip_range           | 0.2         |
|    entropy_loss         | -17.9       |
|    explained_variance   | 0.991       |
|    learning_rate        | 0.0003      |
|    loss                 | 0.0104      |
|    n_updates            | 4390        |
|    policy_gradient_loss | -0.0319     |
|    std                  | 2.44        |
|    value_loss           | 0.253       |
-----------------------------------------
---------------------------------
| rollout/           |          |
|    ep_len_mean     | 118      |
|    ep_rew_mean     | -33.3    |
|    success_rate    | 0        |
| time/              |          |
|    fps             | 577      |
|    iterations      | 440      |
|    time_elapsed    | 1559     |
|    total_timesteps | 901120   |
---------------------------------
-----------------------------------------
| rollout/                |             |
|    ep_len_mean          | 114         |
|    ep_rew_mean          | -32.9       |
|    success_rate         | 0           |
| time/                   |             |
|    fps                  | 577         |
|    iterations           | 441         |
|    time_elapsed         | 1562        |
|    total_timesteps      | 903168      |
| train/                  |             |
|    approx_kl            | 0.013355827 |
|    clip_fraction        | 0.14        |
|    clip_range           | 0.2         |
|    entropy_loss         | -17.9       |
|    explained_variance   | 0.939       |
|    learning_rate        | 0.0003      |
|    loss                 | -0.00677    |
|    n_updates            | 4400        |
|    policy_gradient_loss | -0.0278     |
|    std                  | 2.45        |
|    value_loss           | 0.638       |
-----------------------------------------
-----------------------------------------
| rollout/                |             |
|    ep_len_mean          | 114         |
|    ep_rew_mean          | -34.7       |
|    success_rate         | 0           |
| time/                   |             |
|    fps                  | 578         |
|    iterations           | 442         |
|    time_elapsed         | 1565        |
|    total_timesteps      | 905216      |
| train/                  |             |
|    approx_kl            | 0.015317159 |
|    clip_fraction        | 0.178       |
|    clip_range           | 0.2         |
|    entropy_loss         | -17.9       |
|    explained_variance   | 0.992       |
|    learning_rate        | 0.0003      |
|    loss                 | -0.0199     |
|    n_updates            | 4410        |
|    policy_gradient_loss | -0.0254     |
|    std                  | 2.44        |
|    value_loss           | 0.269       |
-----------------------------------------
-----------------------------------------
| rollout/                |             |
|    ep_len_mean          | 110         |
|    ep_rew_mean          | -34.1       |
|    success_rate         | 0           |
| time/                   |             |
|    fps                  | 578         |
|    iterations           | 443         |
|    time_elapsed         | 1568        |
|    total_timesteps      | 907264      |
| train/                  |             |
|    approx_kl            | 0.009546982 |
|    clip_fraction        | 0.09        |
|    clip_range           | 0.2         |
|    entropy_loss         | -17.9       |
|    explained_variance   | 0.954       |
|    learning_rate        | 0.0003      |
|    loss                 | 0.129       |
|    n_updates            | 4420        |
|    policy_gradient_loss | -0.0174     |
|    std                  | 2.46        |
|    value_loss           | 1.78        |
-----------------------------------------
----------------------------------------
| rollout/                |            |
|    ep_len_mean          | 114        |
|    ep_rew_mean          | -34.5      |
|    success_rate         | 0          |
| time/                   |            |
|    fps                  | 578        |
|    iterations           | 444        |
|    time_elapsed         | 1571       |
|    total_timesteps      | 909312     |
| train/                  |            |
|    approx_kl            | 0.01850276 |
|    clip_fraction        | 0.215      |
|    clip_range           | 0.2        |
|    entropy_loss         | -18        |
|    explained_variance   | 0.994      |
|    learning_rate        | 0.0003     |
|    loss                 | -0.0817    |
|    n_updates            | 4430       |
|    policy_gradient_loss | -0.0313    |
|    std                  | 2.46       |
|    value_loss           | 0.237      |
----------------------------------------
Eval num_timesteps=910000, episode_reward=-48.72 +/- 28.82
Episode length: 288.20 +/- 51.44
Success rate: 0.00%
-----------------------------------------
| eval/                   |             |
|    mean_ep_length       | 288         |
|    mean_reward          | -48.7       |
|    success_rate         | 0           |
| time/                   |             |
|    total_timesteps      | 910000      |
| train/                  |             |
|    approx_kl            | 0.015098983 |
|    clip_fraction        | 0.149       |
|    clip_range           | 0.2         |
|    entropy_loss         | -18         |
|    explained_variance   | 0.983       |
|    learning_rate        | 0.0003      |
|    loss                 | 0.0292      |
|    n_updates            | 4440        |
|    policy_gradient_loss | -0.026      |
|    std                  | 2.47        |
|    value_loss           | 0.354       |
-----------------------------------------
---------------------------------
| rollout/           |          |
|    ep_len_mean     | 120      |
|    ep_rew_mean     | -34.7    |
|    success_rate    | 0        |
| time/              |          |
|    fps             | 577      |
|    iterations      | 445      |
|    time_elapsed    | 1579     |
|    total_timesteps | 911360   |
---------------------------------
-----------------------------------------
| rollout/                |             |
|    ep_len_mean          | 120         |
|    ep_rew_mean          | -33.9       |
|    success_rate         | 0           |
| time/                   |             |
|    fps                  | 577         |
|    iterations           | 446         |
|    time_elapsed         | 1582        |
|    total_timesteps      | 913408      |
| train/                  |             |
|    approx_kl            | 0.015772846 |
|    clip_fraction        | 0.183       |
|    clip_range           | 0.2         |
|    entropy_loss         | -18         |
|    explained_variance   | 0.986       |
|    learning_rate        | 0.0003      |
|    loss                 | -0.0745     |
|    n_updates            | 4450        |
|    policy_gradient_loss | -0.0287     |
|    std                  | 2.47        |
|    value_loss           | 0.27        |
-----------------------------------------
-----------------------------------------
| rollout/                |             |
|    ep_len_mean          | 120         |
|    ep_rew_mean          | -33.9       |
|    success_rate         | 0           |
| time/                   |             |
|    fps                  | 577         |
|    iterations           | 447         |
|    time_elapsed         | 1585        |
|    total_timesteps      | 915456      |
| train/                  |             |
|    approx_kl            | 0.018700633 |
|    clip_fraction        | 0.206       |
|    clip_range           | 0.2         |
|    entropy_loss         | -18         |
|    explained_variance   | 0.991       |
|    learning_rate        | 0.0003      |
|    loss                 | -0.178      |
|    n_updates            | 4460        |
|    policy_gradient_loss | -0.0321     |
|    std                  | 2.49        |
|    value_loss           | 0.272       |
-----------------------------------------
-----------------------------------------
| rollout/                |             |
|    ep_len_mean          | 121         |
|    ep_rew_mean          | -32.8       |
|    success_rate         | 0           |
| time/                   |             |
|    fps                  | 577         |
|    iterations           | 448         |
|    time_elapsed         | 1588        |
|    total_timesteps      | 917504      |
| train/                  |             |
|    approx_kl            | 0.017033815 |
|    clip_fraction        | 0.197       |
|    clip_range           | 0.2         |
|    entropy_loss         | -18         |
|    explained_variance   | 0.991       |
|    learning_rate        | 0.0003      |
|    loss                 | -0.161      |
|    n_updates            | 4470        |
|    policy_gradient_loss | -0.0325     |
|    std                  | 2.48        |
|    value_loss           | 0.299       |
-----------------------------------------
----------------------------------------
| rollout/                |            |
|    ep_len_mean          | 118        |
|    ep_rew_mean          | -32.6      |
|    success_rate         | 0          |
| time/                   |            |
|    fps                  | 577        |
|    iterations           | 449        |
|    time_elapsed         | 1592       |
|    total_timesteps      | 919552     |
| train/                  |            |
|    approx_kl            | 0.01477733 |
|    clip_fraction        | 0.151      |
|    clip_range           | 0.2        |
|    entropy_loss         | -18.1      |
|    explained_variance   | 0.959      |
|    learning_rate        | 0.0003     |
|    loss                 | -0.0734    |
|    n_updates            | 4480       |
|    policy_gradient_loss | -0.0225    |
|    std                  | 2.51       |
|    value_loss           | 0.435      |
----------------------------------------
Eval num_timesteps=920000, episode_reward=-36.17 +/- 4.25
Episode length: 204.60 +/- 77.86
Success rate: 0.00%
-----------------------------------------
| eval/                   |             |
|    mean_ep_length       | 205         |
|    mean_reward          | -36.2       |
|    success_rate         | 0           |
| time/                   |             |
|    total_timesteps      | 920000      |
| train/                  |             |
|    approx_kl            | 0.018352643 |
|    clip_fraction        | 0.193       |
|    clip_range           | 0.2         |
|    entropy_loss         | -18.1       |
|    explained_variance   | 0.991       |
|    learning_rate        | 0.0003      |
|    loss                 | -0.102      |
|    n_updates            | 4490        |
|    policy_gradient_loss | -0.0318     |
|    std                  | 2.5         |
|    value_loss           | 0.235       |
-----------------------------------------
---------------------------------
| rollout/           |          |
|    ep_len_mean     | 112      |
|    ep_rew_mean     | -32.2    |
|    success_rate    | 0        |
| time/              |          |
|    fps             | 576      |
|    iterations      | 450      |
|    time_elapsed    | 1599     |
|    total_timesteps | 921600   |
---------------------------------
---------------------------------------
| rollout/                |           |
|    ep_len_mean          | 111       |
|    ep_rew_mean          | -32       |
|    success_rate         | 0         |
| time/                   |           |
|    fps                  | 576       |
|    iterations           | 451       |
|    time_elapsed         | 1602      |
|    total_timesteps      | 923648    |
| train/                  |           |
|    approx_kl            | 0.0141315 |
|    clip_fraction        | 0.177     |
|    clip_range           | 0.2       |
|    entropy_loss         | -18.1     |
|    explained_variance   | 0.991     |
|    learning_rate        | 0.0003    |
|    loss                 | -0.154    |
|    n_updates            | 4500      |
|    policy_gradient_loss | -0.0284   |
|    std                  | 2.51      |
|    value_loss           | 0.264     |
---------------------------------------
-----------------------------------------
| rollout/                |             |
|    ep_len_mean          | 115         |
|    ep_rew_mean          | -32.3       |
|    success_rate         | 0           |
| time/                   |             |
|    fps                  | 576         |
|    iterations           | 452         |
|    time_elapsed         | 1605        |
|    total_timesteps      | 925696      |
| train/                  |             |
|    approx_kl            | 0.017786508 |
|    clip_fraction        | 0.157       |
|    clip_range           | 0.2         |
|    entropy_loss         | -18.1       |
|    explained_variance   | 0.951       |
|    learning_rate        | 0.0003      |
|    loss                 | -0.0482     |
|    n_updates            | 4510        |
|    policy_gradient_loss | -0.0245     |
|    std                  | 2.51        |
|    value_loss           | 0.552       |
-----------------------------------------
-----------------------------------------
| rollout/                |             |
|    ep_len_mean          | 115         |
|    ep_rew_mean          | -32.3       |
|    success_rate         | 0           |
| time/                   |             |
|    fps                  | 576         |
|    iterations           | 453         |
|    time_elapsed         | 1608        |
|    total_timesteps      | 927744      |
| train/                  |             |
|    approx_kl            | 0.015584471 |
|    clip_fraction        | 0.184       |
|    clip_range           | 0.2         |
|    entropy_loss         | -18.1       |
|    explained_variance   | 0.97        |
|    learning_rate        | 0.0003      |
|    loss                 | -0.0674     |
|    n_updates            | 4520        |
|    policy_gradient_loss | -0.0256     |
|    std                  | 2.51        |
|    value_loss           | 0.519       |
-----------------------------------------
----------------------------------------
| rollout/                |            |
|    ep_len_mean          | 112        |
|    ep_rew_mean          | -31.6      |
|    success_rate         | 0          |
| time/                   |            |
|    fps                  | 576        |
|    iterations           | 454        |
|    time_elapsed         | 1612       |
|    total_timesteps      | 929792     |
| train/                  |            |
|    approx_kl            | 0.01387218 |
|    clip_fraction        | 0.154      |
|    clip_range           | 0.2        |
|    entropy_loss         | -18.1      |
|    explained_variance   | 0.988      |
|    learning_rate        | 0.0003     |
|    loss                 | -0.0739    |
|    n_updates            | 4530       |
|    policy_gradient_loss | -0.0283    |
|    std                  | 2.5        |
|    value_loss           | 0.353      |
----------------------------------------
Eval num_timesteps=930000, episode_reward=-33.63 +/- 2.77
Episode length: 195.00 +/- 76.59
Success rate: 0.00%
-----------------------------------------
| eval/                   |             |
|    mean_ep_length       | 195         |
|    mean_reward          | -33.6       |
|    success_rate         | 0           |
| time/                   |             |
|    total_timesteps      | 930000      |
| train/                  |             |
|    approx_kl            | 0.018007819 |
|    clip_fraction        | 0.213       |
|    clip_range           | 0.2         |
|    entropy_loss         | -18.1       |
|    explained_variance   | 0.991       |
|    learning_rate        | 0.0003      |
|    loss                 | -0.123      |
|    n_updates            | 4540        |
|    policy_gradient_loss | -0.0318     |
|    std                  | 2.52        |
|    value_loss           | 0.273       |
-----------------------------------------
New best mean reward!
---------------------------------
| rollout/           |          |
|    ep_len_mean     | 112      |
|    ep_rew_mean     | -31.9    |
|    success_rate    | 0        |
| time/              |          |
|    fps             | 575      |
|    iterations      | 455      |
|    time_elapsed    | 1619     |
|    total_timesteps | 931840   |
---------------------------------
-----------------------------------------
| rollout/                |             |
|    ep_len_mean          | 116         |
|    ep_rew_mean          | -32.1       |
|    success_rate         | 0           |
| time/                   |             |
|    fps                  | 575         |
|    iterations           | 456         |
|    time_elapsed         | 1622        |
|    total_timesteps      | 933888      |
| train/                  |             |
|    approx_kl            | 0.014357577 |
|    clip_fraction        | 0.157       |
|    clip_range           | 0.2         |
|    entropy_loss         | -18.1       |
|    explained_variance   | 0.982       |
|    learning_rate        | 0.0003      |
|    loss                 | -0.00646    |
|    n_updates            | 4550        |
|    policy_gradient_loss | -0.0276     |
|    std                  | 2.52        |
|    value_loss           | 0.325       |
-----------------------------------------
-----------------------------------------
| rollout/                |             |
|    ep_len_mean          | 113         |
|    ep_rew_mean          | -31.8       |
|    success_rate         | 0           |
| time/                   |             |
|    fps                  | 575         |
|    iterations           | 457         |
|    time_elapsed         | 1625        |
|    total_timesteps      | 935936      |
| train/                  |             |
|    approx_kl            | 0.016695429 |
|    clip_fraction        | 0.193       |
|    clip_range           | 0.2         |
|    entropy_loss         | -18.1       |
|    explained_variance   | 0.993       |
|    learning_rate        | 0.0003      |
|    loss                 | -0.123      |
|    n_updates            | 4560        |
|    policy_gradient_loss | -0.0283     |
|    std                  | 2.52        |
|    value_loss           | 0.225       |
-----------------------------------------
-----------------------------------------
| rollout/                |             |
|    ep_len_mean          | 110         |
|    ep_rew_mean          | -31.8       |
|    success_rate         | 0           |
| time/                   |             |
|    fps                  | 576         |
|    iterations           | 458         |
|    time_elapsed         | 1628        |
|    total_timesteps      | 937984      |
| train/                  |             |
|    approx_kl            | 0.014619568 |
|    clip_fraction        | 0.172       |
|    clip_range           | 0.2         |
|    entropy_loss         | -18.1       |
|    explained_variance   | 0.988       |
|    learning_rate        | 0.0003      |
|    loss                 | -0.0849     |
|    n_updates            | 4570        |
|    policy_gradient_loss | -0.0282     |
|    std                  | 2.52        |
|    value_loss           | 0.307       |
-----------------------------------------
Eval num_timesteps=940000, episode_reward=-41.67 +/- 16.88
Episode length: 207.65 +/- 80.98
Success rate: 0.00%
-----------------------------------------
| eval/                   |             |
|    mean_ep_length       | 208         |
|    mean_reward          | -41.7       |
|    success_rate         | 0           |
| time/                   |             |
|    total_timesteps      | 940000      |
| train/                  |             |
|    approx_kl            | 0.015042694 |
|    clip_fraction        | 0.181       |
|    clip_range           | 0.2         |
|    entropy_loss         | -18.1       |
|    explained_variance   | 0.992       |
|    learning_rate        | 0.0003      |
|    loss                 | -0.0852     |
|    n_updates            | 4580        |
|    policy_gradient_loss | -0.028      |
|    std                  | 2.53        |
|    value_loss           | 0.305       |
-----------------------------------------
---------------------------------
| rollout/           |          |
|    ep_len_mean     | 109      |
|    ep_rew_mean     | -31.6    |
|    success_rate    | 0        |
| time/              |          |
|    fps             | 574      |
|    iterations      | 459      |
|    time_elapsed    | 1635     |
|    total_timesteps | 940032   |
---------------------------------
-----------------------------------------
| rollout/                |             |
|    ep_len_mean          | 105         |
|    ep_rew_mean          | -31.3       |
|    success_rate         | 0           |
| time/                   |             |
|    fps                  | 574         |
|    iterations           | 460         |
|    time_elapsed         | 1638        |
|    total_timesteps      | 942080      |
| train/                  |             |
|    approx_kl            | 0.015439479 |
|    clip_fraction        | 0.17        |
|    clip_range           | 0.2         |
|    entropy_loss         | -18.1       |
|    explained_variance   | 0.992       |
|    learning_rate        | 0.0003      |
|    loss                 | -0.108      |
|    n_updates            | 4590        |
|    policy_gradient_loss | -0.0264     |
|    std                  | 2.52        |
|    value_loss           | 0.308       |
-----------------------------------------
-----------------------------------------
| rollout/                |             |
|    ep_len_mean          | 106         |
|    ep_rew_mean          | -31.3       |
|    success_rate         | 0           |
| time/                   |             |
|    fps                  | 575         |
|    iterations           | 461         |
|    time_elapsed         | 1641        |
|    total_timesteps      | 944128      |
| train/                  |             |
|    approx_kl            | 0.016068272 |
|    clip_fraction        | 0.173       |
|    clip_range           | 0.2         |
|    entropy_loss         | -18         |
|    explained_variance   | 0.993       |
|    learning_rate        | 0.0003      |
|    loss                 | -0.134      |
|    n_updates            | 4600        |
|    policy_gradient_loss | -0.0296     |
|    std                  | 2.51        |
|    value_loss           | 0.21        |
-----------------------------------------
---------------------------------------
| rollout/                |           |
|    ep_len_mean          | 105       |
|    ep_rew_mean          | -31.3     |
|    success_rate         | 0         |
| time/                   |           |
|    fps                  | 575       |
|    iterations           | 462       |
|    time_elapsed         | 1644      |
|    total_timesteps      | 946176    |
| train/                  |           |
|    approx_kl            | 0.0154895 |
|    clip_fraction        | 0.177     |
|    clip_range           | 0.2       |
|    entropy_loss         | -18       |
|    explained_variance   | 0.992     |
|    learning_rate        | 0.0003    |
|    loss                 | -0.132    |
|    n_updates            | 4610      |
|    policy_gradient_loss | -0.0307   |
|    std                  | 2.51      |
|    value_loss           | 0.244     |
---------------------------------------
------------------------------------------
| rollout/                |              |
|    ep_len_mean          | 105          |
|    ep_rew_mean          | -31.3        |
|    success_rate         | 0            |
| time/                   |              |
|    fps                  | 575          |
|    iterations           | 463          |
|    time_elapsed         | 1647         |
|    total_timesteps      | 948224       |
| train/                  |              |
|    approx_kl            | 0.0153971175 |
|    clip_fraction        | 0.15         |
|    clip_range           | 0.2          |
|    entropy_loss         | -18          |
|    explained_variance   | 0.989        |
|    learning_rate        | 0.0003       |
|    loss                 | -0.129       |
|    n_updates            | 4620         |
|    policy_gradient_loss | -0.03        |
|    std                  | 2.52         |
|    value_loss           | 0.266        |
------------------------------------------
Eval num_timesteps=950000, episode_reward=-36.35 +/- 4.89
Episode length: 242.45 +/- 94.91
Success rate: 0.00%
-----------------------------------------
| eval/                   |             |
|    mean_ep_length       | 242         |
|    mean_reward          | -36.4       |
|    success_rate         | 0           |
| time/                   |             |
|    total_timesteps      | 950000      |
| train/                  |             |
|    approx_kl            | 0.016889812 |
|    clip_fraction        | 0.162       |
|    clip_range           | 0.2         |
|    entropy_loss         | -18         |
|    explained_variance   | 0.993       |
|    learning_rate        | 0.0003      |
|    loss                 | -0.115      |
|    n_updates            | 4630        |
|    policy_gradient_loss | -0.0278     |
|    std                  | 2.52        |
|    value_loss           | 0.297       |
-----------------------------------------
---------------------------------
| rollout/           |          |
|    ep_len_mean     | 110      |
|    ep_rew_mean     | -32.1    |
|    success_rate    | 0        |
| time/              |          |
|    fps             | 574      |
|    iterations      | 464      |
|    time_elapsed    | 1654     |
|    total_timesteps | 950272   |
---------------------------------
---------------------------------------
| rollout/                |           |
|    ep_len_mean          | 108       |
|    ep_rew_mean          | -31.9     |
|    success_rate         | 0         |
| time/                   |           |
|    fps                  | 574       |
|    iterations           | 465       |
|    time_elapsed         | 1657      |
|    total_timesteps      | 952320    |
| train/                  |           |
|    approx_kl            | 0.0132084 |
|    clip_fraction        | 0.134     |
|    clip_range           | 0.2       |
|    entropy_loss         | -18       |
|    explained_variance   | 0.888     |
|    learning_rate        | 0.0003    |
|    loss                 | -0.118    |
|    n_updates            | 4640      |
|    policy_gradient_loss | -0.0193   |
|    std                  | 2.53      |
|    value_loss           | 0.855     |
---------------------------------------
-----------------------------------------
| rollout/                |             |
|    ep_len_mean          | 111         |
|    ep_rew_mean          | -33.2       |
|    success_rate         | 0           |
| time/                   |             |
|    fps                  | 574         |
|    iterations           | 466         |
|    time_elapsed         | 1660        |
|    total_timesteps      | 954368      |
| train/                  |             |
|    approx_kl            | 0.015344967 |
|    clip_fraction        | 0.172       |
|    clip_range           | 0.2         |
|    entropy_loss         | -18         |
|    explained_variance   | 0.992       |
|    learning_rate        | 0.0003      |
|    loss                 | -0.129      |
|    n_updates            | 4650        |
|    policy_gradient_loss | -0.0269     |
|    std                  | 2.52        |
|    value_loss           | 0.259       |
-----------------------------------------
-----------------------------------------
| rollout/                |             |
|    ep_len_mean          | 110         |
|    ep_rew_mean          | -33.3       |
|    success_rate         | 0           |
| time/                   |             |
|    fps                  | 574         |
|    iterations           | 467         |
|    time_elapsed         | 1663        |
|    total_timesteps      | 956416      |
| train/                  |             |
|    approx_kl            | 0.017592264 |
|    clip_fraction        | 0.133       |
|    clip_range           | 0.2         |
|    entropy_loss         | -18         |
|    explained_variance   | 0.935       |
|    learning_rate        | 0.0003      |
|    loss                 | -0.0222     |
|    n_updates            | 4660        |
|    policy_gradient_loss | -0.0255     |
|    std                  | 2.52        |
|    value_loss           | 1.35        |
-----------------------------------------
-----------------------------------------
| rollout/                |             |
|    ep_len_mean          | 110         |
|    ep_rew_mean          | -34.1       |
|    success_rate         | 0           |
| time/                   |             |
|    fps                  | 575         |
|    iterations           | 468         |
|    time_elapsed         | 1666        |
|    total_timesteps      | 958464      |
| train/                  |             |
|    approx_kl            | 0.014459951 |
|    clip_fraction        | 0.154       |
|    clip_range           | 0.2         |
|    entropy_loss         | -18         |
|    explained_variance   | 0.985       |
|    learning_rate        | 0.0003      |
|    loss                 | -0.056      |
|    n_updates            | 4670        |
|    policy_gradient_loss | -0.0282     |
|    std                  | 2.52        |
|    value_loss           | 0.326       |
-----------------------------------------
Eval num_timesteps=960000, episode_reward=-34.94 +/- 2.81
Episode length: 241.90 +/- 79.38
Success rate: 0.00%
-----------------------------------------
| eval/                   |             |
|    mean_ep_length       | 242         |
|    mean_reward          | -34.9       |
|    success_rate         | 0           |
| time/                   |             |
|    total_timesteps      | 960000      |
| train/                  |             |
|    approx_kl            | 0.014713139 |
|    clip_fraction        | 0.146       |
|    clip_range           | 0.2         |
|    entropy_loss         | -18.1       |
|    explained_variance   | 0.978       |
|    learning_rate        | 0.0003      |
|    loss                 | -0.0265     |
|    n_updates            | 4680        |
|    policy_gradient_loss | -0.0278     |
|    std                  | 2.53        |
|    value_loss           | 0.587       |
-----------------------------------------
---------------------------------
| rollout/           |          |
|    ep_len_mean     | 102      |
|    ep_rew_mean     | -33.2    |
|    success_rate    | 0        |
| time/              |          |
|    fps             | 573      |
|    iterations      | 469      |
|    time_elapsed    | 1674     |
|    total_timesteps | 960512   |
---------------------------------
-----------------------------------------
| rollout/                |             |
|    ep_len_mean          | 103         |
|    ep_rew_mean          | -33.3       |
|    success_rate         | 0           |
| time/                   |             |
|    fps                  | 573         |
|    iterations           | 470         |
|    time_elapsed         | 1677        |
|    total_timesteps      | 962560      |
| train/                  |             |
|    approx_kl            | 0.016916785 |
|    clip_fraction        | 0.185       |
|    clip_range           | 0.2         |
|    entropy_loss         | -18.1       |
|    explained_variance   | 0.986       |
|    learning_rate        | 0.0003      |
|    loss                 | -0.0113     |
|    n_updates            | 4690        |
|    policy_gradient_loss | -0.0313     |
|    std                  | 2.54        |
|    value_loss           | 0.458       |
-----------------------------------------
-----------------------------------------
| rollout/                |             |
|    ep_len_mean          | 102         |
|    ep_rew_mean          | -32.1       |
|    success_rate         | 0           |
| time/                   |             |
|    fps                  | 573         |
|    iterations           | 471         |
|    time_elapsed         | 1680        |
|    total_timesteps      | 964608      |
| train/                  |             |
|    approx_kl            | 0.015741497 |
|    clip_fraction        | 0.166       |
|    clip_range           | 0.2         |
|    entropy_loss         | -18.1       |
|    explained_variance   | 0.988       |
|    learning_rate        | 0.0003      |
|    loss                 | -0.14       |
|    n_updates            | 4700        |
|    policy_gradient_loss | -0.0296     |
|    std                  | 2.53        |
|    value_loss           | 0.285       |
-----------------------------------------
-----------------------------------------
| rollout/                |             |
|    ep_len_mean          | 103         |
|    ep_rew_mean          | -32.1       |
|    success_rate         | 0           |
| time/                   |             |
|    fps                  | 574         |
|    iterations           | 472         |
|    time_elapsed         | 1683        |
|    total_timesteps      | 966656      |
| train/                  |             |
|    approx_kl            | 0.014926605 |
|    clip_fraction        | 0.157       |
|    clip_range           | 0.2         |
|    entropy_loss         | -18.1       |
|    explained_variance   | 0.977       |
|    learning_rate        | 0.0003      |
|    loss                 | -0.115      |
|    n_updates            | 4710        |
|    policy_gradient_loss | -0.0265     |
|    std                  | 2.54        |
|    value_loss           | 0.408       |
-----------------------------------------
-----------------------------------------
| rollout/                |             |
|    ep_len_mean          | 106         |
|    ep_rew_mean          | -32.3       |
|    success_rate         | 0           |
| time/                   |             |
|    fps                  | 574         |
|    iterations           | 473         |
|    time_elapsed         | 1686        |
|    total_timesteps      | 968704      |
| train/                  |             |
|    approx_kl            | 0.016886141 |
|    clip_fraction        | 0.173       |
|    clip_range           | 0.2         |
|    entropy_loss         | -18.1       |
|    explained_variance   | 0.976       |
|    learning_rate        | 0.0003      |
|    loss                 | 0.0474      |
|    n_updates            | 4720        |
|    policy_gradient_loss | -0.0284     |
|    std                  | 2.54        |
|    value_loss           | 0.471       |
-----------------------------------------
Eval num_timesteps=970000, episode_reward=-35.05 +/- 9.25
Episode length: 208.35 +/- 94.22
Success rate: 0.00%
-----------------------------------------
| eval/                   |             |
|    mean_ep_length       | 208         |
|    mean_reward          | -35.1       |
|    success_rate         | 0           |
| time/                   |             |
|    total_timesteps      | 970000      |
| train/                  |             |
|    approx_kl            | 0.015611044 |
|    clip_fraction        | 0.132       |
|    clip_range           | 0.2         |
|    entropy_loss         | -18.2       |
|    explained_variance   | 0.932       |
|    learning_rate        | 0.0003      |
|    loss                 | -0.115      |
|    n_updates            | 4730        |
|    policy_gradient_loss | -0.0175     |
|    std                  | 2.57        |
|    value_loss           | 0.572       |
-----------------------------------------
---------------------------------
| rollout/           |          |
|    ep_len_mean     | 110      |
|    ep_rew_mean     | -32.4    |
|    success_rate    | 0        |
| time/              |          |
|    fps             | 573      |
|    iterations      | 474      |
|    time_elapsed    | 1693     |
|    total_timesteps | 970752   |
---------------------------------
-----------------------------------------
| rollout/                |             |
|    ep_len_mean          | 114         |
|    ep_rew_mean          | -32.6       |
|    success_rate         | 0           |
| time/                   |             |
|    fps                  | 573         |
|    iterations           | 475         |
|    time_elapsed         | 1696        |
|    total_timesteps      | 972800      |
| train/                  |             |
|    approx_kl            | 0.018606648 |
|    clip_fraction        | 0.191       |
|    clip_range           | 0.2         |
|    entropy_loss         | -18.2       |
|    explained_variance   | 0.991       |
|    learning_rate        | 0.0003      |
|    loss                 | -0.144      |
|    n_updates            | 4740        |
|    policy_gradient_loss | -0.0305     |
|    std                  | 2.58        |
|    value_loss           | 0.317       |
-----------------------------------------
-----------------------------------------
| rollout/                |             |
|    ep_len_mean          | 117         |
|    ep_rew_mean          | -32.7       |
|    success_rate         | 0           |
| time/                   |             |
|    fps                  | 573         |
|    iterations           | 476         |
|    time_elapsed         | 1699        |
|    total_timesteps      | 974848      |
| train/                  |             |
|    approx_kl            | 0.016510028 |
|    clip_fraction        | 0.169       |
|    clip_range           | 0.2         |
|    entropy_loss         | -18.2       |
|    explained_variance   | 0.988       |
|    learning_rate        | 0.0003      |
|    loss                 | -0.0782     |
|    n_updates            | 4750        |
|    policy_gradient_loss | -0.0261     |
|    std                  | 2.58        |
|    value_loss           | 0.304       |
-----------------------------------------
-----------------------------------------
| rollout/                |             |
|    ep_len_mean          | 117         |
|    ep_rew_mean          | -32.7       |
|    success_rate         | 0           |
| time/                   |             |
|    fps                  | 573         |
|    iterations           | 477         |
|    time_elapsed         | 1702        |
|    total_timesteps      | 976896      |
| train/                  |             |
|    approx_kl            | 0.018305933 |
|    clip_fraction        | 0.201       |
|    clip_range           | 0.2         |
|    entropy_loss         | -18.2       |
|    explained_variance   | 0.99        |
|    learning_rate        | 0.0003      |
|    loss                 | -0.0716     |
|    n_updates            | 4760        |
|    policy_gradient_loss | -0.0315     |
|    std                  | 2.59        |
|    value_loss           | 0.251       |
-----------------------------------------
-----------------------------------------
| rollout/                |             |
|    ep_len_mean          | 110         |
|    ep_rew_mean          | -31.4       |
|    success_rate         | 0           |
| time/                   |             |
|    fps                  | 573         |
|    iterations           | 478         |
|    time_elapsed         | 1705        |
|    total_timesteps      | 978944      |
| train/                  |             |
|    approx_kl            | 0.013980318 |
|    clip_fraction        | 0.159       |
|    clip_range           | 0.2         |
|    entropy_loss         | -18.3       |
|    explained_variance   | 0.992       |
|    learning_rate        | 0.0003      |
|    loss                 | -0.167      |
|    n_updates            | 4770        |
|    policy_gradient_loss | -0.0251     |
|    std                  | 2.58        |
|    value_loss           | 0.275       |
-----------------------------------------
Eval num_timesteps=980000, episode_reward=-37.48 +/- 6.69
Episode length: 257.45 +/- 65.62
Success rate: 0.00%
-----------------------------------------
| eval/                   |             |
|    mean_ep_length       | 257         |
|    mean_reward          | -37.5       |
|    success_rate         | 0           |
| time/                   |             |
|    total_timesteps      | 980000      |
| train/                  |             |
|    approx_kl            | 0.017036488 |
|    clip_fraction        | 0.184       |
|    clip_range           | 0.2         |
|    entropy_loss         | -18.2       |
|    explained_variance   | 0.993       |
|    learning_rate        | 0.0003      |
|    loss                 | 0.0826      |
|    n_updates            | 4780        |
|    policy_gradient_loss | -0.0256     |
|    std                  | 2.59        |
|    value_loss           | 0.297       |
-----------------------------------------
---------------------------------
| rollout/           |          |
|    ep_len_mean     | 111      |
|    ep_rew_mean     | -31.5    |
|    success_rate    | 0        |
| time/              |          |
|    fps             | 572      |
|    iterations      | 479      |
|    time_elapsed    | 1713     |
|    total_timesteps | 980992   |
---------------------------------
-----------------------------------------
| rollout/                |             |
|    ep_len_mean          | 114         |
|    ep_rew_mean          | -31.8       |
|    success_rate         | 0           |
| time/                   |             |
|    fps                  | 572         |
|    iterations           | 480         |
|    time_elapsed         | 1716        |
|    total_timesteps      | 983040      |
| train/                  |             |
|    approx_kl            | 0.017302487 |
|    clip_fraction        | 0.185       |
|    clip_range           | 0.2         |
|    entropy_loss         | -18.2       |
|    explained_variance   | 0.993       |
|    learning_rate        | 0.0003      |
|    loss                 | 0.0186      |
|    n_updates            | 4790        |
|    policy_gradient_loss | -0.0306     |
|    std                  | 2.57        |
|    value_loss           | 0.222       |
-----------------------------------------
---------------------------------------
| rollout/                |           |
|    ep_len_mean          | 119       |
|    ep_rew_mean          | -32.2     |
|    success_rate         | 0         |
| time/                   |           |
|    fps                  | 573       |
|    iterations           | 481       |
|    time_elapsed         | 1718      |
|    total_timesteps      | 985088    |
| train/                  |           |
|    approx_kl            | 0.0163556 |
|    clip_fraction        | 0.182     |
|    clip_range           | 0.2       |
|    entropy_loss         | -18.2     |
|    explained_variance   | 0.973     |
|    learning_rate        | 0.0003    |
|    loss                 | -0.0321   |
|    n_updates            | 4800      |
|    policy_gradient_loss | -0.0284   |
|    std                  | 2.58      |
|    value_loss           | 0.41      |
---------------------------------------
-----------------------------------------
| rollout/                |             |
|    ep_len_mean          | 116         |
|    ep_rew_mean          | -32.1       |
|    success_rate         | 0           |
| time/                   |             |
|    fps                  | 573         |
|    iterations           | 482         |
|    time_elapsed         | 1721        |
|    total_timesteps      | 987136      |
| train/                  |             |
|    approx_kl            | 0.016692432 |
|    clip_fraction        | 0.2         |
|    clip_range           | 0.2         |
|    entropy_loss         | -18.2       |
|    explained_variance   | 0.988       |
|    learning_rate        | 0.0003      |
|    loss                 | -0.14       |
|    n_updates            | 4810        |
|    policy_gradient_loss | -0.0289     |
|    std                  | 2.57        |
|    value_loss           | 0.277       |
-----------------------------------------
-----------------------------------------
| rollout/                |             |
|    ep_len_mean          | 119         |
|    ep_rew_mean          | -32.2       |
|    success_rate         | 0           |
| time/                   |             |
|    fps                  | 573         |
|    iterations           | 483         |
|    time_elapsed         | 1724        |
|    total_timesteps      | 989184      |
| train/                  |             |
|    approx_kl            | 0.017031558 |
|    clip_fraction        | 0.193       |
|    clip_range           | 0.2         |
|    entropy_loss         | -18.2       |
|    explained_variance   | 0.989       |
|    learning_rate        | 0.0003      |
|    loss                 | -0.127      |
|    n_updates            | 4820        |
|    policy_gradient_loss | -0.0318     |
|    std                  | 2.58        |
|    value_loss           | 0.263       |
-----------------------------------------
Eval num_timesteps=990000, episode_reward=-34.46 +/- 2.91
Episode length: 236.05 +/- 80.76
Success rate: 0.00%
----------------------------------------
| eval/                   |            |
|    mean_ep_length       | 236        |
|    mean_reward          | -34.5      |
|    success_rate         | 0          |
| time/                   |            |
|    total_timesteps      | 990000     |
| train/                  |            |
|    approx_kl            | 0.01659365 |
|    clip_fraction        | 0.185      |
|    clip_range           | 0.2        |
|    entropy_loss         | -18.2      |
|    explained_variance   | 0.99       |
|    learning_rate        | 0.0003     |
|    loss                 | -0.0514    |
|    n_updates            | 4830       |
|    policy_gradient_loss | -0.0306    |
|    std                  | 2.59       |
|    value_loss           | 0.297      |
----------------------------------------
---------------------------------
| rollout/           |          |
|    ep_len_mean     | 119      |
|    ep_rew_mean     | -32.2    |
|    success_rate    | 0        |
| time/              |          |
|    fps             | 572      |
|    iterations      | 484      |
|    time_elapsed    | 1732     |
|    total_timesteps | 991232   |
---------------------------------
-----------------------------------------
| rollout/                |             |
|    ep_len_mean          | 119         |
|    ep_rew_mean          | -34.5       |
|    success_rate         | 0           |
| time/                   |             |
|    fps                  | 572         |
|    iterations           | 485         |
|    time_elapsed         | 1735        |
|    total_timesteps      | 993280      |
| train/                  |             |
|    approx_kl            | 0.014459654 |
|    clip_fraction        | 0.143       |
|    clip_range           | 0.2         |
|    entropy_loss         | -18.3       |
|    explained_variance   | 0.934       |
|    learning_rate        | 0.0003      |
|    loss                 | -0.0342     |
|    n_updates            | 4840        |
|    policy_gradient_loss | -0.0234     |
|    std                  | 2.61        |
|    value_loss           | 0.875       |
-----------------------------------------
-----------------------------------------
| rollout/                |             |
|    ep_len_mean          | 113         |
|    ep_rew_mean          | -35.3       |
|    success_rate         | 0           |
| time/                   |             |
|    fps                  | 572         |
|    iterations           | 486         |
|    time_elapsed         | 1738        |
|    total_timesteps      | 995328      |
| train/                  |             |
|    approx_kl            | 0.013624728 |
|    clip_fraction        | 0.129       |
|    clip_range           | 0.2         |
|    entropy_loss         | -18.3       |
|    explained_variance   | 0.964       |
|    learning_rate        | 0.0003      |
|    loss                 | 0.104       |
|    n_updates            | 4850        |
|    policy_gradient_loss | -0.02       |
|    std                  | 2.63        |
|    value_loss           | 1.38        |
-----------------------------------------
-----------------------------------------
| rollout/                |             |
|    ep_len_mean          | 109         |
|    ep_rew_mean          | -35         |
|    success_rate         | 0           |
| time/                   |             |
|    fps                  | 572         |
|    iterations           | 487         |
|    time_elapsed         | 1741        |
|    total_timesteps      | 997376      |
| train/                  |             |
|    approx_kl            | 0.011171378 |
|    clip_fraction        | 0.1         |
|    clip_range           | 0.2         |
|    entropy_loss         | -18.4       |
|    explained_variance   | 0.955       |
|    learning_rate        | 0.0003      |
|    loss                 | 0.399       |
|    n_updates            | 4860        |
|    policy_gradient_loss | -0.021      |
|    std                  | 2.63        |
|    value_loss           | 1.67        |
-----------------------------------------
-----------------------------------------
| rollout/                |             |
|    ep_len_mean          | 108         |
|    ep_rew_mean          | -35.8       |
|    success_rate         | 0           |
| time/                   |             |
|    fps                  | 572         |
|    iterations           | 488         |
|    time_elapsed         | 1744        |
|    total_timesteps      | 999424      |
| train/                  |             |
|    approx_kl            | 0.020549176 |
|    clip_fraction        | 0.213       |
|    clip_range           | 0.2         |
|    entropy_loss         | -18.4       |
|    explained_variance   | 0.974       |
|    learning_rate        | 0.0003      |
|    loss                 | -0.144      |
|    n_updates            | 4870        |
|    policy_gradient_loss | -0.031      |
|    std                  | 2.62        |
|    value_loss           | 0.487       |
-----------------------------------------
Eval num_timesteps=1000000, episode_reward=-36.01 +/- 5.91
Episode length: 214.45 +/- 98.15
Success rate: 0.00%
----------------------------------------
| eval/                   |            |
|    mean_ep_length       | 214        |
|    mean_reward          | -36        |
|    success_rate         | 0          |
| time/                   |            |
|    total_timesteps      | 1000000    |
| train/                  |            |
|    approx_kl            | 0.01638354 |
|    clip_fraction        | 0.14       |
|    clip_range           | 0.2        |
|    entropy_loss         | -18.4      |
|    explained_variance   | 0.985      |
|    learning_rate        | 0.0003     |
|    loss                 | 0.445      |
|    n_updates            | 4880       |
|    policy_gradient_loss | -0.0222    |
|    std                  | 2.63       |
|    value_loss           | 1.02       |
----------------------------------------
---------------------------------
| rollout/           |          |
|    ep_len_mean     | 108      |
|    ep_rew_mean     | -35.9    |
|    success_rate    | 0        |
| time/              |          |
|    fps             | 571      |
|    iterations      | 489      |
|    time_elapsed    | 1751     |
|    total_timesteps | 1001472  |
---------------------------------
Training complete. Best model: models\runs\pickplace_s0/best_model.zip
